ThreadID: [148] TenantID: [] [2026-10-03 11:06:49,175]  INFO {APIM_GOV_AUDIT_LOG} - [Scheduler Thread Pool Status] :: Active Thread Count: 0 -- | -- Completed Task Count: 0 -- | -- Submitted Task Count: 0 -- | -- Queue Size: 0 -- | -- Core Pool Size: 20 -- | -- Maximum Pool Size: 20 -- | -- Current Pool Size: 0
ThreadID: [148] TenantID: [] [2026-10-03 11:06:49,175]  INFO {APIM_GOV_AUDIT_LOG} - [Delete Processing Requests] :: Deleted 0 long-lasting processing requests with IDs: []
ThreadID: [148] TenantID: [] [2026-10-03 11:06:49,177]  INFO {APIM_GOV_AUDIT_LOG} - [Fetch Requests] :: Scheduler fetched 0 requests with IDs: []
ThreadID: [148] TenantID: [] [2026-10-03 11:08:49,175]  INFO {APIM_GOV_AUDIT_LOG} - [Scheduler Thread Pool Status] :: Active Thread Count: 0 -- | -- Completed Task Count: 0 -- | -- Submitted Task Count: 0 -- | -- Queue Size: 0 -- | -- Core Pool Size: 20 -- | -- Maximum Pool Size: 20 -- | -- Current Pool Size: 0
ThreadID: [148] TenantID: [] [2026-10-03 11:08:49,175]  INFO {APIM_GOV_AUDIT_LOG} - [Delete Processing Requests] :: Deleted 0 long-lasting processing requests with IDs: []
ThreadID: [148] TenantID: [] [2026-10-03 11:08:49,175]  INFO {APIM_GOV_AUDIT_LOG} - [Fetch Requests] :: Scheduler fetched 0 requests with IDs: []
ThreadID: [148] TenantID: [] [2026-10-03 11:10:49,175]  INFO {APIM_GOV_AUDIT_LOG} - [Scheduler Thread Pool Status] :: Active Thread Count: 0 -- | -- Completed Task Count: 0 -- | -- Submitted Task Count: 0 -- | -- Queue Size: 0 -- | -- Core Pool Size: 20 -- | -- Maximum Pool Size: 20 -- | -- Current Pool Size: 0
ThreadID: [148] TenantID: [] [2026-10-03 11:10:49,175]  INFO {APIM_GOV_AUDIT_LOG} - [Delete Processing Requests] :: Deleted 0 long-lasting processing requests with IDs: []
ThreadID: [148] TenantID: [] [2026-10-03 11:10:49,175]  INFO {APIM_GOV_AUDIT_LOG} - [Fetch Requests] :: Scheduler fetched 0 requests with IDs: []
ThreadID: [148] TenantID: [] [2026-10-03 11:12:49,176]  INFO {APIM_GOV_AUDIT_LOG} - [Scheduler Thread Pool Status] :: Active Thread Count: 0 -- | -- Completed Task Count: 0 -- | -- Submitted Task Count: 0 -- | -- Queue Size: 0 -- | -- Core Pool Size: 20 -- | -- Maximum Pool Size: 20 -- | -- Current Pool Size: 0
ThreadID: [148] TenantID: [] [2026-10-03 11:12:49,176]  INFO {APIM_GOV_AUDIT_LOG} - [Delete Processing Requests] :: Deleted 0 long-lasting processing requests with IDs: []
ThreadID: [148] TenantID: [] [2026-10-03 11:12:49,176]  INFO {APIM_GOV_AUDIT_LOG} - [Fetch Requests] :: Scheduler fetched 0 requests with IDs: []
ThreadID: [148] TenantID: [] [2026-10-03 11:14:49,175]  INFO {APIM_GOV_AUDIT_LOG} - [Scheduler Thread Pool Status] :: Active Thread Count: 0 -- | -- Completed Task Count: 0 -- | -- Submitted Task Count: 0 -- | -- Queue Size: 0 -- | -- Core Pool Size: 20 -- | -- Maximum Pool Size: 20 -- | -- Current Pool Size: 0
ThreadID: [148] TenantID: [] [2026-10-03 11:14:49,175]  INFO {APIM_GOV_AUDIT_LOG} - [Delete Processing Requests] :: Deleted 0 long-lasting processing requests with IDs: []
ThreadID: [148] TenantID: [] [2026-10-03 11:14:49,175]  INFO {APIM_GOV_AUDIT_LOG} - [Fetch Requests] :: Scheduler fetched 0 requests with IDs: []
ThreadID: [148] TenantID: [] [2026-10-03 11:16:50,517]  INFO {APIM_GOV_AUDIT_LOG} - [Scheduler Thread Pool Status] :: Active Thread Count: 0 -- | -- Completed Task Count: 0 -- | -- Submitted Task Count: 0 -- | -- Queue Size: 0 -- | -- Core Pool Size: 20 -- | -- Maximum Pool Size: 20 -- | -- Current Pool Size: 0
ThreadID: [148] TenantID: [] [2026-10-03 11:16:50,517]  INFO {APIM_GOV_AUDIT_LOG} - [Delete Processing Requests] :: Deleted 0 long-lasting processing requests with IDs: []
ThreadID: [148] TenantID: [] [2026-10-03 11:16:50,517]  INFO {APIM_GOV_AUDIT_LOG} - [Fetch Requests] :: Scheduler fetched 0 requests with IDs: []
ThreadID: [148] TenantID: [] [2026-10-03 11:18:50,516]  INFO {APIM_GOV_AUDIT_LOG} - [Scheduler Thread Pool Status] :: Active Thread Count: 0 -- | -- Completed Task Count: 0 -- | -- Submitted Task Count: 0 -- | -- Queue Size: 0 -- | -- Core Pool Size: 20 -- | -- Maximum Pool Size: 20 -- | -- Current Pool Size: 0
ThreadID: [148] TenantID: [] [2026-10-03 11:18:50,516]  INFO {APIM_GOV_AUDIT_LOG} - [Delete Processing Requests] :: Deleted 0 long-lasting processing requests with IDs: []
ThreadID: [148] TenantID: [] [2026-10-03 11:18:50,516]  INFO {APIM_GOV_AUDIT_LOG} - [Fetch Requests] :: Scheduler fetched 0 requests with IDs: []
ThreadID: [148] TenantID: [] [2026-10-03 11:20:50,517]  INFO {APIM_GOV_AUDIT_LOG} - [Scheduler Thread Pool Status] :: Active Thread Count: 0 -- | -- Completed Task Count: 0 -- | -- Submitted Task Count: 0 -- | -- Queue Size: 0 -- | -- Core Pool Size: 20 -- | -- Maximum Pool Size: 20 -- | -- Current Pool Size: 0
ThreadID: [148] TenantID: [] [2026-10-03 11:20:50,517]  INFO {APIM_GOV_AUDIT_LOG} - [Delete Processing Requests] :: Deleted 0 long-lasting processing requests with IDs: []
ThreadID: [148] TenantID: [] [2026-10-03 11:20:50,517]  INFO {APIM_GOV_AUDIT_LOG} - [Fetch Requests] :: Scheduler fetched 0 requests with IDs: []
ThreadID: [148] TenantID: [] [2026-10-03 11:22:50,519]  INFO {APIM_GOV_AUDIT_LOG} - [Scheduler Thread Pool Status] :: Active Thread Count: 0 -- | -- Completed Task Count: 0 -- | -- Submitted Task Count: 0 -- | -- Queue Size: 0 -- | -- Core Pool Size: 20 -- | -- Maximum Pool Size: 20 -- | -- Current Pool Size: 0
ThreadID: [148] TenantID: [] [2026-10-03 11:22:50,520]  INFO {APIM_GOV_AUDIT_LOG} - [Delete Processing Requests] :: Deleted 0 long-lasting processing requests with IDs: []
ThreadID: [148] TenantID: [] [2026-10-03 11:22:50,520]  INFO {APIM_GOV_AUDIT_LOG} - [Fetch Requests] :: Scheduler fetched 0 requests with IDs: []
ThreadID: [148] TenantID: [] [2026-10-03 11:24:50,517]  INFO {APIM_GOV_AUDIT_LOG} - [Scheduler Thread Pool Status] :: Active Thread Count: 0 -- | -- Completed Task Count: 0 -- | -- Submitted Task Count: 0 -- | -- Queue Size: 0 -- | -- Core Pool Size: 20 -- | -- Maximum Pool Size: 20 -- | -- Current Pool Size: 0
ThreadID: [148] TenantID: [] [2026-10-03 11:24:50,517]  INFO {APIM_GOV_AUDIT_LOG} - [Delete Processing Requests] :: Deleted 0 long-lasting processing requests with IDs: []
ThreadID: [148] TenantID: [] [2026-10-03 11:24:50,517]  INFO {APIM_GOV_AUDIT_LOG} - [Fetch Requests] :: Scheduler fetched 0 requests with IDs: []
ThreadID: [148] TenantID: [] [2026-10-03 11:26:50,516]  INFO {APIM_GOV_AUDIT_LOG} - [Scheduler Thread Pool Status] :: Active Thread Count: 0 -- | -- Completed Task Count: 0 -- | -- Submitted Task Count: 0 -- | -- Queue Size: 0 -- | -- Core Pool Size: 20 -- | -- Maximum Pool Size: 20 -- | -- Current Pool Size: 0
ThreadID: [148] TenantID: [] [2026-10-03 11:26:50,516]  INFO {APIM_GOV_AUDIT_LOG} - [Delete Processing Requests] :: Deleted 0 long-lasting processing requests with IDs: []
ThreadID: [148] TenantID: [] [2026-10-03 11:26:50,516]  INFO {APIM_GOV_AUDIT_LOG} - [Fetch Requests] :: Scheduler fetched 0 requests with IDs: []
ThreadID: [148] TenantID: [] [2026-10-03 11:28:50,516]  INFO {APIM_GOV_AUDIT_LOG} - [Scheduler Thread Pool Status] :: Active Thread Count: 0 -- | -- Completed Task Count: 0 -- | -- Submitted Task Count: 0 -- | -- Queue Size: 0 -- | -- Core Pool Size: 20 -- | -- Maximum Pool Size: 20 -- | -- Current Pool Size: 0
ThreadID: [148] TenantID: [] [2026-10-03 11:28:50,516]  INFO {APIM_GOV_AUDIT_LOG} - [Delete Processing Requests] :: Deleted 0 long-lasting processing requests with IDs: []
ThreadID: [148] TenantID: [] [2026-10-03 11:28:50,516]  INFO {APIM_GOV_AUDIT_LOG} - [Fetch Requests] :: Scheduler fetched 0 requests with IDs: []
ThreadID: [148] TenantID: [] [2026-10-03 11:30:50,517]  INFO {APIM_GOV_AUDIT_LOG} - [Scheduler Thread Pool Status] :: Active Thread Count: 0 -- | -- Completed Task Count: 0 -- | -- Submitted Task Count: 0 -- | -- Queue Size: 0 -- | -- Core Pool Size: 20 -- | -- Maximum Pool Size: 20 -- | -- Current Pool Size: 0
ThreadID: [148] TenantID: [] [2026-10-03 11:30:50,517]  INFO {APIM_GOV_AUDIT_LOG} - [Delete Processing Requests] :: Deleted 0 long-lasting processing requests with IDs: []
ThreadID: [148] TenantID: [] [2026-10-03 11:30:50,517]  INFO {APIM_GOV_AUDIT_LOG} - [Fetch Requests] :: Scheduler fetched 0 requests with IDs: []
ThreadID: [148] TenantID: [] [2026-10-03 11:32:50,516]  INFO {APIM_GOV_AUDIT_LOG} - [Scheduler Thread Pool Status] :: Active Thread Count: 0 -- | -- Completed Task Count: 0 -- | -- Submitted Task Count: 0 -- | -- Queue Size: 0 -- | -- Core Pool Size: 20 -- | -- Maximum Pool Size: 20 -- | -- Current Pool Size: 0
ThreadID: [148] TenantID: [] [2026-10-03 11:32:50,516]  INFO {APIM_GOV_AUDIT_LOG} - [Delete Processing Requests] :: Deleted 0 long-lasting processing requests with IDs: []
ThreadID: [148] TenantID: [] [2026-10-03 11:32:50,516]  INFO {APIM_GOV_AUDIT_LOG} - [Fetch Requests] :: Scheduler fetched 0 requests with IDs: []
ThreadID: [148] TenantID: [] [2026-10-03 11:34:50,516]  INFO {APIM_GOV_AUDIT_LOG} - [Scheduler Thread Pool Status] :: Active Thread Count: 0 -- | -- Completed Task Count: 0 -- | -- Submitted Task Count: 0 -- | -- Queue Size: 0 -- | -- Core Pool Size: 20 -- | -- Maximum Pool Size: 20 -- | -- Current Pool Size: 0
ThreadID: [148] TenantID: [] [2026-10-03 11:34:50,516]  INFO {APIM_GOV_AUDIT_LOG} - [Delete Processing Requests] :: Deleted 0 long-lasting processing requests with IDs: []
ThreadID: [148] TenantID: [] [2026-10-03 11:34:50,516]  INFO {APIM_GOV_AUDIT_LOG} - [Fetch Requests] :: Scheduler fetched 0 requests with IDs: []
ThreadID: [148] TenantID: [] [2026-10-03 11:36:50,516]  INFO {APIM_GOV_AUDIT_LOG} - [Scheduler Thread Pool Status] :: Active Thread Count: 0 -- | -- Completed Task Count: 0 -- | -- Submitted Task Count: 0 -- | -- Queue Size: 0 -- | -- Core Pool Size: 20 -- | -- Maximum Pool Size: 20 -- | -- Current Pool Size: 0
ThreadID: [148] TenantID: [] [2026-10-03 11:36:50,516]  INFO {APIM_GOV_AUDIT_LOG} - [Delete Processing Requests] :: Deleted 0 long-lasting processing requests with IDs: []
ThreadID: [148] TenantID: [] [2026-10-03 11:36:50,516]  INFO {APIM_GOV_AUDIT_LOG} - [Fetch Requests] :: Scheduler fetched 0 requests with IDs: []
ThreadID: [148] TenantID: [] [2026-10-03 11:38:50,517]  INFO {APIM_GOV_AUDIT_LOG} - [Scheduler Thread Pool Status] :: Active Thread Count: 0 -- | -- Completed Task Count: 0 -- | -- Submitted Task Count: 0 -- | -- Queue Size: 0 -- | -- Core Pool Size: 20 -- | -- Maximum Pool Size: 20 -- | -- Current Pool Size: 0
ThreadID: [148] TenantID: [] [2026-10-03 11:38:50,517]  INFO {APIM_GOV_AUDIT_LOG} - [Delete Processing Requests] :: Deleted 0 long-lasting processing requests with IDs: []
ThreadID: [148] TenantID: [] [2026-10-03 11:38:50,517]  INFO {APIM_GOV_AUDIT_LOG} - [Fetch Requests] :: Scheduler fetched 0 requests with IDs: []
ThreadID: [148] TenantID: [] [2026-10-03 11:40:50,516]  INFO {APIM_GOV_AUDIT_LOG} - [Scheduler Thread Pool Status] :: Active Thread Count: 0 -- | -- Completed Task Count: 0 -- | -- Submitted Task Count: 0 -- | -- Queue Size: 0 -- | -- Core Pool Size: 20 -- | -- Maximum Pool Size: 20 -- | -- Current Pool Size: 0
ThreadID: [148] TenantID: [] [2026-10-03 11:40:50,516]  INFO {APIM_GOV_AUDIT_LOG} - [Delete Processing Requests] :: Deleted 0 long-lasting processing requests with IDs: []
ThreadID: [148] TenantID: [] [2026-10-03 11:40:50,516]  INFO {APIM_GOV_AUDIT_LOG} - [Fetch Requests] :: Scheduler fetched 0 requests with IDs: []
ThreadID: [148] TenantID: [] [2026-10-03 11:42:50,517]  INFO {APIM_GOV_AUDIT_LOG} - [Scheduler Thread Pool Status] :: Active Thread Count: 0 -- | -- Completed Task Count: 0 -- | -- Submitted Task Count: 0 -- | -- Queue Size: 0 -- | -- Core Pool Size: 20 -- | -- Maximum Pool Size: 20 -- | -- Current Pool Size: 0
ThreadID: [148] TenantID: [] [2026-10-03 11:42:50,517]  INFO {APIM_GOV_AUDIT_LOG} - [Delete Processing Requests] :: Deleted 0 long-lasting processing requests with IDs: []
ThreadID: [148] TenantID: [] [2026-10-03 11:42:50,517]  INFO {APIM_GOV_AUDIT_LOG} - [Fetch Requests] :: Scheduler fetched 0 requests with IDs: []
ThreadID: [148] TenantID: [] [2026-10-03 11:44:50,516]  INFO {APIM_GOV_AUDIT_LOG} - [Scheduler Thread Pool Status] :: Active Thread Count: 0 -- | -- Completed Task Count: 0 -- | -- Submitted Task Count: 0 -- | -- Queue Size: 0 -- | -- Core Pool Size: 20 -- | -- Maximum Pool Size: 20 -- | -- Current Pool Size: 0
ThreadID: [148] TenantID: [] [2026-10-03 11:44:50,516]  INFO {APIM_GOV_AUDIT_LOG} - [Delete Processing Requests] :: Deleted 0 long-lasting processing requests with IDs: []
ThreadID: [148] TenantID: [] [2026-10-03 11:44:50,516]  INFO {APIM_GOV_AUDIT_LOG} - [Fetch Requests] :: Scheduler fetched 0 requests with IDs: []
ThreadID: [148] TenantID: [] [2026-10-03 11:46:50,517]  INFO {APIM_GOV_AUDIT_LOG} - [Scheduler Thread Pool Status] :: Active Thread Count: 0 -- | -- Completed Task Count: 0 -- | -- Submitted Task Count: 0 -- | -- Queue Size: 0 -- | -- Core Pool Size: 20 -- | -- Maximum Pool Size: 20 -- | -- Current Pool Size: 0
ThreadID: [148] TenantID: [] [2026-10-03 11:46:50,517]  INFO {APIM_GOV_AUDIT_LOG} - [Delete Processing Requests] :: Deleted 0 long-lasting processing requests with IDs: []
ThreadID: [148] TenantID: [] [2026-10-03 11:46:50,517]  INFO {APIM_GOV_AUDIT_LOG} - [Fetch Requests] :: Scheduler fetched 0 requests with IDs: []
ThreadID: [148] TenantID: [] [2026-10-03 11:48:50,516]  INFO {APIM_GOV_AUDIT_LOG} - [Scheduler Thread Pool Status] :: Active Thread Count: 0 -- | -- Completed Task Count: 0 -- | -- Submitted Task Count: 0 -- | -- Queue Size: 0 -- | -- Core Pool Size: 20 -- | -- Maximum Pool Size: 20 -- | -- Current Pool Size: 0
ThreadID: [148] TenantID: [] [2026-10-03 11:48:50,516]  INFO {APIM_GOV_AUDIT_LOG} - [Delete Processing Requests] :: Deleted 0 long-lasting processing requests with IDs: []
ThreadID: [148] TenantID: [] [2026-10-03 11:48:50,516]  INFO {APIM_GOV_AUDIT_LOG} - [Fetch Requests] :: Scheduler fetched 0 requests with IDs: []
ThreadID: [148] TenantID: [] [2026-10-03 11:50:50,517]  INFO {APIM_GOV_AUDIT_LOG} - [Scheduler Thread Pool Status] :: Active Thread Count: 0 -- | -- Completed Task Count: 0 -- | -- Submitted Task Count: 0 -- | -- Queue Size: 0 -- | -- Core Pool Size: 20 -- | -- Maximum Pool Size: 20 -- | -- Current Pool Size: 0
ThreadID: [148] TenantID: [] [2026-10-03 11:50:50,517]  INFO {APIM_GOV_AUDIT_LOG} - [Delete Processing Requests] :: Deleted 0 long-lasting processing requests with IDs: []
ThreadID: [148] TenantID: [] [2026-10-03 11:50:50,517]  INFO {APIM_GOV_AUDIT_LOG} - [Fetch Requests] :: Scheduler fetched 0 requests with IDs: []
ThreadID: [148] TenantID: [] [2026-10-03 11:52:50,517]  INFO {APIM_GOV_AUDIT_LOG} - [Scheduler Thread Pool Status] :: Active Thread Count: 0 -- | -- Completed Task Count: 0 -- | -- Submitted Task Count: 0 -- | -- Queue Size: 0 -- | -- Core Pool Size: 20 -- | -- Maximum Pool Size: 20 -- | -- Current Pool Size: 0
ThreadID: [148] TenantID: [] [2026-10-03 11:52:50,517]  INFO {APIM_GOV_AUDIT_LOG} - [Delete Processing Requests] :: Deleted 0 long-lasting processing requests with IDs: []
ThreadID: [148] TenantID: [] [2026-10-03 11:52:50,517]  INFO {APIM_GOV_AUDIT_LOG} - [Fetch Requests] :: Scheduler fetched 0 requests with IDs: []
ThreadID: [148] TenantID: [] [2026-10-03 11:54:50,518]  INFO {APIM_GOV_AUDIT_LOG} - [Scheduler Thread Pool Status] :: Active Thread Count: 0 -- | -- Completed Task Count: 0 -- | -- Submitted Task Count: 0 -- | -- Queue Size: 0 -- | -- Core Pool Size: 20 -- | -- Maximum Pool Size: 20 -- | -- Current Pool Size: 0
ThreadID: [148] TenantID: [] [2026-10-03 11:54:50,518]  INFO {APIM_GOV_AUDIT_LOG} - [Delete Processing Requests] :: Deleted 0 long-lasting processing requests with IDs: []
ThreadID: [148] TenantID: [] [2026-10-03 11:54:50,518]  INFO {APIM_GOV_AUDIT_LOG} - [Fetch Requests] :: Scheduler fetched 0 requests with IDs: []
ThreadID: [465] TenantID: [-1234] [2026-10-03 11:55:43,370]  INFO {APIM_GOV_AUDIT_LOG} - [Ruleset] :: New ruleset OWASP Top 10 with id 1b4fa227-1709-4c32-be2d-27712e6fddb0 created by user null in organization rh.com
ThreadID: [465] TenantID: [-1234] [2026-10-03 11:55:43,400]  INFO {APIM_GOV_AUDIT_LOG} - [Ruleset] :: New ruleset WSO2 API Management Guidelines with id c177a751-cc20-4e23-adb0-8c144a522176 created by user null in organization rh.com
ThreadID: [465] TenantID: [-1234] [2026-10-03 11:55:43,444]  INFO {APIM_GOV_AUDIT_LOG} - [Ruleset] :: New ruleset WSO2 REST API Design Guidelines with id c962a1d6-da6b-4d63-b2ad-3218279d030b created by user null in organization rh.com
ThreadID: [465] TenantID: [-1234] [2026-10-03 11:55:43,447]  INFO {APIM_GOV_AUDIT_LOG} - [Governance Policy] :: New governance policy WSO2 API Management Best Practices with ID 1b2f1a87-6b4f-4e39-8dc3-c9eeae3f5b7f created by user null in organization rh.com
ThreadID: [148] TenantID: [] [2026-10-03 11:56:50,517]  INFO {APIM_GOV_AUDIT_LOG} - [Scheduler Thread Pool Status] :: Active Thread Count: 0 -- | -- Completed Task Count: 0 -- | -- Submitted Task Count: 0 -- | -- Queue Size: 0 -- | -- Core Pool Size: 20 -- | -- Maximum Pool Size: 20 -- | -- Current Pool Size: 0
ThreadID: [148] TenantID: [] [2026-10-03 11:56:50,517]  INFO {APIM_GOV_AUDIT_LOG} - [Delete Processing Requests] :: Deleted 0 long-lasting processing requests with IDs: []
ThreadID: [148] TenantID: [] [2026-10-03 11:56:50,517]  INFO {APIM_GOV_AUDIT_LOG} - [Fetch Requests] :: Scheduler fetched 0 requests with IDs: []
ThreadID: [148] TenantID: [] [2026-10-03 11:58:50,517]  INFO {APIM_GOV_AUDIT_LOG} - [Scheduler Thread Pool Status] :: Active Thread Count: 0 -- | -- Completed Task Count: 0 -- | -- Submitted Task Count: 0 -- | -- Queue Size: 0 -- | -- Core Pool Size: 20 -- | -- Maximum Pool Size: 20 -- | -- Current Pool Size: 0
ThreadID: [148] TenantID: [] [2026-10-03 11:58:50,517]  INFO {APIM_GOV_AUDIT_LOG} - [Delete Processing Requests] :: Deleted 0 long-lasting processing requests with IDs: []
ThreadID: [148] TenantID: [] [2026-10-03 11:58:50,517]  INFO {APIM_GOV_AUDIT_LOG} - [Fetch Requests] :: Scheduler fetched 0 requests with IDs: []
ThreadID: [148] TenantID: [] [2026-10-03 12:00:50,517]  INFO {APIM_GOV_AUDIT_LOG} - [Scheduler Thread Pool Status] :: Active Thread Count: 0 -- | -- Completed Task Count: 0 -- | -- Submitted Task Count: 0 -- | -- Queue Size: 0 -- | -- Core Pool Size: 20 -- | -- Maximum Pool Size: 20 -- | -- Current Pool Size: 0
ThreadID: [148] TenantID: [] [2026-10-03 12:00:50,517]  INFO {APIM_GOV_AUDIT_LOG} - [Delete Processing Requests] :: Deleted 0 long-lasting processing requests with IDs: []
ThreadID: [148] TenantID: [] [2026-10-03 12:00:50,517]  INFO {APIM_GOV_AUDIT_LOG} - [Fetch Requests] :: Scheduler fetched 0 requests with IDs: []
ThreadID: [148] TenantID: [] [2026-10-03 12:02:50,517]  INFO {APIM_GOV_AUDIT_LOG} - [Scheduler Thread Pool Status] :: Active Thread Count: 0 -- | -- Completed Task Count: 0 -- | -- Submitted Task Count: 0 -- | -- Queue Size: 0 -- | -- Core Pool Size: 20 -- | -- Maximum Pool Size: 20 -- | -- Current Pool Size: 0
ThreadID: [148] TenantID: [] [2026-10-03 12:02:50,517]  INFO {APIM_GOV_AUDIT_LOG} - [Delete Processing Requests] :: Deleted 0 long-lasting processing requests with IDs: []
ThreadID: [148] TenantID: [] [2026-10-03 12:02:50,517]  INFO {APIM_GOV_AUDIT_LOG} - [Fetch Requests] :: Scheduler fetched 0 requests with IDs: []
ThreadID: [148] TenantID: [] [2026-10-03 12:04:50,517]  INFO {APIM_GOV_AUDIT_LOG} - [Scheduler Thread Pool Status] :: Active Thread Count: 0 -- | -- Completed Task Count: 0 -- | -- Submitted Task Count: 0 -- | -- Queue Size: 0 -- | -- Core Pool Size: 20 -- | -- Maximum Pool Size: 20 -- | -- Current Pool Size: 0
ThreadID: [148] TenantID: [] [2026-10-03 12:04:50,517]  INFO {APIM_GOV_AUDIT_LOG} - [Delete Processing Requests] :: Deleted 0 long-lasting processing requests with IDs: []
ThreadID: [148] TenantID: [] [2026-10-03 12:04:50,517]  INFO {APIM_GOV_AUDIT_LOG} - [Fetch Requests] :: Scheduler fetched 0 requests with IDs: []
ThreadID: [148] TenantID: [] [2026-10-03 12:06:50,517]  INFO {APIM_GOV_AUDIT_LOG} - [Scheduler Thread Pool Status] :: Active Thread Count: 0 -- | -- Completed Task Count: 0 -- | -- Submitted Task Count: 0 -- | -- Queue Size: 0 -- | -- Core Pool Size: 20 -- | -- Maximum Pool Size: 20 -- | -- Current Pool Size: 0
ThreadID: [148] TenantID: [] [2026-10-03 12:06:50,517]  INFO {APIM_GOV_AUDIT_LOG} - [Delete Processing Requests] :: Deleted 0 long-lasting processing requests with IDs: []
ThreadID: [148] TenantID: [] [2026-10-03 12:06:50,517]  INFO {APIM_GOV_AUDIT_LOG} - [Fetch Requests] :: Scheduler fetched 0 requests with IDs: []
ThreadID: [148] TenantID: [] [2026-10-03 12:08:50,517]  INFO {APIM_GOV_AUDIT_LOG} - [Scheduler Thread Pool Status] :: Active Thread Count: 0 -- | -- Completed Task Count: 0 -- | -- Submitted Task Count: 0 -- | -- Queue Size: 0 -- | -- Core Pool Size: 20 -- | -- Maximum Pool Size: 20 -- | -- Current Pool Size: 0
ThreadID: [148] TenantID: [] [2026-10-03 12:08:50,517]  INFO {APIM_GOV_AUDIT_LOG} - [Delete Processing Requests] :: Deleted 0 long-lasting processing requests with IDs: []
ThreadID: [148] TenantID: [] [2026-10-03 12:08:50,517]  INFO {APIM_GOV_AUDIT_LOG} - [Fetch Requests] :: Scheduler fetched 0 requests with IDs: []
ThreadID: [148] TenantID: [] [2026-10-03 12:10:50,516]  INFO {APIM_GOV_AUDIT_LOG} - [Scheduler Thread Pool Status] :: Active Thread Count: 0 -- | -- Completed Task Count: 0 -- | -- Submitted Task Count: 0 -- | -- Queue Size: 0 -- | -- Core Pool Size: 20 -- | -- Maximum Pool Size: 20 -- | -- Current Pool Size: 0
ThreadID: [148] TenantID: [] [2026-10-03 12:10:50,516]  INFO {APIM_GOV_AUDIT_LOG} - [Delete Processing Requests] :: Deleted 0 long-lasting processing requests with IDs: []
ThreadID: [148] TenantID: [] [2026-10-03 12:10:50,518]  INFO {APIM_GOV_AUDIT_LOG} - [Fetch Requests] :: Scheduler fetched 0 requests with IDs: []
ThreadID: [148] TenantID: [] [2026-10-03 12:12:50,516]  INFO {APIM_GOV_AUDIT_LOG} - [Scheduler Thread Pool Status] :: Active Thread Count: 0 -- | -- Completed Task Count: 0 -- | -- Submitted Task Count: 0 -- | -- Queue Size: 0 -- | -- Core Pool Size: 20 -- | -- Maximum Pool Size: 20 -- | -- Current Pool Size: 0
ThreadID: [148] TenantID: [] [2026-10-03 12:12:50,516]  INFO {APIM_GOV_AUDIT_LOG} - [Delete Processing Requests] :: Deleted 0 long-lasting processing requests with IDs: []
ThreadID: [148] TenantID: [] [2026-10-03 12:12:50,516]  INFO {APIM_GOV_AUDIT_LOG} - [Fetch Requests] :: Scheduler fetched 0 requests with IDs: []
ThreadID: [148] TenantID: [] [2026-10-03 12:14:50,517]  INFO {APIM_GOV_AUDIT_LOG} - [Scheduler Thread Pool Status] :: Active Thread Count: 0 -- | -- Completed Task Count: 0 -- | -- Submitted Task Count: 0 -- | -- Queue Size: 0 -- | -- Core Pool Size: 20 -- | -- Maximum Pool Size: 20 -- | -- Current Pool Size: 0
ThreadID: [148] TenantID: [] [2026-10-03 12:14:50,517]  INFO {APIM_GOV_AUDIT_LOG} - [Delete Processing Requests] :: Deleted 0 long-lasting processing requests with IDs: []
ThreadID: [148] TenantID: [] [2026-10-03 12:14:50,517]  INFO {APIM_GOV_AUDIT_LOG} - [Fetch Requests] :: Scheduler fetched 0 requests with IDs: []
ThreadID: [148] TenantID: [] [2026-10-03 12:16:50,516]  INFO {APIM_GOV_AUDIT_LOG} - [Scheduler Thread Pool Status] :: Active Thread Count: 0 -- | -- Completed Task Count: 0 -- | -- Submitted Task Count: 0 -- | -- Queue Size: 0 -- | -- Core Pool Size: 20 -- | -- Maximum Pool Size: 20 -- | -- Current Pool Size: 0
ThreadID: [148] TenantID: [] [2026-10-03 12:16:50,516]  INFO {APIM_GOV_AUDIT_LOG} - [Delete Processing Requests] :: Deleted 0 long-lasting processing requests with IDs: []
ThreadID: [148] TenantID: [] [2026-10-03 12:16:50,516]  INFO {APIM_GOV_AUDIT_LOG} - [Fetch Requests] :: Scheduler fetched 0 requests with IDs: []
ThreadID: [148] TenantID: [] [2026-10-03 12:18:50,518]  INFO {APIM_GOV_AUDIT_LOG} - [Scheduler Thread Pool Status] :: Active Thread Count: 0 -- | -- Completed Task Count: 0 -- | -- Submitted Task Count: 0 -- | -- Queue Size: 0 -- | -- Core Pool Size: 20 -- | -- Maximum Pool Size: 20 -- | -- Current Pool Size: 0
ThreadID: [148] TenantID: [] [2026-10-03 12:18:50,518]  INFO {APIM_GOV_AUDIT_LOG} - [Delete Processing Requests] :: Deleted 0 long-lasting processing requests with IDs: []
ThreadID: [148] TenantID: [] [2026-10-03 12:18:50,518]  INFO {APIM_GOV_AUDIT_LOG} - [Fetch Requests] :: Scheduler fetched 0 requests with IDs: []
ThreadID: [148] TenantID: [] [2026-10-03 12:20:50,517]  INFO {APIM_GOV_AUDIT_LOG} - [Scheduler Thread Pool Status] :: Active Thread Count: 0 -- | -- Completed Task Count: 0 -- | -- Submitted Task Count: 0 -- | -- Queue Size: 0 -- | -- Core Pool Size: 20 -- | -- Maximum Pool Size: 20 -- | -- Current Pool Size: 0
ThreadID: [148] TenantID: [] [2026-10-03 12:20:50,517]  INFO {APIM_GOV_AUDIT_LOG} - [Delete Processing Requests] :: Deleted 0 long-lasting processing requests with IDs: []
ThreadID: [148] TenantID: [] [2026-10-03 12:20:50,517]  INFO {APIM_GOV_AUDIT_LOG} - [Fetch Requests] :: Scheduler fetched 0 requests with IDs: []
ThreadID: [148] TenantID: [] [2026-10-03 12:22:50,518]  INFO {APIM_GOV_AUDIT_LOG} - [Scheduler Thread Pool Status] :: Active Thread Count: 0 -- | -- Completed Task Count: 0 -- | -- Submitted Task Count: 0 -- | -- Queue Size: 0 -- | -- Core Pool Size: 20 -- | -- Maximum Pool Size: 20 -- | -- Current Pool Size: 0
ThreadID: [148] TenantID: [] [2026-10-03 12:22:50,518]  INFO {APIM_GOV_AUDIT_LOG} - [Delete Processing Requests] :: Deleted 0 long-lasting processing requests with IDs: []
ThreadID: [148] TenantID: [] [2026-10-03 12:22:50,518]  INFO {APIM_GOV_AUDIT_LOG} - [Fetch Requests] :: Scheduler fetched 0 requests with IDs: []
ThreadID: [148] TenantID: [] [2026-10-03 12:24:50,517]  INFO {APIM_GOV_AUDIT_LOG} - [Scheduler Thread Pool Status] :: Active Thread Count: 0 -- | -- Completed Task Count: 0 -- | -- Submitted Task Count: 0 -- | -- Queue Size: 0 -- | -- Core Pool Size: 20 -- | -- Maximum Pool Size: 20 -- | -- Current Pool Size: 0
ThreadID: [148] TenantID: [] [2026-10-03 12:24:50,517]  INFO {APIM_GOV_AUDIT_LOG} - [Delete Processing Requests] :: Deleted 0 long-lasting processing requests with IDs: []
ThreadID: [148] TenantID: [] [2026-10-03 12:24:50,517]  INFO {APIM_GOV_AUDIT_LOG} - [Fetch Requests] :: Scheduler fetched 0 requests with IDs: []
ThreadID: [148] TenantID: [] [2026-10-03 12:26:50,516]  INFO {APIM_GOV_AUDIT_LOG} - [Scheduler Thread Pool Status] :: Active Thread Count: 0 -- | -- Completed Task Count: 0 -- | -- Submitted Task Count: 0 -- | -- Queue Size: 0 -- | -- Core Pool Size: 20 -- | -- Maximum Pool Size: 20 -- | -- Current Pool Size: 0
ThreadID: [148] TenantID: [] [2026-10-03 12:26:50,516]  INFO {APIM_GOV_AUDIT_LOG} - [Delete Processing Requests] :: Deleted 0 long-lasting processing requests with IDs: []
ThreadID: [148] TenantID: [] [2026-10-03 12:26:50,516]  INFO {APIM_GOV_AUDIT_LOG} - [Fetch Requests] :: Scheduler fetched 0 requests with IDs: []
ThreadID: [148] TenantID: [] [2026-10-03 12:28:50,516]  INFO {APIM_GOV_AUDIT_LOG} - [Scheduler Thread Pool Status] :: Active Thread Count: 0 -- | -- Completed Task Count: 0 -- | -- Submitted Task Count: 0 -- | -- Queue Size: 0 -- | -- Core Pool Size: 20 -- | -- Maximum Pool Size: 20 -- | -- Current Pool Size: 0
ThreadID: [148] TenantID: [] [2026-10-03 12:28:50,516]  INFO {APIM_GOV_AUDIT_LOG} - [Delete Processing Requests] :: Deleted 0 long-lasting processing requests with IDs: []
ThreadID: [148] TenantID: [] [2026-10-03 12:28:50,516]  INFO {APIM_GOV_AUDIT_LOG} - [Fetch Requests] :: Scheduler fetched 0 requests with IDs: []
ThreadID: [148] TenantID: [] [2026-10-03 12:30:50,517]  INFO {APIM_GOV_AUDIT_LOG} - [Scheduler Thread Pool Status] :: Active Thread Count: 0 -- | -- Completed Task Count: 0 -- | -- Submitted Task Count: 0 -- | -- Queue Size: 0 -- | -- Core Pool Size: 20 -- | -- Maximum Pool Size: 20 -- | -- Current Pool Size: 0
ThreadID: [148] TenantID: [] [2026-10-03 12:30:50,517]  INFO {APIM_GOV_AUDIT_LOG} - [Delete Processing Requests] :: Deleted 0 long-lasting processing requests with IDs: []
ThreadID: [148] TenantID: [] [2026-10-03 12:30:50,517]  INFO {APIM_GOV_AUDIT_LOG} - [Fetch Requests] :: Scheduler fetched 0 requests with IDs: []
ThreadID: [148] TenantID: [] [2026-10-03 12:32:50,517]  INFO {APIM_GOV_AUDIT_LOG} - [Scheduler Thread Pool Status] :: Active Thread Count: 0 -- | -- Completed Task Count: 0 -- | -- Submitted Task Count: 0 -- | -- Queue Size: 0 -- | -- Core Pool Size: 20 -- | -- Maximum Pool Size: 20 -- | -- Current Pool Size: 0
ThreadID: [148] TenantID: [] [2026-10-03 12:32:50,517]  INFO {APIM_GOV_AUDIT_LOG} - [Delete Processing Requests] :: Deleted 0 long-lasting processing requests with IDs: []
ThreadID: [148] TenantID: [] [2026-10-03 12:32:50,517]  INFO {APIM_GOV_AUDIT_LOG} - [Fetch Requests] :: Scheduler fetched 0 requests with IDs: []
ThreadID: [148] TenantID: [] [2026-10-03 12:34:50,516]  INFO {APIM_GOV_AUDIT_LOG} - [Scheduler Thread Pool Status] :: Active Thread Count: 0 -- | -- Completed Task Count: 0 -- | -- Submitted Task Count: 0 -- | -- Queue Size: 0 -- | -- Core Pool Size: 20 -- | -- Maximum Pool Size: 20 -- | -- Current Pool Size: 0
ThreadID: [148] TenantID: [] [2026-10-03 12:34:50,516]  INFO {APIM_GOV_AUDIT_LOG} - [Delete Processing Requests] :: Deleted 0 long-lasting processing requests with IDs: []
ThreadID: [148] TenantID: [] [2026-10-03 12:34:50,516]  INFO {APIM_GOV_AUDIT_LOG} - [Fetch Requests] :: Scheduler fetched 0 requests with IDs: []
ThreadID: [148] TenantID: [] [2026-10-03 12:36:50,518]  INFO {APIM_GOV_AUDIT_LOG} - [Scheduler Thread Pool Status] :: Active Thread Count: 0 -- | -- Completed Task Count: 0 -- | -- Submitted Task Count: 0 -- | -- Queue Size: 0 -- | -- Core Pool Size: 20 -- | -- Maximum Pool Size: 20 -- | -- Current Pool Size: 0
ThreadID: [148] TenantID: [] [2026-10-03 12:36:50,518]  INFO {APIM_GOV_AUDIT_LOG} - [Delete Processing Requests] :: Deleted 0 long-lasting processing requests with IDs: []
ThreadID: [148] TenantID: [] [2026-10-03 12:36:50,518]  INFO {APIM_GOV_AUDIT_LOG} - [Fetch Requests] :: Scheduler fetched 0 requests with IDs: []
ThreadID: [148] TenantID: [] [2026-10-03 12:38:50,518]  INFO {APIM_GOV_AUDIT_LOG} - [Scheduler Thread Pool Status] :: Active Thread Count: 0 -- | -- Completed Task Count: 0 -- | -- Submitted Task Count: 0 -- | -- Queue Size: 0 -- | -- Core Pool Size: 20 -- | -- Maximum Pool Size: 20 -- | -- Current Pool Size: 0
ThreadID: [148] TenantID: [] [2026-10-03 12:38:50,518]  INFO {APIM_GOV_AUDIT_LOG} - [Delete Processing Requests] :: Deleted 0 long-lasting processing requests with IDs: []
ThreadID: [148] TenantID: [] [2026-10-03 12:38:50,518]  INFO {APIM_GOV_AUDIT_LOG} - [Fetch Requests] :: Scheduler fetched 0 requests with IDs: []
ThreadID: [148] TenantID: [] [2026-10-03 12:40:50,517]  INFO {APIM_GOV_AUDIT_LOG} - [Scheduler Thread Pool Status] :: Active Thread Count: 0 -- | -- Completed Task Count: 0 -- | -- Submitted Task Count: 0 -- | -- Queue Size: 0 -- | -- Core Pool Size: 20 -- | -- Maximum Pool Size: 20 -- | -- Current Pool Size: 0
ThreadID: [148] TenantID: [] [2026-10-03 12:40:50,517]  INFO {APIM_GOV_AUDIT_LOG} - [Delete Processing Requests] :: Deleted 0 long-lasting processing requests with IDs: []
ThreadID: [148] TenantID: [] [2026-10-03 12:40:50,517]  INFO {APIM_GOV_AUDIT_LOG} - [Fetch Requests] :: Scheduler fetched 0 requests with IDs: []
ThreadID: [148] TenantID: [] [2026-10-03 12:42:50,516]  INFO {APIM_GOV_AUDIT_LOG} - [Scheduler Thread Pool Status] :: Active Thread Count: 0 -- | -- Completed Task Count: 0 -- | -- Submitted Task Count: 0 -- | -- Queue Size: 0 -- | -- Core Pool Size: 20 -- | -- Maximum Pool Size: 20 -- | -- Current Pool Size: 0
ThreadID: [148] TenantID: [] [2026-10-03 12:42:50,516]  INFO {APIM_GOV_AUDIT_LOG} - [Delete Processing Requests] :: Deleted 0 long-lasting processing requests with IDs: []
ThreadID: [148] TenantID: [] [2026-10-03 12:42:50,516]  INFO {APIM_GOV_AUDIT_LOG} - [Fetch Requests] :: Scheduler fetched 0 requests with IDs: []
ThreadID: [148] TenantID: [] [2026-10-03 12:44:50,518]  INFO {APIM_GOV_AUDIT_LOG} - [Scheduler Thread Pool Status] :: Active Thread Count: 0 -- | -- Completed Task Count: 0 -- | -- Submitted Task Count: 0 -- | -- Queue Size: 0 -- | -- Core Pool Size: 20 -- | -- Maximum Pool Size: 20 -- | -- Current Pool Size: 0
ThreadID: [148] TenantID: [] [2026-10-03 12:44:50,518]  INFO {APIM_GOV_AUDIT_LOG} - [Delete Processing Requests] :: Deleted 0 long-lasting processing requests with IDs: []
ThreadID: [148] TenantID: [] [2026-10-03 12:44:50,518]  INFO {APIM_GOV_AUDIT_LOG} - [Fetch Requests] :: Scheduler fetched 0 requests with IDs: []
ThreadID: [148] TenantID: [] [2026-10-03 12:46:50,517]  INFO {APIM_GOV_AUDIT_LOG} - [Scheduler Thread Pool Status] :: Active Thread Count: 0 -- | -- Completed Task Count: 0 -- | -- Submitted Task Count: 0 -- | -- Queue Size: 0 -- | -- Core Pool Size: 20 -- | -- Maximum Pool Size: 20 -- | -- Current Pool Size: 0
ThreadID: [148] TenantID: [] [2026-10-03 12:46:50,517]  INFO {APIM_GOV_AUDIT_LOG} - [Delete Processing Requests] :: Deleted 0 long-lasting processing requests with IDs: []
ThreadID: [148] TenantID: [] [2026-10-03 12:46:50,517]  INFO {APIM_GOV_AUDIT_LOG} - [Fetch Requests] :: Scheduler fetched 0 requests with IDs: []
ThreadID: [148] TenantID: [] [2026-10-03 12:48:50,517]  INFO {APIM_GOV_AUDIT_LOG} - [Scheduler Thread Pool Status] :: Active Thread Count: 0 -- | -- Completed Task Count: 0 -- | -- Submitted Task Count: 0 -- | -- Queue Size: 0 -- | -- Core Pool Size: 20 -- | -- Maximum Pool Size: 20 -- | -- Current Pool Size: 0
ThreadID: [148] TenantID: [] [2026-10-03 12:48:50,517]  INFO {APIM_GOV_AUDIT_LOG} - [Delete Processing Requests] :: Deleted 0 long-lasting processing requests with IDs: []
ThreadID: [148] TenantID: [] [2026-10-03 12:48:50,517]  INFO {APIM_GOV_AUDIT_LOG} - [Fetch Requests] :: Scheduler fetched 0 requests with IDs: []
ThreadID: [148] TenantID: [] [2026-10-03 12:50:50,518]  INFO {APIM_GOV_AUDIT_LOG} - [Scheduler Thread Pool Status] :: Active Thread Count: 0 -- | -- Completed Task Count: 0 -- | -- Submitted Task Count: 0 -- | -- Queue Size: 0 -- | -- Core Pool Size: 20 -- | -- Maximum Pool Size: 20 -- | -- Current Pool Size: 0
ThreadID: [148] TenantID: [] [2026-10-03 12:50:50,518]  INFO {APIM_GOV_AUDIT_LOG} - [Delete Processing Requests] :: Deleted 0 long-lasting processing requests with IDs: []
ThreadID: [148] TenantID: [] [2026-10-03 12:50:50,518]  INFO {APIM_GOV_AUDIT_LOG} - [Fetch Requests] :: Scheduler fetched 0 requests with IDs: []
ThreadID: [148] TenantID: [] [2026-10-03 12:52:50,517]  INFO {APIM_GOV_AUDIT_LOG} - [Scheduler Thread Pool Status] :: Active Thread Count: 0 -- | -- Completed Task Count: 0 -- | -- Submitted Task Count: 0 -- | -- Queue Size: 0 -- | -- Core Pool Size: 20 -- | -- Maximum Pool Size: 20 -- | -- Current Pool Size: 0
ThreadID: [148] TenantID: [] [2026-10-03 12:52:50,517]  INFO {APIM_GOV_AUDIT_LOG} - [Delete Processing Requests] :: Deleted 0 long-lasting processing requests with IDs: []
ThreadID: [148] TenantID: [] [2026-10-03 12:52:50,517]  INFO {APIM_GOV_AUDIT_LOG} - [Fetch Requests] :: Scheduler fetched 0 requests with IDs: []
ThreadID: [148] TenantID: [] [2026-10-03 12:54:50,518]  INFO {APIM_GOV_AUDIT_LOG} - [Scheduler Thread Pool Status] :: Active Thread Count: 0 -- | -- Completed Task Count: 0 -- | -- Submitted Task Count: 0 -- | -- Queue Size: 0 -- | -- Core Pool Size: 20 -- | -- Maximum Pool Size: 20 -- | -- Current Pool Size: 0
ThreadID: [148] TenantID: [] [2026-10-03 12:54:50,518]  INFO {APIM_GOV_AUDIT_LOG} - [Delete Processing Requests] :: Deleted 0 long-lasting processing requests with IDs: []
ThreadID: [148] TenantID: [] [2026-10-03 12:54:50,518]  INFO {APIM_GOV_AUDIT_LOG} - [Fetch Requests] :: Scheduler fetched 0 requests with IDs: []
ThreadID: [148] TenantID: [] [2026-10-03 12:56:50,516]  INFO {APIM_GOV_AUDIT_LOG} - [Scheduler Thread Pool Status] :: Active Thread Count: 0 -- | -- Completed Task Count: 0 -- | -- Submitted Task Count: 0 -- | -- Queue Size: 0 -- | -- Core Pool Size: 20 -- | -- Maximum Pool Size: 20 -- | -- Current Pool Size: 0
ThreadID: [148] TenantID: [] [2026-10-03 12:56:50,516]  INFO {APIM_GOV_AUDIT_LOG} - [Delete Processing Requests] :: Deleted 0 long-lasting processing requests with IDs: []
ThreadID: [148] TenantID: [] [2026-10-03 12:56:50,516]  INFO {APIM_GOV_AUDIT_LOG} - [Fetch Requests] :: Scheduler fetched 0 requests with IDs: []
ThreadID: [148] TenantID: [] [2026-10-03 12:58:50,517]  INFO {APIM_GOV_AUDIT_LOG} - [Scheduler Thread Pool Status] :: Active Thread Count: 0 -- | -- Completed Task Count: 0 -- | -- Submitted Task Count: 0 -- | -- Queue Size: 0 -- | -- Core Pool Size: 20 -- | -- Maximum Pool Size: 20 -- | -- Current Pool Size: 0
ThreadID: [148] TenantID: [] [2026-10-03 12:58:50,517]  INFO {APIM_GOV_AUDIT_LOG} - [Delete Processing Requests] :: Deleted 0 long-lasting processing requests with IDs: []
ThreadID: [148] TenantID: [] [2026-10-03 12:58:50,517]  INFO {APIM_GOV_AUDIT_LOG} - [Fetch Requests] :: Scheduler fetched 0 requests with IDs: []
ThreadID: [148] TenantID: [] [2026-10-03 13:00:50,516]  INFO {APIM_GOV_AUDIT_LOG} - [Scheduler Thread Pool Status] :: Active Thread Count: 0 -- | -- Completed Task Count: 0 -- | -- Submitted Task Count: 0 -- | -- Queue Size: 0 -- | -- Core Pool Size: 20 -- | -- Maximum Pool Size: 20 -- | -- Current Pool Size: 0
ThreadID: [148] TenantID: [] [2026-10-03 13:00:50,516]  INFO {APIM_GOV_AUDIT_LOG} - [Delete Processing Requests] :: Deleted 0 long-lasting processing requests with IDs: []
ThreadID: [148] TenantID: [] [2026-10-03 13:00:50,516]  INFO {APIM_GOV_AUDIT_LOG} - [Fetch Requests] :: Scheduler fetched 0 requests with IDs: []
ThreadID: [148] TenantID: [] [2026-10-03 13:02:50,516]  INFO {APIM_GOV_AUDIT_LOG} - [Scheduler Thread Pool Status] :: Active Thread Count: 0 -- | -- Completed Task Count: 0 -- | -- Submitted Task Count: 0 -- | -- Queue Size: 0 -- | -- Core Pool Size: 20 -- | -- Maximum Pool Size: 20 -- | -- Current Pool Size: 0
ThreadID: [148] TenantID: [] [2026-10-03 13:02:50,516]  INFO {APIM_GOV_AUDIT_LOG} - [Delete Processing Requests] :: Deleted 0 long-lasting processing requests with IDs: []
ThreadID: [148] TenantID: [] [2026-10-03 13:02:50,516]  INFO {APIM_GOV_AUDIT_LOG} - [Fetch Requests] :: Scheduler fetched 0 requests with IDs: []
ThreadID: [148] TenantID: [] [2026-10-03 13:04:50,518]  INFO {APIM_GOV_AUDIT_LOG} - [Scheduler Thread Pool Status] :: Active Thread Count: 0 -- | -- Completed Task Count: 0 -- | -- Submitted Task Count: 0 -- | -- Queue Size: 0 -- | -- Core Pool Size: 20 -- | -- Maximum Pool Size: 20 -- | -- Current Pool Size: 0
ThreadID: [148] TenantID: [] [2026-10-03 13:04:50,518]  INFO {APIM_GOV_AUDIT_LOG} - [Delete Processing Requests] :: Deleted 0 long-lasting processing requests with IDs: []
ThreadID: [148] TenantID: [] [2026-10-03 13:04:50,518]  INFO {APIM_GOV_AUDIT_LOG} - [Fetch Requests] :: Scheduler fetched 0 requests with IDs: []
ThreadID: [148] TenantID: [] [2026-10-03 13:06:50,518]  INFO {APIM_GOV_AUDIT_LOG} - [Scheduler Thread Pool Status] :: Active Thread Count: 0 -- | -- Completed Task Count: 0 -- | -- Submitted Task Count: 0 -- | -- Queue Size: 0 -- | -- Core Pool Size: 20 -- | -- Maximum Pool Size: 20 -- | -- Current Pool Size: 0
ThreadID: [148] TenantID: [] [2026-10-03 13:06:50,518]  INFO {APIM_GOV_AUDIT_LOG} - [Delete Processing Requests] :: Deleted 0 long-lasting processing requests with IDs: []
ThreadID: [148] TenantID: [] [2026-10-03 13:06:50,518]  INFO {APIM_GOV_AUDIT_LOG} - [Fetch Requests] :: Scheduler fetched 0 requests with IDs: []
ThreadID: [148] TenantID: [] [2026-10-03 13:08:50,518]  INFO {APIM_GOV_AUDIT_LOG} - [Scheduler Thread Pool Status] :: Active Thread Count: 0 -- | -- Completed Task Count: 0 -- | -- Submitted Task Count: 0 -- | -- Queue Size: 0 -- | -- Core Pool Size: 20 -- | -- Maximum Pool Size: 20 -- | -- Current Pool Size: 0
ThreadID: [148] TenantID: [] [2026-10-03 13:08:50,518]  INFO {APIM_GOV_AUDIT_LOG} - [Delete Processing Requests] :: Deleted 0 long-lasting processing requests with IDs: []
ThreadID: [148] TenantID: [] [2026-10-03 13:08:50,518]  INFO {APIM_GOV_AUDIT_LOG} - [Fetch Requests] :: Scheduler fetched 0 requests with IDs: []
ThreadID: [148] TenantID: [] [2026-10-03 13:10:50,518]  INFO {APIM_GOV_AUDIT_LOG} - [Scheduler Thread Pool Status] :: Active Thread Count: 0 -- | -- Completed Task Count: 0 -- | -- Submitted Task Count: 0 -- | -- Queue Size: 0 -- | -- Core Pool Size: 20 -- | -- Maximum Pool Size: 20 -- | -- Current Pool Size: 0
ThreadID: [148] TenantID: [] [2026-10-03 13:10:50,518]  INFO {APIM_GOV_AUDIT_LOG} - [Delete Processing Requests] :: Deleted 0 long-lasting processing requests with IDs: []
ThreadID: [148] TenantID: [] [2026-10-03 13:10:50,518]  INFO {APIM_GOV_AUDIT_LOG} - [Fetch Requests] :: Scheduler fetched 0 requests with IDs: []
ThreadID: [148] TenantID: [] [2026-10-03 13:12:50,518]  INFO {APIM_GOV_AUDIT_LOG} - [Scheduler Thread Pool Status] :: Active Thread Count: 0 -- | -- Completed Task Count: 0 -- | -- Submitted Task Count: 0 -- | -- Queue Size: 0 -- | -- Core Pool Size: 20 -- | -- Maximum Pool Size: 20 -- | -- Current Pool Size: 0
ThreadID: [148] TenantID: [] [2026-10-03 13:12:50,518]  INFO {APIM_GOV_AUDIT_LOG} - [Delete Processing Requests] :: Deleted 0 long-lasting processing requests with IDs: []
ThreadID: [148] TenantID: [] [2026-10-03 13:12:50,518]  INFO {APIM_GOV_AUDIT_LOG} - [Fetch Requests] :: Scheduler fetched 0 requests with IDs: []
ThreadID: [148] TenantID: [] [2026-10-03 13:14:50,517]  INFO {APIM_GOV_AUDIT_LOG} - [Scheduler Thread Pool Status] :: Active Thread Count: 0 -- | -- Completed Task Count: 0 -- | -- Submitted Task Count: 0 -- | -- Queue Size: 0 -- | -- Core Pool Size: 20 -- | -- Maximum Pool Size: 20 -- | -- Current Pool Size: 0
ThreadID: [148] TenantID: [] [2026-10-03 13:14:50,517]  INFO {APIM_GOV_AUDIT_LOG} - [Delete Processing Requests] :: Deleted 0 long-lasting processing requests with IDs: []
ThreadID: [148] TenantID: [] [2026-10-03 13:14:50,517]  INFO {APIM_GOV_AUDIT_LOG} - [Fetch Requests] :: Scheduler fetched 0 requests with IDs: []
ThreadID: [148] TenantID: [] [2026-10-03 13:16:50,517]  INFO {APIM_GOV_AUDIT_LOG} - [Scheduler Thread Pool Status] :: Active Thread Count: 0 -- | -- Completed Task Count: 0 -- | -- Submitted Task Count: 0 -- | -- Queue Size: 0 -- | -- Core Pool Size: 20 -- | -- Maximum Pool Size: 20 -- | -- Current Pool Size: 0
ThreadID: [148] TenantID: [] [2026-10-03 13:16:50,517]  INFO {APIM_GOV_AUDIT_LOG} - [Delete Processing Requests] :: Deleted 0 long-lasting processing requests with IDs: []
ThreadID: [148] TenantID: [] [2026-10-03 13:16:50,517]  INFO {APIM_GOV_AUDIT_LOG} - [Fetch Requests] :: Scheduler fetched 0 requests with IDs: []
ThreadID: [148] TenantID: [] [2026-10-03 13:18:50,518]  INFO {APIM_GOV_AUDIT_LOG} - [Scheduler Thread Pool Status] :: Active Thread Count: 0 -- | -- Completed Task Count: 0 -- | -- Submitted Task Count: 0 -- | -- Queue Size: 0 -- | -- Core Pool Size: 20 -- | -- Maximum Pool Size: 20 -- | -- Current Pool Size: 0
ThreadID: [148] TenantID: [] [2026-10-03 13:18:50,518]  INFO {APIM_GOV_AUDIT_LOG} - [Delete Processing Requests] :: Deleted 0 long-lasting processing requests with IDs: []
ThreadID: [148] TenantID: [] [2026-10-03 13:18:50,518]  INFO {APIM_GOV_AUDIT_LOG} - [Fetch Requests] :: Scheduler fetched 0 requests with IDs: []
ThreadID: [148] TenantID: [] [2026-10-03 13:20:50,516]  INFO {APIM_GOV_AUDIT_LOG} - [Scheduler Thread Pool Status] :: Active Thread Count: 0 -- | -- Completed Task Count: 0 -- | -- Submitted Task Count: 0 -- | -- Queue Size: 0 -- | -- Core Pool Size: 20 -- | -- Maximum Pool Size: 20 -- | -- Current Pool Size: 0
ThreadID: [148] TenantID: [] [2026-10-03 13:20:50,516]  INFO {APIM_GOV_AUDIT_LOG} - [Delete Processing Requests] :: Deleted 0 long-lasting processing requests with IDs: []
ThreadID: [148] TenantID: [] [2026-10-03 13:20:50,516]  INFO {APIM_GOV_AUDIT_LOG} - [Fetch Requests] :: Scheduler fetched 0 requests with IDs: []
ThreadID: [148] TenantID: [] [2026-10-03 13:22:50,516]  INFO {APIM_GOV_AUDIT_LOG} - [Scheduler Thread Pool Status] :: Active Thread Count: 0 -- | -- Completed Task Count: 0 -- | -- Submitted Task Count: 0 -- | -- Queue Size: 0 -- | -- Core Pool Size: 20 -- | -- Maximum Pool Size: 20 -- | -- Current Pool Size: 0
ThreadID: [148] TenantID: [] [2026-10-03 13:22:50,516]  INFO {APIM_GOV_AUDIT_LOG} - [Delete Processing Requests] :: Deleted 0 long-lasting processing requests with IDs: []
ThreadID: [148] TenantID: [] [2026-10-03 13:22:50,516]  INFO {APIM_GOV_AUDIT_LOG} - [Fetch Requests] :: Scheduler fetched 0 requests with IDs: []
ThreadID: [148] TenantID: [] [2026-10-03 13:24:50,516]  INFO {APIM_GOV_AUDIT_LOG} - [Scheduler Thread Pool Status] :: Active Thread Count: 0 -- | -- Completed Task Count: 0 -- | -- Submitted Task Count: 0 -- | -- Queue Size: 0 -- | -- Core Pool Size: 20 -- | -- Maximum Pool Size: 20 -- | -- Current Pool Size: 0
ThreadID: [148] TenantID: [] [2026-10-03 13:24:50,516]  INFO {APIM_GOV_AUDIT_LOG} - [Delete Processing Requests] :: Deleted 0 long-lasting processing requests with IDs: []
ThreadID: [148] TenantID: [] [2026-10-03 13:24:50,516]  INFO {APIM_GOV_AUDIT_LOG} - [Fetch Requests] :: Scheduler fetched 0 requests with IDs: []
ThreadID: [148] TenantID: [] [2026-10-03 13:26:50,518]  INFO {APIM_GOV_AUDIT_LOG} - [Scheduler Thread Pool Status] :: Active Thread Count: 0 -- | -- Completed Task Count: 0 -- | -- Submitted Task Count: 0 -- | -- Queue Size: 0 -- | -- Core Pool Size: 20 -- | -- Maximum Pool Size: 20 -- | -- Current Pool Size: 0
ThreadID: [148] TenantID: [] [2026-10-03 13:26:50,518]  INFO {APIM_GOV_AUDIT_LOG} - [Delete Processing Requests] :: Deleted 0 long-lasting processing requests with IDs: []
ThreadID: [148] TenantID: [] [2026-10-03 13:26:50,518]  INFO {APIM_GOV_AUDIT_LOG} - [Fetch Requests] :: Scheduler fetched 0 requests with IDs: []
ThreadID: [148] TenantID: [] [2026-10-03 13:28:50,518]  INFO {APIM_GOV_AUDIT_LOG} - [Scheduler Thread Pool Status] :: Active Thread Count: 0 -- | -- Completed Task Count: 0 -- | -- Submitted Task Count: 0 -- | -- Queue Size: 0 -- | -- Core Pool Size: 20 -- | -- Maximum Pool Size: 20 -- | -- Current Pool Size: 0
ThreadID: [148] TenantID: [] [2026-10-03 13:28:50,518]  INFO {APIM_GOV_AUDIT_LOG} - [Delete Processing Requests] :: Deleted 0 long-lasting processing requests with IDs: []
ThreadID: [148] TenantID: [] [2026-10-03 13:28:50,518]  INFO {APIM_GOV_AUDIT_LOG} - [Fetch Requests] :: Scheduler fetched 0 requests with IDs: []
ThreadID: [148] TenantID: [] [2026-10-03 13:30:50,516]  INFO {APIM_GOV_AUDIT_LOG} - [Scheduler Thread Pool Status] :: Active Thread Count: 0 -- | -- Completed Task Count: 0 -- | -- Submitted Task Count: 0 -- | -- Queue Size: 0 -- | -- Core Pool Size: 20 -- | -- Maximum Pool Size: 20 -- | -- Current Pool Size: 0
ThreadID: [148] TenantID: [] [2026-10-03 13:30:50,516]  INFO {APIM_GOV_AUDIT_LOG} - [Delete Processing Requests] :: Deleted 0 long-lasting processing requests with IDs: []
ThreadID: [148] TenantID: [] [2026-10-03 13:30:50,516]  INFO {APIM_GOV_AUDIT_LOG} - [Fetch Requests] :: Scheduler fetched 0 requests with IDs: []
ThreadID: [148] TenantID: [] [2026-10-03 13:32:50,516]  INFO {APIM_GOV_AUDIT_LOG} - [Scheduler Thread Pool Status] :: Active Thread Count: 0 -- | -- Completed Task Count: 0 -- | -- Submitted Task Count: 0 -- | -- Queue Size: 0 -- | -- Core Pool Size: 20 -- | -- Maximum Pool Size: 20 -- | -- Current Pool Size: 0
ThreadID: [148] TenantID: [] [2026-10-03 13:32:50,516]  INFO {APIM_GOV_AUDIT_LOG} - [Delete Processing Requests] :: Deleted 0 long-lasting processing requests with IDs: []
ThreadID: [148] TenantID: [] [2026-10-03 13:32:50,516]  INFO {APIM_GOV_AUDIT_LOG} - [Fetch Requests] :: Scheduler fetched 0 requests with IDs: []
ThreadID: [148] TenantID: [] [2026-10-03 13:34:50,516]  INFO {APIM_GOV_AUDIT_LOG} - [Scheduler Thread Pool Status] :: Active Thread Count: 0 -- | -- Completed Task Count: 0 -- | -- Submitted Task Count: 0 -- | -- Queue Size: 0 -- | -- Core Pool Size: 20 -- | -- Maximum Pool Size: 20 -- | -- Current Pool Size: 0
ThreadID: [148] TenantID: [] [2026-10-03 13:34:50,516]  INFO {APIM_GOV_AUDIT_LOG} - [Delete Processing Requests] :: Deleted 0 long-lasting processing requests with IDs: []
ThreadID: [148] TenantID: [] [2026-10-03 13:34:50,516]  INFO {APIM_GOV_AUDIT_LOG} - [Fetch Requests] :: Scheduler fetched 0 requests with IDs: []
ThreadID: [148] TenantID: [] [2026-10-03 13:36:50,517]  INFO {APIM_GOV_AUDIT_LOG} - [Scheduler Thread Pool Status] :: Active Thread Count: 0 -- | -- Completed Task Count: 0 -- | -- Submitted Task Count: 0 -- | -- Queue Size: 0 -- | -- Core Pool Size: 20 -- | -- Maximum Pool Size: 20 -- | -- Current Pool Size: 0
ThreadID: [148] TenantID: [] [2026-10-03 13:36:50,517]  INFO {APIM_GOV_AUDIT_LOG} - [Delete Processing Requests] :: Deleted 0 long-lasting processing requests with IDs: []
ThreadID: [148] TenantID: [] [2026-10-03 13:36:50,517]  INFO {APIM_GOV_AUDIT_LOG} - [Fetch Requests] :: Scheduler fetched 0 requests with IDs: []
ThreadID: [148] TenantID: [] [2026-10-03 13:38:50,516]  INFO {APIM_GOV_AUDIT_LOG} - [Scheduler Thread Pool Status] :: Active Thread Count: 0 -- | -- Completed Task Count: 0 -- | -- Submitted Task Count: 0 -- | -- Queue Size: 0 -- | -- Core Pool Size: 20 -- | -- Maximum Pool Size: 20 -- | -- Current Pool Size: 0
ThreadID: [148] TenantID: [] [2026-10-03 13:38:50,516]  INFO {APIM_GOV_AUDIT_LOG} - [Delete Processing Requests] :: Deleted 0 long-lasting processing requests with IDs: []
ThreadID: [148] TenantID: [] [2026-10-03 13:38:50,516]  INFO {APIM_GOV_AUDIT_LOG} - [Fetch Requests] :: Scheduler fetched 0 requests with IDs: []
ThreadID: [148] TenantID: [] [2026-10-03 13:40:50,518]  INFO {APIM_GOV_AUDIT_LOG} - [Scheduler Thread Pool Status] :: Active Thread Count: 0 -- | -- Completed Task Count: 0 -- | -- Submitted Task Count: 0 -- | -- Queue Size: 0 -- | -- Core Pool Size: 20 -- | -- Maximum Pool Size: 20 -- | -- Current Pool Size: 0
ThreadID: [148] TenantID: [] [2026-10-03 13:40:50,518]  INFO {APIM_GOV_AUDIT_LOG} - [Delete Processing Requests] :: Deleted 0 long-lasting processing requests with IDs: []
ThreadID: [148] TenantID: [] [2026-10-03 13:40:50,518]  INFO {APIM_GOV_AUDIT_LOG} - [Fetch Requests] :: Scheduler fetched 0 requests with IDs: []
ThreadID: [148] TenantID: [] [2026-10-03 13:42:50,517]  INFO {APIM_GOV_AUDIT_LOG} - [Scheduler Thread Pool Status] :: Active Thread Count: 0 -- | -- Completed Task Count: 0 -- | -- Submitted Task Count: 0 -- | -- Queue Size: 0 -- | -- Core Pool Size: 20 -- | -- Maximum Pool Size: 20 -- | -- Current Pool Size: 0
ThreadID: [148] TenantID: [] [2026-10-03 13:42:50,517]  INFO {APIM_GOV_AUDIT_LOG} - [Delete Processing Requests] :: Deleted 0 long-lasting processing requests with IDs: []
ThreadID: [148] TenantID: [] [2026-10-03 13:42:50,517]  INFO {APIM_GOV_AUDIT_LOG} - [Fetch Requests] :: Scheduler fetched 0 requests with IDs: []
ThreadID: [148] TenantID: [] [2026-10-03 13:44:50,517]  INFO {APIM_GOV_AUDIT_LOG} - [Scheduler Thread Pool Status] :: Active Thread Count: 0 -- | -- Completed Task Count: 0 -- | -- Submitted Task Count: 0 -- | -- Queue Size: 0 -- | -- Core Pool Size: 20 -- | -- Maximum Pool Size: 20 -- | -- Current Pool Size: 0
ThreadID: [148] TenantID: [] [2026-10-03 13:44:50,517]  INFO {APIM_GOV_AUDIT_LOG} - [Delete Processing Requests] :: Deleted 0 long-lasting processing requests with IDs: []
ThreadID: [148] TenantID: [] [2026-10-03 13:44:50,517]  INFO {APIM_GOV_AUDIT_LOG} - [Fetch Requests] :: Scheduler fetched 0 requests with IDs: []
ThreadID: [148] TenantID: [] [2026-10-03 13:46:50,518]  INFO {APIM_GOV_AUDIT_LOG} - [Scheduler Thread Pool Status] :: Active Thread Count: 0 -- | -- Completed Task Count: 0 -- | -- Submitted Task Count: 0 -- | -- Queue Size: 0 -- | -- Core Pool Size: 20 -- | -- Maximum Pool Size: 20 -- | -- Current Pool Size: 0
ThreadID: [148] TenantID: [] [2026-10-03 13:46:50,518]  INFO {APIM_GOV_AUDIT_LOG} - [Delete Processing Requests] :: Deleted 0 long-lasting processing requests with IDs: []
ThreadID: [148] TenantID: [] [2026-10-03 13:46:50,518]  INFO {APIM_GOV_AUDIT_LOG} - [Fetch Requests] :: Scheduler fetched 0 requests with IDs: []
ThreadID: [148] TenantID: [] [2026-10-03 13:48:50,517]  INFO {APIM_GOV_AUDIT_LOG} - [Scheduler Thread Pool Status] :: Active Thread Count: 0 -- | -- Completed Task Count: 0 -- | -- Submitted Task Count: 0 -- | -- Queue Size: 0 -- | -- Core Pool Size: 20 -- | -- Maximum Pool Size: 20 -- | -- Current Pool Size: 0
ThreadID: [148] TenantID: [] [2026-10-03 13:48:50,517]  INFO {APIM_GOV_AUDIT_LOG} - [Delete Processing Requests] :: Deleted 0 long-lasting processing requests with IDs: []
ThreadID: [148] TenantID: [] [2026-10-03 13:48:50,517]  INFO {APIM_GOV_AUDIT_LOG} - [Fetch Requests] :: Scheduler fetched 0 requests with IDs: []
ThreadID: [148] TenantID: [] [2026-10-03 13:50:50,517]  INFO {APIM_GOV_AUDIT_LOG} - [Scheduler Thread Pool Status] :: Active Thread Count: 0 -- | -- Completed Task Count: 0 -- | -- Submitted Task Count: 0 -- | -- Queue Size: 0 -- | -- Core Pool Size: 20 -- | -- Maximum Pool Size: 20 -- | -- Current Pool Size: 0
ThreadID: [148] TenantID: [] [2026-10-03 13:50:50,517]  INFO {APIM_GOV_AUDIT_LOG} - [Delete Processing Requests] :: Deleted 0 long-lasting processing requests with IDs: []
ThreadID: [148] TenantID: [] [2026-10-03 13:50:50,517]  INFO {APIM_GOV_AUDIT_LOG} - [Fetch Requests] :: Scheduler fetched 0 requests with IDs: []
ThreadID: [148] TenantID: [] [2026-10-03 13:52:50,517]  INFO {APIM_GOV_AUDIT_LOG} - [Scheduler Thread Pool Status] :: Active Thread Count: 0 -- | -- Completed Task Count: 0 -- | -- Submitted Task Count: 0 -- | -- Queue Size: 0 -- | -- Core Pool Size: 20 -- | -- Maximum Pool Size: 20 -- | -- Current Pool Size: 0
ThreadID: [148] TenantID: [] [2026-10-03 13:52:50,517]  INFO {APIM_GOV_AUDIT_LOG} - [Delete Processing Requests] :: Deleted 0 long-lasting processing requests with IDs: []
ThreadID: [148] TenantID: [] [2026-10-03 13:52:50,517]  INFO {APIM_GOV_AUDIT_LOG} - [Fetch Requests] :: Scheduler fetched 0 requests with IDs: []
ThreadID: [148] TenantID: [] [2026-10-03 13:54:50,516]  INFO {APIM_GOV_AUDIT_LOG} - [Scheduler Thread Pool Status] :: Active Thread Count: 0 -- | -- Completed Task Count: 0 -- | -- Submitted Task Count: 0 -- | -- Queue Size: 0 -- | -- Core Pool Size: 20 -- | -- Maximum Pool Size: 20 -- | -- Current Pool Size: 0
ThreadID: [148] TenantID: [] [2026-10-03 13:54:50,516]  INFO {APIM_GOV_AUDIT_LOG} - [Delete Processing Requests] :: Deleted 0 long-lasting processing requests with IDs: []
ThreadID: [148] TenantID: [] [2026-10-03 13:54:50,516]  INFO {APIM_GOV_AUDIT_LOG} - [Fetch Requests] :: Scheduler fetched 0 requests with IDs: []
ThreadID: [148] TenantID: [] [2026-10-03 13:56:50,518]  INFO {APIM_GOV_AUDIT_LOG} - [Scheduler Thread Pool Status] :: Active Thread Count: 0 -- | -- Completed Task Count: 0 -- | -- Submitted Task Count: 0 -- | -- Queue Size: 0 -- | -- Core Pool Size: 20 -- | -- Maximum Pool Size: 20 -- | -- Current Pool Size: 0
ThreadID: [148] TenantID: [] [2026-10-03 13:56:50,518]  INFO {APIM_GOV_AUDIT_LOG} - [Delete Processing Requests] :: Deleted 0 long-lasting processing requests with IDs: []
ThreadID: [148] TenantID: [] [2026-10-03 13:56:50,518]  INFO {APIM_GOV_AUDIT_LOG} - [Fetch Requests] :: Scheduler fetched 0 requests with IDs: []
ThreadID: [148] TenantID: [] [2026-10-03 13:58:50,518]  INFO {APIM_GOV_AUDIT_LOG} - [Scheduler Thread Pool Status] :: Active Thread Count: 0 -- | -- Completed Task Count: 0 -- | -- Submitted Task Count: 0 -- | -- Queue Size: 0 -- | -- Core Pool Size: 20 -- | -- Maximum Pool Size: 20 -- | -- Current Pool Size: 0
ThreadID: [148] TenantID: [] [2026-10-03 13:58:50,518]  INFO {APIM_GOV_AUDIT_LOG} - [Delete Processing Requests] :: Deleted 0 long-lasting processing requests with IDs: []
ThreadID: [148] TenantID: [] [2026-10-03 13:58:50,518]  INFO {APIM_GOV_AUDIT_LOG} - [Fetch Requests] :: Scheduler fetched 0 requests with IDs: []
ThreadID: [148] TenantID: [] [2026-10-03 14:00:50,517]  INFO {APIM_GOV_AUDIT_LOG} - [Scheduler Thread Pool Status] :: Active Thread Count: 0 -- | -- Completed Task Count: 0 -- | -- Submitted Task Count: 0 -- | -- Queue Size: 0 -- | -- Core Pool Size: 20 -- | -- Maximum Pool Size: 20 -- | -- Current Pool Size: 0
ThreadID: [148] TenantID: [] [2026-10-03 14:00:50,517]  INFO {APIM_GOV_AUDIT_LOG} - [Delete Processing Requests] :: Deleted 0 long-lasting processing requests with IDs: []
ThreadID: [148] TenantID: [] [2026-10-03 14:00:50,517]  INFO {APIM_GOV_AUDIT_LOG} - [Fetch Requests] :: Scheduler fetched 0 requests with IDs: []
ThreadID: [148] TenantID: [] [2026-10-03 14:02:50,517]  INFO {APIM_GOV_AUDIT_LOG} - [Scheduler Thread Pool Status] :: Active Thread Count: 0 -- | -- Completed Task Count: 0 -- | -- Submitted Task Count: 0 -- | -- Queue Size: 0 -- | -- Core Pool Size: 20 -- | -- Maximum Pool Size: 20 -- | -- Current Pool Size: 0
ThreadID: [148] TenantID: [] [2026-10-03 14:02:50,517]  INFO {APIM_GOV_AUDIT_LOG} - [Delete Processing Requests] :: Deleted 0 long-lasting processing requests with IDs: []
ThreadID: [148] TenantID: [] [2026-10-03 14:02:50,517]  INFO {APIM_GOV_AUDIT_LOG} - [Fetch Requests] :: Scheduler fetched 0 requests with IDs: []
ThreadID: [148] TenantID: [] [2026-10-03 14:04:50,516]  INFO {APIM_GOV_AUDIT_LOG} - [Scheduler Thread Pool Status] :: Active Thread Count: 0 -- | -- Completed Task Count: 0 -- | -- Submitted Task Count: 0 -- | -- Queue Size: 0 -- | -- Core Pool Size: 20 -- | -- Maximum Pool Size: 20 -- | -- Current Pool Size: 0
ThreadID: [148] TenantID: [] [2026-10-03 14:04:50,516]  INFO {APIM_GOV_AUDIT_LOG} - [Delete Processing Requests] :: Deleted 0 long-lasting processing requests with IDs: []
ThreadID: [148] TenantID: [] [2026-10-03 14:04:50,516]  INFO {APIM_GOV_AUDIT_LOG} - [Fetch Requests] :: Scheduler fetched 0 requests with IDs: []
ThreadID: [148] TenantID: [] [2026-10-03 14:06:50,516]  INFO {APIM_GOV_AUDIT_LOG} - [Scheduler Thread Pool Status] :: Active Thread Count: 0 -- | -- Completed Task Count: 0 -- | -- Submitted Task Count: 0 -- | -- Queue Size: 0 -- | -- Core Pool Size: 20 -- | -- Maximum Pool Size: 20 -- | -- Current Pool Size: 0
ThreadID: [148] TenantID: [] [2026-10-03 14:06:50,516]  INFO {APIM_GOV_AUDIT_LOG} - [Delete Processing Requests] :: Deleted 0 long-lasting processing requests with IDs: []
ThreadID: [148] TenantID: [] [2026-10-03 14:06:50,516]  INFO {APIM_GOV_AUDIT_LOG} - [Fetch Requests] :: Scheduler fetched 0 requests with IDs: []
ThreadID: [148] TenantID: [] [2026-10-03 14:08:50,518]  INFO {APIM_GOV_AUDIT_LOG} - [Scheduler Thread Pool Status] :: Active Thread Count: 0 -- | -- Completed Task Count: 0 -- | -- Submitted Task Count: 0 -- | -- Queue Size: 0 -- | -- Core Pool Size: 20 -- | -- Maximum Pool Size: 20 -- | -- Current Pool Size: 0
ThreadID: [148] TenantID: [] [2026-10-03 14:08:50,518]  INFO {APIM_GOV_AUDIT_LOG} - [Delete Processing Requests] :: Deleted 0 long-lasting processing requests with IDs: []
ThreadID: [148] TenantID: [] [2026-10-03 14:08:50,518]  INFO {APIM_GOV_AUDIT_LOG} - [Fetch Requests] :: Scheduler fetched 0 requests with IDs: []
ThreadID: [148] TenantID: [] [2026-10-03 14:10:50,517]  INFO {APIM_GOV_AUDIT_LOG} - [Scheduler Thread Pool Status] :: Active Thread Count: 0 -- | -- Completed Task Count: 0 -- | -- Submitted Task Count: 0 -- | -- Queue Size: 0 -- | -- Core Pool Size: 20 -- | -- Maximum Pool Size: 20 -- | -- Current Pool Size: 0
ThreadID: [148] TenantID: [] [2026-10-03 14:10:50,517]  INFO {APIM_GOV_AUDIT_LOG} - [Delete Processing Requests] :: Deleted 0 long-lasting processing requests with IDs: []
ThreadID: [148] TenantID: [] [2026-10-03 14:10:50,517]  INFO {APIM_GOV_AUDIT_LOG} - [Fetch Requests] :: Scheduler fetched 0 requests with IDs: []
ThreadID: [148] TenantID: [] [2026-10-03 14:12:50,517]  INFO {APIM_GOV_AUDIT_LOG} - [Scheduler Thread Pool Status] :: Active Thread Count: 0 -- | -- Completed Task Count: 0 -- | -- Submitted Task Count: 0 -- | -- Queue Size: 0 -- | -- Core Pool Size: 20 -- | -- Maximum Pool Size: 20 -- | -- Current Pool Size: 0
ThreadID: [148] TenantID: [] [2026-10-03 14:12:50,517]  INFO {APIM_GOV_AUDIT_LOG} - [Delete Processing Requests] :: Deleted 0 long-lasting processing requests with IDs: []
ThreadID: [148] TenantID: [] [2026-10-03 14:12:50,517]  INFO {APIM_GOV_AUDIT_LOG} - [Fetch Requests] :: Scheduler fetched 0 requests with IDs: []
ThreadID: [148] TenantID: [] [2026-10-03 14:14:50,516]  INFO {APIM_GOV_AUDIT_LOG} - [Scheduler Thread Pool Status] :: Active Thread Count: 0 -- | -- Completed Task Count: 0 -- | -- Submitted Task Count: 0 -- | -- Queue Size: 0 -- | -- Core Pool Size: 20 -- | -- Maximum Pool Size: 20 -- | -- Current Pool Size: 0
ThreadID: [148] TenantID: [] [2026-10-03 14:14:50,516]  INFO {APIM_GOV_AUDIT_LOG} - [Delete Processing Requests] :: Deleted 0 long-lasting processing requests with IDs: []
ThreadID: [148] TenantID: [] [2026-10-03 14:14:50,516]  INFO {APIM_GOV_AUDIT_LOG} - [Fetch Requests] :: Scheduler fetched 0 requests with IDs: []
ThreadID: [148] TenantID: [] [2026-10-03 14:16:50,517]  INFO {APIM_GOV_AUDIT_LOG} - [Scheduler Thread Pool Status] :: Active Thread Count: 0 -- | -- Completed Task Count: 0 -- | -- Submitted Task Count: 0 -- | -- Queue Size: 0 -- | -- Core Pool Size: 20 -- | -- Maximum Pool Size: 20 -- | -- Current Pool Size: 0
ThreadID: [148] TenantID: [] [2026-10-03 14:16:50,517]  INFO {APIM_GOV_AUDIT_LOG} - [Delete Processing Requests] :: Deleted 0 long-lasting processing requests with IDs: []
ThreadID: [148] TenantID: [] [2026-10-03 14:16:50,517]  INFO {APIM_GOV_AUDIT_LOG} - [Fetch Requests] :: Scheduler fetched 0 requests with IDs: []
ThreadID: [148] TenantID: [] [2026-10-03 14:18:50,517]  INFO {APIM_GOV_AUDIT_LOG} - [Scheduler Thread Pool Status] :: Active Thread Count: 0 -- | -- Completed Task Count: 0 -- | -- Submitted Task Count: 0 -- | -- Queue Size: 0 -- | -- Core Pool Size: 20 -- | -- Maximum Pool Size: 20 -- | -- Current Pool Size: 0
ThreadID: [148] TenantID: [] [2026-10-03 14:18:50,517]  INFO {APIM_GOV_AUDIT_LOG} - [Delete Processing Requests] :: Deleted 0 long-lasting processing requests with IDs: []
ThreadID: [148] TenantID: [] [2026-10-03 14:18:50,517]  INFO {APIM_GOV_AUDIT_LOG} - [Fetch Requests] :: Scheduler fetched 0 requests with IDs: []
ThreadID: [148] TenantID: [] [2026-10-03 14:20:50,517]  INFO {APIM_GOV_AUDIT_LOG} - [Scheduler Thread Pool Status] :: Active Thread Count: 0 -- | -- Completed Task Count: 0 -- | -- Submitted Task Count: 0 -- | -- Queue Size: 0 -- | -- Core Pool Size: 20 -- | -- Maximum Pool Size: 20 -- | -- Current Pool Size: 0
ThreadID: [148] TenantID: [] [2026-10-03 14:20:50,517]  INFO {APIM_GOV_AUDIT_LOG} - [Delete Processing Requests] :: Deleted 0 long-lasting processing requests with IDs: []
ThreadID: [148] TenantID: [] [2026-10-03 14:20:50,517]  INFO {APIM_GOV_AUDIT_LOG} - [Fetch Requests] :: Scheduler fetched 0 requests with IDs: []
ThreadID: [148] TenantID: [] [2026-10-03 14:22:50,517]  INFO {APIM_GOV_AUDIT_LOG} - [Scheduler Thread Pool Status] :: Active Thread Count: 0 -- | -- Completed Task Count: 0 -- | -- Submitted Task Count: 0 -- | -- Queue Size: 0 -- | -- Core Pool Size: 20 -- | -- Maximum Pool Size: 20 -- | -- Current Pool Size: 0
ThreadID: [148] TenantID: [] [2026-10-03 14:22:50,517]  INFO {APIM_GOV_AUDIT_LOG} - [Delete Processing Requests] :: Deleted 0 long-lasting processing requests with IDs: []
ThreadID: [148] TenantID: [] [2026-10-03 14:22:50,517]  INFO {APIM_GOV_AUDIT_LOG} - [Fetch Requests] :: Scheduler fetched 0 requests with IDs: []
ThreadID: [148] TenantID: [] [2026-10-03 14:24:50,517]  INFO {APIM_GOV_AUDIT_LOG} - [Scheduler Thread Pool Status] :: Active Thread Count: 0 -- | -- Completed Task Count: 0 -- | -- Submitted Task Count: 0 -- | -- Queue Size: 0 -- | -- Core Pool Size: 20 -- | -- Maximum Pool Size: 20 -- | -- Current Pool Size: 0
ThreadID: [148] TenantID: [] [2026-10-03 14:24:50,517]  INFO {APIM_GOV_AUDIT_LOG} - [Delete Processing Requests] :: Deleted 0 long-lasting processing requests with IDs: []
ThreadID: [148] TenantID: [] [2026-10-03 14:24:50,517]  INFO {APIM_GOV_AUDIT_LOG} - [Fetch Requests] :: Scheduler fetched 0 requests with IDs: []
ThreadID: [148] TenantID: [] [2026-10-03 14:26:50,516]  INFO {APIM_GOV_AUDIT_LOG} - [Scheduler Thread Pool Status] :: Active Thread Count: 0 -- | -- Completed Task Count: 0 -- | -- Submitted Task Count: 0 -- | -- Queue Size: 0 -- | -- Core Pool Size: 20 -- | -- Maximum Pool Size: 20 -- | -- Current Pool Size: 0
ThreadID: [148] TenantID: [] [2026-10-03 14:26:50,516]  INFO {APIM_GOV_AUDIT_LOG} - [Delete Processing Requests] :: Deleted 0 long-lasting processing requests with IDs: []
ThreadID: [148] TenantID: [] [2026-10-03 14:26:50,516]  INFO {APIM_GOV_AUDIT_LOG} - [Fetch Requests] :: Scheduler fetched 0 requests with IDs: []
ThreadID: [148] TenantID: [] [2026-10-03 14:28:50,517]  INFO {APIM_GOV_AUDIT_LOG} - [Scheduler Thread Pool Status] :: Active Thread Count: 0 -- | -- Completed Task Count: 0 -- | -- Submitted Task Count: 0 -- | -- Queue Size: 0 -- | -- Core Pool Size: 20 -- | -- Maximum Pool Size: 20 -- | -- Current Pool Size: 0
ThreadID: [148] TenantID: [] [2026-10-03 14:28:50,517]  INFO {APIM_GOV_AUDIT_LOG} - [Delete Processing Requests] :: Deleted 0 long-lasting processing requests with IDs: []
ThreadID: [148] TenantID: [] [2026-10-03 14:28:50,517]  INFO {APIM_GOV_AUDIT_LOG} - [Fetch Requests] :: Scheduler fetched 0 requests with IDs: []
ThreadID: [148] TenantID: [] [2026-10-03 14:30:50,516]  INFO {APIM_GOV_AUDIT_LOG} - [Scheduler Thread Pool Status] :: Active Thread Count: 0 -- | -- Completed Task Count: 0 -- | -- Submitted Task Count: 0 -- | -- Queue Size: 0 -- | -- Core Pool Size: 20 -- | -- Maximum Pool Size: 20 -- | -- Current Pool Size: 0
ThreadID: [148] TenantID: [] [2026-10-03 14:30:50,516]  INFO {APIM_GOV_AUDIT_LOG} - [Delete Processing Requests] :: Deleted 0 long-lasting processing requests with IDs: []
ThreadID: [148] TenantID: [] [2026-10-03 14:30:50,516]  INFO {APIM_GOV_AUDIT_LOG} - [Fetch Requests] :: Scheduler fetched 0 requests with IDs: []
ThreadID: [148] TenantID: [] [2026-10-03 14:32:50,517]  INFO {APIM_GOV_AUDIT_LOG} - [Scheduler Thread Pool Status] :: Active Thread Count: 0 -- | -- Completed Task Count: 0 -- | -- Submitted Task Count: 0 -- | -- Queue Size: 0 -- | -- Core Pool Size: 20 -- | -- Maximum Pool Size: 20 -- | -- Current Pool Size: 0
ThreadID: [148] TenantID: [] [2026-10-03 14:32:50,517]  INFO {APIM_GOV_AUDIT_LOG} - [Delete Processing Requests] :: Deleted 0 long-lasting processing requests with IDs: []
ThreadID: [148] TenantID: [] [2026-10-03 14:32:50,517]  INFO {APIM_GOV_AUDIT_LOG} - [Fetch Requests] :: Scheduler fetched 0 requests with IDs: []
ThreadID: [148] TenantID: [] [2026-10-03 14:34:50,516]  INFO {APIM_GOV_AUDIT_LOG} - [Scheduler Thread Pool Status] :: Active Thread Count: 0 -- | -- Completed Task Count: 0 -- | -- Submitted Task Count: 0 -- | -- Queue Size: 0 -- | -- Core Pool Size: 20 -- | -- Maximum Pool Size: 20 -- | -- Current Pool Size: 0
ThreadID: [148] TenantID: [] [2026-10-03 14:34:50,516]  INFO {APIM_GOV_AUDIT_LOG} - [Delete Processing Requests] :: Deleted 0 long-lasting processing requests with IDs: []
ThreadID: [148] TenantID: [] [2026-10-03 14:34:50,516]  INFO {APIM_GOV_AUDIT_LOG} - [Fetch Requests] :: Scheduler fetched 0 requests with IDs: []
ThreadID: [148] TenantID: [] [2026-10-03 14:36:50,518]  INFO {APIM_GOV_AUDIT_LOG} - [Scheduler Thread Pool Status] :: Active Thread Count: 0 -- | -- Completed Task Count: 0 -- | -- Submitted Task Count: 0 -- | -- Queue Size: 0 -- | -- Core Pool Size: 20 -- | -- Maximum Pool Size: 20 -- | -- Current Pool Size: 0
ThreadID: [148] TenantID: [] [2026-10-03 14:36:50,518]  INFO {APIM_GOV_AUDIT_LOG} - [Delete Processing Requests] :: Deleted 0 long-lasting processing requests with IDs: []
ThreadID: [148] TenantID: [] [2026-10-03 14:36:50,518]  INFO {APIM_GOV_AUDIT_LOG} - [Fetch Requests] :: Scheduler fetched 0 requests with IDs: []
ThreadID: [148] TenantID: [] [2026-10-03 14:38:50,517]  INFO {APIM_GOV_AUDIT_LOG} - [Scheduler Thread Pool Status] :: Active Thread Count: 0 -- | -- Completed Task Count: 0 -- | -- Submitted Task Count: 0 -- | -- Queue Size: 0 -- | -- Core Pool Size: 20 -- | -- Maximum Pool Size: 20 -- | -- Current Pool Size: 0
ThreadID: [148] TenantID: [] [2026-10-03 14:38:50,517]  INFO {APIM_GOV_AUDIT_LOG} - [Delete Processing Requests] :: Deleted 0 long-lasting processing requests with IDs: []
ThreadID: [148] TenantID: [] [2026-10-03 14:38:50,517]  INFO {APIM_GOV_AUDIT_LOG} - [Fetch Requests] :: Scheduler fetched 0 requests with IDs: []
ThreadID: [148] TenantID: [] [2026-10-03 14:40:50,517]  INFO {APIM_GOV_AUDIT_LOG} - [Scheduler Thread Pool Status] :: Active Thread Count: 0 -- | -- Completed Task Count: 0 -- | -- Submitted Task Count: 0 -- | -- Queue Size: 0 -- | -- Core Pool Size: 20 -- | -- Maximum Pool Size: 20 -- | -- Current Pool Size: 0
ThreadID: [148] TenantID: [] [2026-10-03 14:40:50,517]  INFO {APIM_GOV_AUDIT_LOG} - [Delete Processing Requests] :: Deleted 0 long-lasting processing requests with IDs: []
ThreadID: [148] TenantID: [] [2026-10-03 14:40:50,517]  INFO {APIM_GOV_AUDIT_LOG} - [Fetch Requests] :: Scheduler fetched 0 requests with IDs: []
ThreadID: [148] TenantID: [] [2026-10-03 14:42:50,516]  INFO {APIM_GOV_AUDIT_LOG} - [Scheduler Thread Pool Status] :: Active Thread Count: 0 -- | -- Completed Task Count: 0 -- | -- Submitted Task Count: 0 -- | -- Queue Size: 0 -- | -- Core Pool Size: 20 -- | -- Maximum Pool Size: 20 -- | -- Current Pool Size: 0
ThreadID: [148] TenantID: [] [2026-10-03 14:42:50,516]  INFO {APIM_GOV_AUDIT_LOG} - [Delete Processing Requests] :: Deleted 0 long-lasting processing requests with IDs: []
ThreadID: [148] TenantID: [] [2026-10-03 14:42:50,516]  INFO {APIM_GOV_AUDIT_LOG} - [Fetch Requests] :: Scheduler fetched 0 requests with IDs: []
ThreadID: [148] TenantID: [] [2026-10-03 14:44:50,518]  INFO {APIM_GOV_AUDIT_LOG} - [Scheduler Thread Pool Status] :: Active Thread Count: 0 -- | -- Completed Task Count: 0 -- | -- Submitted Task Count: 0 -- | -- Queue Size: 0 -- | -- Core Pool Size: 20 -- | -- Maximum Pool Size: 20 -- | -- Current Pool Size: 0
ThreadID: [148] TenantID: [] [2026-10-03 14:44:50,518]  INFO {APIM_GOV_AUDIT_LOG} - [Delete Processing Requests] :: Deleted 0 long-lasting processing requests with IDs: []
ThreadID: [148] TenantID: [] [2026-10-03 14:44:50,518]  INFO {APIM_GOV_AUDIT_LOG} - [Fetch Requests] :: Scheduler fetched 0 requests with IDs: []
ThreadID: [148] TenantID: [] [2026-10-03 14:46:50,517]  INFO {APIM_GOV_AUDIT_LOG} - [Scheduler Thread Pool Status] :: Active Thread Count: 0 -- | -- Completed Task Count: 0 -- | -- Submitted Task Count: 0 -- | -- Queue Size: 0 -- | -- Core Pool Size: 20 -- | -- Maximum Pool Size: 20 -- | -- Current Pool Size: 0
ThreadID: [148] TenantID: [] [2026-10-03 14:46:50,517]  INFO {APIM_GOV_AUDIT_LOG} - [Delete Processing Requests] :: Deleted 0 long-lasting processing requests with IDs: []
ThreadID: [148] TenantID: [] [2026-10-03 14:46:50,517]  INFO {APIM_GOV_AUDIT_LOG} - [Fetch Requests] :: Scheduler fetched 0 requests with IDs: []
ThreadID: [148] TenantID: [] [2026-10-03 14:48:50,516]  INFO {APIM_GOV_AUDIT_LOG} - [Scheduler Thread Pool Status] :: Active Thread Count: 0 -- | -- Completed Task Count: 0 -- | -- Submitted Task Count: 0 -- | -- Queue Size: 0 -- | -- Core Pool Size: 20 -- | -- Maximum Pool Size: 20 -- | -- Current Pool Size: 0
ThreadID: [148] TenantID: [] [2026-10-03 14:48:50,516]  INFO {APIM_GOV_AUDIT_LOG} - [Delete Processing Requests] :: Deleted 0 long-lasting processing requests with IDs: []
ThreadID: [148] TenantID: [] [2026-10-03 14:48:50,516]  INFO {APIM_GOV_AUDIT_LOG} - [Fetch Requests] :: Scheduler fetched 0 requests with IDs: []
ThreadID: [148] TenantID: [] [2026-10-03 14:50:50,516]  INFO {APIM_GOV_AUDIT_LOG} - [Scheduler Thread Pool Status] :: Active Thread Count: 0 -- | -- Completed Task Count: 0 -- | -- Submitted Task Count: 0 -- | -- Queue Size: 0 -- | -- Core Pool Size: 20 -- | -- Maximum Pool Size: 20 -- | -- Current Pool Size: 0
ThreadID: [148] TenantID: [] [2026-10-03 14:50:50,516]  INFO {APIM_GOV_AUDIT_LOG} - [Delete Processing Requests] :: Deleted 0 long-lasting processing requests with IDs: []
ThreadID: [148] TenantID: [] [2026-10-03 14:50:50,516]  INFO {APIM_GOV_AUDIT_LOG} - [Fetch Requests] :: Scheduler fetched 0 requests with IDs: []
ThreadID: [148] TenantID: [] [2026-10-03 14:52:50,516]  INFO {APIM_GOV_AUDIT_LOG} - [Scheduler Thread Pool Status] :: Active Thread Count: 0 -- | -- Completed Task Count: 0 -- | -- Submitted Task Count: 0 -- | -- Queue Size: 0 -- | -- Core Pool Size: 20 -- | -- Maximum Pool Size: 20 -- | -- Current Pool Size: 0
ThreadID: [148] TenantID: [] [2026-10-03 14:52:50,516]  INFO {APIM_GOV_AUDIT_LOG} - [Delete Processing Requests] :: Deleted 0 long-lasting processing requests with IDs: []
ThreadID: [148] TenantID: [] [2026-10-03 14:52:50,516]  INFO {APIM_GOV_AUDIT_LOG} - [Fetch Requests] :: Scheduler fetched 0 requests with IDs: []
ThreadID: [148] TenantID: [] [2026-10-03 14:54:50,517]  INFO {APIM_GOV_AUDIT_LOG} - [Scheduler Thread Pool Status] :: Active Thread Count: 0 -- | -- Completed Task Count: 0 -- | -- Submitted Task Count: 0 -- | -- Queue Size: 0 -- | -- Core Pool Size: 20 -- | -- Maximum Pool Size: 20 -- | -- Current Pool Size: 0
ThreadID: [148] TenantID: [] [2026-10-03 14:54:50,517]  INFO {APIM_GOV_AUDIT_LOG} - [Delete Processing Requests] :: Deleted 0 long-lasting processing requests with IDs: []
ThreadID: [148] TenantID: [] [2026-10-03 14:54:50,517]  INFO {APIM_GOV_AUDIT_LOG} - [Fetch Requests] :: Scheduler fetched 0 requests with IDs: []
ThreadID: [148] TenantID: [] [2026-10-03 14:56:50,516]  INFO {APIM_GOV_AUDIT_LOG} - [Scheduler Thread Pool Status] :: Active Thread Count: 0 -- | -- Completed Task Count: 0 -- | -- Submitted Task Count: 0 -- | -- Queue Size: 0 -- | -- Core Pool Size: 20 -- | -- Maximum Pool Size: 20 -- | -- Current Pool Size: 0
ThreadID: [148] TenantID: [] [2026-10-03 14:56:50,516]  INFO {APIM_GOV_AUDIT_LOG} - [Delete Processing Requests] :: Deleted 0 long-lasting processing requests with IDs: []
ThreadID: [148] TenantID: [] [2026-10-03 14:56:50,516]  INFO {APIM_GOV_AUDIT_LOG} - [Fetch Requests] :: Scheduler fetched 0 requests with IDs: []
ThreadID: [148] TenantID: [] [2026-10-03 14:58:50,516]  INFO {APIM_GOV_AUDIT_LOG} - [Scheduler Thread Pool Status] :: Active Thread Count: 0 -- | -- Completed Task Count: 0 -- | -- Submitted Task Count: 0 -- | -- Queue Size: 0 -- | -- Core Pool Size: 20 -- | -- Maximum Pool Size: 20 -- | -- Current Pool Size: 0
ThreadID: [148] TenantID: [] [2026-10-03 14:58:50,516]  INFO {APIM_GOV_AUDIT_LOG} - [Delete Processing Requests] :: Deleted 0 long-lasting processing requests with IDs: []
ThreadID: [148] TenantID: [] [2026-10-03 14:58:50,516]  INFO {APIM_GOV_AUDIT_LOG} - [Fetch Requests] :: Scheduler fetched 0 requests with IDs: []
ThreadID: [148] TenantID: [] [2026-10-03 15:00:50,516]  INFO {APIM_GOV_AUDIT_LOG} - [Scheduler Thread Pool Status] :: Active Thread Count: 0 -- | -- Completed Task Count: 0 -- | -- Submitted Task Count: 0 -- | -- Queue Size: 0 -- | -- Core Pool Size: 20 -- | -- Maximum Pool Size: 20 -- | -- Current Pool Size: 0
ThreadID: [148] TenantID: [] [2026-10-03 15:00:50,516]  INFO {APIM_GOV_AUDIT_LOG} - [Delete Processing Requests] :: Deleted 0 long-lasting processing requests with IDs: []
ThreadID: [148] TenantID: [] [2026-10-03 15:00:50,516]  INFO {APIM_GOV_AUDIT_LOG} - [Fetch Requests] :: Scheduler fetched 0 requests with IDs: []
ThreadID: [148] TenantID: [] [2026-10-03 15:02:50,516]  INFO {APIM_GOV_AUDIT_LOG} - [Scheduler Thread Pool Status] :: Active Thread Count: 0 -- | -- Completed Task Count: 0 -- | -- Submitted Task Count: 0 -- | -- Queue Size: 0 -- | -- Core Pool Size: 20 -- | -- Maximum Pool Size: 20 -- | -- Current Pool Size: 0
ThreadID: [148] TenantID: [] [2026-10-03 15:02:50,516]  INFO {APIM_GOV_AUDIT_LOG} - [Delete Processing Requests] :: Deleted 0 long-lasting processing requests with IDs: []
ThreadID: [148] TenantID: [] [2026-10-03 15:02:50,516]  INFO {APIM_GOV_AUDIT_LOG} - [Fetch Requests] :: Scheduler fetched 0 requests with IDs: []
ThreadID: [148] TenantID: [] [2026-10-03 15:04:50,516]  INFO {APIM_GOV_AUDIT_LOG} - [Scheduler Thread Pool Status] :: Active Thread Count: 0 -- | -- Completed Task Count: 0 -- | -- Submitted Task Count: 0 -- | -- Queue Size: 0 -- | -- Core Pool Size: 20 -- | -- Maximum Pool Size: 20 -- | -- Current Pool Size: 0
ThreadID: [148] TenantID: [] [2026-10-03 15:04:50,516]  INFO {APIM_GOV_AUDIT_LOG} - [Delete Processing Requests] :: Deleted 0 long-lasting processing requests with IDs: []
ThreadID: [148] TenantID: [] [2026-10-03 15:04:50,516]  INFO {APIM_GOV_AUDIT_LOG} - [Fetch Requests] :: Scheduler fetched 0 requests with IDs: []
ThreadID: [148] TenantID: [] [2026-10-03 15:06:50,516]  INFO {APIM_GOV_AUDIT_LOG} - [Scheduler Thread Pool Status] :: Active Thread Count: 0 -- | -- Completed Task Count: 0 -- | -- Submitted Task Count: 0 -- | -- Queue Size: 0 -- | -- Core Pool Size: 20 -- | -- Maximum Pool Size: 20 -- | -- Current Pool Size: 0
ThreadID: [148] TenantID: [] [2026-10-03 15:06:50,516]  INFO {APIM_GOV_AUDIT_LOG} - [Delete Processing Requests] :: Deleted 0 long-lasting processing requests with IDs: []
ThreadID: [148] TenantID: [] [2026-10-03 15:06:50,516]  INFO {APIM_GOV_AUDIT_LOG} - [Fetch Requests] :: Scheduler fetched 0 requests with IDs: []
ThreadID: [148] TenantID: [] [2026-10-03 15:08:50,518]  INFO {APIM_GOV_AUDIT_LOG} - [Scheduler Thread Pool Status] :: Active Thread Count: 0 -- | -- Completed Task Count: 0 -- | -- Submitted Task Count: 0 -- | -- Queue Size: 0 -- | -- Core Pool Size: 20 -- | -- Maximum Pool Size: 20 -- | -- Current Pool Size: 0
ThreadID: [148] TenantID: [] [2026-10-03 15:08:50,518]  INFO {APIM_GOV_AUDIT_LOG} - [Delete Processing Requests] :: Deleted 0 long-lasting processing requests with IDs: []
ThreadID: [148] TenantID: [] [2026-10-03 15:08:50,518]  INFO {APIM_GOV_AUDIT_LOG} - [Fetch Requests] :: Scheduler fetched 0 requests with IDs: []
ThreadID: [148] TenantID: [] [2026-10-03 15:10:50,516]  INFO {APIM_GOV_AUDIT_LOG} - [Scheduler Thread Pool Status] :: Active Thread Count: 0 -- | -- Completed Task Count: 0 -- | -- Submitted Task Count: 0 -- | -- Queue Size: 0 -- | -- Core Pool Size: 20 -- | -- Maximum Pool Size: 20 -- | -- Current Pool Size: 0
ThreadID: [148] TenantID: [] [2026-10-03 15:10:50,516]  INFO {APIM_GOV_AUDIT_LOG} - [Delete Processing Requests] :: Deleted 0 long-lasting processing requests with IDs: []
ThreadID: [148] TenantID: [] [2026-10-03 15:10:50,516]  INFO {APIM_GOV_AUDIT_LOG} - [Fetch Requests] :: Scheduler fetched 0 requests with IDs: []
ThreadID: [148] TenantID: [] [2026-10-03 15:12:50,518]  INFO {APIM_GOV_AUDIT_LOG} - [Scheduler Thread Pool Status] :: Active Thread Count: 0 -- | -- Completed Task Count: 0 -- | -- Submitted Task Count: 0 -- | -- Queue Size: 0 -- | -- Core Pool Size: 20 -- | -- Maximum Pool Size: 20 -- | -- Current Pool Size: 0
ThreadID: [148] TenantID: [] [2026-10-03 15:12:50,518]  INFO {APIM_GOV_AUDIT_LOG} - [Delete Processing Requests] :: Deleted 0 long-lasting processing requests with IDs: []
ThreadID: [148] TenantID: [] [2026-10-03 15:12:50,518]  INFO {APIM_GOV_AUDIT_LOG} - [Fetch Requests] :: Scheduler fetched 0 requests with IDs: []
ThreadID: [148] TenantID: [] [2026-10-03 15:14:50,517]  INFO {APIM_GOV_AUDIT_LOG} - [Scheduler Thread Pool Status] :: Active Thread Count: 0 -- | -- Completed Task Count: 0 -- | -- Submitted Task Count: 0 -- | -- Queue Size: 0 -- | -- Core Pool Size: 20 -- | -- Maximum Pool Size: 20 -- | -- Current Pool Size: 0
ThreadID: [148] TenantID: [] [2026-10-03 15:14:50,517]  INFO {APIM_GOV_AUDIT_LOG} - [Delete Processing Requests] :: Deleted 0 long-lasting processing requests with IDs: []
ThreadID: [148] TenantID: [] [2026-10-03 15:14:50,517]  INFO {APIM_GOV_AUDIT_LOG} - [Fetch Requests] :: Scheduler fetched 0 requests with IDs: []
ThreadID: [148] TenantID: [] [2026-10-03 15:16:50,517]  INFO {APIM_GOV_AUDIT_LOG} - [Scheduler Thread Pool Status] :: Active Thread Count: 0 -- | -- Completed Task Count: 0 -- | -- Submitted Task Count: 0 -- | -- Queue Size: 0 -- | -- Core Pool Size: 20 -- | -- Maximum Pool Size: 20 -- | -- Current Pool Size: 0
ThreadID: [148] TenantID: [] [2026-10-03 15:16:50,517]  INFO {APIM_GOV_AUDIT_LOG} - [Delete Processing Requests] :: Deleted 0 long-lasting processing requests with IDs: []
ThreadID: [148] TenantID: [] [2026-10-03 15:16:50,517]  INFO {APIM_GOV_AUDIT_LOG} - [Fetch Requests] :: Scheduler fetched 0 requests with IDs: []
ThreadID: [148] TenantID: [] [2026-10-03 15:18:50,516]  INFO {APIM_GOV_AUDIT_LOG} - [Scheduler Thread Pool Status] :: Active Thread Count: 0 -- | -- Completed Task Count: 0 -- | -- Submitted Task Count: 0 -- | -- Queue Size: 0 -- | -- Core Pool Size: 20 -- | -- Maximum Pool Size: 20 -- | -- Current Pool Size: 0
ThreadID: [148] TenantID: [] [2026-10-03 15:18:50,516]  INFO {APIM_GOV_AUDIT_LOG} - [Delete Processing Requests] :: Deleted 0 long-lasting processing requests with IDs: []
ThreadID: [148] TenantID: [] [2026-10-03 15:18:50,516]  INFO {APIM_GOV_AUDIT_LOG} - [Fetch Requests] :: Scheduler fetched 0 requests with IDs: []
ThreadID: [148] TenantID: [] [2026-10-03 15:20:50,517]  INFO {APIM_GOV_AUDIT_LOG} - [Scheduler Thread Pool Status] :: Active Thread Count: 0 -- | -- Completed Task Count: 0 -- | -- Submitted Task Count: 0 -- | -- Queue Size: 0 -- | -- Core Pool Size: 20 -- | -- Maximum Pool Size: 20 -- | -- Current Pool Size: 0
ThreadID: [148] TenantID: [] [2026-10-03 15:20:50,517]  INFO {APIM_GOV_AUDIT_LOG} - [Delete Processing Requests] :: Deleted 0 long-lasting processing requests with IDs: []
ThreadID: [148] TenantID: [] [2026-10-03 15:20:50,517]  INFO {APIM_GOV_AUDIT_LOG} - [Fetch Requests] :: Scheduler fetched 0 requests with IDs: []
ThreadID: [148] TenantID: [] [2026-10-03 15:22:50,516]  INFO {APIM_GOV_AUDIT_LOG} - [Scheduler Thread Pool Status] :: Active Thread Count: 0 -- | -- Completed Task Count: 0 -- | -- Submitted Task Count: 0 -- | -- Queue Size: 0 -- | -- Core Pool Size: 20 -- | -- Maximum Pool Size: 20 -- | -- Current Pool Size: 0
ThreadID: [148] TenantID: [] [2026-10-03 15:22:50,516]  INFO {APIM_GOV_AUDIT_LOG} - [Delete Processing Requests] :: Deleted 0 long-lasting processing requests with IDs: []
ThreadID: [148] TenantID: [] [2026-10-03 15:22:50,516]  INFO {APIM_GOV_AUDIT_LOG} - [Fetch Requests] :: Scheduler fetched 0 requests with IDs: []
ThreadID: [148] TenantID: [] [2026-10-03 15:24:50,518]  INFO {APIM_GOV_AUDIT_LOG} - [Scheduler Thread Pool Status] :: Active Thread Count: 0 -- | -- Completed Task Count: 0 -- | -- Submitted Task Count: 0 -- | -- Queue Size: 0 -- | -- Core Pool Size: 20 -- | -- Maximum Pool Size: 20 -- | -- Current Pool Size: 0
ThreadID: [148] TenantID: [] [2026-10-03 15:24:50,518]  INFO {APIM_GOV_AUDIT_LOG} - [Delete Processing Requests] :: Deleted 0 long-lasting processing requests with IDs: []
ThreadID: [148] TenantID: [] [2026-10-03 15:24:50,518]  INFO {APIM_GOV_AUDIT_LOG} - [Fetch Requests] :: Scheduler fetched 0 requests with IDs: []
ThreadID: [148] TenantID: [] [2026-10-03 15:26:50,517]  INFO {APIM_GOV_AUDIT_LOG} - [Scheduler Thread Pool Status] :: Active Thread Count: 0 -- | -- Completed Task Count: 0 -- | -- Submitted Task Count: 0 -- | -- Queue Size: 0 -- | -- Core Pool Size: 20 -- | -- Maximum Pool Size: 20 -- | -- Current Pool Size: 0
ThreadID: [148] TenantID: [] [2026-10-03 15:26:50,517]  INFO {APIM_GOV_AUDIT_LOG} - [Delete Processing Requests] :: Deleted 0 long-lasting processing requests with IDs: []
ThreadID: [148] TenantID: [] [2026-10-03 15:26:50,517]  INFO {APIM_GOV_AUDIT_LOG} - [Fetch Requests] :: Scheduler fetched 0 requests with IDs: []
ThreadID: [148] TenantID: [] [2026-10-03 15:28:50,516]  INFO {APIM_GOV_AUDIT_LOG} - [Scheduler Thread Pool Status] :: Active Thread Count: 0 -- | -- Completed Task Count: 0 -- | -- Submitted Task Count: 0 -- | -- Queue Size: 0 -- | -- Core Pool Size: 20 -- | -- Maximum Pool Size: 20 -- | -- Current Pool Size: 0
ThreadID: [148] TenantID: [] [2026-10-03 15:28:50,516]  INFO {APIM_GOV_AUDIT_LOG} - [Delete Processing Requests] :: Deleted 0 long-lasting processing requests with IDs: []
ThreadID: [148] TenantID: [] [2026-10-03 15:28:50,516]  INFO {APIM_GOV_AUDIT_LOG} - [Fetch Requests] :: Scheduler fetched 0 requests with IDs: []
ThreadID: [148] TenantID: [] [2026-10-03 15:30:50,518]  INFO {APIM_GOV_AUDIT_LOG} - [Scheduler Thread Pool Status] :: Active Thread Count: 0 -- | -- Completed Task Count: 0 -- | -- Submitted Task Count: 0 -- | -- Queue Size: 0 -- | -- Core Pool Size: 20 -- | -- Maximum Pool Size: 20 -- | -- Current Pool Size: 0
ThreadID: [148] TenantID: [] [2026-10-03 15:30:50,518]  INFO {APIM_GOV_AUDIT_LOG} - [Delete Processing Requests] :: Deleted 0 long-lasting processing requests with IDs: []
ThreadID: [148] TenantID: [] [2026-10-03 15:30:50,518]  INFO {APIM_GOV_AUDIT_LOG} - [Fetch Requests] :: Scheduler fetched 0 requests with IDs: []
ThreadID: [148] TenantID: [] [2026-10-03 15:32:50,517]  INFO {APIM_GOV_AUDIT_LOG} - [Scheduler Thread Pool Status] :: Active Thread Count: 0 -- | -- Completed Task Count: 0 -- | -- Submitted Task Count: 0 -- | -- Queue Size: 0 -- | -- Core Pool Size: 20 -- | -- Maximum Pool Size: 20 -- | -- Current Pool Size: 0
ThreadID: [148] TenantID: [] [2026-10-03 15:32:50,517]  INFO {APIM_GOV_AUDIT_LOG} - [Delete Processing Requests] :: Deleted 0 long-lasting processing requests with IDs: []
ThreadID: [148] TenantID: [] [2026-10-03 15:32:50,517]  INFO {APIM_GOV_AUDIT_LOG} - [Fetch Requests] :: Scheduler fetched 0 requests with IDs: []
ThreadID: [148] TenantID: [] [2026-10-03 15:34:50,516]  INFO {APIM_GOV_AUDIT_LOG} - [Scheduler Thread Pool Status] :: Active Thread Count: 0 -- | -- Completed Task Count: 0 -- | -- Submitted Task Count: 0 -- | -- Queue Size: 0 -- | -- Core Pool Size: 20 -- | -- Maximum Pool Size: 20 -- | -- Current Pool Size: 0
ThreadID: [148] TenantID: [] [2026-10-03 15:34:50,516]  INFO {APIM_GOV_AUDIT_LOG} - [Delete Processing Requests] :: Deleted 0 long-lasting processing requests with IDs: []
ThreadID: [148] TenantID: [] [2026-10-03 15:34:50,516]  INFO {APIM_GOV_AUDIT_LOG} - [Fetch Requests] :: Scheduler fetched 0 requests with IDs: []
ThreadID: [148] TenantID: [] [2026-10-03 15:36:50,516]  INFO {APIM_GOV_AUDIT_LOG} - [Scheduler Thread Pool Status] :: Active Thread Count: 0 -- | -- Completed Task Count: 0 -- | -- Submitted Task Count: 0 -- | -- Queue Size: 0 -- | -- Core Pool Size: 20 -- | -- Maximum Pool Size: 20 -- | -- Current Pool Size: 0
ThreadID: [148] TenantID: [] [2026-10-03 15:36:50,516]  INFO {APIM_GOV_AUDIT_LOG} - [Delete Processing Requests] :: Deleted 0 long-lasting processing requests with IDs: []
ThreadID: [148] TenantID: [] [2026-10-03 15:36:50,516]  INFO {APIM_GOV_AUDIT_LOG} - [Fetch Requests] :: Scheduler fetched 0 requests with IDs: []
ThreadID: [148] TenantID: [] [2026-10-03 15:38:50,516]  INFO {APIM_GOV_AUDIT_LOG} - [Scheduler Thread Pool Status] :: Active Thread Count: 0 -- | -- Completed Task Count: 0 -- | -- Submitted Task Count: 0 -- | -- Queue Size: 0 -- | -- Core Pool Size: 20 -- | -- Maximum Pool Size: 20 -- | -- Current Pool Size: 0
ThreadID: [148] TenantID: [] [2026-10-03 15:38:50,516]  INFO {APIM_GOV_AUDIT_LOG} - [Delete Processing Requests] :: Deleted 0 long-lasting processing requests with IDs: []
ThreadID: [148] TenantID: [] [2026-10-03 15:38:50,516]  INFO {APIM_GOV_AUDIT_LOG} - [Fetch Requests] :: Scheduler fetched 0 requests with IDs: []
ThreadID: [148] TenantID: [] [2026-10-03 15:40:50,517]  INFO {APIM_GOV_AUDIT_LOG} - [Scheduler Thread Pool Status] :: Active Thread Count: 0 -- | -- Completed Task Count: 0 -- | -- Submitted Task Count: 0 -- | -- Queue Size: 0 -- | -- Core Pool Size: 20 -- | -- Maximum Pool Size: 20 -- | -- Current Pool Size: 0
ThreadID: [148] TenantID: [] [2026-10-03 15:40:50,517]  INFO {APIM_GOV_AUDIT_LOG} - [Delete Processing Requests] :: Deleted 0 long-lasting processing requests with IDs: []
ThreadID: [148] TenantID: [] [2026-10-03 15:40:50,517]  INFO {APIM_GOV_AUDIT_LOG} - [Fetch Requests] :: Scheduler fetched 0 requests with IDs: []
ThreadID: [148] TenantID: [] [2026-10-03 15:42:50,516]  INFO {APIM_GOV_AUDIT_LOG} - [Scheduler Thread Pool Status] :: Active Thread Count: 0 -- | -- Completed Task Count: 0 -- | -- Submitted Task Count: 0 -- | -- Queue Size: 0 -- | -- Core Pool Size: 20 -- | -- Maximum Pool Size: 20 -- | -- Current Pool Size: 0
ThreadID: [148] TenantID: [] [2026-10-03 15:42:50,516]  INFO {APIM_GOV_AUDIT_LOG} - [Delete Processing Requests] :: Deleted 0 long-lasting processing requests with IDs: []
ThreadID: [148] TenantID: [] [2026-10-03 15:42:50,516]  INFO {APIM_GOV_AUDIT_LOG} - [Fetch Requests] :: Scheduler fetched 0 requests with IDs: []
ThreadID: [148] TenantID: [] [2026-10-03 15:44:50,516]  INFO {APIM_GOV_AUDIT_LOG} - [Scheduler Thread Pool Status] :: Active Thread Count: 0 -- | -- Completed Task Count: 0 -- | -- Submitted Task Count: 0 -- | -- Queue Size: 0 -- | -- Core Pool Size: 20 -- | -- Maximum Pool Size: 20 -- | -- Current Pool Size: 0
ThreadID: [148] TenantID: [] [2026-10-03 15:44:50,516]  INFO {APIM_GOV_AUDIT_LOG} - [Delete Processing Requests] :: Deleted 0 long-lasting processing requests with IDs: []
ThreadID: [148] TenantID: [] [2026-10-03 15:44:50,516]  INFO {APIM_GOV_AUDIT_LOG} - [Fetch Requests] :: Scheduler fetched 0 requests with IDs: []
ThreadID: [148] TenantID: [] [2026-10-03 15:46:50,516]  INFO {APIM_GOV_AUDIT_LOG} - [Scheduler Thread Pool Status] :: Active Thread Count: 0 -- | -- Completed Task Count: 0 -- | -- Submitted Task Count: 0 -- | -- Queue Size: 0 -- | -- Core Pool Size: 20 -- | -- Maximum Pool Size: 20 -- | -- Current Pool Size: 0
ThreadID: [148] TenantID: [] [2026-10-03 15:46:50,516]  INFO {APIM_GOV_AUDIT_LOG} - [Delete Processing Requests] :: Deleted 0 long-lasting processing requests with IDs: []
ThreadID: [148] TenantID: [] [2026-10-03 15:46:50,516]  INFO {APIM_GOV_AUDIT_LOG} - [Fetch Requests] :: Scheduler fetched 0 requests with IDs: []
ThreadID: [148] TenantID: [] [2026-10-03 15:48:50,516]  INFO {APIM_GOV_AUDIT_LOG} - [Scheduler Thread Pool Status] :: Active Thread Count: 0 -- | -- Completed Task Count: 0 -- | -- Submitted Task Count: 0 -- | -- Queue Size: 0 -- | -- Core Pool Size: 20 -- | -- Maximum Pool Size: 20 -- | -- Current Pool Size: 0
ThreadID: [148] TenantID: [] [2026-10-03 15:48:50,516]  INFO {APIM_GOV_AUDIT_LOG} - [Delete Processing Requests] :: Deleted 0 long-lasting processing requests with IDs: []
ThreadID: [148] TenantID: [] [2026-10-03 15:48:50,516]  INFO {APIM_GOV_AUDIT_LOG} - [Fetch Requests] :: Scheduler fetched 0 requests with IDs: []
ThreadID: [148] TenantID: [] [2026-10-03 15:50:50,516]  INFO {APIM_GOV_AUDIT_LOG} - [Scheduler Thread Pool Status] :: Active Thread Count: 0 -- | -- Completed Task Count: 0 -- | -- Submitted Task Count: 0 -- | -- Queue Size: 0 -- | -- Core Pool Size: 20 -- | -- Maximum Pool Size: 20 -- | -- Current Pool Size: 0
ThreadID: [148] TenantID: [] [2026-10-03 15:50:50,516]  INFO {APIM_GOV_AUDIT_LOG} - [Delete Processing Requests] :: Deleted 0 long-lasting processing requests with IDs: []
ThreadID: [148] TenantID: [] [2026-10-03 15:50:50,516]  INFO {APIM_GOV_AUDIT_LOG} - [Fetch Requests] :: Scheduler fetched 0 requests with IDs: []
ThreadID: [148] TenantID: [] [2026-10-03 15:52:50,516]  INFO {APIM_GOV_AUDIT_LOG} - [Scheduler Thread Pool Status] :: Active Thread Count: 0 -- | -- Completed Task Count: 0 -- | -- Submitted Task Count: 0 -- | -- Queue Size: 0 -- | -- Core Pool Size: 20 -- | -- Maximum Pool Size: 20 -- | -- Current Pool Size: 0
ThreadID: [148] TenantID: [] [2026-10-03 15:52:50,516]  INFO {APIM_GOV_AUDIT_LOG} - [Delete Processing Requests] :: Deleted 0 long-lasting processing requests with IDs: []
ThreadID: [148] TenantID: [] [2026-10-03 15:52:50,516]  INFO {APIM_GOV_AUDIT_LOG} - [Fetch Requests] :: Scheduler fetched 0 requests with IDs: []
ThreadID: [148] TenantID: [] [2026-10-03 15:54:50,517]  INFO {APIM_GOV_AUDIT_LOG} - [Scheduler Thread Pool Status] :: Active Thread Count: 0 -- | -- Completed Task Count: 0 -- | -- Submitted Task Count: 0 -- | -- Queue Size: 0 -- | -- Core Pool Size: 20 -- | -- Maximum Pool Size: 20 -- | -- Current Pool Size: 0
ThreadID: [148] TenantID: [] [2026-10-03 15:54:50,517]  INFO {APIM_GOV_AUDIT_LOG} - [Delete Processing Requests] :: Deleted 0 long-lasting processing requests with IDs: []
ThreadID: [148] TenantID: [] [2026-10-03 15:54:50,517]  INFO {APIM_GOV_AUDIT_LOG} - [Fetch Requests] :: Scheduler fetched 0 requests with IDs: []
ThreadID: [148] TenantID: [] [2026-10-03 15:56:50,516]  INFO {APIM_GOV_AUDIT_LOG} - [Scheduler Thread Pool Status] :: Active Thread Count: 0 -- | -- Completed Task Count: 0 -- | -- Submitted Task Count: 0 -- | -- Queue Size: 0 -- | -- Core Pool Size: 20 -- | -- Maximum Pool Size: 20 -- | -- Current Pool Size: 0
ThreadID: [148] TenantID: [] [2026-10-03 15:56:50,516]  INFO {APIM_GOV_AUDIT_LOG} - [Delete Processing Requests] :: Deleted 0 long-lasting processing requests with IDs: []
ThreadID: [148] TenantID: [] [2026-10-03 15:56:50,516]  INFO {APIM_GOV_AUDIT_LOG} - [Fetch Requests] :: Scheduler fetched 0 requests with IDs: []
ThreadID: [148] TenantID: [] [2026-10-03 15:58:50,517]  INFO {APIM_GOV_AUDIT_LOG} - [Scheduler Thread Pool Status] :: Active Thread Count: 0 -- | -- Completed Task Count: 0 -- | -- Submitted Task Count: 0 -- | -- Queue Size: 0 -- | -- Core Pool Size: 20 -- | -- Maximum Pool Size: 20 -- | -- Current Pool Size: 0
ThreadID: [148] TenantID: [] [2026-10-03 15:58:50,517]  INFO {APIM_GOV_AUDIT_LOG} - [Delete Processing Requests] :: Deleted 0 long-lasting processing requests with IDs: []
ThreadID: [148] TenantID: [] [2026-10-03 15:58:50,517]  INFO {APIM_GOV_AUDIT_LOG} - [Fetch Requests] :: Scheduler fetched 0 requests with IDs: []
ThreadID: [148] TenantID: [] [2026-10-03 16:00:50,517]  INFO {APIM_GOV_AUDIT_LOG} - [Scheduler Thread Pool Status] :: Active Thread Count: 0 -- | -- Completed Task Count: 0 -- | -- Submitted Task Count: 0 -- | -- Queue Size: 0 -- | -- Core Pool Size: 20 -- | -- Maximum Pool Size: 20 -- | -- Current Pool Size: 0
ThreadID: [148] TenantID: [] [2026-10-03 16:00:50,517]  INFO {APIM_GOV_AUDIT_LOG} - [Delete Processing Requests] :: Deleted 0 long-lasting processing requests with IDs: []
ThreadID: [148] TenantID: [] [2026-10-03 16:00:50,517]  INFO {APIM_GOV_AUDIT_LOG} - [Fetch Requests] :: Scheduler fetched 0 requests with IDs: []
ThreadID: [148] TenantID: [] [2026-10-03 16:02:50,517]  INFO {APIM_GOV_AUDIT_LOG} - [Scheduler Thread Pool Status] :: Active Thread Count: 0 -- | -- Completed Task Count: 0 -- | -- Submitted Task Count: 0 -- | -- Queue Size: 0 -- | -- Core Pool Size: 20 -- | -- Maximum Pool Size: 20 -- | -- Current Pool Size: 0
ThreadID: [148] TenantID: [] [2026-10-03 16:02:50,517]  INFO {APIM_GOV_AUDIT_LOG} - [Delete Processing Requests] :: Deleted 0 long-lasting processing requests with IDs: []
ThreadID: [148] TenantID: [] [2026-10-03 16:02:50,517]  INFO {APIM_GOV_AUDIT_LOG} - [Fetch Requests] :: Scheduler fetched 0 requests with IDs: []
ThreadID: [148] TenantID: [] [2026-10-03 16:04:50,517]  INFO {APIM_GOV_AUDIT_LOG} - [Scheduler Thread Pool Status] :: Active Thread Count: 0 -- | -- Completed Task Count: 0 -- | -- Submitted Task Count: 0 -- | -- Queue Size: 0 -- | -- Core Pool Size: 20 -- | -- Maximum Pool Size: 20 -- | -- Current Pool Size: 0
ThreadID: [148] TenantID: [] [2026-10-03 16:04:50,517]  INFO {APIM_GOV_AUDIT_LOG} - [Delete Processing Requests] :: Deleted 0 long-lasting processing requests with IDs: []
ThreadID: [148] TenantID: [] [2026-10-03 16:04:50,517]  INFO {APIM_GOV_AUDIT_LOG} - [Fetch Requests] :: Scheduler fetched 0 requests with IDs: []
ThreadID: [148] TenantID: [] [2026-10-03 16:06:50,516]  INFO {APIM_GOV_AUDIT_LOG} - [Scheduler Thread Pool Status] :: Active Thread Count: 0 -- | -- Completed Task Count: 0 -- | -- Submitted Task Count: 0 -- | -- Queue Size: 0 -- | -- Core Pool Size: 20 -- | -- Maximum Pool Size: 20 -- | -- Current Pool Size: 0
ThreadID: [148] TenantID: [] [2026-10-03 16:06:50,516]  INFO {APIM_GOV_AUDIT_LOG} - [Delete Processing Requests] :: Deleted 0 long-lasting processing requests with IDs: []
ThreadID: [148] TenantID: [] [2026-10-03 16:06:50,516]  INFO {APIM_GOV_AUDIT_LOG} - [Fetch Requests] :: Scheduler fetched 0 requests with IDs: []
ThreadID: [148] TenantID: [] [2026-10-03 16:08:50,517]  INFO {APIM_GOV_AUDIT_LOG} - [Scheduler Thread Pool Status] :: Active Thread Count: 0 -- | -- Completed Task Count: 0 -- | -- Submitted Task Count: 0 -- | -- Queue Size: 0 -- | -- Core Pool Size: 20 -- | -- Maximum Pool Size: 20 -- | -- Current Pool Size: 0
ThreadID: [148] TenantID: [] [2026-10-03 16:08:50,517]  INFO {APIM_GOV_AUDIT_LOG} - [Delete Processing Requests] :: Deleted 0 long-lasting processing requests with IDs: []
ThreadID: [148] TenantID: [] [2026-10-03 16:08:50,517]  INFO {APIM_GOV_AUDIT_LOG} - [Fetch Requests] :: Scheduler fetched 0 requests with IDs: []
ThreadID: [148] TenantID: [] [2026-10-03 16:10:50,517]  INFO {APIM_GOV_AUDIT_LOG} - [Scheduler Thread Pool Status] :: Active Thread Count: 0 -- | -- Completed Task Count: 0 -- | -- Submitted Task Count: 0 -- | -- Queue Size: 0 -- | -- Core Pool Size: 20 -- | -- Maximum Pool Size: 20 -- | -- Current Pool Size: 0
ThreadID: [148] TenantID: [] [2026-10-03 16:10:50,517]  INFO {APIM_GOV_AUDIT_LOG} - [Delete Processing Requests] :: Deleted 0 long-lasting processing requests with IDs: []
ThreadID: [148] TenantID: [] [2026-10-03 16:10:50,517]  INFO {APIM_GOV_AUDIT_LOG} - [Fetch Requests] :: Scheduler fetched 0 requests with IDs: []
ThreadID: [148] TenantID: [] [2026-10-03 16:12:50,517]  INFO {APIM_GOV_AUDIT_LOG} - [Scheduler Thread Pool Status] :: Active Thread Count: 0 -- | -- Completed Task Count: 0 -- | -- Submitted Task Count: 0 -- | -- Queue Size: 0 -- | -- Core Pool Size: 20 -- | -- Maximum Pool Size: 20 -- | -- Current Pool Size: 0
ThreadID: [148] TenantID: [] [2026-10-03 16:12:50,517]  INFO {APIM_GOV_AUDIT_LOG} - [Delete Processing Requests] :: Deleted 0 long-lasting processing requests with IDs: []
ThreadID: [148] TenantID: [] [2026-10-03 16:12:50,517]  INFO {APIM_GOV_AUDIT_LOG} - [Fetch Requests] :: Scheduler fetched 0 requests with IDs: []
ThreadID: [148] TenantID: [] [2026-10-03 16:14:50,516]  INFO {APIM_GOV_AUDIT_LOG} - [Scheduler Thread Pool Status] :: Active Thread Count: 0 -- | -- Completed Task Count: 0 -- | -- Submitted Task Count: 0 -- | -- Queue Size: 0 -- | -- Core Pool Size: 20 -- | -- Maximum Pool Size: 20 -- | -- Current Pool Size: 0
ThreadID: [148] TenantID: [] [2026-10-03 16:14:50,516]  INFO {APIM_GOV_AUDIT_LOG} - [Delete Processing Requests] :: Deleted 0 long-lasting processing requests with IDs: []
ThreadID: [148] TenantID: [] [2026-10-03 16:14:50,516]  INFO {APIM_GOV_AUDIT_LOG} - [Fetch Requests] :: Scheduler fetched 0 requests with IDs: []
ThreadID: [148] TenantID: [] [2026-10-03 16:16:50,517]  INFO {APIM_GOV_AUDIT_LOG} - [Scheduler Thread Pool Status] :: Active Thread Count: 0 -- | -- Completed Task Count: 0 -- | -- Submitted Task Count: 0 -- | -- Queue Size: 0 -- | -- Core Pool Size: 20 -- | -- Maximum Pool Size: 20 -- | -- Current Pool Size: 0
ThreadID: [148] TenantID: [] [2026-10-03 16:16:50,517]  INFO {APIM_GOV_AUDIT_LOG} - [Delete Processing Requests] :: Deleted 0 long-lasting processing requests with IDs: []
ThreadID: [148] TenantID: [] [2026-10-03 16:16:50,517]  INFO {APIM_GOV_AUDIT_LOG} - [Fetch Requests] :: Scheduler fetched 0 requests with IDs: []
ThreadID: [148] TenantID: [] [2026-10-03 16:18:50,516]  INFO {APIM_GOV_AUDIT_LOG} - [Scheduler Thread Pool Status] :: Active Thread Count: 0 -- | -- Completed Task Count: 0 -- | -- Submitted Task Count: 0 -- | -- Queue Size: 0 -- | -- Core Pool Size: 20 -- | -- Maximum Pool Size: 20 -- | -- Current Pool Size: 0
ThreadID: [148] TenantID: [] [2026-10-03 16:18:50,516]  INFO {APIM_GOV_AUDIT_LOG} - [Delete Processing Requests] :: Deleted 0 long-lasting processing requests with IDs: []
ThreadID: [148] TenantID: [] [2026-10-03 16:18:50,516]  INFO {APIM_GOV_AUDIT_LOG} - [Fetch Requests] :: Scheduler fetched 0 requests with IDs: []
ThreadID: [148] TenantID: [] [2026-10-03 16:20:50,516]  INFO {APIM_GOV_AUDIT_LOG} - [Scheduler Thread Pool Status] :: Active Thread Count: 0 -- | -- Completed Task Count: 0 -- | -- Submitted Task Count: 0 -- | -- Queue Size: 0 -- | -- Core Pool Size: 20 -- | -- Maximum Pool Size: 20 -- | -- Current Pool Size: 0
ThreadID: [148] TenantID: [] [2026-10-03 16:20:50,516]  INFO {APIM_GOV_AUDIT_LOG} - [Delete Processing Requests] :: Deleted 0 long-lasting processing requests with IDs: []
ThreadID: [148] TenantID: [] [2026-10-03 16:20:50,516]  INFO {APIM_GOV_AUDIT_LOG} - [Fetch Requests] :: Scheduler fetched 0 requests with IDs: []
ThreadID: [148] TenantID: [] [2026-10-03 16:22:50,517]  INFO {APIM_GOV_AUDIT_LOG} - [Scheduler Thread Pool Status] :: Active Thread Count: 0 -- | -- Completed Task Count: 0 -- | -- Submitted Task Count: 0 -- | -- Queue Size: 0 -- | -- Core Pool Size: 20 -- | -- Maximum Pool Size: 20 -- | -- Current Pool Size: 0
ThreadID: [148] TenantID: [] [2026-10-03 16:22:50,517]  INFO {APIM_GOV_AUDIT_LOG} - [Delete Processing Requests] :: Deleted 0 long-lasting processing requests with IDs: []
ThreadID: [148] TenantID: [] [2026-10-03 16:22:50,517]  INFO {APIM_GOV_AUDIT_LOG} - [Fetch Requests] :: Scheduler fetched 0 requests with IDs: []
ThreadID: [148] TenantID: [] [2026-10-03 16:24:50,517]  INFO {APIM_GOV_AUDIT_LOG} - [Scheduler Thread Pool Status] :: Active Thread Count: 0 -- | -- Completed Task Count: 0 -- | -- Submitted Task Count: 0 -- | -- Queue Size: 0 -- | -- Core Pool Size: 20 -- | -- Maximum Pool Size: 20 -- | -- Current Pool Size: 0
ThreadID: [148] TenantID: [] [2026-10-03 16:24:50,517]  INFO {APIM_GOV_AUDIT_LOG} - [Delete Processing Requests] :: Deleted 0 long-lasting processing requests with IDs: []
ThreadID: [148] TenantID: [] [2026-10-03 16:24:50,517]  INFO {APIM_GOV_AUDIT_LOG} - [Fetch Requests] :: Scheduler fetched 0 requests with IDs: []
ThreadID: [148] TenantID: [] [2026-10-03 16:26:50,517]  INFO {APIM_GOV_AUDIT_LOG} - [Scheduler Thread Pool Status] :: Active Thread Count: 0 -- | -- Completed Task Count: 0 -- | -- Submitted Task Count: 0 -- | -- Queue Size: 0 -- | -- Core Pool Size: 20 -- | -- Maximum Pool Size: 20 -- | -- Current Pool Size: 0
ThreadID: [148] TenantID: [] [2026-10-03 16:26:50,517]  INFO {APIM_GOV_AUDIT_LOG} - [Delete Processing Requests] :: Deleted 0 long-lasting processing requests with IDs: []
ThreadID: [148] TenantID: [] [2026-10-03 16:26:50,517]  INFO {APIM_GOV_AUDIT_LOG} - [Fetch Requests] :: Scheduler fetched 0 requests with IDs: []
ThreadID: [148] TenantID: [] [2026-10-03 16:28:50,516]  INFO {APIM_GOV_AUDIT_LOG} - [Scheduler Thread Pool Status] :: Active Thread Count: 0 -- | -- Completed Task Count: 0 -- | -- Submitted Task Count: 0 -- | -- Queue Size: 0 -- | -- Core Pool Size: 20 -- | -- Maximum Pool Size: 20 -- | -- Current Pool Size: 0
ThreadID: [148] TenantID: [] [2026-10-03 16:28:50,516]  INFO {APIM_GOV_AUDIT_LOG} - [Delete Processing Requests] :: Deleted 0 long-lasting processing requests with IDs: []
ThreadID: [148] TenantID: [] [2026-10-03 16:28:50,516]  INFO {APIM_GOV_AUDIT_LOG} - [Fetch Requests] :: Scheduler fetched 0 requests with IDs: []
ThreadID: [148] TenantID: [] [2026-10-03 16:30:50,516]  INFO {APIM_GOV_AUDIT_LOG} - [Scheduler Thread Pool Status] :: Active Thread Count: 0 -- | -- Completed Task Count: 0 -- | -- Submitted Task Count: 0 -- | -- Queue Size: 0 -- | -- Core Pool Size: 20 -- | -- Maximum Pool Size: 20 -- | -- Current Pool Size: 0
ThreadID: [148] TenantID: [] [2026-10-03 16:30:50,516]  INFO {APIM_GOV_AUDIT_LOG} - [Delete Processing Requests] :: Deleted 0 long-lasting processing requests with IDs: []
ThreadID: [148] TenantID: [] [2026-10-03 16:30:50,518]  INFO {APIM_GOV_AUDIT_LOG} - [Fetch Requests] :: Scheduler fetched 0 requests with IDs: []
ThreadID: [148] TenantID: [] [2026-10-03 16:32:50,516]  INFO {APIM_GOV_AUDIT_LOG} - [Scheduler Thread Pool Status] :: Active Thread Count: 0 -- | -- Completed Task Count: 0 -- | -- Submitted Task Count: 0 -- | -- Queue Size: 0 -- | -- Core Pool Size: 20 -- | -- Maximum Pool Size: 20 -- | -- Current Pool Size: 0
ThreadID: [148] TenantID: [] [2026-10-03 16:32:50,516]  INFO {APIM_GOV_AUDIT_LOG} - [Delete Processing Requests] :: Deleted 0 long-lasting processing requests with IDs: []
ThreadID: [148] TenantID: [] [2026-10-03 16:32:50,516]  INFO {APIM_GOV_AUDIT_LOG} - [Fetch Requests] :: Scheduler fetched 0 requests with IDs: []
ThreadID: [148] TenantID: [] [2026-10-03 16:34:50,518]  INFO {APIM_GOV_AUDIT_LOG} - [Scheduler Thread Pool Status] :: Active Thread Count: 0 -- | -- Completed Task Count: 0 -- | -- Submitted Task Count: 0 -- | -- Queue Size: 0 -- | -- Core Pool Size: 20 -- | -- Maximum Pool Size: 20 -- | -- Current Pool Size: 0
ThreadID: [148] TenantID: [] [2026-10-03 16:34:50,518]  INFO {APIM_GOV_AUDIT_LOG} - [Delete Processing Requests] :: Deleted 0 long-lasting processing requests with IDs: []
ThreadID: [148] TenantID: [] [2026-10-03 16:34:50,518]  INFO {APIM_GOV_AUDIT_LOG} - [Fetch Requests] :: Scheduler fetched 0 requests with IDs: []
ThreadID: [148] TenantID: [] [2026-10-03 16:36:50,517]  INFO {APIM_GOV_AUDIT_LOG} - [Scheduler Thread Pool Status] :: Active Thread Count: 0 -- | -- Completed Task Count: 0 -- | -- Submitted Task Count: 0 -- | -- Queue Size: 0 -- | -- Core Pool Size: 20 -- | -- Maximum Pool Size: 20 -- | -- Current Pool Size: 0
ThreadID: [148] TenantID: [] [2026-10-03 16:36:50,517]  INFO {APIM_GOV_AUDIT_LOG} - [Delete Processing Requests] :: Deleted 0 long-lasting processing requests with IDs: []
ThreadID: [148] TenantID: [] [2026-10-03 16:36:50,517]  INFO {APIM_GOV_AUDIT_LOG} - [Fetch Requests] :: Scheduler fetched 0 requests with IDs: []
ThreadID: [148] TenantID: [] [2026-10-03 16:38:50,516]  INFO {APIM_GOV_AUDIT_LOG} - [Scheduler Thread Pool Status] :: Active Thread Count: 0 -- | -- Completed Task Count: 0 -- | -- Submitted Task Count: 0 -- | -- Queue Size: 0 -- | -- Core Pool Size: 20 -- | -- Maximum Pool Size: 20 -- | -- Current Pool Size: 0
ThreadID: [148] TenantID: [] [2026-10-03 16:38:50,516]  INFO {APIM_GOV_AUDIT_LOG} - [Delete Processing Requests] :: Deleted 0 long-lasting processing requests with IDs: []
ThreadID: [148] TenantID: [] [2026-10-03 16:38:50,516]  INFO {APIM_GOV_AUDIT_LOG} - [Fetch Requests] :: Scheduler fetched 0 requests with IDs: []
ThreadID: [148] TenantID: [] [2026-10-03 16:40:50,517]  INFO {APIM_GOV_AUDIT_LOG} - [Scheduler Thread Pool Status] :: Active Thread Count: 0 -- | -- Completed Task Count: 0 -- | -- Submitted Task Count: 0 -- | -- Queue Size: 0 -- | -- Core Pool Size: 20 -- | -- Maximum Pool Size: 20 -- | -- Current Pool Size: 0
ThreadID: [148] TenantID: [] [2026-10-03 16:40:50,517]  INFO {APIM_GOV_AUDIT_LOG} - [Delete Processing Requests] :: Deleted 0 long-lasting processing requests with IDs: []
ThreadID: [148] TenantID: [] [2026-10-03 16:40:50,517]  INFO {APIM_GOV_AUDIT_LOG} - [Fetch Requests] :: Scheduler fetched 0 requests with IDs: []
ThreadID: [148] TenantID: [] [2026-10-03 16:42:50,517]  INFO {APIM_GOV_AUDIT_LOG} - [Scheduler Thread Pool Status] :: Active Thread Count: 0 -- | -- Completed Task Count: 0 -- | -- Submitted Task Count: 0 -- | -- Queue Size: 0 -- | -- Core Pool Size: 20 -- | -- Maximum Pool Size: 20 -- | -- Current Pool Size: 0
ThreadID: [148] TenantID: [] [2026-10-03 16:42:50,517]  INFO {APIM_GOV_AUDIT_LOG} - [Delete Processing Requests] :: Deleted 0 long-lasting processing requests with IDs: []
ThreadID: [148] TenantID: [] [2026-10-03 16:42:50,517]  INFO {APIM_GOV_AUDIT_LOG} - [Fetch Requests] :: Scheduler fetched 0 requests with IDs: []
ThreadID: [148] TenantID: [] [2026-10-03 16:44:50,516]  INFO {APIM_GOV_AUDIT_LOG} - [Scheduler Thread Pool Status] :: Active Thread Count: 0 -- | -- Completed Task Count: 0 -- | -- Submitted Task Count: 0 -- | -- Queue Size: 0 -- | -- Core Pool Size: 20 -- | -- Maximum Pool Size: 20 -- | -- Current Pool Size: 0
ThreadID: [148] TenantID: [] [2026-10-03 16:44:50,516]  INFO {APIM_GOV_AUDIT_LOG} - [Delete Processing Requests] :: Deleted 0 long-lasting processing requests with IDs: []
ThreadID: [148] TenantID: [] [2026-10-03 16:44:50,516]  INFO {APIM_GOV_AUDIT_LOG} - [Fetch Requests] :: Scheduler fetched 0 requests with IDs: []
ThreadID: [148] TenantID: [] [2026-10-03 16:46:50,516]  INFO {APIM_GOV_AUDIT_LOG} - [Scheduler Thread Pool Status] :: Active Thread Count: 0 -- | -- Completed Task Count: 0 -- | -- Submitted Task Count: 0 -- | -- Queue Size: 0 -- | -- Core Pool Size: 20 -- | -- Maximum Pool Size: 20 -- | -- Current Pool Size: 0
ThreadID: [148] TenantID: [] [2026-10-03 16:46:50,516]  INFO {APIM_GOV_AUDIT_LOG} - [Delete Processing Requests] :: Deleted 0 long-lasting processing requests with IDs: []
ThreadID: [148] TenantID: [] [2026-10-03 16:46:50,516]  INFO {APIM_GOV_AUDIT_LOG} - [Fetch Requests] :: Scheduler fetched 0 requests with IDs: []
ThreadID: [148] TenantID: [] [2026-10-03 16:48:50,516]  INFO {APIM_GOV_AUDIT_LOG} - [Scheduler Thread Pool Status] :: Active Thread Count: 0 -- | -- Completed Task Count: 0 -- | -- Submitted Task Count: 0 -- | -- Queue Size: 0 -- | -- Core Pool Size: 20 -- | -- Maximum Pool Size: 20 -- | -- Current Pool Size: 0
ThreadID: [148] TenantID: [] [2026-10-03 16:48:50,516]  INFO {APIM_GOV_AUDIT_LOG} - [Delete Processing Requests] :: Deleted 0 long-lasting processing requests with IDs: []
ThreadID: [148] TenantID: [] [2026-10-03 16:48:50,516]  INFO {APIM_GOV_AUDIT_LOG} - [Fetch Requests] :: Scheduler fetched 0 requests with IDs: []
ThreadID: [148] TenantID: [] [2026-10-03 16:50:50,516]  INFO {APIM_GOV_AUDIT_LOG} - [Scheduler Thread Pool Status] :: Active Thread Count: 0 -- | -- Completed Task Count: 0 -- | -- Submitted Task Count: 0 -- | -- Queue Size: 0 -- | -- Core Pool Size: 20 -- | -- Maximum Pool Size: 20 -- | -- Current Pool Size: 0
ThreadID: [148] TenantID: [] [2026-10-03 16:50:50,516]  INFO {APIM_GOV_AUDIT_LOG} - [Delete Processing Requests] :: Deleted 0 long-lasting processing requests with IDs: []
ThreadID: [148] TenantID: [] [2026-10-03 16:50:50,516]  INFO {APIM_GOV_AUDIT_LOG} - [Fetch Requests] :: Scheduler fetched 0 requests with IDs: []
ThreadID: [146] TenantID: [] [2026-10-03 20:32:06,005]  INFO {APIM_GOV_AUDIT_LOG} - [Scheduler Thread Pool Status] :: Active Thread Count: 0 -- | -- Completed Task Count: 0 -- | -- Submitted Task Count: 0 -- | -- Queue Size: 0 -- | -- Core Pool Size: 20 -- | -- Maximum Pool Size: 20 -- | -- Current Pool Size: 0
ThreadID: [146] TenantID: [] [2026-10-03 20:32:06,006]  INFO {APIM_GOV_AUDIT_LOG} - [Delete Processing Requests] :: Deleted 0 long-lasting processing requests with IDs: []
ThreadID: [146] TenantID: [] [2026-10-03 20:32:06,007]  INFO {APIM_GOV_AUDIT_LOG} - [Fetch Requests] :: Scheduler fetched 0 requests with IDs: []
ThreadID: [146] TenantID: [] [2026-10-03 20:34:06,006]  INFO {APIM_GOV_AUDIT_LOG} - [Scheduler Thread Pool Status] :: Active Thread Count: 0 -- | -- Completed Task Count: 0 -- | -- Submitted Task Count: 0 -- | -- Queue Size: 0 -- | -- Core Pool Size: 20 -- | -- Maximum Pool Size: 20 -- | -- Current Pool Size: 0
ThreadID: [146] TenantID: [] [2026-10-03 20:34:06,006]  INFO {APIM_GOV_AUDIT_LOG} - [Delete Processing Requests] :: Deleted 0 long-lasting processing requests with IDs: []
ThreadID: [146] TenantID: [] [2026-10-03 20:34:06,006]  INFO {APIM_GOV_AUDIT_LOG} - [Fetch Requests] :: Scheduler fetched 0 requests with IDs: []
ThreadID: [146] TenantID: [] [2026-10-03 20:36:06,007]  INFO {APIM_GOV_AUDIT_LOG} - [Scheduler Thread Pool Status] :: Active Thread Count: 0 -- | -- Completed Task Count: 0 -- | -- Submitted Task Count: 0 -- | -- Queue Size: 0 -- | -- Core Pool Size: 20 -- | -- Maximum Pool Size: 20 -- | -- Current Pool Size: 0
ThreadID: [146] TenantID: [] [2026-10-03 20:36:06,007]  INFO {APIM_GOV_AUDIT_LOG} - [Delete Processing Requests] :: Deleted 0 long-lasting processing requests with IDs: []
ThreadID: [146] TenantID: [] [2026-10-03 20:36:06,008]  INFO {APIM_GOV_AUDIT_LOG} - [Fetch Requests] :: Scheduler fetched 0 requests with IDs: []
ThreadID: [146] TenantID: [] [2026-10-03 20:38:06,005]  INFO {APIM_GOV_AUDIT_LOG} - [Scheduler Thread Pool Status] :: Active Thread Count: 0 -- | -- Completed Task Count: 0 -- | -- Submitted Task Count: 0 -- | -- Queue Size: 0 -- | -- Core Pool Size: 20 -- | -- Maximum Pool Size: 20 -- | -- Current Pool Size: 0
ThreadID: [146] TenantID: [] [2026-10-03 20:38:06,005]  INFO {APIM_GOV_AUDIT_LOG} - [Delete Processing Requests] :: Deleted 0 long-lasting processing requests with IDs: []
ThreadID: [146] TenantID: [] [2026-10-03 20:38:06,005]  INFO {APIM_GOV_AUDIT_LOG} - [Fetch Requests] :: Scheduler fetched 0 requests with IDs: []
ThreadID: [146] TenantID: [] [2026-10-03 20:40:06,007]  INFO {APIM_GOV_AUDIT_LOG} - [Scheduler Thread Pool Status] :: Active Thread Count: 0 -- | -- Completed Task Count: 0 -- | -- Submitted Task Count: 0 -- | -- Queue Size: 0 -- | -- Core Pool Size: 20 -- | -- Maximum Pool Size: 20 -- | -- Current Pool Size: 0
ThreadID: [146] TenantID: [] [2026-10-03 20:40:06,007]  INFO {APIM_GOV_AUDIT_LOG} - [Delete Processing Requests] :: Deleted 0 long-lasting processing requests with IDs: []
ThreadID: [146] TenantID: [] [2026-10-03 20:40:06,007]  INFO {APIM_GOV_AUDIT_LOG} - [Fetch Requests] :: Scheduler fetched 0 requests with IDs: []
ThreadID: [146] TenantID: [] [2026-10-03 20:42:06,005]  INFO {APIM_GOV_AUDIT_LOG} - [Scheduler Thread Pool Status] :: Active Thread Count: 0 -- | -- Completed Task Count: 0 -- | -- Submitted Task Count: 0 -- | -- Queue Size: 0 -- | -- Core Pool Size: 20 -- | -- Maximum Pool Size: 20 -- | -- Current Pool Size: 0
ThreadID: [146] TenantID: [] [2026-10-03 20:42:06,005]  INFO {APIM_GOV_AUDIT_LOG} - [Delete Processing Requests] :: Deleted 0 long-lasting processing requests with IDs: []
ThreadID: [146] TenantID: [] [2026-10-03 20:42:06,005]  INFO {APIM_GOV_AUDIT_LOG} - [Fetch Requests] :: Scheduler fetched 0 requests with IDs: []
ThreadID: [146] TenantID: [] [2026-10-03 20:44:06,006]  INFO {APIM_GOV_AUDIT_LOG} - [Scheduler Thread Pool Status] :: Active Thread Count: 0 -- | -- Completed Task Count: 0 -- | -- Submitted Task Count: 0 -- | -- Queue Size: 0 -- | -- Core Pool Size: 20 -- | -- Maximum Pool Size: 20 -- | -- Current Pool Size: 0
ThreadID: [146] TenantID: [] [2026-10-03 20:44:06,006]  INFO {APIM_GOV_AUDIT_LOG} - [Delete Processing Requests] :: Deleted 0 long-lasting processing requests with IDs: []
ThreadID: [146] TenantID: [] [2026-10-03 20:44:06,007]  INFO {APIM_GOV_AUDIT_LOG} - [Fetch Requests] :: Scheduler fetched 0 requests with IDs: []
ThreadID: [146] TenantID: [] [2026-10-03 20:46:06,005]  INFO {APIM_GOV_AUDIT_LOG} - [Scheduler Thread Pool Status] :: Active Thread Count: 0 -- | -- Completed Task Count: 0 -- | -- Submitted Task Count: 0 -- | -- Queue Size: 0 -- | -- Core Pool Size: 20 -- | -- Maximum Pool Size: 20 -- | -- Current Pool Size: 0
ThreadID: [146] TenantID: [] [2026-10-03 20:46:06,005]  INFO {APIM_GOV_AUDIT_LOG} - [Delete Processing Requests] :: Deleted 0 long-lasting processing requests with IDs: []
ThreadID: [146] TenantID: [] [2026-10-03 20:46:06,005]  INFO {APIM_GOV_AUDIT_LOG} - [Fetch Requests] :: Scheduler fetched 0 requests with IDs: []
ThreadID: [146] TenantID: [] [2026-10-03 20:48:06,006]  INFO {APIM_GOV_AUDIT_LOG} - [Scheduler Thread Pool Status] :: Active Thread Count: 0 -- | -- Completed Task Count: 0 -- | -- Submitted Task Count: 0 -- | -- Queue Size: 0 -- | -- Core Pool Size: 20 -- | -- Maximum Pool Size: 20 -- | -- Current Pool Size: 0
ThreadID: [146] TenantID: [] [2026-10-03 20:48:06,008]  INFO {APIM_GOV_AUDIT_LOG} - [Delete Processing Requests] :: Deleted 0 long-lasting processing requests with IDs: []
ThreadID: [146] TenantID: [] [2026-10-03 20:48:06,008]  INFO {APIM_GOV_AUDIT_LOG} - [Fetch Requests] :: Scheduler fetched 0 requests with IDs: []
ThreadID: [146] TenantID: [] [2026-10-03 20:50:06,006]  INFO {APIM_GOV_AUDIT_LOG} - [Scheduler Thread Pool Status] :: Active Thread Count: 0 -- | -- Completed Task Count: 0 -- | -- Submitted Task Count: 0 -- | -- Queue Size: 0 -- | -- Core Pool Size: 20 -- | -- Maximum Pool Size: 20 -- | -- Current Pool Size: 0
ThreadID: [146] TenantID: [] [2026-10-03 20:50:06,007]  INFO {APIM_GOV_AUDIT_LOG} - [Delete Processing Requests] :: Deleted 0 long-lasting processing requests with IDs: []
ThreadID: [146] TenantID: [] [2026-10-03 20:50:06,007]  INFO {APIM_GOV_AUDIT_LOG} - [Fetch Requests] :: Scheduler fetched 0 requests with IDs: []
ThreadID: [146] TenantID: [] [2026-10-03 20:52:06,006]  INFO {APIM_GOV_AUDIT_LOG} - [Scheduler Thread Pool Status] :: Active Thread Count: 0 -- | -- Completed Task Count: 0 -- | -- Submitted Task Count: 0 -- | -- Queue Size: 0 -- | -- Core Pool Size: 20 -- | -- Maximum Pool Size: 20 -- | -- Current Pool Size: 0
ThreadID: [146] TenantID: [] [2026-10-03 20:52:06,007]  INFO {APIM_GOV_AUDIT_LOG} - [Delete Processing Requests] :: Deleted 0 long-lasting processing requests with IDs: []
ThreadID: [146] TenantID: [] [2026-10-03 20:52:06,007]  INFO {APIM_GOV_AUDIT_LOG} - [Fetch Requests] :: Scheduler fetched 0 requests with IDs: []
ThreadID: [146] TenantID: [] [2026-10-03 20:54:06,005]  INFO {APIM_GOV_AUDIT_LOG} - [Scheduler Thread Pool Status] :: Active Thread Count: 0 -- | -- Completed Task Count: 0 -- | -- Submitted Task Count: 0 -- | -- Queue Size: 0 -- | -- Core Pool Size: 20 -- | -- Maximum Pool Size: 20 -- | -- Current Pool Size: 0
ThreadID: [146] TenantID: [] [2026-10-03 20:54:06,005]  INFO {APIM_GOV_AUDIT_LOG} - [Delete Processing Requests] :: Deleted 0 long-lasting processing requests with IDs: []
ThreadID: [146] TenantID: [] [2026-10-03 20:54:06,005]  INFO {APIM_GOV_AUDIT_LOG} - [Fetch Requests] :: Scheduler fetched 0 requests with IDs: []
ThreadID: [146] TenantID: [] [2026-10-03 20:56:06,005]  INFO {APIM_GOV_AUDIT_LOG} - [Scheduler Thread Pool Status] :: Active Thread Count: 0 -- | -- Completed Task Count: 0 -- | -- Submitted Task Count: 0 -- | -- Queue Size: 0 -- | -- Core Pool Size: 20 -- | -- Maximum Pool Size: 20 -- | -- Current Pool Size: 0
ThreadID: [146] TenantID: [] [2026-10-03 20:56:06,005]  INFO {APIM_GOV_AUDIT_LOG} - [Delete Processing Requests] :: Deleted 0 long-lasting processing requests with IDs: []
ThreadID: [146] TenantID: [] [2026-10-03 20:56:06,005]  INFO {APIM_GOV_AUDIT_LOG} - [Fetch Requests] :: Scheduler fetched 0 requests with IDs: []
ThreadID: [995] TenantID: [] [2026-10-03 20:57:54,116]  INFO {APIM_GOV_AUDIT_LOG} - [Skip Async Eval] :: Skipping async compliance evaluation for artifact 20ae477b-8c4b-440e-901d-e6dfe8b2cd22 in organization carbon.super due to incompatible artifact type
ThreadID: [146] TenantID: [] [2026-10-03 20:58:06,006]  INFO {APIM_GOV_AUDIT_LOG} - [Scheduler Thread Pool Status] :: Active Thread Count: 0 -- | -- Completed Task Count: 0 -- | -- Submitted Task Count: 0 -- | -- Queue Size: 0 -- | -- Core Pool Size: 20 -- | -- Maximum Pool Size: 20 -- | -- Current Pool Size: 0
ThreadID: [146] TenantID: [] [2026-10-03 20:58:06,006]  INFO {APIM_GOV_AUDIT_LOG} - [Delete Processing Requests] :: Deleted 0 long-lasting processing requests with IDs: []
ThreadID: [146] TenantID: [] [2026-10-03 20:58:06,006]  INFO {APIM_GOV_AUDIT_LOG} - [Fetch Requests] :: Scheduler fetched 0 requests with IDs: []
ThreadID: [1033] TenantID: [] [2026-10-03 20:59:18,272]  INFO {APIM_GOV_AUDIT_LOG} - [New Async Eval Request] :: New compliance evaluation request for artifact 271c48aa-f58d-43a2-876e-5bd4e9e58af7 with policy IDs [e404809e-e6ad-46f4-95a1-e1a8e1034d8e]
ThreadID: [146] TenantID: [] [2026-10-03 21:00:06,005]  INFO {APIM_GOV_AUDIT_LOG} - [Scheduler Thread Pool Status] :: Active Thread Count: 0 -- | -- Completed Task Count: 0 -- | -- Submitted Task Count: 0 -- | -- Queue Size: 0 -- | -- Core Pool Size: 20 -- | -- Maximum Pool Size: 20 -- | -- Current Pool Size: 0
ThreadID: [146] TenantID: [] [2026-10-03 21:00:06,005]  INFO {APIM_GOV_AUDIT_LOG} - [Delete Processing Requests] :: Deleted 0 long-lasting processing requests with IDs: []
ThreadID: [146] TenantID: [] [2026-10-03 21:00:06,005]  INFO {APIM_GOV_AUDIT_LOG} - [Fetch Requests] :: Scheduler fetched 1 requests with IDs: [6ce705b2-38b6-49ed-8ac3-1c3300359d80]
ThreadID: [1041] TenantID: [] [2026-10-03 21:00:06,005]  INFO {APIM_GOV_AUDIT_LOG} - [Async Eval Request] :: Processing request 6ce705b2-38b6-49ed-8ac3-1c3300359d80 for artifact 271c48aa-f58d-43a2-876e-5bd4e9e58af7 in carbon.super organization
ThreadID: [1041] TenantID: [] [2026-10-03 21:00:06,285]  INFO {APIM_GOV_AUDIT_LOG} - [Async Eval Request] :: Validated artifact 271c48aa-f58d-43a2-876e-5bd4e9e58af7 in organization carbon.super against ruleset 3ae5cc93-a81d-44a9-a14d-8d7b7c6984b7
ThreadID: [1041] TenantID: [] [2026-10-03 21:00:06,299]  INFO {APIM_GOV_AUDIT_LOG} - [Async Eval Request] :: Validated artifact 271c48aa-f58d-43a2-876e-5bd4e9e58af7 in organization carbon.super against ruleset f6c41731-0796-4761-85f7-96b6d807aa43
ThreadID: [1041] TenantID: [] [2026-10-03 21:00:06,300]  INFO {APIM_GOV_AUDIT_LOG} - [Async Eval Request] :: Artifact 271c48aa-f58d-43a2-876e-5bd4e9e58af7 evaluated against policy e404809e-e6ad-46f4-95a1-e1a8e1034d8e in organization carbon.super
ThreadID: [1041] TenantID: [] [2026-10-03 21:00:06,300]  INFO {APIM_GOV_AUDIT_LOG} - [Async Eval Request] :: Request 6ce705b2-38b6-49ed-8ac3-1c3300359d80 processed successfully for artifact 271c48aa-f58d-43a2-876e-5bd4e9e58af7 in organization carbon.super
ThreadID: [146] TenantID: [] [2026-10-03 21:02:06,006]  INFO {APIM_GOV_AUDIT_LOG} - [Scheduler Thread Pool Status] :: Active Thread Count: 0 -- | -- Completed Task Count: 1 -- | -- Submitted Task Count: 1 -- | -- Queue Size: 0 -- | -- Core Pool Size: 20 -- | -- Maximum Pool Size: 20 -- | -- Current Pool Size: 1
ThreadID: [146] TenantID: [] [2026-10-03 21:02:06,007]  INFO {APIM_GOV_AUDIT_LOG} - [Delete Processing Requests] :: Deleted 0 long-lasting processing requests with IDs: []
ThreadID: [146] TenantID: [] [2026-10-03 21:02:06,007]  INFO {APIM_GOV_AUDIT_LOG} - [Fetch Requests] :: Scheduler fetched 0 requests with IDs: []
ThreadID: [146] TenantID: [] [2026-10-03 21:04:06,006]  INFO {APIM_GOV_AUDIT_LOG} - [Scheduler Thread Pool Status] :: Active Thread Count: 0 -- | -- Completed Task Count: 1 -- | -- Submitted Task Count: 1 -- | -- Queue Size: 0 -- | -- Core Pool Size: 20 -- | -- Maximum Pool Size: 20 -- | -- Current Pool Size: 1
ThreadID: [146] TenantID: [] [2026-10-03 21:04:06,007]  INFO {APIM_GOV_AUDIT_LOG} - [Delete Processing Requests] :: Deleted 0 long-lasting processing requests with IDs: []
ThreadID: [146] TenantID: [] [2026-10-03 21:04:06,007]  INFO {APIM_GOV_AUDIT_LOG} - [Fetch Requests] :: Scheduler fetched 0 requests with IDs: []
ThreadID: [146] TenantID: [] [2026-10-03 21:06:06,006]  INFO {APIM_GOV_AUDIT_LOG} - [Scheduler Thread Pool Status] :: Active Thread Count: 0 -- | -- Completed Task Count: 1 -- | -- Submitted Task Count: 1 -- | -- Queue Size: 0 -- | -- Core Pool Size: 20 -- | -- Maximum Pool Size: 20 -- | -- Current Pool Size: 1
ThreadID: [146] TenantID: [] [2026-10-03 21:06:06,006]  INFO {APIM_GOV_AUDIT_LOG} - [Delete Processing Requests] :: Deleted 0 long-lasting processing requests with IDs: []
ThreadID: [146] TenantID: [] [2026-10-03 21:06:06,006]  INFO {APIM_GOV_AUDIT_LOG} - [Fetch Requests] :: Scheduler fetched 0 requests with IDs: []
ThreadID: [146] TenantID: [] [2026-10-03 21:08:06,006]  INFO {APIM_GOV_AUDIT_LOG} - [Scheduler Thread Pool Status] :: Active Thread Count: 0 -- | -- Completed Task Count: 1 -- | -- Submitted Task Count: 1 -- | -- Queue Size: 0 -- | -- Core Pool Size: 20 -- | -- Maximum Pool Size: 20 -- | -- Current Pool Size: 1
ThreadID: [146] TenantID: [] [2026-10-03 21:08:06,008]  INFO {APIM_GOV_AUDIT_LOG} - [Delete Processing Requests] :: Deleted 0 long-lasting processing requests with IDs: []
ThreadID: [146] TenantID: [] [2026-10-03 21:08:06,008]  INFO {APIM_GOV_AUDIT_LOG} - [Fetch Requests] :: Scheduler fetched 0 requests with IDs: []
ThreadID: [146] TenantID: [] [2026-10-03 21:10:06,005]  INFO {APIM_GOV_AUDIT_LOG} - [Scheduler Thread Pool Status] :: Active Thread Count: 0 -- | -- Completed Task Count: 1 -- | -- Submitted Task Count: 1 -- | -- Queue Size: 0 -- | -- Core Pool Size: 20 -- | -- Maximum Pool Size: 20 -- | -- Current Pool Size: 1
ThreadID: [146] TenantID: [] [2026-10-03 21:10:06,005]  INFO {APIM_GOV_AUDIT_LOG} - [Delete Processing Requests] :: Deleted 0 long-lasting processing requests with IDs: []
ThreadID: [146] TenantID: [] [2026-10-03 21:10:06,005]  INFO {APIM_GOV_AUDIT_LOG} - [Fetch Requests] :: Scheduler fetched 0 requests with IDs: []
ThreadID: [1062] TenantID: [] [2026-10-03 21:10:22,955]  INFO {APIM_GOV_AUDIT_LOG} - [New Async Eval Request] :: New compliance evaluation request for artifact caaf9094-fad0-43ab-a4c4-2eaac82efff4 with policy IDs [e404809e-e6ad-46f4-95a1-e1a8e1034d8e]
ThreadID: [1062] TenantID: [] [2026-10-03 21:10:23,060]  INFO {APIM_GOV_AUDIT_LOG} - [New Async Eval Request] :: New compliance evaluation request for artifact caaf9094-fad0-43ab-a4c4-2eaac82efff4 with policy IDs [e404809e-e6ad-46f4-95a1-e1a8e1034d8e]
ThreadID: [1062] TenantID: [] [2026-10-03 21:10:23,060]  INFO {APIM_GOV_AUDIT_LOG} - [New Async Eval Request] :: New compliance evaluation request for artifact caaf9094-fad0-43ab-a4c4-2eaac82efff4 with policy IDs [e404809e-e6ad-46f4-95a1-e1a8e1034d8e]
ThreadID: [1062] TenantID: [] [2026-10-03 21:10:23,097]  INFO {APIM_GOV_AUDIT_LOG} - [New Async Eval Request] :: New compliance evaluation request for artifact caaf9094-fad0-43ab-a4c4-2eaac82efff4 with policy IDs [e404809e-e6ad-46f4-95a1-e1a8e1034d8e]
ThreadID: [1062] TenantID: [] [2026-10-03 21:10:23,097]  INFO {APIM_GOV_AUDIT_LOG} - [New Async Eval Request] :: New compliance evaluation request for artifact caaf9094-fad0-43ab-a4c4-2eaac82efff4 with policy IDs [e404809e-e6ad-46f4-95a1-e1a8e1034d8e]
ThreadID: [1062] TenantID: [] [2026-10-03 21:10:23,110]  INFO {APIM_GOV_AUDIT_LOG} - [New Async Eval Request] :: New compliance evaluation request for artifact caaf9094-fad0-43ab-a4c4-2eaac82efff4 with policy IDs [e404809e-e6ad-46f4-95a1-e1a8e1034d8e]
ThreadID: [1062] TenantID: [] [2026-10-03 21:10:23,110]  INFO {APIM_GOV_AUDIT_LOG} - [New Async Eval Request] :: New compliance evaluation request for artifact caaf9094-fad0-43ab-a4c4-2eaac82efff4 with policy IDs [e404809e-e6ad-46f4-95a1-e1a8e1034d8e]
ThreadID: [1062] TenantID: [] [2026-10-03 21:10:58,306]  INFO {APIM_GOV_AUDIT_LOG} - [New Async Eval Request] :: New compliance evaluation request for artifact caaf9094-fad0-43ab-a4c4-2eaac82efff4 with policy IDs [e404809e-e6ad-46f4-95a1-e1a8e1034d8e]
ThreadID: [1062] TenantID: [] [2026-10-03 21:10:58,306]  INFO {APIM_GOV_AUDIT_LOG} - [New Async Eval Request] :: New compliance evaluation request for artifact caaf9094-fad0-43ab-a4c4-2eaac82efff4 with policy IDs [e404809e-e6ad-46f4-95a1-e1a8e1034d8e]
ThreadID: [1062] TenantID: [] [2026-10-03 21:10:59,898]  INFO {APIM_GOV_AUDIT_LOG} - [New Async Eval Request] :: New compliance evaluation request for artifact caaf9094-fad0-43ab-a4c4-2eaac82efff4 with policy IDs [e404809e-e6ad-46f4-95a1-e1a8e1034d8e]
ThreadID: [1062] TenantID: [] [2026-10-03 21:10:59,898]  INFO {APIM_GOV_AUDIT_LOG} - [New Async Eval Request] :: New compliance evaluation request for artifact caaf9094-fad0-43ab-a4c4-2eaac82efff4 with policy IDs [e404809e-e6ad-46f4-95a1-e1a8e1034d8e]
ThreadID: [1062] TenantID: [] [2026-10-03 21:10:59,929]  INFO {APIM_GOV_AUDIT_LOG} - [New Async Eval Request] :: New compliance evaluation request for artifact caaf9094-fad0-43ab-a4c4-2eaac82efff4 with policy IDs [e404809e-e6ad-46f4-95a1-e1a8e1034d8e]
ThreadID: [1062] TenantID: [] [2026-10-03 21:10:59,929]  INFO {APIM_GOV_AUDIT_LOG} - [New Async Eval Request] :: New compliance evaluation request for artifact caaf9094-fad0-43ab-a4c4-2eaac82efff4 with policy IDs [e404809e-e6ad-46f4-95a1-e1a8e1034d8e]
ThreadID: [1062] TenantID: [] [2026-10-03 21:11:39,825]  INFO {APIM_GOV_AUDIT_LOG} - [New Async Eval Request] :: New compliance evaluation request for artifact caaf9094-fad0-43ab-a4c4-2eaac82efff4 with policy IDs [e404809e-e6ad-46f4-95a1-e1a8e1034d8e]
ThreadID: [1062] TenantID: [] [2026-10-03 21:11:39,825]  INFO {APIM_GOV_AUDIT_LOG} - [New Async Eval Request] :: New compliance evaluation request for artifact caaf9094-fad0-43ab-a4c4-2eaac82efff4 with policy IDs [e404809e-e6ad-46f4-95a1-e1a8e1034d8e]
ThreadID: [1062] TenantID: [] [2026-10-03 21:11:41,286]  INFO {APIM_GOV_AUDIT_LOG} - [New Async Eval Request] :: New compliance evaluation request for artifact caaf9094-fad0-43ab-a4c4-2eaac82efff4 with policy IDs [e404809e-e6ad-46f4-95a1-e1a8e1034d8e]
ThreadID: [1062] TenantID: [] [2026-10-03 21:11:41,286]  INFO {APIM_GOV_AUDIT_LOG} - [New Async Eval Request] :: New compliance evaluation request for artifact caaf9094-fad0-43ab-a4c4-2eaac82efff4 with policy IDs [e404809e-e6ad-46f4-95a1-e1a8e1034d8e]
ThreadID: [1062] TenantID: [] [2026-10-03 21:11:41,316]  INFO {APIM_GOV_AUDIT_LOG} - [New Async Eval Request] :: New compliance evaluation request for artifact caaf9094-fad0-43ab-a4c4-2eaac82efff4 with policy IDs [e404809e-e6ad-46f4-95a1-e1a8e1034d8e]
ThreadID: [1062] TenantID: [] [2026-10-03 21:11:41,316]  INFO {APIM_GOV_AUDIT_LOG} - [New Async Eval Request] :: New compliance evaluation request for artifact caaf9094-fad0-43ab-a4c4-2eaac82efff4 with policy IDs [e404809e-e6ad-46f4-95a1-e1a8e1034d8e]
ThreadID: [146] TenantID: [] [2026-10-03 21:12:06,006]  INFO {APIM_GOV_AUDIT_LOG} - [Scheduler Thread Pool Status] :: Active Thread Count: 0 -- | -- Completed Task Count: 1 -- | -- Submitted Task Count: 1 -- | -- Queue Size: 0 -- | -- Core Pool Size: 20 -- | -- Maximum Pool Size: 20 -- | -- Current Pool Size: 1
ThreadID: [146] TenantID: [] [2026-10-03 21:12:06,007]  INFO {APIM_GOV_AUDIT_LOG} - [Delete Processing Requests] :: Deleted 0 long-lasting processing requests with IDs: []
ThreadID: [146] TenantID: [] [2026-10-03 21:12:06,007]  INFO {APIM_GOV_AUDIT_LOG} - [Fetch Requests] :: Scheduler fetched 1 requests with IDs: [ae0ad2b5-510e-4348-950b-922a4c1da69a]
ThreadID: [1125] TenantID: [] [2026-10-03 21:12:06,008]  INFO {APIM_GOV_AUDIT_LOG} - [Async Eval Request] :: Processing request ae0ad2b5-510e-4348-950b-922a4c1da69a for artifact caaf9094-fad0-43ab-a4c4-2eaac82efff4 in carbon.super organization
ThreadID: [1125] TenantID: [] [2026-10-03 21:12:06,069]  INFO {APIM_GOV_AUDIT_LOG} - [Async Eval Request] :: Validated artifact caaf9094-fad0-43ab-a4c4-2eaac82efff4 in organization carbon.super against ruleset 3ae5cc93-a81d-44a9-a14d-8d7b7c6984b7
ThreadID: [1125] TenantID: [] [2026-10-03 21:12:06,083]  INFO {APIM_GOV_AUDIT_LOG} - [Async Eval Request] :: Validated artifact caaf9094-fad0-43ab-a4c4-2eaac82efff4 in organization carbon.super against ruleset f6c41731-0796-4761-85f7-96b6d807aa43
ThreadID: [1125] TenantID: [] [2026-10-03 21:12:06,085]  INFO {APIM_GOV_AUDIT_LOG} - [Async Eval Request] :: Artifact caaf9094-fad0-43ab-a4c4-2eaac82efff4 evaluated against policy e404809e-e6ad-46f4-95a1-e1a8e1034d8e in organization carbon.super
ThreadID: [1125] TenantID: [] [2026-10-03 21:12:06,085]  INFO {APIM_GOV_AUDIT_LOG} - [Async Eval Request] :: Request ae0ad2b5-510e-4348-950b-922a4c1da69a processed successfully for artifact caaf9094-fad0-43ab-a4c4-2eaac82efff4 in organization carbon.super
ThreadID: [146] TenantID: [] [2026-10-03 21:14:06,006]  INFO {APIM_GOV_AUDIT_LOG} - [Scheduler Thread Pool Status] :: Active Thread Count: 0 -- | -- Completed Task Count: 2 -- | -- Submitted Task Count: 2 -- | -- Queue Size: 0 -- | -- Core Pool Size: 20 -- | -- Maximum Pool Size: 20 -- | -- Current Pool Size: 2
ThreadID: [146] TenantID: [] [2026-10-03 21:14:06,008]  INFO {APIM_GOV_AUDIT_LOG} - [Delete Processing Requests] :: Deleted 0 long-lasting processing requests with IDs: []
ThreadID: [146] TenantID: [] [2026-10-03 21:14:06,008]  INFO {APIM_GOV_AUDIT_LOG} - [Fetch Requests] :: Scheduler fetched 0 requests with IDs: []
ThreadID: [1135] TenantID: [] [2026-10-03 21:15:06,265]  INFO {APIM_GOV_AUDIT_LOG} - [New Async Eval Request] :: New compliance evaluation request for artifact caaf9094-fad0-43ab-a4c4-2eaac82efff4 with policy IDs [e404809e-e6ad-46f4-95a1-e1a8e1034d8e]
ThreadID: [1135] TenantID: [] [2026-10-03 21:15:06,265]  INFO {APIM_GOV_AUDIT_LOG} - [New Async Eval Request] :: New compliance evaluation request for artifact caaf9094-fad0-43ab-a4c4-2eaac82efff4 with policy IDs [e404809e-e6ad-46f4-95a1-e1a8e1034d8e]
ThreadID: [1135] TenantID: [] [2026-10-03 21:15:07,932]  INFO {APIM_GOV_AUDIT_LOG} - [New Async Eval Request] :: New compliance evaluation request for artifact caaf9094-fad0-43ab-a4c4-2eaac82efff4 with policy IDs [e404809e-e6ad-46f4-95a1-e1a8e1034d8e]
ThreadID: [1135] TenantID: [] [2026-10-03 21:15:07,932]  INFO {APIM_GOV_AUDIT_LOG} - [New Async Eval Request] :: New compliance evaluation request for artifact caaf9094-fad0-43ab-a4c4-2eaac82efff4 with policy IDs [e404809e-e6ad-46f4-95a1-e1a8e1034d8e]
ThreadID: [1135] TenantID: [] [2026-10-03 21:15:07,972]  INFO {APIM_GOV_AUDIT_LOG} - [New Async Eval Request] :: New compliance evaluation request for artifact caaf9094-fad0-43ab-a4c4-2eaac82efff4 with policy IDs [e404809e-e6ad-46f4-95a1-e1a8e1034d8e]
ThreadID: [1135] TenantID: [] [2026-10-03 21:15:07,972]  INFO {APIM_GOV_AUDIT_LOG} - [New Async Eval Request] :: New compliance evaluation request for artifact caaf9094-fad0-43ab-a4c4-2eaac82efff4 with policy IDs [e404809e-e6ad-46f4-95a1-e1a8e1034d8e]
ThreadID: [146] TenantID: [] [2026-10-03 21:16:06,005]  INFO {APIM_GOV_AUDIT_LOG} - [Scheduler Thread Pool Status] :: Active Thread Count: 0 -- | -- Completed Task Count: 2 -- | -- Submitted Task Count: 2 -- | -- Queue Size: 0 -- | -- Core Pool Size: 20 -- | -- Maximum Pool Size: 20 -- | -- Current Pool Size: 2
ThreadID: [146] TenantID: [] [2026-10-03 21:16:06,005]  INFO {APIM_GOV_AUDIT_LOG} - [Delete Processing Requests] :: Deleted 0 long-lasting processing requests with IDs: []
ThreadID: [146] TenantID: [] [2026-10-03 21:16:06,005]  INFO {APIM_GOV_AUDIT_LOG} - [Fetch Requests] :: Scheduler fetched 1 requests with IDs: [70e5dc07-56d6-4193-8b38-dcf49873e5f7]
ThreadID: [1152] TenantID: [] [2026-10-03 21:16:06,005]  INFO {APIM_GOV_AUDIT_LOG} - [Async Eval Request] :: Processing request 70e5dc07-56d6-4193-8b38-dcf49873e5f7 for artifact caaf9094-fad0-43ab-a4c4-2eaac82efff4 in carbon.super organization
ThreadID: [1152] TenantID: [] [2026-10-03 21:16:06,060]  INFO {APIM_GOV_AUDIT_LOG} - [Async Eval Request] :: Validated artifact caaf9094-fad0-43ab-a4c4-2eaac82efff4 in organization carbon.super against ruleset 3ae5cc93-a81d-44a9-a14d-8d7b7c6984b7
ThreadID: [1152] TenantID: [] [2026-10-03 21:16:06,066]  INFO {APIM_GOV_AUDIT_LOG} - [Async Eval Request] :: Validated artifact caaf9094-fad0-43ab-a4c4-2eaac82efff4 in organization carbon.super against ruleset f6c41731-0796-4761-85f7-96b6d807aa43
ThreadID: [1152] TenantID: [] [2026-10-03 21:16:06,067]  INFO {APIM_GOV_AUDIT_LOG} - [Async Eval Request] :: Artifact caaf9094-fad0-43ab-a4c4-2eaac82efff4 evaluated against policy e404809e-e6ad-46f4-95a1-e1a8e1034d8e in organization carbon.super
ThreadID: [1152] TenantID: [] [2026-10-03 21:16:06,067]  INFO {APIM_GOV_AUDIT_LOG} - [Async Eval Request] :: Request 70e5dc07-56d6-4193-8b38-dcf49873e5f7 processed successfully for artifact caaf9094-fad0-43ab-a4c4-2eaac82efff4 in organization carbon.super
ThreadID: [146] TenantID: [] [2026-10-03 21:18:06,005]  INFO {APIM_GOV_AUDIT_LOG} - [Scheduler Thread Pool Status] :: Active Thread Count: 0 -- | -- Completed Task Count: 3 -- | -- Submitted Task Count: 3 -- | -- Queue Size: 0 -- | -- Core Pool Size: 20 -- | -- Maximum Pool Size: 20 -- | -- Current Pool Size: 3
ThreadID: [146] TenantID: [] [2026-10-03 21:18:06,005]  INFO {APIM_GOV_AUDIT_LOG} - [Delete Processing Requests] :: Deleted 0 long-lasting processing requests with IDs: []
ThreadID: [146] TenantID: [] [2026-10-03 21:18:06,005]  INFO {APIM_GOV_AUDIT_LOG} - [Fetch Requests] :: Scheduler fetched 0 requests with IDs: []
ThreadID: [1164] TenantID: [] [2026-10-03 21:19:23,643]  INFO {APIM_GOV_AUDIT_LOG} - [New Async Eval Request] :: New compliance evaluation request for artifact caaf9094-fad0-43ab-a4c4-2eaac82efff4 with policy IDs [e404809e-e6ad-46f4-95a1-e1a8e1034d8e]
ThreadID: [1164] TenantID: [] [2026-10-03 21:19:23,643]  INFO {APIM_GOV_AUDIT_LOG} - [New Async Eval Request] :: New compliance evaluation request for artifact caaf9094-fad0-43ab-a4c4-2eaac82efff4 with policy IDs [e404809e-e6ad-46f4-95a1-e1a8e1034d8e]
ThreadID: [1164] TenantID: [] [2026-10-03 21:19:25,278]  INFO {APIM_GOV_AUDIT_LOG} - [New Async Eval Request] :: New compliance evaluation request for artifact caaf9094-fad0-43ab-a4c4-2eaac82efff4 with policy IDs [e404809e-e6ad-46f4-95a1-e1a8e1034d8e]
ThreadID: [1164] TenantID: [] [2026-10-03 21:19:25,278]  INFO {APIM_GOV_AUDIT_LOG} - [New Async Eval Request] :: New compliance evaluation request for artifact caaf9094-fad0-43ab-a4c4-2eaac82efff4 with policy IDs [e404809e-e6ad-46f4-95a1-e1a8e1034d8e]
ThreadID: [1164] TenantID: [] [2026-10-03 21:19:25,307]  INFO {APIM_GOV_AUDIT_LOG} - [New Async Eval Request] :: New compliance evaluation request for artifact caaf9094-fad0-43ab-a4c4-2eaac82efff4 with policy IDs [e404809e-e6ad-46f4-95a1-e1a8e1034d8e]
ThreadID: [1164] TenantID: [] [2026-10-03 21:19:25,307]  INFO {APIM_GOV_AUDIT_LOG} - [New Async Eval Request] :: New compliance evaluation request for artifact caaf9094-fad0-43ab-a4c4-2eaac82efff4 with policy IDs [e404809e-e6ad-46f4-95a1-e1a8e1034d8e]
ThreadID: [1164] TenantID: [] [2026-10-03 21:20:03,674]  INFO {APIM_GOV_AUDIT_LOG} - [New Async Eval Request] :: New compliance evaluation request for artifact caaf9094-fad0-43ab-a4c4-2eaac82efff4 with policy IDs [e404809e-e6ad-46f4-95a1-e1a8e1034d8e]
ThreadID: [1164] TenantID: [] [2026-10-03 21:20:03,674]  INFO {APIM_GOV_AUDIT_LOG} - [New Async Eval Request] :: New compliance evaluation request for artifact caaf9094-fad0-43ab-a4c4-2eaac82efff4 with policy IDs [e404809e-e6ad-46f4-95a1-e1a8e1034d8e]
ThreadID: [146] TenantID: [] [2026-10-03 21:20:06,005]  INFO {APIM_GOV_AUDIT_LOG} - [Scheduler Thread Pool Status] :: Active Thread Count: 0 -- | -- Completed Task Count: 3 -- | -- Submitted Task Count: 3 -- | -- Queue Size: 0 -- | -- Core Pool Size: 20 -- | -- Maximum Pool Size: 20 -- | -- Current Pool Size: 3
ThreadID: [146] TenantID: [] [2026-10-03 21:20:06,005]  INFO {APIM_GOV_AUDIT_LOG} - [Delete Processing Requests] :: Deleted 0 long-lasting processing requests with IDs: []
ThreadID: [146] TenantID: [] [2026-10-03 21:20:06,005]  INFO {APIM_GOV_AUDIT_LOG} - [Fetch Requests] :: Scheduler fetched 1 requests with IDs: [b4890e1d-fac7-4de7-895d-76d180c7ff77]
ThreadID: [1188] TenantID: [] [2026-10-03 21:20:06,008]  INFO {APIM_GOV_AUDIT_LOG} - [Async Eval Request] :: Processing request b4890e1d-fac7-4de7-895d-76d180c7ff77 for artifact caaf9094-fad0-43ab-a4c4-2eaac82efff4 in carbon.super organization
ThreadID: [1188] TenantID: [] [2026-10-03 21:20:06,064]  INFO {APIM_GOV_AUDIT_LOG} - [Async Eval Request] :: Validated artifact caaf9094-fad0-43ab-a4c4-2eaac82efff4 in organization carbon.super against ruleset 3ae5cc93-a81d-44a9-a14d-8d7b7c6984b7
ThreadID: [1188] TenantID: [] [2026-10-03 21:20:06,067]  INFO {APIM_GOV_AUDIT_LOG} - [Async Eval Request] :: Validated artifact caaf9094-fad0-43ab-a4c4-2eaac82efff4 in organization carbon.super against ruleset f6c41731-0796-4761-85f7-96b6d807aa43
ThreadID: [1188] TenantID: [] [2026-10-03 21:20:06,069]  INFO {APIM_GOV_AUDIT_LOG} - [Async Eval Request] :: Artifact caaf9094-fad0-43ab-a4c4-2eaac82efff4 evaluated against policy e404809e-e6ad-46f4-95a1-e1a8e1034d8e in organization carbon.super
ThreadID: [1188] TenantID: [] [2026-10-03 21:20:06,069]  INFO {APIM_GOV_AUDIT_LOG} - [Async Eval Request] :: Request b4890e1d-fac7-4de7-895d-76d180c7ff77 processed successfully for artifact caaf9094-fad0-43ab-a4c4-2eaac82efff4 in organization carbon.super
ThreadID: [1164] TenantID: [] [2026-10-03 21:20:10,570]  INFO {APIM_GOV_AUDIT_LOG} - [New Async Eval Request] :: New compliance evaluation request for artifact caaf9094-fad0-43ab-a4c4-2eaac82efff4 with policy IDs [e404809e-e6ad-46f4-95a1-e1a8e1034d8e]
ThreadID: [1164] TenantID: [] [2026-10-03 21:20:10,570]  INFO {APIM_GOV_AUDIT_LOG} - [New Async Eval Request] :: New compliance evaluation request for artifact caaf9094-fad0-43ab-a4c4-2eaac82efff4 with policy IDs [e404809e-e6ad-46f4-95a1-e1a8e1034d8e]
ThreadID: [1164] TenantID: [] [2026-10-03 21:20:10,645]  INFO {APIM_GOV_AUDIT_LOG} - [New Async Eval Request] :: New compliance evaluation request for artifact caaf9094-fad0-43ab-a4c4-2eaac82efff4 with policy IDs [e404809e-e6ad-46f4-95a1-e1a8e1034d8e]
ThreadID: [1164] TenantID: [] [2026-10-03 21:20:10,645]  INFO {APIM_GOV_AUDIT_LOG} - [New Async Eval Request] :: New compliance evaluation request for artifact caaf9094-fad0-43ab-a4c4-2eaac82efff4 with policy IDs [e404809e-e6ad-46f4-95a1-e1a8e1034d8e]
ThreadID: [146] TenantID: [] [2026-10-03 21:22:06,005]  INFO {APIM_GOV_AUDIT_LOG} - [Scheduler Thread Pool Status] :: Active Thread Count: 0 -- | -- Completed Task Count: 4 -- | -- Submitted Task Count: 4 -- | -- Queue Size: 0 -- | -- Core Pool Size: 20 -- | -- Maximum Pool Size: 20 -- | -- Current Pool Size: 4
ThreadID: [146] TenantID: [] [2026-10-03 21:22:06,005]  INFO {APIM_GOV_AUDIT_LOG} - [Delete Processing Requests] :: Deleted 0 long-lasting processing requests with IDs: []
ThreadID: [146] TenantID: [] [2026-10-03 21:22:06,005]  INFO {APIM_GOV_AUDIT_LOG} - [Fetch Requests] :: Scheduler fetched 1 requests with IDs: [99758977-031b-43c0-ac84-a657992975e9]
ThreadID: [1206] TenantID: [] [2026-10-03 21:22:06,005]  INFO {APIM_GOV_AUDIT_LOG} - [Async Eval Request] :: Processing request 99758977-031b-43c0-ac84-a657992975e9 for artifact caaf9094-fad0-43ab-a4c4-2eaac82efff4 in carbon.super organization
ThreadID: [1206] TenantID: [] [2026-10-03 21:22:06,053]  INFO {APIM_GOV_AUDIT_LOG} - [Async Eval Request] :: Validated artifact caaf9094-fad0-43ab-a4c4-2eaac82efff4 in organization carbon.super against ruleset 3ae5cc93-a81d-44a9-a14d-8d7b7c6984b7
ThreadID: [1206] TenantID: [] [2026-10-03 21:22:06,057]  INFO {APIM_GOV_AUDIT_LOG} - [Async Eval Request] :: Validated artifact caaf9094-fad0-43ab-a4c4-2eaac82efff4 in organization carbon.super against ruleset f6c41731-0796-4761-85f7-96b6d807aa43
ThreadID: [1206] TenantID: [] [2026-10-03 21:22:06,058]  INFO {APIM_GOV_AUDIT_LOG} - [Async Eval Request] :: Artifact caaf9094-fad0-43ab-a4c4-2eaac82efff4 evaluated against policy e404809e-e6ad-46f4-95a1-e1a8e1034d8e in organization carbon.super
ThreadID: [1206] TenantID: [] [2026-10-03 21:22:06,058]  INFO {APIM_GOV_AUDIT_LOG} - [Async Eval Request] :: Request 99758977-031b-43c0-ac84-a657992975e9 processed successfully for artifact caaf9094-fad0-43ab-a4c4-2eaac82efff4 in organization carbon.super
ThreadID: [146] TenantID: [] [2026-10-03 21:24:06,006]  INFO {APIM_GOV_AUDIT_LOG} - [Scheduler Thread Pool Status] :: Active Thread Count: 0 -- | -- Completed Task Count: 5 -- | -- Submitted Task Count: 5 -- | -- Queue Size: 0 -- | -- Core Pool Size: 20 -- | -- Maximum Pool Size: 20 -- | -- Current Pool Size: 5
ThreadID: [146] TenantID: [] [2026-10-03 21:24:06,007]  INFO {APIM_GOV_AUDIT_LOG} - [Delete Processing Requests] :: Deleted 0 long-lasting processing requests with IDs: []
ThreadID: [146] TenantID: [] [2026-10-03 21:24:06,008]  INFO {APIM_GOV_AUDIT_LOG} - [Fetch Requests] :: Scheduler fetched 0 requests with IDs: []
ThreadID: [146] TenantID: [] [2026-10-03 21:26:06,005]  INFO {APIM_GOV_AUDIT_LOG} - [Scheduler Thread Pool Status] :: Active Thread Count: 0 -- | -- Completed Task Count: 5 -- | -- Submitted Task Count: 5 -- | -- Queue Size: 0 -- | -- Core Pool Size: 20 -- | -- Maximum Pool Size: 20 -- | -- Current Pool Size: 5
ThreadID: [146] TenantID: [] [2026-10-03 21:26:06,005]  INFO {APIM_GOV_AUDIT_LOG} - [Delete Processing Requests] :: Deleted 0 long-lasting processing requests with IDs: []
ThreadID: [146] TenantID: [] [2026-10-03 21:26:06,005]  INFO {APIM_GOV_AUDIT_LOG} - [Fetch Requests] :: Scheduler fetched 0 requests with IDs: []
ThreadID: [146] TenantID: [] [2026-10-03 21:28:06,005]  INFO {APIM_GOV_AUDIT_LOG} - [Scheduler Thread Pool Status] :: Active Thread Count: 0 -- | -- Completed Task Count: 5 -- | -- Submitted Task Count: 5 -- | -- Queue Size: 0 -- | -- Core Pool Size: 20 -- | -- Maximum Pool Size: 20 -- | -- Current Pool Size: 5
ThreadID: [146] TenantID: [] [2026-10-03 21:28:06,005]  INFO {APIM_GOV_AUDIT_LOG} - [Delete Processing Requests] :: Deleted 0 long-lasting processing requests with IDs: []
ThreadID: [146] TenantID: [] [2026-10-03 21:28:06,005]  INFO {APIM_GOV_AUDIT_LOG} - [Fetch Requests] :: Scheduler fetched 0 requests with IDs: []
ThreadID: [146] TenantID: [] [2026-10-03 21:30:06,005]  INFO {APIM_GOV_AUDIT_LOG} - [Scheduler Thread Pool Status] :: Active Thread Count: 0 -- | -- Completed Task Count: 5 -- | -- Submitted Task Count: 5 -- | -- Queue Size: 0 -- | -- Core Pool Size: 20 -- | -- Maximum Pool Size: 20 -- | -- Current Pool Size: 5
ThreadID: [146] TenantID: [] [2026-10-03 21:30:06,005]  INFO {APIM_GOV_AUDIT_LOG} - [Delete Processing Requests] :: Deleted 0 long-lasting processing requests with IDs: []
ThreadID: [146] TenantID: [] [2026-10-03 21:30:06,005]  INFO {APIM_GOV_AUDIT_LOG} - [Fetch Requests] :: Scheduler fetched 0 requests with IDs: []
ThreadID: [146] TenantID: [] [2026-10-03 21:32:06,005]  INFO {APIM_GOV_AUDIT_LOG} - [Scheduler Thread Pool Status] :: Active Thread Count: 0 -- | -- Completed Task Count: 5 -- | -- Submitted Task Count: 5 -- | -- Queue Size: 0 -- | -- Core Pool Size: 20 -- | -- Maximum Pool Size: 20 -- | -- Current Pool Size: 5
ThreadID: [146] TenantID: [] [2026-10-03 21:32:06,005]  INFO {APIM_GOV_AUDIT_LOG} - [Delete Processing Requests] :: Deleted 0 long-lasting processing requests with IDs: []
ThreadID: [146] TenantID: [] [2026-10-03 21:32:06,005]  INFO {APIM_GOV_AUDIT_LOG} - [Fetch Requests] :: Scheduler fetched 0 requests with IDs: []
ThreadID: [146] TenantID: [] [2026-10-03 21:34:06,005]  INFO {APIM_GOV_AUDIT_LOG} - [Scheduler Thread Pool Status] :: Active Thread Count: 0 -- | -- Completed Task Count: 5 -- | -- Submitted Task Count: 5 -- | -- Queue Size: 0 -- | -- Core Pool Size: 20 -- | -- Maximum Pool Size: 20 -- | -- Current Pool Size: 5
ThreadID: [146] TenantID: [] [2026-10-03 21:34:06,005]  INFO {APIM_GOV_AUDIT_LOG} - [Delete Processing Requests] :: Deleted 0 long-lasting processing requests with IDs: []
ThreadID: [146] TenantID: [] [2026-10-03 21:34:06,005]  INFO {APIM_GOV_AUDIT_LOG} - [Fetch Requests] :: Scheduler fetched 0 requests with IDs: []
ThreadID: [146] TenantID: [] [2026-10-03 21:36:06,005]  INFO {APIM_GOV_AUDIT_LOG} - [Scheduler Thread Pool Status] :: Active Thread Count: 0 -- | -- Completed Task Count: 5 -- | -- Submitted Task Count: 5 -- | -- Queue Size: 0 -- | -- Core Pool Size: 20 -- | -- Maximum Pool Size: 20 -- | -- Current Pool Size: 5
ThreadID: [146] TenantID: [] [2026-10-03 21:36:06,005]  INFO {APIM_GOV_AUDIT_LOG} - [Delete Processing Requests] :: Deleted 0 long-lasting processing requests with IDs: []
ThreadID: [146] TenantID: [] [2026-10-03 21:36:06,005]  INFO {APIM_GOV_AUDIT_LOG} - [Fetch Requests] :: Scheduler fetched 0 requests with IDs: []
ThreadID: [146] TenantID: [] [2026-10-03 21:38:06,006]  INFO {APIM_GOV_AUDIT_LOG} - [Scheduler Thread Pool Status] :: Active Thread Count: 0 -- | -- Completed Task Count: 5 -- | -- Submitted Task Count: 5 -- | -- Queue Size: 0 -- | -- Core Pool Size: 20 -- | -- Maximum Pool Size: 20 -- | -- Current Pool Size: 5
ThreadID: [146] TenantID: [] [2026-10-03 21:38:06,006]  INFO {APIM_GOV_AUDIT_LOG} - [Delete Processing Requests] :: Deleted 0 long-lasting processing requests with IDs: []
ThreadID: [146] TenantID: [] [2026-10-03 21:38:06,008]  INFO {APIM_GOV_AUDIT_LOG} - [Fetch Requests] :: Scheduler fetched 0 requests with IDs: []
ThreadID: [146] TenantID: [] [2026-10-03 21:40:06,005]  INFO {APIM_GOV_AUDIT_LOG} - [Scheduler Thread Pool Status] :: Active Thread Count: 0 -- | -- Completed Task Count: 5 -- | -- Submitted Task Count: 5 -- | -- Queue Size: 0 -- | -- Core Pool Size: 20 -- | -- Maximum Pool Size: 20 -- | -- Current Pool Size: 5
ThreadID: [146] TenantID: [] [2026-10-03 21:40:06,005]  INFO {APIM_GOV_AUDIT_LOG} - [Delete Processing Requests] :: Deleted 0 long-lasting processing requests with IDs: []
ThreadID: [146] TenantID: [] [2026-10-03 21:40:06,005]  INFO {APIM_GOV_AUDIT_LOG} - [Fetch Requests] :: Scheduler fetched 0 requests with IDs: []
ThreadID: [146] TenantID: [] [2026-10-03 21:42:06,006]  INFO {APIM_GOV_AUDIT_LOG} - [Scheduler Thread Pool Status] :: Active Thread Count: 0 -- | -- Completed Task Count: 5 -- | -- Submitted Task Count: 5 -- | -- Queue Size: 0 -- | -- Core Pool Size: 20 -- | -- Maximum Pool Size: 20 -- | -- Current Pool Size: 5
ThreadID: [146] TenantID: [] [2026-10-03 21:42:06,006]  INFO {APIM_GOV_AUDIT_LOG} - [Delete Processing Requests] :: Deleted 0 long-lasting processing requests with IDs: []
ThreadID: [146] TenantID: [] [2026-10-03 21:42:06,006]  INFO {APIM_GOV_AUDIT_LOG} - [Fetch Requests] :: Scheduler fetched 0 requests with IDs: []
ThreadID: [146] TenantID: [] [2026-10-03 21:44:06,005]  INFO {APIM_GOV_AUDIT_LOG} - [Scheduler Thread Pool Status] :: Active Thread Count: 0 -- | -- Completed Task Count: 5 -- | -- Submitted Task Count: 5 -- | -- Queue Size: 0 -- | -- Core Pool Size: 20 -- | -- Maximum Pool Size: 20 -- | -- Current Pool Size: 5
ThreadID: [146] TenantID: [] [2026-10-03 21:44:06,005]  INFO {APIM_GOV_AUDIT_LOG} - [Delete Processing Requests] :: Deleted 0 long-lasting processing requests with IDs: []
ThreadID: [146] TenantID: [] [2026-10-03 21:44:06,005]  INFO {APIM_GOV_AUDIT_LOG} - [Fetch Requests] :: Scheduler fetched 0 requests with IDs: []
ThreadID: [134] TenantID: [] [2026-10-03 21:44:55,068]  INFO {APIM_GOV_AUDIT_LOG} - [Scheduler Thread Pool Status] :: Active Thread Count: 0 -- | -- Completed Task Count: 0 -- | -- Submitted Task Count: 0 -- | -- Queue Size: 0 -- | -- Core Pool Size: 20 -- | -- Maximum Pool Size: 20 -- | -- Current Pool Size: 0
ThreadID: [134] TenantID: [] [2026-10-03 21:44:55,069]  INFO {APIM_GOV_AUDIT_LOG} - [Delete Processing Requests] :: Deleted 0 long-lasting processing requests with IDs: []
ThreadID: [134] TenantID: [] [2026-10-03 21:44:55,070]  INFO {APIM_GOV_AUDIT_LOG} - [Fetch Requests] :: Scheduler fetched 0 requests with IDs: []
ThreadID: [134] TenantID: [] [2026-10-03 21:46:55,068]  INFO {APIM_GOV_AUDIT_LOG} - [Scheduler Thread Pool Status] :: Active Thread Count: 0 -- | -- Completed Task Count: 0 -- | -- Submitted Task Count: 0 -- | -- Queue Size: 0 -- | -- Core Pool Size: 20 -- | -- Maximum Pool Size: 20 -- | -- Current Pool Size: 0
ThreadID: [134] TenantID: [] [2026-10-03 21:46:55,068]  INFO {APIM_GOV_AUDIT_LOG} - [Delete Processing Requests] :: Deleted 0 long-lasting processing requests with IDs: []
ThreadID: [134] TenantID: [] [2026-10-03 21:46:55,068]  INFO {APIM_GOV_AUDIT_LOG} - [Fetch Requests] :: Scheduler fetched 0 requests with IDs: []
ThreadID: [134] TenantID: [] [2026-10-03 21:48:55,068]  INFO {APIM_GOV_AUDIT_LOG} - [Scheduler Thread Pool Status] :: Active Thread Count: 0 -- | -- Completed Task Count: 0 -- | -- Submitted Task Count: 0 -- | -- Queue Size: 0 -- | -- Core Pool Size: 20 -- | -- Maximum Pool Size: 20 -- | -- Current Pool Size: 0
ThreadID: [134] TenantID: [] [2026-10-03 21:48:55,068]  INFO {APIM_GOV_AUDIT_LOG} - [Delete Processing Requests] :: Deleted 0 long-lasting processing requests with IDs: []
ThreadID: [134] TenantID: [] [2026-10-03 21:48:55,068]  INFO {APIM_GOV_AUDIT_LOG} - [Fetch Requests] :: Scheduler fetched 0 requests with IDs: []
ThreadID: [134] TenantID: [] [2026-10-03 21:50:55,068]  INFO {APIM_GOV_AUDIT_LOG} - [Scheduler Thread Pool Status] :: Active Thread Count: 0 -- | -- Completed Task Count: 0 -- | -- Submitted Task Count: 0 -- | -- Queue Size: 0 -- | -- Core Pool Size: 20 -- | -- Maximum Pool Size: 20 -- | -- Current Pool Size: 0
ThreadID: [134] TenantID: [] [2026-10-03 21:50:55,068]  INFO {APIM_GOV_AUDIT_LOG} - [Delete Processing Requests] :: Deleted 0 long-lasting processing requests with IDs: []
ThreadID: [134] TenantID: [] [2026-10-03 21:50:55,068]  INFO {APIM_GOV_AUDIT_LOG} - [Fetch Requests] :: Scheduler fetched 0 requests with IDs: []
ThreadID: [134] TenantID: [] [2026-10-03 21:52:55,069]  INFO {APIM_GOV_AUDIT_LOG} - [Scheduler Thread Pool Status] :: Active Thread Count: 0 -- | -- Completed Task Count: 0 -- | -- Submitted Task Count: 0 -- | -- Queue Size: 0 -- | -- Core Pool Size: 20 -- | -- Maximum Pool Size: 20 -- | -- Current Pool Size: 0
ThreadID: [134] TenantID: [] [2026-10-03 21:52:55,069]  INFO {APIM_GOV_AUDIT_LOG} - [Delete Processing Requests] :: Deleted 0 long-lasting processing requests with IDs: []
ThreadID: [134] TenantID: [] [2026-10-03 21:52:55,069]  INFO {APIM_GOV_AUDIT_LOG} - [Fetch Requests] :: Scheduler fetched 0 requests with IDs: []
ThreadID: [134] TenantID: [] [2026-10-03 21:54:55,068]  INFO {APIM_GOV_AUDIT_LOG} - [Scheduler Thread Pool Status] :: Active Thread Count: 0 -- | -- Completed Task Count: 0 -- | -- Submitted Task Count: 0 -- | -- Queue Size: 0 -- | -- Core Pool Size: 20 -- | -- Maximum Pool Size: 20 -- | -- Current Pool Size: 0
ThreadID: [134] TenantID: [] [2026-10-03 21:54:55,068]  INFO {APIM_GOV_AUDIT_LOG} - [Delete Processing Requests] :: Deleted 0 long-lasting processing requests with IDs: []
ThreadID: [134] TenantID: [] [2026-10-03 21:54:55,068]  INFO {APIM_GOV_AUDIT_LOG} - [Fetch Requests] :: Scheduler fetched 0 requests with IDs: []
ThreadID: [936] TenantID: [] [2026-10-03 21:55:18,848]  INFO {APIM_GOV_AUDIT_LOG} - [New Async Eval Request] :: New compliance evaluation request for artifact caaf9094-fad0-43ab-a4c4-2eaac82efff4 with policy IDs [e404809e-e6ad-46f4-95a1-e1a8e1034d8e]
ThreadID: [936] TenantID: [] [2026-10-03 21:55:18,849]  INFO {APIM_GOV_AUDIT_LOG} - [New Async Eval Request] :: New compliance evaluation request for artifact caaf9094-fad0-43ab-a4c4-2eaac82efff4 with policy IDs [e404809e-e6ad-46f4-95a1-e1a8e1034d8e]
ThreadID: [936] TenantID: [] [2026-10-03 21:55:22,956]  INFO {APIM_GOV_AUDIT_LOG} - [New Async Eval Request] :: New compliance evaluation request for artifact caaf9094-fad0-43ab-a4c4-2eaac82efff4 with policy IDs [e404809e-e6ad-46f4-95a1-e1a8e1034d8e]
ThreadID: [936] TenantID: [] [2026-10-03 21:55:22,957]  INFO {APIM_GOV_AUDIT_LOG} - [New Async Eval Request] :: New compliance evaluation request for artifact caaf9094-fad0-43ab-a4c4-2eaac82efff4 with policy IDs [e404809e-e6ad-46f4-95a1-e1a8e1034d8e]
ThreadID: [936] TenantID: [] [2026-10-03 21:55:23,023]  INFO {APIM_GOV_AUDIT_LOG} - [New Async Eval Request] :: New compliance evaluation request for artifact caaf9094-fad0-43ab-a4c4-2eaac82efff4 with policy IDs [e404809e-e6ad-46f4-95a1-e1a8e1034d8e]
ThreadID: [936] TenantID: [] [2026-10-03 21:55:23,023]  INFO {APIM_GOV_AUDIT_LOG} - [New Async Eval Request] :: New compliance evaluation request for artifact caaf9094-fad0-43ab-a4c4-2eaac82efff4 with policy IDs [e404809e-e6ad-46f4-95a1-e1a8e1034d8e]
ThreadID: [134] TenantID: [] [2026-10-03 21:56:55,068]  INFO {APIM_GOV_AUDIT_LOG} - [Scheduler Thread Pool Status] :: Active Thread Count: 0 -- | -- Completed Task Count: 0 -- | -- Submitted Task Count: 0 -- | -- Queue Size: 0 -- | -- Core Pool Size: 20 -- | -- Maximum Pool Size: 20 -- | -- Current Pool Size: 0
ThreadID: [134] TenantID: [] [2026-10-03 21:56:55,068]  INFO {APIM_GOV_AUDIT_LOG} - [Delete Processing Requests] :: Deleted 0 long-lasting processing requests with IDs: []
ThreadID: [134] TenantID: [] [2026-10-03 21:56:55,068]  INFO {APIM_GOV_AUDIT_LOG} - [Fetch Requests] :: Scheduler fetched 1 requests with IDs: [b4643196-e79b-4498-8326-e783c3035bb7]
ThreadID: [989] TenantID: [] [2026-10-03 21:56:55,069]  INFO {APIM_GOV_AUDIT_LOG} - [Async Eval Request] :: Processing request b4643196-e79b-4498-8326-e783c3035bb7 for artifact caaf9094-fad0-43ab-a4c4-2eaac82efff4 in carbon.super organization
ThreadID: [989] TenantID: [] [2026-10-03 21:56:55,382]  INFO {APIM_GOV_AUDIT_LOG} - [Async Eval Request] :: Validated artifact caaf9094-fad0-43ab-a4c4-2eaac82efff4 in organization carbon.super against ruleset 3ae5cc93-a81d-44a9-a14d-8d7b7c6984b7
ThreadID: [989] TenantID: [] [2026-10-03 21:56:55,398]  INFO {APIM_GOV_AUDIT_LOG} - [Async Eval Request] :: Validated artifact caaf9094-fad0-43ab-a4c4-2eaac82efff4 in organization carbon.super against ruleset f6c41731-0796-4761-85f7-96b6d807aa43
ThreadID: [989] TenantID: [] [2026-10-03 21:56:55,401]  INFO {APIM_GOV_AUDIT_LOG} - [Async Eval Request] :: Artifact caaf9094-fad0-43ab-a4c4-2eaac82efff4 evaluated against policy e404809e-e6ad-46f4-95a1-e1a8e1034d8e in organization carbon.super
ThreadID: [989] TenantID: [] [2026-10-03 21:56:55,401]  INFO {APIM_GOV_AUDIT_LOG} - [Async Eval Request] :: Request b4643196-e79b-4498-8326-e783c3035bb7 processed successfully for artifact caaf9094-fad0-43ab-a4c4-2eaac82efff4 in organization carbon.super
ThreadID: [134] TenantID: [] [2026-10-03 21:58:55,069]  INFO {APIM_GOV_AUDIT_LOG} - [Scheduler Thread Pool Status] :: Active Thread Count: 0 -- | -- Completed Task Count: 1 -- | -- Submitted Task Count: 1 -- | -- Queue Size: 0 -- | -- Core Pool Size: 20 -- | -- Maximum Pool Size: 20 -- | -- Current Pool Size: 1
ThreadID: [134] TenantID: [] [2026-10-03 21:58:55,069]  INFO {APIM_GOV_AUDIT_LOG} - [Delete Processing Requests] :: Deleted 0 long-lasting processing requests with IDs: []
ThreadID: [134] TenantID: [] [2026-10-03 21:58:55,069]  INFO {APIM_GOV_AUDIT_LOG} - [Fetch Requests] :: Scheduler fetched 0 requests with IDs: []
ThreadID: [134] TenantID: [] [2026-10-03 22:00:55,068]  INFO {APIM_GOV_AUDIT_LOG} - [Scheduler Thread Pool Status] :: Active Thread Count: 0 -- | -- Completed Task Count: 1 -- | -- Submitted Task Count: 1 -- | -- Queue Size: 0 -- | -- Core Pool Size: 20 -- | -- Maximum Pool Size: 20 -- | -- Current Pool Size: 1
ThreadID: [134] TenantID: [] [2026-10-03 22:00:55,068]  INFO {APIM_GOV_AUDIT_LOG} - [Delete Processing Requests] :: Deleted 0 long-lasting processing requests with IDs: []
ThreadID: [134] TenantID: [] [2026-10-03 22:00:55,068]  INFO {APIM_GOV_AUDIT_LOG} - [Fetch Requests] :: Scheduler fetched 0 requests with IDs: []
ThreadID: [134] TenantID: [] [2026-10-03 22:02:55,068]  INFO {APIM_GOV_AUDIT_LOG} - [Scheduler Thread Pool Status] :: Active Thread Count: 0 -- | -- Completed Task Count: 1 -- | -- Submitted Task Count: 1 -- | -- Queue Size: 0 -- | -- Core Pool Size: 20 -- | -- Maximum Pool Size: 20 -- | -- Current Pool Size: 1
ThreadID: [134] TenantID: [] [2026-10-03 22:02:55,068]  INFO {APIM_GOV_AUDIT_LOG} - [Delete Processing Requests] :: Deleted 0 long-lasting processing requests with IDs: []
ThreadID: [134] TenantID: [] [2026-10-03 22:02:55,068]  INFO {APIM_GOV_AUDIT_LOG} - [Fetch Requests] :: Scheduler fetched 0 requests with IDs: []
ThreadID: [134] TenantID: [] [2026-10-03 22:04:55,069]  INFO {APIM_GOV_AUDIT_LOG} - [Scheduler Thread Pool Status] :: Active Thread Count: 0 -- | -- Completed Task Count: 1 -- | -- Submitted Task Count: 1 -- | -- Queue Size: 0 -- | -- Core Pool Size: 20 -- | -- Maximum Pool Size: 20 -- | -- Current Pool Size: 1
ThreadID: [134] TenantID: [] [2026-10-03 22:04:55,069]  INFO {APIM_GOV_AUDIT_LOG} - [Delete Processing Requests] :: Deleted 0 long-lasting processing requests with IDs: []
ThreadID: [134] TenantID: [] [2026-10-03 22:04:55,069]  INFO {APIM_GOV_AUDIT_LOG} - [Fetch Requests] :: Scheduler fetched 0 requests with IDs: []
ThreadID: [134] TenantID: [] [2026-10-03 22:06:55,068]  INFO {APIM_GOV_AUDIT_LOG} - [Scheduler Thread Pool Status] :: Active Thread Count: 0 -- | -- Completed Task Count: 1 -- | -- Submitted Task Count: 1 -- | -- Queue Size: 0 -- | -- Core Pool Size: 20 -- | -- Maximum Pool Size: 20 -- | -- Current Pool Size: 1
ThreadID: [134] TenantID: [] [2026-10-03 22:06:55,068]  INFO {APIM_GOV_AUDIT_LOG} - [Delete Processing Requests] :: Deleted 0 long-lasting processing requests with IDs: []
ThreadID: [134] TenantID: [] [2026-10-03 22:06:55,068]  INFO {APIM_GOV_AUDIT_LOG} - [Fetch Requests] :: Scheduler fetched 0 requests with IDs: []
ThreadID: [134] TenantID: [] [2026-10-03 22:08:55,068]  INFO {APIM_GOV_AUDIT_LOG} - [Scheduler Thread Pool Status] :: Active Thread Count: 0 -- | -- Completed Task Count: 1 -- | -- Submitted Task Count: 1 -- | -- Queue Size: 0 -- | -- Core Pool Size: 20 -- | -- Maximum Pool Size: 20 -- | -- Current Pool Size: 1
ThreadID: [134] TenantID: [] [2026-10-03 22:08:55,068]  INFO {APIM_GOV_AUDIT_LOG} - [Delete Processing Requests] :: Deleted 0 long-lasting processing requests with IDs: []
ThreadID: [134] TenantID: [] [2026-10-03 22:08:55,068]  INFO {APIM_GOV_AUDIT_LOG} - [Fetch Requests] :: Scheduler fetched 0 requests with IDs: []
ThreadID: [1023] TenantID: [] [2026-10-03 22:10:26,029]  INFO {APIM_GOV_AUDIT_LOG} - [New Async Eval Request] :: New compliance evaluation request for artifact caaf9094-fad0-43ab-a4c4-2eaac82efff4 with policy IDs [e404809e-e6ad-46f4-95a1-e1a8e1034d8e]
ThreadID: [1023] TenantID: [] [2026-10-03 22:10:26,030]  INFO {APIM_GOV_AUDIT_LOG} - [New Async Eval Request] :: New compliance evaluation request for artifact caaf9094-fad0-43ab-a4c4-2eaac82efff4 with policy IDs [e404809e-e6ad-46f4-95a1-e1a8e1034d8e]
ThreadID: [1023] TenantID: [] [2026-10-03 22:10:32,609]  INFO {APIM_GOV_AUDIT_LOG} - [New Async Eval Request] :: New compliance evaluation request for artifact caaf9094-fad0-43ab-a4c4-2eaac82efff4 with policy IDs [e404809e-e6ad-46f4-95a1-e1a8e1034d8e]
ThreadID: [1023] TenantID: [] [2026-10-03 22:10:32,609]  INFO {APIM_GOV_AUDIT_LOG} - [New Async Eval Request] :: New compliance evaluation request for artifact caaf9094-fad0-43ab-a4c4-2eaac82efff4 with policy IDs [e404809e-e6ad-46f4-95a1-e1a8e1034d8e]
ThreadID: [1023] TenantID: [] [2026-10-03 22:10:32,666]  INFO {APIM_GOV_AUDIT_LOG} - [New Async Eval Request] :: New compliance evaluation request for artifact caaf9094-fad0-43ab-a4c4-2eaac82efff4 with policy IDs [e404809e-e6ad-46f4-95a1-e1a8e1034d8e]
ThreadID: [1023] TenantID: [] [2026-10-03 22:10:32,666]  INFO {APIM_GOV_AUDIT_LOG} - [New Async Eval Request] :: New compliance evaluation request for artifact caaf9094-fad0-43ab-a4c4-2eaac82efff4 with policy IDs [e404809e-e6ad-46f4-95a1-e1a8e1034d8e]
ThreadID: [134] TenantID: [] [2026-10-03 22:10:55,068]  INFO {APIM_GOV_AUDIT_LOG} - [Scheduler Thread Pool Status] :: Active Thread Count: 0 -- | -- Completed Task Count: 1 -- | -- Submitted Task Count: 1 -- | -- Queue Size: 0 -- | -- Core Pool Size: 20 -- | -- Maximum Pool Size: 20 -- | -- Current Pool Size: 1
ThreadID: [134] TenantID: [] [2026-10-03 22:10:55,068]  INFO {APIM_GOV_AUDIT_LOG} - [Delete Processing Requests] :: Deleted 0 long-lasting processing requests with IDs: []
ThreadID: [134] TenantID: [] [2026-10-03 22:10:55,068]  INFO {APIM_GOV_AUDIT_LOG} - [Fetch Requests] :: Scheduler fetched 1 requests with IDs: [90372110-0441-4767-a921-ce416d5786c8]
ThreadID: [1046] TenantID: [] [2026-10-03 22:10:55,068]  INFO {APIM_GOV_AUDIT_LOG} - [Async Eval Request] :: Processing request 90372110-0441-4767-a921-ce416d5786c8 for artifact caaf9094-fad0-43ab-a4c4-2eaac82efff4 in carbon.super organization
ThreadID: [1046] TenantID: [] [2026-10-03 22:10:55,134]  INFO {APIM_GOV_AUDIT_LOG} - [Async Eval Request] :: Validated artifact caaf9094-fad0-43ab-a4c4-2eaac82efff4 in organization carbon.super against ruleset 3ae5cc93-a81d-44a9-a14d-8d7b7c6984b7
ThreadID: [1046] TenantID: [] [2026-10-03 22:10:55,142]  INFO {APIM_GOV_AUDIT_LOG} - [Async Eval Request] :: Validated artifact caaf9094-fad0-43ab-a4c4-2eaac82efff4 in organization carbon.super against ruleset f6c41731-0796-4761-85f7-96b6d807aa43
ThreadID: [1046] TenantID: [] [2026-10-03 22:10:55,143]  INFO {APIM_GOV_AUDIT_LOG} - [Async Eval Request] :: Artifact caaf9094-fad0-43ab-a4c4-2eaac82efff4 evaluated against policy e404809e-e6ad-46f4-95a1-e1a8e1034d8e in organization carbon.super
ThreadID: [1046] TenantID: [] [2026-10-03 22:10:55,143]  INFO {APIM_GOV_AUDIT_LOG} - [Async Eval Request] :: Request 90372110-0441-4767-a921-ce416d5786c8 processed successfully for artifact caaf9094-fad0-43ab-a4c4-2eaac82efff4 in organization carbon.super
ThreadID: [134] TenantID: [] [2026-10-03 22:12:55,069]  INFO {APIM_GOV_AUDIT_LOG} - [Scheduler Thread Pool Status] :: Active Thread Count: 0 -- | -- Completed Task Count: 2 -- | -- Submitted Task Count: 2 -- | -- Queue Size: 0 -- | -- Core Pool Size: 20 -- | -- Maximum Pool Size: 20 -- | -- Current Pool Size: 2
ThreadID: [134] TenantID: [] [2026-10-03 22:12:55,069]  INFO {APIM_GOV_AUDIT_LOG} - [Delete Processing Requests] :: Deleted 0 long-lasting processing requests with IDs: []
ThreadID: [134] TenantID: [] [2026-10-03 22:12:55,069]  INFO {APIM_GOV_AUDIT_LOG} - [Fetch Requests] :: Scheduler fetched 0 requests with IDs: []
ThreadID: [134] TenantID: [] [2026-10-03 22:14:55,069]  INFO {APIM_GOV_AUDIT_LOG} - [Scheduler Thread Pool Status] :: Active Thread Count: 0 -- | -- Completed Task Count: 2 -- | -- Submitted Task Count: 2 -- | -- Queue Size: 0 -- | -- Core Pool Size: 20 -- | -- Maximum Pool Size: 20 -- | -- Current Pool Size: 2
ThreadID: [134] TenantID: [] [2026-10-03 22:14:55,069]  INFO {APIM_GOV_AUDIT_LOG} - [Delete Processing Requests] :: Deleted 0 long-lasting processing requests with IDs: []
ThreadID: [134] TenantID: [] [2026-10-03 22:14:55,069]  INFO {APIM_GOV_AUDIT_LOG} - [Fetch Requests] :: Scheduler fetched 0 requests with IDs: []
ThreadID: [134] TenantID: [] [2026-10-03 22:16:55,069]  INFO {APIM_GOV_AUDIT_LOG} - [Scheduler Thread Pool Status] :: Active Thread Count: 0 -- | -- Completed Task Count: 2 -- | -- Submitted Task Count: 2 -- | -- Queue Size: 0 -- | -- Core Pool Size: 20 -- | -- Maximum Pool Size: 20 -- | -- Current Pool Size: 2
ThreadID: [134] TenantID: [] [2026-10-03 22:16:55,069]  INFO {APIM_GOV_AUDIT_LOG} - [Delete Processing Requests] :: Deleted 0 long-lasting processing requests with IDs: []
ThreadID: [134] TenantID: [] [2026-10-03 22:16:55,069]  INFO {APIM_GOV_AUDIT_LOG} - [Fetch Requests] :: Scheduler fetched 0 requests with IDs: []
ThreadID: [134] TenantID: [] [2026-10-03 22:18:55,068]  INFO {APIM_GOV_AUDIT_LOG} - [Scheduler Thread Pool Status] :: Active Thread Count: 0 -- | -- Completed Task Count: 2 -- | -- Submitted Task Count: 2 -- | -- Queue Size: 0 -- | -- Core Pool Size: 20 -- | -- Maximum Pool Size: 20 -- | -- Current Pool Size: 2
ThreadID: [134] TenantID: [] [2026-10-03 22:18:55,068]  INFO {APIM_GOV_AUDIT_LOG} - [Delete Processing Requests] :: Deleted 0 long-lasting processing requests with IDs: []
ThreadID: [134] TenantID: [] [2026-10-03 22:18:55,068]  INFO {APIM_GOV_AUDIT_LOG} - [Fetch Requests] :: Scheduler fetched 0 requests with IDs: []
ThreadID: [134] TenantID: [] [2026-10-03 22:20:55,068]  INFO {APIM_GOV_AUDIT_LOG} - [Scheduler Thread Pool Status] :: Active Thread Count: 0 -- | -- Completed Task Count: 2 -- | -- Submitted Task Count: 2 -- | -- Queue Size: 0 -- | -- Core Pool Size: 20 -- | -- Maximum Pool Size: 20 -- | -- Current Pool Size: 2
ThreadID: [134] TenantID: [] [2026-10-03 22:20:55,068]  INFO {APIM_GOV_AUDIT_LOG} - [Delete Processing Requests] :: Deleted 0 long-lasting processing requests with IDs: []
ThreadID: [134] TenantID: [] [2026-10-03 22:20:55,068]  INFO {APIM_GOV_AUDIT_LOG} - [Fetch Requests] :: Scheduler fetched 0 requests with IDs: []
ThreadID: [134] TenantID: [] [2026-10-03 22:22:55,069]  INFO {APIM_GOV_AUDIT_LOG} - [Scheduler Thread Pool Status] :: Active Thread Count: 0 -- | -- Completed Task Count: 2 -- | -- Submitted Task Count: 2 -- | -- Queue Size: 0 -- | -- Core Pool Size: 20 -- | -- Maximum Pool Size: 20 -- | -- Current Pool Size: 2
ThreadID: [134] TenantID: [] [2026-10-03 22:22:55,069]  INFO {APIM_GOV_AUDIT_LOG} - [Delete Processing Requests] :: Deleted 0 long-lasting processing requests with IDs: []
ThreadID: [134] TenantID: [] [2026-10-03 22:22:55,069]  INFO {APIM_GOV_AUDIT_LOG} - [Fetch Requests] :: Scheduler fetched 0 requests with IDs: []
ThreadID: [134] TenantID: [] [2026-10-03 22:24:55,068]  INFO {APIM_GOV_AUDIT_LOG} - [Scheduler Thread Pool Status] :: Active Thread Count: 0 -- | -- Completed Task Count: 2 -- | -- Submitted Task Count: 2 -- | -- Queue Size: 0 -- | -- Core Pool Size: 20 -- | -- Maximum Pool Size: 20 -- | -- Current Pool Size: 2
ThreadID: [134] TenantID: [] [2026-10-03 22:24:55,068]  INFO {APIM_GOV_AUDIT_LOG} - [Delete Processing Requests] :: Deleted 0 long-lasting processing requests with IDs: []
ThreadID: [134] TenantID: [] [2026-10-03 22:24:55,068]  INFO {APIM_GOV_AUDIT_LOG} - [Fetch Requests] :: Scheduler fetched 0 requests with IDs: []
ThreadID: [134] TenantID: [] [2026-10-03 22:26:55,068]  INFO {APIM_GOV_AUDIT_LOG} - [Scheduler Thread Pool Status] :: Active Thread Count: 0 -- | -- Completed Task Count: 2 -- | -- Submitted Task Count: 2 -- | -- Queue Size: 0 -- | -- Core Pool Size: 20 -- | -- Maximum Pool Size: 20 -- | -- Current Pool Size: 2
ThreadID: [134] TenantID: [] [2026-10-03 22:26:55,068]  INFO {APIM_GOV_AUDIT_LOG} - [Delete Processing Requests] :: Deleted 0 long-lasting processing requests with IDs: []
ThreadID: [134] TenantID: [] [2026-10-03 22:26:55,068]  INFO {APIM_GOV_AUDIT_LOG} - [Fetch Requests] :: Scheduler fetched 0 requests with IDs: []
ThreadID: [134] TenantID: [] [2026-10-03 22:28:55,068]  INFO {APIM_GOV_AUDIT_LOG} - [Scheduler Thread Pool Status] :: Active Thread Count: 0 -- | -- Completed Task Count: 2 -- | -- Submitted Task Count: 2 -- | -- Queue Size: 0 -- | -- Core Pool Size: 20 -- | -- Maximum Pool Size: 20 -- | -- Current Pool Size: 2
ThreadID: [134] TenantID: [] [2026-10-03 22:28:55,068]  INFO {APIM_GOV_AUDIT_LOG} - [Delete Processing Requests] :: Deleted 0 long-lasting processing requests with IDs: []
ThreadID: [134] TenantID: [] [2026-10-03 22:28:55,068]  INFO {APIM_GOV_AUDIT_LOG} - [Fetch Requests] :: Scheduler fetched 0 requests with IDs: []
ThreadID: [1138] TenantID: [] [2026-10-03 22:30:26,028]  INFO {APIM_GOV_AUDIT_LOG} - [New Async Eval Request] :: New compliance evaluation request for artifact caaf9094-fad0-43ab-a4c4-2eaac82efff4 with policy IDs [e404809e-e6ad-46f4-95a1-e1a8e1034d8e]
ThreadID: [1138] TenantID: [] [2026-10-03 22:30:26,028]  INFO {APIM_GOV_AUDIT_LOG} - [New Async Eval Request] :: New compliance evaluation request for artifact caaf9094-fad0-43ab-a4c4-2eaac82efff4 with policy IDs [e404809e-e6ad-46f4-95a1-e1a8e1034d8e]
ThreadID: [1138] TenantID: [] [2026-10-03 22:30:38,724]  INFO {APIM_GOV_AUDIT_LOG} - [New Async Eval Request] :: New compliance evaluation request for artifact caaf9094-fad0-43ab-a4c4-2eaac82efff4 with policy IDs [e404809e-e6ad-46f4-95a1-e1a8e1034d8e]
ThreadID: [1138] TenantID: [] [2026-10-03 22:30:38,724]  INFO {APIM_GOV_AUDIT_LOG} - [New Async Eval Request] :: New compliance evaluation request for artifact caaf9094-fad0-43ab-a4c4-2eaac82efff4 with policy IDs [e404809e-e6ad-46f4-95a1-e1a8e1034d8e]
ThreadID: [1138] TenantID: [] [2026-10-03 22:30:46,389]  INFO {APIM_GOV_AUDIT_LOG} - [New Async Eval Request] :: New compliance evaluation request for artifact caaf9094-fad0-43ab-a4c4-2eaac82efff4 with policy IDs [e404809e-e6ad-46f4-95a1-e1a8e1034d8e]
ThreadID: [1138] TenantID: [] [2026-10-03 22:30:46,389]  INFO {APIM_GOV_AUDIT_LOG} - [New Async Eval Request] :: New compliance evaluation request for artifact caaf9094-fad0-43ab-a4c4-2eaac82efff4 with policy IDs [e404809e-e6ad-46f4-95a1-e1a8e1034d8e]
ThreadID: [1138] TenantID: [] [2026-10-03 22:30:46,441]  INFO {APIM_GOV_AUDIT_LOG} - [New Async Eval Request] :: New compliance evaluation request for artifact caaf9094-fad0-43ab-a4c4-2eaac82efff4 with policy IDs [e404809e-e6ad-46f4-95a1-e1a8e1034d8e]
ThreadID: [1138] TenantID: [] [2026-10-03 22:30:46,441]  INFO {APIM_GOV_AUDIT_LOG} - [New Async Eval Request] :: New compliance evaluation request for artifact caaf9094-fad0-43ab-a4c4-2eaac82efff4 with policy IDs [e404809e-e6ad-46f4-95a1-e1a8e1034d8e]
ThreadID: [134] TenantID: [] [2026-10-03 22:30:55,068]  INFO {APIM_GOV_AUDIT_LOG} - [Scheduler Thread Pool Status] :: Active Thread Count: 0 -- | -- Completed Task Count: 2 -- | -- Submitted Task Count: 2 -- | -- Queue Size: 0 -- | -- Core Pool Size: 20 -- | -- Maximum Pool Size: 20 -- | -- Current Pool Size: 2
ThreadID: [134] TenantID: [] [2026-10-03 22:30:55,068]  INFO {APIM_GOV_AUDIT_LOG} - [Delete Processing Requests] :: Deleted 0 long-lasting processing requests with IDs: []
ThreadID: [134] TenantID: [] [2026-10-03 22:30:55,068]  INFO {APIM_GOV_AUDIT_LOG} - [Fetch Requests] :: Scheduler fetched 1 requests with IDs: [e98cc5eb-1216-434d-a107-272186070c55]
ThreadID: [1165] TenantID: [] [2026-10-03 22:30:55,068]  INFO {APIM_GOV_AUDIT_LOG} - [Async Eval Request] :: Processing request e98cc5eb-1216-434d-a107-272186070c55 for artifact caaf9094-fad0-43ab-a4c4-2eaac82efff4 in carbon.super organization
ThreadID: [1165] TenantID: [] [2026-10-03 22:30:55,123]  INFO {APIM_GOV_AUDIT_LOG} - [Async Eval Request] :: Validated artifact caaf9094-fad0-43ab-a4c4-2eaac82efff4 in organization carbon.super against ruleset 3ae5cc93-a81d-44a9-a14d-8d7b7c6984b7
ThreadID: [1165] TenantID: [] [2026-10-03 22:30:55,131]  INFO {APIM_GOV_AUDIT_LOG} - [Async Eval Request] :: Validated artifact caaf9094-fad0-43ab-a4c4-2eaac82efff4 in organization carbon.super against ruleset f6c41731-0796-4761-85f7-96b6d807aa43
ThreadID: [1165] TenantID: [] [2026-10-03 22:30:55,133]  INFO {APIM_GOV_AUDIT_LOG} - [Async Eval Request] :: Artifact caaf9094-fad0-43ab-a4c4-2eaac82efff4 evaluated against policy e404809e-e6ad-46f4-95a1-e1a8e1034d8e in organization carbon.super
ThreadID: [1165] TenantID: [] [2026-10-03 22:30:55,133]  INFO {APIM_GOV_AUDIT_LOG} - [Async Eval Request] :: Request e98cc5eb-1216-434d-a107-272186070c55 processed successfully for artifact caaf9094-fad0-43ab-a4c4-2eaac82efff4 in organization carbon.super
ThreadID: [134] TenantID: [] [2026-10-03 22:32:55,068]  INFO {APIM_GOV_AUDIT_LOG} - [Scheduler Thread Pool Status] :: Active Thread Count: 0 -- | -- Completed Task Count: 3 -- | -- Submitted Task Count: 3 -- | -- Queue Size: 0 -- | -- Core Pool Size: 20 -- | -- Maximum Pool Size: 20 -- | -- Current Pool Size: 3
ThreadID: [134] TenantID: [] [2026-10-03 22:32:55,068]  INFO {APIM_GOV_AUDIT_LOG} - [Delete Processing Requests] :: Deleted 0 long-lasting processing requests with IDs: []
ThreadID: [134] TenantID: [] [2026-10-03 22:32:55,068]  INFO {APIM_GOV_AUDIT_LOG} - [Fetch Requests] :: Scheduler fetched 0 requests with IDs: []
ThreadID: [134] TenantID: [] [2026-10-03 22:34:55,068]  INFO {APIM_GOV_AUDIT_LOG} - [Scheduler Thread Pool Status] :: Active Thread Count: 0 -- | -- Completed Task Count: 3 -- | -- Submitted Task Count: 3 -- | -- Queue Size: 0 -- | -- Core Pool Size: 20 -- | -- Maximum Pool Size: 20 -- | -- Current Pool Size: 3
ThreadID: [134] TenantID: [] [2026-10-03 22:34:55,068]  INFO {APIM_GOV_AUDIT_LOG} - [Delete Processing Requests] :: Deleted 0 long-lasting processing requests with IDs: []
ThreadID: [134] TenantID: [] [2026-10-03 22:34:55,068]  INFO {APIM_GOV_AUDIT_LOG} - [Fetch Requests] :: Scheduler fetched 0 requests with IDs: []
ThreadID: [134] TenantID: [] [2026-10-03 22:36:55,068]  INFO {APIM_GOV_AUDIT_LOG} - [Scheduler Thread Pool Status] :: Active Thread Count: 0 -- | -- Completed Task Count: 3 -- | -- Submitted Task Count: 3 -- | -- Queue Size: 0 -- | -- Core Pool Size: 20 -- | -- Maximum Pool Size: 20 -- | -- Current Pool Size: 3
ThreadID: [134] TenantID: [] [2026-10-03 22:36:55,068]  INFO {APIM_GOV_AUDIT_LOG} - [Delete Processing Requests] :: Deleted 0 long-lasting processing requests with IDs: []
ThreadID: [134] TenantID: [] [2026-10-03 22:36:55,068]  INFO {APIM_GOV_AUDIT_LOG} - [Fetch Requests] :: Scheduler fetched 0 requests with IDs: []
ThreadID: [1183] TenantID: [] [2026-10-03 22:38:30,981]  INFO {APIM_GOV_AUDIT_LOG} - [New Async Eval Request] :: New compliance evaluation request for artifact e2751bd4-70e9-4e96-9c39-c0d334d80213 with policy IDs [e404809e-e6ad-46f4-95a1-e1a8e1034d8e]
ThreadID: [1183] TenantID: [] [2026-10-03 22:38:30,981]  INFO {APIM_GOV_AUDIT_LOG} - [New Async Eval Request] :: New compliance evaluation request for artifact e2751bd4-70e9-4e96-9c39-c0d334d80213 with policy IDs [e404809e-e6ad-46f4-95a1-e1a8e1034d8e]
ThreadID: [134] TenantID: [] [2026-10-03 22:38:55,068]  INFO {APIM_GOV_AUDIT_LOG} - [Scheduler Thread Pool Status] :: Active Thread Count: 0 -- | -- Completed Task Count: 3 -- | -- Submitted Task Count: 3 -- | -- Queue Size: 0 -- | -- Core Pool Size: 20 -- | -- Maximum Pool Size: 20 -- | -- Current Pool Size: 3
ThreadID: [134] TenantID: [] [2026-10-03 22:38:55,068]  INFO {APIM_GOV_AUDIT_LOG} - [Delete Processing Requests] :: Deleted 0 long-lasting processing requests with IDs: []
ThreadID: [134] TenantID: [] [2026-10-03 22:38:55,068]  INFO {APIM_GOV_AUDIT_LOG} - [Fetch Requests] :: Scheduler fetched 1 requests with IDs: [4b67b127-e60f-4da3-a075-24379fdda72b]
ThreadID: [1187] TenantID: [] [2026-10-03 22:38:55,068]  INFO {APIM_GOV_AUDIT_LOG} - [Async Eval Request] :: Processing request 4b67b127-e60f-4da3-a075-24379fdda72b for artifact e2751bd4-70e9-4e96-9c39-c0d334d80213 in carbon.super organization
ThreadID: [1187] TenantID: [] [2026-10-03 22:38:55,117]  INFO {APIM_GOV_AUDIT_LOG} - [Async Eval Request] :: Validated artifact e2751bd4-70e9-4e96-9c39-c0d334d80213 in organization carbon.super against ruleset 3ae5cc93-a81d-44a9-a14d-8d7b7c6984b7
ThreadID: [1187] TenantID: [] [2026-10-03 22:38:55,122]  INFO {APIM_GOV_AUDIT_LOG} - [Async Eval Request] :: Validated artifact e2751bd4-70e9-4e96-9c39-c0d334d80213 in organization carbon.super against ruleset f6c41731-0796-4761-85f7-96b6d807aa43
ThreadID: [1187] TenantID: [] [2026-10-03 22:38:55,124]  INFO {APIM_GOV_AUDIT_LOG} - [Async Eval Request] :: Artifact e2751bd4-70e9-4e96-9c39-c0d334d80213 evaluated against policy e404809e-e6ad-46f4-95a1-e1a8e1034d8e in organization carbon.super
ThreadID: [1187] TenantID: [] [2026-10-03 22:38:55,124]  INFO {APIM_GOV_AUDIT_LOG} - [Async Eval Request] :: Request 4b67b127-e60f-4da3-a075-24379fdda72b processed successfully for artifact e2751bd4-70e9-4e96-9c39-c0d334d80213 in organization carbon.super
ThreadID: [1183] TenantID: [] [2026-10-03 22:39:17,560]  INFO {APIM_GOV_AUDIT_LOG} - [New Async Eval Request] :: New compliance evaluation request for artifact e2751bd4-70e9-4e96-9c39-c0d334d80213 with policy IDs [e404809e-e6ad-46f4-95a1-e1a8e1034d8e]
ThreadID: [1183] TenantID: [] [2026-10-03 22:39:17,560]  INFO {APIM_GOV_AUDIT_LOG} - [New Async Eval Request] :: New compliance evaluation request for artifact e2751bd4-70e9-4e96-9c39-c0d334d80213 with policy IDs [e404809e-e6ad-46f4-95a1-e1a8e1034d8e]
ThreadID: [134] TenantID: [] [2026-10-03 22:40:55,069]  INFO {APIM_GOV_AUDIT_LOG} - [Scheduler Thread Pool Status] :: Active Thread Count: 0 -- | -- Completed Task Count: 4 -- | -- Submitted Task Count: 4 -- | -- Queue Size: 0 -- | -- Core Pool Size: 20 -- | -- Maximum Pool Size: 20 -- | -- Current Pool Size: 4
ThreadID: [134] TenantID: [] [2026-10-03 22:40:55,069]  INFO {APIM_GOV_AUDIT_LOG} - [Delete Processing Requests] :: Deleted 0 long-lasting processing requests with IDs: []
ThreadID: [134] TenantID: [] [2026-10-03 22:40:55,069]  INFO {APIM_GOV_AUDIT_LOG} - [Fetch Requests] :: Scheduler fetched 1 requests with IDs: [453b626a-7fcb-44a3-9b37-4bd5d319a0b5]
ThreadID: [1209] TenantID: [] [2026-10-03 22:40:55,070]  INFO {APIM_GOV_AUDIT_LOG} - [Async Eval Request] :: Processing request 453b626a-7fcb-44a3-9b37-4bd5d319a0b5 for artifact e2751bd4-70e9-4e96-9c39-c0d334d80213 in carbon.super organization
ThreadID: [1209] TenantID: [] [2026-10-03 22:40:55,122]  INFO {APIM_GOV_AUDIT_LOG} - [Async Eval Request] :: Validated artifact e2751bd4-70e9-4e96-9c39-c0d334d80213 in organization carbon.super against ruleset 3ae5cc93-a81d-44a9-a14d-8d7b7c6984b7
ThreadID: [1209] TenantID: [] [2026-10-03 22:40:55,128]  INFO {APIM_GOV_AUDIT_LOG} - [Async Eval Request] :: Validated artifact e2751bd4-70e9-4e96-9c39-c0d334d80213 in organization carbon.super against ruleset f6c41731-0796-4761-85f7-96b6d807aa43
ThreadID: [1209] TenantID: [] [2026-10-03 22:40:55,129]  INFO {APIM_GOV_AUDIT_LOG} - [Async Eval Request] :: Artifact e2751bd4-70e9-4e96-9c39-c0d334d80213 evaluated against policy e404809e-e6ad-46f4-95a1-e1a8e1034d8e in organization carbon.super
ThreadID: [1209] TenantID: [] [2026-10-03 22:40:55,130]  INFO {APIM_GOV_AUDIT_LOG} - [Async Eval Request] :: Request 453b626a-7fcb-44a3-9b37-4bd5d319a0b5 processed successfully for artifact e2751bd4-70e9-4e96-9c39-c0d334d80213 in organization carbon.super
ThreadID: [1214] TenantID: [] [2026-10-03 22:41:32,618]  INFO {APIM_GOV_AUDIT_LOG} - [Skip Async Eval] :: Skipping async compliance evaluation for artifact 64375b4b-7e17-41d3-87ca-81ca0b3494a3 in organization carbon.super due to incompatible artifact type
ThreadID: [134] TenantID: [] [2026-10-03 22:42:55,068]  INFO {APIM_GOV_AUDIT_LOG} - [Scheduler Thread Pool Status] :: Active Thread Count: 0 -- | -- Completed Task Count: 5 -- | -- Submitted Task Count: 5 -- | -- Queue Size: 0 -- | -- Core Pool Size: 20 -- | -- Maximum Pool Size: 20 -- | -- Current Pool Size: 5
ThreadID: [134] TenantID: [] [2026-10-03 22:42:55,068]  INFO {APIM_GOV_AUDIT_LOG} - [Delete Processing Requests] :: Deleted 0 long-lasting processing requests with IDs: []
ThreadID: [134] TenantID: [] [2026-10-03 22:42:55,068]  INFO {APIM_GOV_AUDIT_LOG} - [Fetch Requests] :: Scheduler fetched 0 requests with IDs: []
ThreadID: [134] TenantID: [] [2026-10-03 22:44:55,069]  INFO {APIM_GOV_AUDIT_LOG} - [Scheduler Thread Pool Status] :: Active Thread Count: 0 -- | -- Completed Task Count: 5 -- | -- Submitted Task Count: 5 -- | -- Queue Size: 0 -- | -- Core Pool Size: 20 -- | -- Maximum Pool Size: 20 -- | -- Current Pool Size: 5
ThreadID: [134] TenantID: [] [2026-10-03 22:44:55,069]  INFO {APIM_GOV_AUDIT_LOG} - [Delete Processing Requests] :: Deleted 0 long-lasting processing requests with IDs: []
ThreadID: [134] TenantID: [] [2026-10-03 22:44:55,069]  INFO {APIM_GOV_AUDIT_LOG} - [Fetch Requests] :: Scheduler fetched 0 requests with IDs: []
ThreadID: [134] TenantID: [] [2026-10-03 22:46:55,068]  INFO {APIM_GOV_AUDIT_LOG} - [Scheduler Thread Pool Status] :: Active Thread Count: 0 -- | -- Completed Task Count: 5 -- | -- Submitted Task Count: 5 -- | -- Queue Size: 0 -- | -- Core Pool Size: 20 -- | -- Maximum Pool Size: 20 -- | -- Current Pool Size: 5
ThreadID: [134] TenantID: [] [2026-10-03 22:46:55,068]  INFO {APIM_GOV_AUDIT_LOG} - [Delete Processing Requests] :: Deleted 0 long-lasting processing requests with IDs: []
ThreadID: [134] TenantID: [] [2026-10-03 22:46:55,068]  INFO {APIM_GOV_AUDIT_LOG} - [Fetch Requests] :: Scheduler fetched 0 requests with IDs: []
ThreadID: [134] TenantID: [] [2026-10-03 22:48:55,068]  INFO {APIM_GOV_AUDIT_LOG} - [Scheduler Thread Pool Status] :: Active Thread Count: 0 -- | -- Completed Task Count: 5 -- | -- Submitted Task Count: 5 -- | -- Queue Size: 0 -- | -- Core Pool Size: 20 -- | -- Maximum Pool Size: 20 -- | -- Current Pool Size: 5
ThreadID: [134] TenantID: [] [2026-10-03 22:48:55,068]  INFO {APIM_GOV_AUDIT_LOG} - [Delete Processing Requests] :: Deleted 0 long-lasting processing requests with IDs: []
ThreadID: [134] TenantID: [] [2026-10-03 22:48:55,068]  INFO {APIM_GOV_AUDIT_LOG} - [Fetch Requests] :: Scheduler fetched 0 requests with IDs: []
ThreadID: [134] TenantID: [] [2026-10-03 22:50:55,068]  INFO {APIM_GOV_AUDIT_LOG} - [Scheduler Thread Pool Status] :: Active Thread Count: 0 -- | -- Completed Task Count: 5 -- | -- Submitted Task Count: 5 -- | -- Queue Size: 0 -- | -- Core Pool Size: 20 -- | -- Maximum Pool Size: 20 -- | -- Current Pool Size: 5
ThreadID: [134] TenantID: [] [2026-10-03 22:50:55,068]  INFO {APIM_GOV_AUDIT_LOG} - [Delete Processing Requests] :: Deleted 0 long-lasting processing requests with IDs: []
ThreadID: [134] TenantID: [] [2026-10-03 22:50:55,068]  INFO {APIM_GOV_AUDIT_LOG} - [Fetch Requests] :: Scheduler fetched 0 requests with IDs: []
ThreadID: [134] TenantID: [] [2026-10-03 22:52:55,068]  INFO {APIM_GOV_AUDIT_LOG} - [Scheduler Thread Pool Status] :: Active Thread Count: 0 -- | -- Completed Task Count: 5 -- | -- Submitted Task Count: 5 -- | -- Queue Size: 0 -- | -- Core Pool Size: 20 -- | -- Maximum Pool Size: 20 -- | -- Current Pool Size: 5
ThreadID: [134] TenantID: [] [2026-10-03 22:52:55,068]  INFO {APIM_GOV_AUDIT_LOG} - [Delete Processing Requests] :: Deleted 0 long-lasting processing requests with IDs: []
ThreadID: [134] TenantID: [] [2026-10-03 22:52:55,068]  INFO {APIM_GOV_AUDIT_LOG} - [Fetch Requests] :: Scheduler fetched 0 requests with IDs: []
ThreadID: [134] TenantID: [] [2026-10-03 22:54:55,068]  INFO {APIM_GOV_AUDIT_LOG} - [Scheduler Thread Pool Status] :: Active Thread Count: 0 -- | -- Completed Task Count: 5 -- | -- Submitted Task Count: 5 -- | -- Queue Size: 0 -- | -- Core Pool Size: 20 -- | -- Maximum Pool Size: 20 -- | -- Current Pool Size: 5
ThreadID: [134] TenantID: [] [2026-10-03 22:54:55,068]  INFO {APIM_GOV_AUDIT_LOG} - [Delete Processing Requests] :: Deleted 0 long-lasting processing requests with IDs: []
ThreadID: [134] TenantID: [] [2026-10-03 22:54:55,068]  INFO {APIM_GOV_AUDIT_LOG} - [Fetch Requests] :: Scheduler fetched 0 requests with IDs: []
ThreadID: [134] TenantID: [] [2026-10-03 22:56:55,068]  INFO {APIM_GOV_AUDIT_LOG} - [Scheduler Thread Pool Status] :: Active Thread Count: 0 -- | -- Completed Task Count: 5 -- | -- Submitted Task Count: 5 -- | -- Queue Size: 0 -- | -- Core Pool Size: 20 -- | -- Maximum Pool Size: 20 -- | -- Current Pool Size: 5
ThreadID: [134] TenantID: [] [2026-10-03 22:56:55,068]  INFO {APIM_GOV_AUDIT_LOG} - [Delete Processing Requests] :: Deleted 0 long-lasting processing requests with IDs: []
ThreadID: [134] TenantID: [] [2026-10-03 22:56:55,068]  INFO {APIM_GOV_AUDIT_LOG} - [Fetch Requests] :: Scheduler fetched 0 requests with IDs: []
ThreadID: [134] TenantID: [] [2026-10-03 22:58:55,069]  INFO {APIM_GOV_AUDIT_LOG} - [Scheduler Thread Pool Status] :: Active Thread Count: 0 -- | -- Completed Task Count: 5 -- | -- Submitted Task Count: 5 -- | -- Queue Size: 0 -- | -- Core Pool Size: 20 -- | -- Maximum Pool Size: 20 -- | -- Current Pool Size: 5
ThreadID: [134] TenantID: [] [2026-10-03 22:58:55,069]  INFO {APIM_GOV_AUDIT_LOG} - [Delete Processing Requests] :: Deleted 0 long-lasting processing requests with IDs: []
ThreadID: [134] TenantID: [] [2026-10-03 22:58:55,069]  INFO {APIM_GOV_AUDIT_LOG} - [Fetch Requests] :: Scheduler fetched 0 requests with IDs: []
ThreadID: [134] TenantID: [] [2026-10-03 23:00:55,069]  INFO {APIM_GOV_AUDIT_LOG} - [Scheduler Thread Pool Status] :: Active Thread Count: 0 -- | -- Completed Task Count: 5 -- | -- Submitted Task Count: 5 -- | -- Queue Size: 0 -- | -- Core Pool Size: 20 -- | -- Maximum Pool Size: 20 -- | -- Current Pool Size: 5
ThreadID: [134] TenantID: [] [2026-10-03 23:00:55,069]  INFO {APIM_GOV_AUDIT_LOG} - [Delete Processing Requests] :: Deleted 0 long-lasting processing requests with IDs: []
ThreadID: [134] TenantID: [] [2026-10-03 23:00:55,069]  INFO {APIM_GOV_AUDIT_LOG} - [Fetch Requests] :: Scheduler fetched 0 requests with IDs: []
ThreadID: [134] TenantID: [] [2026-10-03 23:02:55,068]  INFO {APIM_GOV_AUDIT_LOG} - [Scheduler Thread Pool Status] :: Active Thread Count: 0 -- | -- Completed Task Count: 5 -- | -- Submitted Task Count: 5 -- | -- Queue Size: 0 -- | -- Core Pool Size: 20 -- | -- Maximum Pool Size: 20 -- | -- Current Pool Size: 5
ThreadID: [134] TenantID: [] [2026-10-03 23:02:55,068]  INFO {APIM_GOV_AUDIT_LOG} - [Delete Processing Requests] :: Deleted 0 long-lasting processing requests with IDs: []
ThreadID: [134] TenantID: [] [2026-10-03 23:02:55,068]  INFO {APIM_GOV_AUDIT_LOG} - [Fetch Requests] :: Scheduler fetched 0 requests with IDs: []
ThreadID: [134] TenantID: [] [2026-10-03 23:04:55,068]  INFO {APIM_GOV_AUDIT_LOG} - [Scheduler Thread Pool Status] :: Active Thread Count: 0 -- | -- Completed Task Count: 5 -- | -- Submitted Task Count: 5 -- | -- Queue Size: 0 -- | -- Core Pool Size: 20 -- | -- Maximum Pool Size: 20 -- | -- Current Pool Size: 5
ThreadID: [134] TenantID: [] [2026-10-03 23:04:55,068]  INFO {APIM_GOV_AUDIT_LOG} - [Delete Processing Requests] :: Deleted 0 long-lasting processing requests with IDs: []
ThreadID: [134] TenantID: [] [2026-10-03 23:04:55,068]  INFO {APIM_GOV_AUDIT_LOG} - [Fetch Requests] :: Scheduler fetched 0 requests with IDs: []
ThreadID: [134] TenantID: [] [2026-10-03 23:06:55,068]  INFO {APIM_GOV_AUDIT_LOG} - [Scheduler Thread Pool Status] :: Active Thread Count: 0 -- | -- Completed Task Count: 5 -- | -- Submitted Task Count: 5 -- | -- Queue Size: 0 -- | -- Core Pool Size: 20 -- | -- Maximum Pool Size: 20 -- | -- Current Pool Size: 5
ThreadID: [134] TenantID: [] [2026-10-03 23:06:55,069]  INFO {APIM_GOV_AUDIT_LOG} - [Delete Processing Requests] :: Deleted 0 long-lasting processing requests with IDs: []
ThreadID: [134] TenantID: [] [2026-10-03 23:06:55,069]  INFO {APIM_GOV_AUDIT_LOG} - [Fetch Requests] :: Scheduler fetched 0 requests with IDs: []
ThreadID: [134] TenantID: [] [2026-10-03 23:08:55,070]  INFO {APIM_GOV_AUDIT_LOG} - [Scheduler Thread Pool Status] :: Active Thread Count: 0 -- | -- Completed Task Count: 5 -- | -- Submitted Task Count: 5 -- | -- Queue Size: 0 -- | -- Core Pool Size: 20 -- | -- Maximum Pool Size: 20 -- | -- Current Pool Size: 5
ThreadID: [134] TenantID: [] [2026-10-03 23:08:55,070]  INFO {APIM_GOV_AUDIT_LOG} - [Delete Processing Requests] :: Deleted 0 long-lasting processing requests with IDs: []
ThreadID: [134] TenantID: [] [2026-10-03 23:08:55,070]  INFO {APIM_GOV_AUDIT_LOG} - [Fetch Requests] :: Scheduler fetched 0 requests with IDs: []
ThreadID: [134] TenantID: [] [2026-10-03 23:10:55,068]  INFO {APIM_GOV_AUDIT_LOG} - [Scheduler Thread Pool Status] :: Active Thread Count: 0 -- | -- Completed Task Count: 5 -- | -- Submitted Task Count: 5 -- | -- Queue Size: 0 -- | -- Core Pool Size: 20 -- | -- Maximum Pool Size: 20 -- | -- Current Pool Size: 5
ThreadID: [134] TenantID: [] [2026-10-03 23:10:55,068]  INFO {APIM_GOV_AUDIT_LOG} - [Delete Processing Requests] :: Deleted 0 long-lasting processing requests with IDs: []
ThreadID: [134] TenantID: [] [2026-10-03 23:10:55,068]  INFO {APIM_GOV_AUDIT_LOG} - [Fetch Requests] :: Scheduler fetched 0 requests with IDs: []
ThreadID: [134] TenantID: [] [2026-10-03 23:12:55,070]  INFO {APIM_GOV_AUDIT_LOG} - [Scheduler Thread Pool Status] :: Active Thread Count: 0 -- | -- Completed Task Count: 5 -- | -- Submitted Task Count: 5 -- | -- Queue Size: 0 -- | -- Core Pool Size: 20 -- | -- Maximum Pool Size: 20 -- | -- Current Pool Size: 5
ThreadID: [134] TenantID: [] [2026-10-03 23:12:55,070]  INFO {APIM_GOV_AUDIT_LOG} - [Delete Processing Requests] :: Deleted 0 long-lasting processing requests with IDs: []
ThreadID: [134] TenantID: [] [2026-10-03 23:12:55,070]  INFO {APIM_GOV_AUDIT_LOG} - [Fetch Requests] :: Scheduler fetched 0 requests with IDs: []
ThreadID: [134] TenantID: [] [2026-10-03 23:14:55,069]  INFO {APIM_GOV_AUDIT_LOG} - [Scheduler Thread Pool Status] :: Active Thread Count: 0 -- | -- Completed Task Count: 5 -- | -- Submitted Task Count: 5 -- | -- Queue Size: 0 -- | -- Core Pool Size: 20 -- | -- Maximum Pool Size: 20 -- | -- Current Pool Size: 5
ThreadID: [134] TenantID: [] [2026-10-03 23:14:55,069]  INFO {APIM_GOV_AUDIT_LOG} - [Delete Processing Requests] :: Deleted 0 long-lasting processing requests with IDs: []
ThreadID: [134] TenantID: [] [2026-10-03 23:14:55,069]  INFO {APIM_GOV_AUDIT_LOG} - [Fetch Requests] :: Scheduler fetched 0 requests with IDs: []
ThreadID: [134] TenantID: [] [2026-10-03 23:16:55,068]  INFO {APIM_GOV_AUDIT_LOG} - [Scheduler Thread Pool Status] :: Active Thread Count: 0 -- | -- Completed Task Count: 5 -- | -- Submitted Task Count: 5 -- | -- Queue Size: 0 -- | -- Core Pool Size: 20 -- | -- Maximum Pool Size: 20 -- | -- Current Pool Size: 5
ThreadID: [134] TenantID: [] [2026-10-03 23:16:55,068]  INFO {APIM_GOV_AUDIT_LOG} - [Delete Processing Requests] :: Deleted 0 long-lasting processing requests with IDs: []
ThreadID: [134] TenantID: [] [2026-10-03 23:16:55,068]  INFO {APIM_GOV_AUDIT_LOG} - [Fetch Requests] :: Scheduler fetched 0 requests with IDs: []
ThreadID: [134] TenantID: [] [2026-10-03 23:18:55,069]  INFO {APIM_GOV_AUDIT_LOG} - [Scheduler Thread Pool Status] :: Active Thread Count: 0 -- | -- Completed Task Count: 5 -- | -- Submitted Task Count: 5 -- | -- Queue Size: 0 -- | -- Core Pool Size: 20 -- | -- Maximum Pool Size: 20 -- | -- Current Pool Size: 5
ThreadID: [134] TenantID: [] [2026-10-03 23:18:55,069]  INFO {APIM_GOV_AUDIT_LOG} - [Delete Processing Requests] :: Deleted 0 long-lasting processing requests with IDs: []
ThreadID: [134] TenantID: [] [2026-10-03 23:18:55,069]  INFO {APIM_GOV_AUDIT_LOG} - [Fetch Requests] :: Scheduler fetched 0 requests with IDs: []
ThreadID: [134] TenantID: [] [2026-10-03 23:20:55,069]  INFO {APIM_GOV_AUDIT_LOG} - [Scheduler Thread Pool Status] :: Active Thread Count: 0 -- | -- Completed Task Count: 5 -- | -- Submitted Task Count: 5 -- | -- Queue Size: 0 -- | -- Core Pool Size: 20 -- | -- Maximum Pool Size: 20 -- | -- Current Pool Size: 5
ThreadID: [134] TenantID: [] [2026-10-03 23:20:55,069]  INFO {APIM_GOV_AUDIT_LOG} - [Delete Processing Requests] :: Deleted 0 long-lasting processing requests with IDs: []
ThreadID: [134] TenantID: [] [2026-10-03 23:20:55,069]  INFO {APIM_GOV_AUDIT_LOG} - [Fetch Requests] :: Scheduler fetched 0 requests with IDs: []
ThreadID: [134] TenantID: [] [2026-10-03 23:22:55,069]  INFO {APIM_GOV_AUDIT_LOG} - [Scheduler Thread Pool Status] :: Active Thread Count: 0 -- | -- Completed Task Count: 5 -- | -- Submitted Task Count: 5 -- | -- Queue Size: 0 -- | -- Core Pool Size: 20 -- | -- Maximum Pool Size: 20 -- | -- Current Pool Size: 5
ThreadID: [134] TenantID: [] [2026-10-03 23:22:55,069]  INFO {APIM_GOV_AUDIT_LOG} - [Delete Processing Requests] :: Deleted 0 long-lasting processing requests with IDs: []
ThreadID: [134] TenantID: [] [2026-10-03 23:22:55,069]  INFO {APIM_GOV_AUDIT_LOG} - [Fetch Requests] :: Scheduler fetched 0 requests with IDs: []
ThreadID: [134] TenantID: [] [2026-10-03 23:24:55,068]  INFO {APIM_GOV_AUDIT_LOG} - [Scheduler Thread Pool Status] :: Active Thread Count: 0 -- | -- Completed Task Count: 5 -- | -- Submitted Task Count: 5 -- | -- Queue Size: 0 -- | -- Core Pool Size: 20 -- | -- Maximum Pool Size: 20 -- | -- Current Pool Size: 5
ThreadID: [134] TenantID: [] [2026-10-03 23:24:55,068]  INFO {APIM_GOV_AUDIT_LOG} - [Delete Processing Requests] :: Deleted 0 long-lasting processing requests with IDs: []
ThreadID: [134] TenantID: [] [2026-10-03 23:24:55,068]  INFO {APIM_GOV_AUDIT_LOG} - [Fetch Requests] :: Scheduler fetched 0 requests with IDs: []
ThreadID: [134] TenantID: [] [2026-10-03 23:26:55,068]  INFO {APIM_GOV_AUDIT_LOG} - [Scheduler Thread Pool Status] :: Active Thread Count: 0 -- | -- Completed Task Count: 5 -- | -- Submitted Task Count: 5 -- | -- Queue Size: 0 -- | -- Core Pool Size: 20 -- | -- Maximum Pool Size: 20 -- | -- Current Pool Size: 5
ThreadID: [134] TenantID: [] [2026-10-03 23:26:55,068]  INFO {APIM_GOV_AUDIT_LOG} - [Delete Processing Requests] :: Deleted 0 long-lasting processing requests with IDs: []
ThreadID: [134] TenantID: [] [2026-10-03 23:26:55,068]  INFO {APIM_GOV_AUDIT_LOG} - [Fetch Requests] :: Scheduler fetched 0 requests with IDs: []
ThreadID: [134] TenantID: [] [2026-10-03 23:28:55,068]  INFO {APIM_GOV_AUDIT_LOG} - [Scheduler Thread Pool Status] :: Active Thread Count: 0 -- | -- Completed Task Count: 5 -- | -- Submitted Task Count: 5 -- | -- Queue Size: 0 -- | -- Core Pool Size: 20 -- | -- Maximum Pool Size: 20 -- | -- Current Pool Size: 5
ThreadID: [134] TenantID: [] [2026-10-03 23:28:55,068]  INFO {APIM_GOV_AUDIT_LOG} - [Delete Processing Requests] :: Deleted 0 long-lasting processing requests with IDs: []
ThreadID: [134] TenantID: [] [2026-10-03 23:28:55,068]  INFO {APIM_GOV_AUDIT_LOG} - [Fetch Requests] :: Scheduler fetched 0 requests with IDs: []
ThreadID: [134] TenantID: [] [2026-10-03 23:30:55,068]  INFO {APIM_GOV_AUDIT_LOG} - [Scheduler Thread Pool Status] :: Active Thread Count: 0 -- | -- Completed Task Count: 5 -- | -- Submitted Task Count: 5 -- | -- Queue Size: 0 -- | -- Core Pool Size: 20 -- | -- Maximum Pool Size: 20 -- | -- Current Pool Size: 5
ThreadID: [134] TenantID: [] [2026-10-03 23:30:55,068]  INFO {APIM_GOV_AUDIT_LOG} - [Delete Processing Requests] :: Deleted 0 long-lasting processing requests with IDs: []
ThreadID: [134] TenantID: [] [2026-10-03 23:30:55,068]  INFO {APIM_GOV_AUDIT_LOG} - [Fetch Requests] :: Scheduler fetched 0 requests with IDs: []
ThreadID: [134] TenantID: [] [2026-10-03 23:32:55,068]  INFO {APIM_GOV_AUDIT_LOG} - [Scheduler Thread Pool Status] :: Active Thread Count: 0 -- | -- Completed Task Count: 5 -- | -- Submitted Task Count: 5 -- | -- Queue Size: 0 -- | -- Core Pool Size: 20 -- | -- Maximum Pool Size: 20 -- | -- Current Pool Size: 5
ThreadID: [134] TenantID: [] [2026-10-03 23:32:55,068]  INFO {APIM_GOV_AUDIT_LOG} - [Delete Processing Requests] :: Deleted 0 long-lasting processing requests with IDs: []
ThreadID: [134] TenantID: [] [2026-10-03 23:32:55,068]  INFO {APIM_GOV_AUDIT_LOG} - [Fetch Requests] :: Scheduler fetched 0 requests with IDs: []
ThreadID: [134] TenantID: [] [2026-10-03 23:34:55,068]  INFO {APIM_GOV_AUDIT_LOG} - [Scheduler Thread Pool Status] :: Active Thread Count: 0 -- | -- Completed Task Count: 5 -- | -- Submitted Task Count: 5 -- | -- Queue Size: 0 -- | -- Core Pool Size: 20 -- | -- Maximum Pool Size: 20 -- | -- Current Pool Size: 5
ThreadID: [134] TenantID: [] [2026-10-03 23:34:55,068]  INFO {APIM_GOV_AUDIT_LOG} - [Delete Processing Requests] :: Deleted 0 long-lasting processing requests with IDs: []
ThreadID: [134] TenantID: [] [2026-10-03 23:34:55,068]  INFO {APIM_GOV_AUDIT_LOG} - [Fetch Requests] :: Scheduler fetched 0 requests with IDs: []
ThreadID: [134] TenantID: [] [2026-10-03 23:36:55,068]  INFO {APIM_GOV_AUDIT_LOG} - [Scheduler Thread Pool Status] :: Active Thread Count: 0 -- | -- Completed Task Count: 5 -- | -- Submitted Task Count: 5 -- | -- Queue Size: 0 -- | -- Core Pool Size: 20 -- | -- Maximum Pool Size: 20 -- | -- Current Pool Size: 5
ThreadID: [134] TenantID: [] [2026-10-03 23:36:55,068]  INFO {APIM_GOV_AUDIT_LOG} - [Delete Processing Requests] :: Deleted 0 long-lasting processing requests with IDs: []
ThreadID: [134] TenantID: [] [2026-10-03 23:36:55,068]  INFO {APIM_GOV_AUDIT_LOG} - [Fetch Requests] :: Scheduler fetched 0 requests with IDs: []
ThreadID: [134] TenantID: [] [2026-10-03 23:38:55,068]  INFO {APIM_GOV_AUDIT_LOG} - [Scheduler Thread Pool Status] :: Active Thread Count: 0 -- | -- Completed Task Count: 5 -- | -- Submitted Task Count: 5 -- | -- Queue Size: 0 -- | -- Core Pool Size: 20 -- | -- Maximum Pool Size: 20 -- | -- Current Pool Size: 5
ThreadID: [134] TenantID: [] [2026-10-03 23:38:55,068]  INFO {APIM_GOV_AUDIT_LOG} - [Delete Processing Requests] :: Deleted 0 long-lasting processing requests with IDs: []
ThreadID: [134] TenantID: [] [2026-10-03 23:38:55,068]  INFO {APIM_GOV_AUDIT_LOG} - [Fetch Requests] :: Scheduler fetched 0 requests with IDs: []
ThreadID: [134] TenantID: [] [2026-10-03 23:40:55,068]  INFO {APIM_GOV_AUDIT_LOG} - [Scheduler Thread Pool Status] :: Active Thread Count: 0 -- | -- Completed Task Count: 5 -- | -- Submitted Task Count: 5 -- | -- Queue Size: 0 -- | -- Core Pool Size: 20 -- | -- Maximum Pool Size: 20 -- | -- Current Pool Size: 5
ThreadID: [134] TenantID: [] [2026-10-03 23:40:55,068]  INFO {APIM_GOV_AUDIT_LOG} - [Delete Processing Requests] :: Deleted 0 long-lasting processing requests with IDs: []
ThreadID: [134] TenantID: [] [2026-10-03 23:40:55,068]  INFO {APIM_GOV_AUDIT_LOG} - [Fetch Requests] :: Scheduler fetched 0 requests with IDs: []
ThreadID: [134] TenantID: [] [2026-10-03 23:42:55,068]  INFO {APIM_GOV_AUDIT_LOG} - [Scheduler Thread Pool Status] :: Active Thread Count: 0 -- | -- Completed Task Count: 5 -- | -- Submitted Task Count: 5 -- | -- Queue Size: 0 -- | -- Core Pool Size: 20 -- | -- Maximum Pool Size: 20 -- | -- Current Pool Size: 5
ThreadID: [134] TenantID: [] [2026-10-03 23:42:55,068]  INFO {APIM_GOV_AUDIT_LOG} - [Delete Processing Requests] :: Deleted 0 long-lasting processing requests with IDs: []
ThreadID: [134] TenantID: [] [2026-10-03 23:42:55,068]  INFO {APIM_GOV_AUDIT_LOG} - [Fetch Requests] :: Scheduler fetched 0 requests with IDs: []
ThreadID: [134] TenantID: [] [2026-10-03 23:44:55,068]  INFO {APIM_GOV_AUDIT_LOG} - [Scheduler Thread Pool Status] :: Active Thread Count: 0 -- | -- Completed Task Count: 5 -- | -- Submitted Task Count: 5 -- | -- Queue Size: 0 -- | -- Core Pool Size: 20 -- | -- Maximum Pool Size: 20 -- | -- Current Pool Size: 5
ThreadID: [134] TenantID: [] [2026-10-03 23:44:55,068]  INFO {APIM_GOV_AUDIT_LOG} - [Delete Processing Requests] :: Deleted 0 long-lasting processing requests with IDs: []
ThreadID: [134] TenantID: [] [2026-10-03 23:44:55,068]  INFO {APIM_GOV_AUDIT_LOG} - [Fetch Requests] :: Scheduler fetched 0 requests with IDs: []
ThreadID: [134] TenantID: [] [2026-10-03 23:46:55,069]  INFO {APIM_GOV_AUDIT_LOG} - [Scheduler Thread Pool Status] :: Active Thread Count: 0 -- | -- Completed Task Count: 5 -- | -- Submitted Task Count: 5 -- | -- Queue Size: 0 -- | -- Core Pool Size: 20 -- | -- Maximum Pool Size: 20 -- | -- Current Pool Size: 5
ThreadID: [134] TenantID: [] [2026-10-03 23:46:55,069]  INFO {APIM_GOV_AUDIT_LOG} - [Delete Processing Requests] :: Deleted 0 long-lasting processing requests with IDs: []
ThreadID: [134] TenantID: [] [2026-10-03 23:46:55,069]  INFO {APIM_GOV_AUDIT_LOG} - [Fetch Requests] :: Scheduler fetched 0 requests with IDs: []
ThreadID: [134] TenantID: [] [2026-10-03 23:48:55,068]  INFO {APIM_GOV_AUDIT_LOG} - [Scheduler Thread Pool Status] :: Active Thread Count: 0 -- | -- Completed Task Count: 5 -- | -- Submitted Task Count: 5 -- | -- Queue Size: 0 -- | -- Core Pool Size: 20 -- | -- Maximum Pool Size: 20 -- | -- Current Pool Size: 5
ThreadID: [134] TenantID: [] [2026-10-03 23:48:55,068]  INFO {APIM_GOV_AUDIT_LOG} - [Delete Processing Requests] :: Deleted 0 long-lasting processing requests with IDs: []
ThreadID: [134] TenantID: [] [2026-10-03 23:48:55,068]  INFO {APIM_GOV_AUDIT_LOG} - [Fetch Requests] :: Scheduler fetched 0 requests with IDs: []
ThreadID: [134] TenantID: [] [2026-10-03 23:50:55,069]  INFO {APIM_GOV_AUDIT_LOG} - [Scheduler Thread Pool Status] :: Active Thread Count: 0 -- | -- Completed Task Count: 5 -- | -- Submitted Task Count: 5 -- | -- Queue Size: 0 -- | -- Core Pool Size: 20 -- | -- Maximum Pool Size: 20 -- | -- Current Pool Size: 5
ThreadID: [134] TenantID: [] [2026-10-03 23:50:55,069]  INFO {APIM_GOV_AUDIT_LOG} - [Delete Processing Requests] :: Deleted 0 long-lasting processing requests with IDs: []
ThreadID: [134] TenantID: [] [2026-10-03 23:50:55,069]  INFO {APIM_GOV_AUDIT_LOG} - [Fetch Requests] :: Scheduler fetched 0 requests with IDs: []
ThreadID: [134] TenantID: [] [2026-10-03 23:52:55,070]  INFO {APIM_GOV_AUDIT_LOG} - [Scheduler Thread Pool Status] :: Active Thread Count: 0 -- | -- Completed Task Count: 5 -- | -- Submitted Task Count: 5 -- | -- Queue Size: 0 -- | -- Core Pool Size: 20 -- | -- Maximum Pool Size: 20 -- | -- Current Pool Size: 5
ThreadID: [134] TenantID: [] [2026-10-03 23:52:55,070]  INFO {APIM_GOV_AUDIT_LOG} - [Delete Processing Requests] :: Deleted 0 long-lasting processing requests with IDs: []
ThreadID: [134] TenantID: [] [2026-10-03 23:52:55,070]  INFO {APIM_GOV_AUDIT_LOG} - [Fetch Requests] :: Scheduler fetched 0 requests with IDs: []
ThreadID: [134] TenantID: [] [2026-10-03 23:54:55,068]  INFO {APIM_GOV_AUDIT_LOG} - [Scheduler Thread Pool Status] :: Active Thread Count: 0 -- | -- Completed Task Count: 5 -- | -- Submitted Task Count: 5 -- | -- Queue Size: 0 -- | -- Core Pool Size: 20 -- | -- Maximum Pool Size: 20 -- | -- Current Pool Size: 5
ThreadID: [134] TenantID: [] [2026-10-03 23:54:55,068]  INFO {APIM_GOV_AUDIT_LOG} - [Delete Processing Requests] :: Deleted 0 long-lasting processing requests with IDs: []
ThreadID: [134] TenantID: [] [2026-10-03 23:54:55,068]  INFO {APIM_GOV_AUDIT_LOG} - [Fetch Requests] :: Scheduler fetched 0 requests with IDs: []
ThreadID: [134] TenantID: [] [2026-10-03 23:56:55,068]  INFO {APIM_GOV_AUDIT_LOG} - [Scheduler Thread Pool Status] :: Active Thread Count: 0 -- | -- Completed Task Count: 5 -- | -- Submitted Task Count: 5 -- | -- Queue Size: 0 -- | -- Core Pool Size: 20 -- | -- Maximum Pool Size: 20 -- | -- Current Pool Size: 5
ThreadID: [134] TenantID: [] [2026-10-03 23:56:55,068]  INFO {APIM_GOV_AUDIT_LOG} - [Delete Processing Requests] :: Deleted 0 long-lasting processing requests with IDs: []
ThreadID: [134] TenantID: [] [2026-10-03 23:56:55,068]  INFO {APIM_GOV_AUDIT_LOG} - [Fetch Requests] :: Scheduler fetched 0 requests with IDs: []
ThreadID: [134] TenantID: [] [2026-10-03 23:58:55,068]  INFO {APIM_GOV_AUDIT_LOG} - [Scheduler Thread Pool Status] :: Active Thread Count: 0 -- | -- Completed Task Count: 5 -- | -- Submitted Task Count: 5 -- | -- Queue Size: 0 -- | -- Core Pool Size: 20 -- | -- Maximum Pool Size: 20 -- | -- Current Pool Size: 5
ThreadID: [134] TenantID: [] [2026-10-03 23:58:55,068]  INFO {APIM_GOV_AUDIT_LOG} - [Delete Processing Requests] :: Deleted 0 long-lasting processing requests with IDs: []
ThreadID: [134] TenantID: [] [2026-10-03 23:58:55,068]  INFO {APIM_GOV_AUDIT_LOG} - [Fetch Requests] :: Scheduler fetched 0 requests with IDs: []
