ThreadID: [148] TenantID: [] [2026-10-01 14:16:25,314]  INFO {APIM_GOV_AUDIT_LOG} - [Scheduler Thread Pool Status] :: Active Thread Count: 0 -- | -- Completed Task Count: 0 -- | -- Submitted Task Count: 0 -- | -- Queue Size: 0 -- | -- Core Pool Size: 20 -- | -- Maximum Pool Size: 20 -- | -- Current Pool Size: 0
ThreadID: [148] TenantID: [] [2026-10-01 14:16:25,315]  INFO {APIM_GOV_AUDIT_LOG} - [Delete Processing Requests] :: Deleted 0 long-lasting processing requests with IDs: []
ThreadID: [148] TenantID: [] [2026-10-01 14:16:25,316]  INFO {APIM_GOV_AUDIT_LOG} - [Fetch Requests] :: Scheduler fetched 0 requests with IDs: []
ThreadID: [28] TenantID: [] [2026-10-01 14:17:04,641]  INFO {APIM_GOV_AUDIT_LOG} - [Ruleset] :: New ruleset OWASP Top 10 with id e7720bb7-d532-4eb2-9083-5b6e13e86f58 created by user null in organization carbon.super
ThreadID: [28] TenantID: [] [2026-10-01 14:17:04,682]  INFO {APIM_GOV_AUDIT_LOG} - [Ruleset] :: New ruleset WSO2 API Management Guidelines with id f6c41731-0796-4761-85f7-96b6d807aa43 created by user null in organization carbon.super
ThreadID: [28] TenantID: [] [2026-10-01 14:17:04,730]  INFO {APIM_GOV_AUDIT_LOG} - [Ruleset] :: New ruleset WSO2 REST API Design Guidelines with id 3ae5cc93-a81d-44a9-a14d-8d7b7c6984b7 created by user null in organization carbon.super
ThreadID: [28] TenantID: [] [2026-10-01 14:17:04,742]  INFO {APIM_GOV_AUDIT_LOG} - [Governance Policy] :: New governance policy WSO2 API Management Best Practices with ID e404809e-e6ad-46f4-95a1-e1a8e1034d8e created by user null in organization carbon.super
ThreadID: [148] TenantID: [] [2026-10-01 14:18:25,315]  INFO {APIM_GOV_AUDIT_LOG} - [Scheduler Thread Pool Status] :: Active Thread Count: 0 -- | -- Completed Task Count: 0 -- | -- Submitted Task Count: 0 -- | -- Queue Size: 0 -- | -- Core Pool Size: 20 -- | -- Maximum Pool Size: 20 -- | -- Current Pool Size: 0
ThreadID: [148] TenantID: [] [2026-10-01 14:18:25,315]  INFO {APIM_GOV_AUDIT_LOG} - [Delete Processing Requests] :: Deleted 0 long-lasting processing requests with IDs: []
ThreadID: [148] TenantID: [] [2026-10-01 14:18:25,315]  INFO {APIM_GOV_AUDIT_LOG} - [Fetch Requests] :: Scheduler fetched 0 requests with IDs: []
ThreadID: [148] TenantID: [] [2026-10-01 14:20:25,314]  INFO {APIM_GOV_AUDIT_LOG} - [Scheduler Thread Pool Status] :: Active Thread Count: 0 -- | -- Completed Task Count: 0 -- | -- Submitted Task Count: 0 -- | -- Queue Size: 0 -- | -- Core Pool Size: 20 -- | -- Maximum Pool Size: 20 -- | -- Current Pool Size: 0
ThreadID: [148] TenantID: [] [2026-10-01 14:20:25,314]  INFO {APIM_GOV_AUDIT_LOG} - [Delete Processing Requests] :: Deleted 0 long-lasting processing requests with IDs: []
ThreadID: [148] TenantID: [] [2026-10-01 14:20:25,314]  INFO {APIM_GOV_AUDIT_LOG} - [Fetch Requests] :: Scheduler fetched 0 requests with IDs: []
ThreadID: [148] TenantID: [] [2026-10-01 14:22:25,316]  INFO {APIM_GOV_AUDIT_LOG} - [Scheduler Thread Pool Status] :: Active Thread Count: 0 -- | -- Completed Task Count: 0 -- | -- Submitted Task Count: 0 -- | -- Queue Size: 0 -- | -- Core Pool Size: 20 -- | -- Maximum Pool Size: 20 -- | -- Current Pool Size: 0
ThreadID: [148] TenantID: [] [2026-10-01 14:22:25,316]  INFO {APIM_GOV_AUDIT_LOG} - [Delete Processing Requests] :: Deleted 0 long-lasting processing requests with IDs: []
ThreadID: [148] TenantID: [] [2026-10-01 14:22:25,316]  INFO {APIM_GOV_AUDIT_LOG} - [Fetch Requests] :: Scheduler fetched 0 requests with IDs: []
ThreadID: [1435] TenantID: [] [2026-10-01 14:24:06,262]  INFO {APIM_GOV_AUDIT_LOG} - [New Async Eval Request] :: New compliance evaluation request for artifact e2751bd4-70e9-4e96-9c39-c0d334d80213 with policy IDs [e404809e-e6ad-46f4-95a1-e1a8e1034d8e]
ThreadID: [1435] TenantID: [] [2026-10-01 14:24:06,519]  INFO {APIM_GOV_AUDIT_LOG} - [New Async Eval Request] :: New compliance evaluation request for artifact e2751bd4-70e9-4e96-9c39-c0d334d80213 with policy IDs [e404809e-e6ad-46f4-95a1-e1a8e1034d8e]
ThreadID: [1435] TenantID: [] [2026-10-01 14:24:06,519]  INFO {APIM_GOV_AUDIT_LOG} - [New Async Eval Request] :: New compliance evaluation request for artifact e2751bd4-70e9-4e96-9c39-c0d334d80213 with policy IDs [e404809e-e6ad-46f4-95a1-e1a8e1034d8e]
ThreadID: [1435] TenantID: [] [2026-10-01 14:24:06,648]  INFO {APIM_GOV_AUDIT_LOG} - [New Async Eval Request] :: New compliance evaluation request for artifact e2751bd4-70e9-4e96-9c39-c0d334d80213 with policy IDs [e404809e-e6ad-46f4-95a1-e1a8e1034d8e]
ThreadID: [1435] TenantID: [] [2026-10-01 14:24:06,648]  INFO {APIM_GOV_AUDIT_LOG} - [New Async Eval Request] :: New compliance evaluation request for artifact e2751bd4-70e9-4e96-9c39-c0d334d80213 with policy IDs [e404809e-e6ad-46f4-95a1-e1a8e1034d8e]
ThreadID: [1435] TenantID: [] [2026-10-01 14:24:06,674]  INFO {APIM_GOV_AUDIT_LOG} - [New Async Eval Request] :: New compliance evaluation request for artifact e2751bd4-70e9-4e96-9c39-c0d334d80213 with policy IDs [e404809e-e6ad-46f4-95a1-e1a8e1034d8e]
ThreadID: [1435] TenantID: [] [2026-10-01 14:24:06,674]  INFO {APIM_GOV_AUDIT_LOG} - [New Async Eval Request] :: New compliance evaluation request for artifact e2751bd4-70e9-4e96-9c39-c0d334d80213 with policy IDs [e404809e-e6ad-46f4-95a1-e1a8e1034d8e]
ThreadID: [148] TenantID: [] [2026-10-01 14:24:25,315]  INFO {APIM_GOV_AUDIT_LOG} - [Scheduler Thread Pool Status] :: Active Thread Count: 0 -- | -- Completed Task Count: 0 -- | -- Submitted Task Count: 0 -- | -- Queue Size: 0 -- | -- Core Pool Size: 20 -- | -- Maximum Pool Size: 20 -- | -- Current Pool Size: 0
ThreadID: [148] TenantID: [] [2026-10-01 14:24:25,315]  INFO {APIM_GOV_AUDIT_LOG} - [Delete Processing Requests] :: Deleted 0 long-lasting processing requests with IDs: []
ThreadID: [148] TenantID: [] [2026-10-01 14:24:25,315]  INFO {APIM_GOV_AUDIT_LOG} - [Fetch Requests] :: Scheduler fetched 1 requests with IDs: [f4399af8-3912-48d6-b24f-358817a20131]
ThreadID: [1465] TenantID: [] [2026-10-01 14:24:25,316]  INFO {APIM_GOV_AUDIT_LOG} - [Async Eval Request] :: Processing request f4399af8-3912-48d6-b24f-358817a20131 for artifact e2751bd4-70e9-4e96-9c39-c0d334d80213 in carbon.super organization
ThreadID: [1465] TenantID: [] [2026-10-01 14:24:25,442]  INFO {APIM_GOV_AUDIT_LOG} - [Async Eval Request] :: Validated artifact e2751bd4-70e9-4e96-9c39-c0d334d80213 in organization carbon.super against ruleset 3ae5cc93-a81d-44a9-a14d-8d7b7c6984b7
ThreadID: [1465] TenantID: [] [2026-10-01 14:24:25,456]  INFO {APIM_GOV_AUDIT_LOG} - [Async Eval Request] :: Validated artifact e2751bd4-70e9-4e96-9c39-c0d334d80213 in organization carbon.super against ruleset f6c41731-0796-4761-85f7-96b6d807aa43
ThreadID: [1465] TenantID: [] [2026-10-01 14:24:25,457]  INFO {APIM_GOV_AUDIT_LOG} - [Async Eval Request] :: Artifact e2751bd4-70e9-4e96-9c39-c0d334d80213 evaluated against policy e404809e-e6ad-46f4-95a1-e1a8e1034d8e in organization carbon.super
ThreadID: [1465] TenantID: [] [2026-10-01 14:24:25,457]  INFO {APIM_GOV_AUDIT_LOG} - [Async Eval Request] :: Request f4399af8-3912-48d6-b24f-358817a20131 processed successfully for artifact e2751bd4-70e9-4e96-9c39-c0d334d80213 in organization carbon.super
ThreadID: [134] TenantID: [] [2026-10-01 14:27:00,881]  INFO {APIM_GOV_AUDIT_LOG} - [Scheduler Thread Pool Status] :: Active Thread Count: 0 -- | -- Completed Task Count: 0 -- | -- Submitted Task Count: 0 -- | -- Queue Size: 0 -- | -- Core Pool Size: 20 -- | -- Maximum Pool Size: 20 -- | -- Current Pool Size: 0
ThreadID: [134] TenantID: [] [2026-10-01 14:27:00,881]  INFO {APIM_GOV_AUDIT_LOG} - [Delete Processing Requests] :: Deleted 0 long-lasting processing requests with IDs: []
ThreadID: [134] TenantID: [] [2026-10-01 14:27:00,882]  INFO {APIM_GOV_AUDIT_LOG} - [Fetch Requests] :: Scheduler fetched 0 requests with IDs: []
ThreadID: [134] TenantID: [] [2026-10-01 14:29:00,881]  INFO {APIM_GOV_AUDIT_LOG} - [Scheduler Thread Pool Status] :: Active Thread Count: 0 -- | -- Completed Task Count: 0 -- | -- Submitted Task Count: 0 -- | -- Queue Size: 0 -- | -- Core Pool Size: 20 -- | -- Maximum Pool Size: 20 -- | -- Current Pool Size: 0
ThreadID: [134] TenantID: [] [2026-10-01 14:29:00,881]  INFO {APIM_GOV_AUDIT_LOG} - [Delete Processing Requests] :: Deleted 0 long-lasting processing requests with IDs: []
ThreadID: [134] TenantID: [] [2026-10-01 14:29:00,881]  INFO {APIM_GOV_AUDIT_LOG} - [Fetch Requests] :: Scheduler fetched 0 requests with IDs: []
ThreadID: [134] TenantID: [] [2026-10-01 14:31:00,882]  INFO {APIM_GOV_AUDIT_LOG} - [Scheduler Thread Pool Status] :: Active Thread Count: 0 -- | -- Completed Task Count: 0 -- | -- Submitted Task Count: 0 -- | -- Queue Size: 0 -- | -- Core Pool Size: 20 -- | -- Maximum Pool Size: 20 -- | -- Current Pool Size: 0
ThreadID: [134] TenantID: [] [2026-10-01 14:31:00,882]  INFO {APIM_GOV_AUDIT_LOG} - [Delete Processing Requests] :: Deleted 0 long-lasting processing requests with IDs: []
ThreadID: [134] TenantID: [] [2026-10-01 14:31:00,882]  INFO {APIM_GOV_AUDIT_LOG} - [Fetch Requests] :: Scheduler fetched 0 requests with IDs: []
ThreadID: [134] TenantID: [] [2026-10-01 14:33:00,881]  INFO {APIM_GOV_AUDIT_LOG} - [Scheduler Thread Pool Status] :: Active Thread Count: 0 -- | -- Completed Task Count: 0 -- | -- Submitted Task Count: 0 -- | -- Queue Size: 0 -- | -- Core Pool Size: 20 -- | -- Maximum Pool Size: 20 -- | -- Current Pool Size: 0
ThreadID: [134] TenantID: [] [2026-10-01 14:33:00,881]  INFO {APIM_GOV_AUDIT_LOG} - [Delete Processing Requests] :: Deleted 0 long-lasting processing requests with IDs: []
ThreadID: [134] TenantID: [] [2026-10-01 14:33:00,881]  INFO {APIM_GOV_AUDIT_LOG} - [Fetch Requests] :: Scheduler fetched 0 requests with IDs: []
ThreadID: [134] TenantID: [] [2026-10-01 14:35:00,882]  INFO {APIM_GOV_AUDIT_LOG} - [Scheduler Thread Pool Status] :: Active Thread Count: 0 -- | -- Completed Task Count: 0 -- | -- Submitted Task Count: 0 -- | -- Queue Size: 0 -- | -- Core Pool Size: 20 -- | -- Maximum Pool Size: 20 -- | -- Current Pool Size: 0
ThreadID: [134] TenantID: [] [2026-10-01 14:35:00,882]  INFO {APIM_GOV_AUDIT_LOG} - [Delete Processing Requests] :: Deleted 0 long-lasting processing requests with IDs: []
ThreadID: [134] TenantID: [] [2026-10-01 14:35:00,882]  INFO {APIM_GOV_AUDIT_LOG} - [Fetch Requests] :: Scheduler fetched 0 requests with IDs: []
ThreadID: [134] TenantID: [] [2026-10-01 14:37:00,882]  INFO {APIM_GOV_AUDIT_LOG} - [Scheduler Thread Pool Status] :: Active Thread Count: 0 -- | -- Completed Task Count: 0 -- | -- Submitted Task Count: 0 -- | -- Queue Size: 0 -- | -- Core Pool Size: 20 -- | -- Maximum Pool Size: 20 -- | -- Current Pool Size: 0
ThreadID: [134] TenantID: [] [2026-10-01 14:37:00,882]  INFO {APIM_GOV_AUDIT_LOG} - [Delete Processing Requests] :: Deleted 0 long-lasting processing requests with IDs: []
ThreadID: [134] TenantID: [] [2026-10-01 14:37:00,882]  INFO {APIM_GOV_AUDIT_LOG} - [Fetch Requests] :: Scheduler fetched 0 requests with IDs: []
ThreadID: [134] TenantID: [] [2026-10-01 14:39:00,881]  INFO {APIM_GOV_AUDIT_LOG} - [Scheduler Thread Pool Status] :: Active Thread Count: 0 -- | -- Completed Task Count: 0 -- | -- Submitted Task Count: 0 -- | -- Queue Size: 0 -- | -- Core Pool Size: 20 -- | -- Maximum Pool Size: 20 -- | -- Current Pool Size: 0
ThreadID: [134] TenantID: [] [2026-10-01 14:39:00,881]  INFO {APIM_GOV_AUDIT_LOG} - [Delete Processing Requests] :: Deleted 0 long-lasting processing requests with IDs: []
ThreadID: [134] TenantID: [] [2026-10-01 14:39:00,881]  INFO {APIM_GOV_AUDIT_LOG} - [Fetch Requests] :: Scheduler fetched 0 requests with IDs: []
ThreadID: [134] TenantID: [] [2026-10-01 14:41:00,881]  INFO {APIM_GOV_AUDIT_LOG} - [Scheduler Thread Pool Status] :: Active Thread Count: 0 -- | -- Completed Task Count: 0 -- | -- Submitted Task Count: 0 -- | -- Queue Size: 0 -- | -- Core Pool Size: 20 -- | -- Maximum Pool Size: 20 -- | -- Current Pool Size: 0
ThreadID: [134] TenantID: [] [2026-10-01 14:41:00,881]  INFO {APIM_GOV_AUDIT_LOG} - [Delete Processing Requests] :: Deleted 0 long-lasting processing requests with IDs: []
ThreadID: [134] TenantID: [] [2026-10-01 14:41:00,881]  INFO {APIM_GOV_AUDIT_LOG} - [Fetch Requests] :: Scheduler fetched 0 requests with IDs: []
ThreadID: [134] TenantID: [] [2026-10-01 14:43:00,882]  INFO {APIM_GOV_AUDIT_LOG} - [Scheduler Thread Pool Status] :: Active Thread Count: 0 -- | -- Completed Task Count: 0 -- | -- Submitted Task Count: 0 -- | -- Queue Size: 0 -- | -- Core Pool Size: 20 -- | -- Maximum Pool Size: 20 -- | -- Current Pool Size: 0
ThreadID: [134] TenantID: [] [2026-10-01 14:43:00,882]  INFO {APIM_GOV_AUDIT_LOG} - [Delete Processing Requests] :: Deleted 0 long-lasting processing requests with IDs: []
ThreadID: [134] TenantID: [] [2026-10-01 14:43:00,882]  INFO {APIM_GOV_AUDIT_LOG} - [Fetch Requests] :: Scheduler fetched 0 requests with IDs: []
ThreadID: [134] TenantID: [] [2026-10-01 14:45:00,881]  INFO {APIM_GOV_AUDIT_LOG} - [Scheduler Thread Pool Status] :: Active Thread Count: 0 -- | -- Completed Task Count: 0 -- | -- Submitted Task Count: 0 -- | -- Queue Size: 0 -- | -- Core Pool Size: 20 -- | -- Maximum Pool Size: 20 -- | -- Current Pool Size: 0
ThreadID: [134] TenantID: [] [2026-10-01 14:45:00,881]  INFO {APIM_GOV_AUDIT_LOG} - [Delete Processing Requests] :: Deleted 0 long-lasting processing requests with IDs: []
ThreadID: [134] TenantID: [] [2026-10-01 14:45:00,881]  INFO {APIM_GOV_AUDIT_LOG} - [Fetch Requests] :: Scheduler fetched 0 requests with IDs: []
ThreadID: [134] TenantID: [] [2026-10-01 14:47:00,882]  INFO {APIM_GOV_AUDIT_LOG} - [Scheduler Thread Pool Status] :: Active Thread Count: 0 -- | -- Completed Task Count: 0 -- | -- Submitted Task Count: 0 -- | -- Queue Size: 0 -- | -- Core Pool Size: 20 -- | -- Maximum Pool Size: 20 -- | -- Current Pool Size: 0
ThreadID: [134] TenantID: [] [2026-10-01 14:47:00,882]  INFO {APIM_GOV_AUDIT_LOG} - [Delete Processing Requests] :: Deleted 0 long-lasting processing requests with IDs: []
ThreadID: [134] TenantID: [] [2026-10-01 14:47:00,882]  INFO {APIM_GOV_AUDIT_LOG} - [Fetch Requests] :: Scheduler fetched 0 requests with IDs: []
ThreadID: [134] TenantID: [] [2026-10-01 14:49:00,881]  INFO {APIM_GOV_AUDIT_LOG} - [Scheduler Thread Pool Status] :: Active Thread Count: 0 -- | -- Completed Task Count: 0 -- | -- Submitted Task Count: 0 -- | -- Queue Size: 0 -- | -- Core Pool Size: 20 -- | -- Maximum Pool Size: 20 -- | -- Current Pool Size: 0
ThreadID: [134] TenantID: [] [2026-10-01 14:49:00,881]  INFO {APIM_GOV_AUDIT_LOG} - [Delete Processing Requests] :: Deleted 0 long-lasting processing requests with IDs: []
ThreadID: [134] TenantID: [] [2026-10-01 14:49:00,881]  INFO {APIM_GOV_AUDIT_LOG} - [Fetch Requests] :: Scheduler fetched 0 requests with IDs: []
ThreadID: [134] TenantID: [] [2026-10-01 14:51:00,881]  INFO {APIM_GOV_AUDIT_LOG} - [Scheduler Thread Pool Status] :: Active Thread Count: 0 -- | -- Completed Task Count: 0 -- | -- Submitted Task Count: 0 -- | -- Queue Size: 0 -- | -- Core Pool Size: 20 -- | -- Maximum Pool Size: 20 -- | -- Current Pool Size: 0
ThreadID: [134] TenantID: [] [2026-10-01 14:51:00,881]  INFO {APIM_GOV_AUDIT_LOG} - [Delete Processing Requests] :: Deleted 0 long-lasting processing requests with IDs: []
ThreadID: [134] TenantID: [] [2026-10-01 14:51:00,881]  INFO {APIM_GOV_AUDIT_LOG} - [Fetch Requests] :: Scheduler fetched 0 requests with IDs: []
ThreadID: [134] TenantID: [] [2026-10-01 14:53:00,881]  INFO {APIM_GOV_AUDIT_LOG} - [Scheduler Thread Pool Status] :: Active Thread Count: 0 -- | -- Completed Task Count: 0 -- | -- Submitted Task Count: 0 -- | -- Queue Size: 0 -- | -- Core Pool Size: 20 -- | -- Maximum Pool Size: 20 -- | -- Current Pool Size: 0
ThreadID: [134] TenantID: [] [2026-10-01 14:53:00,881]  INFO {APIM_GOV_AUDIT_LOG} - [Delete Processing Requests] :: Deleted 0 long-lasting processing requests with IDs: []
ThreadID: [134] TenantID: [] [2026-10-01 14:53:00,881]  INFO {APIM_GOV_AUDIT_LOG} - [Fetch Requests] :: Scheduler fetched 0 requests with IDs: []
ThreadID: [134] TenantID: [] [2026-10-01 14:55:00,882]  INFO {APIM_GOV_AUDIT_LOG} - [Scheduler Thread Pool Status] :: Active Thread Count: 0 -- | -- Completed Task Count: 0 -- | -- Submitted Task Count: 0 -- | -- Queue Size: 0 -- | -- Core Pool Size: 20 -- | -- Maximum Pool Size: 20 -- | -- Current Pool Size: 0
ThreadID: [134] TenantID: [] [2026-10-01 14:55:00,882]  INFO {APIM_GOV_AUDIT_LOG} - [Delete Processing Requests] :: Deleted 0 long-lasting processing requests with IDs: []
ThreadID: [134] TenantID: [] [2026-10-01 14:55:00,882]  INFO {APIM_GOV_AUDIT_LOG} - [Fetch Requests] :: Scheduler fetched 0 requests with IDs: []
ThreadID: [134] TenantID: [] [2026-10-01 14:57:00,882]  INFO {APIM_GOV_AUDIT_LOG} - [Scheduler Thread Pool Status] :: Active Thread Count: 0 -- | -- Completed Task Count: 0 -- | -- Submitted Task Count: 0 -- | -- Queue Size: 0 -- | -- Core Pool Size: 20 -- | -- Maximum Pool Size: 20 -- | -- Current Pool Size: 0
ThreadID: [134] TenantID: [] [2026-10-01 14:57:00,882]  INFO {APIM_GOV_AUDIT_LOG} - [Delete Processing Requests] :: Deleted 0 long-lasting processing requests with IDs: []
ThreadID: [134] TenantID: [] [2026-10-01 14:57:00,882]  INFO {APIM_GOV_AUDIT_LOG} - [Fetch Requests] :: Scheduler fetched 0 requests with IDs: []
ThreadID: [134] TenantID: [] [2026-10-01 14:59:00,881]  INFO {APIM_GOV_AUDIT_LOG} - [Scheduler Thread Pool Status] :: Active Thread Count: 0 -- | -- Completed Task Count: 0 -- | -- Submitted Task Count: 0 -- | -- Queue Size: 0 -- | -- Core Pool Size: 20 -- | -- Maximum Pool Size: 20 -- | -- Current Pool Size: 0
ThreadID: [134] TenantID: [] [2026-10-01 14:59:00,881]  INFO {APIM_GOV_AUDIT_LOG} - [Delete Processing Requests] :: Deleted 0 long-lasting processing requests with IDs: []
ThreadID: [134] TenantID: [] [2026-10-01 14:59:00,881]  INFO {APIM_GOV_AUDIT_LOG} - [Fetch Requests] :: Scheduler fetched 0 requests with IDs: []
ThreadID: [134] TenantID: [] [2026-10-01 15:01:00,881]  INFO {APIM_GOV_AUDIT_LOG} - [Scheduler Thread Pool Status] :: Active Thread Count: 0 -- | -- Completed Task Count: 0 -- | -- Submitted Task Count: 0 -- | -- Queue Size: 0 -- | -- Core Pool Size: 20 -- | -- Maximum Pool Size: 20 -- | -- Current Pool Size: 0
ThreadID: [134] TenantID: [] [2026-10-01 15:01:00,881]  INFO {APIM_GOV_AUDIT_LOG} - [Delete Processing Requests] :: Deleted 0 long-lasting processing requests with IDs: []
ThreadID: [134] TenantID: [] [2026-10-01 15:01:00,881]  INFO {APIM_GOV_AUDIT_LOG} - [Fetch Requests] :: Scheduler fetched 0 requests with IDs: []
ThreadID: [134] TenantID: [] [2026-10-01 15:03:00,881]  INFO {APIM_GOV_AUDIT_LOG} - [Scheduler Thread Pool Status] :: Active Thread Count: 0 -- | -- Completed Task Count: 0 -- | -- Submitted Task Count: 0 -- | -- Queue Size: 0 -- | -- Core Pool Size: 20 -- | -- Maximum Pool Size: 20 -- | -- Current Pool Size: 0
ThreadID: [134] TenantID: [] [2026-10-01 15:03:00,881]  INFO {APIM_GOV_AUDIT_LOG} - [Delete Processing Requests] :: Deleted 0 long-lasting processing requests with IDs: []
ThreadID: [134] TenantID: [] [2026-10-01 15:03:00,881]  INFO {APIM_GOV_AUDIT_LOG} - [Fetch Requests] :: Scheduler fetched 0 requests with IDs: []
ThreadID: [134] TenantID: [] [2026-10-01 15:05:00,882]  INFO {APIM_GOV_AUDIT_LOG} - [Scheduler Thread Pool Status] :: Active Thread Count: 0 -- | -- Completed Task Count: 0 -- | -- Submitted Task Count: 0 -- | -- Queue Size: 0 -- | -- Core Pool Size: 20 -- | -- Maximum Pool Size: 20 -- | -- Current Pool Size: 0
ThreadID: [134] TenantID: [] [2026-10-01 15:05:00,882]  INFO {APIM_GOV_AUDIT_LOG} - [Delete Processing Requests] :: Deleted 0 long-lasting processing requests with IDs: []
ThreadID: [134] TenantID: [] [2026-10-01 15:05:00,882]  INFO {APIM_GOV_AUDIT_LOG} - [Fetch Requests] :: Scheduler fetched 0 requests with IDs: []
ThreadID: [134] TenantID: [] [2026-10-01 15:07:00,881]  INFO {APIM_GOV_AUDIT_LOG} - [Scheduler Thread Pool Status] :: Active Thread Count: 0 -- | -- Completed Task Count: 0 -- | -- Submitted Task Count: 0 -- | -- Queue Size: 0 -- | -- Core Pool Size: 20 -- | -- Maximum Pool Size: 20 -- | -- Current Pool Size: 0
ThreadID: [134] TenantID: [] [2026-10-01 15:07:00,881]  INFO {APIM_GOV_AUDIT_LOG} - [Delete Processing Requests] :: Deleted 0 long-lasting processing requests with IDs: []
ThreadID: [134] TenantID: [] [2026-10-01 15:07:00,881]  INFO {APIM_GOV_AUDIT_LOG} - [Fetch Requests] :: Scheduler fetched 0 requests with IDs: []
ThreadID: [134] TenantID: [] [2026-10-01 15:09:00,881]  INFO {APIM_GOV_AUDIT_LOG} - [Scheduler Thread Pool Status] :: Active Thread Count: 0 -- | -- Completed Task Count: 0 -- | -- Submitted Task Count: 0 -- | -- Queue Size: 0 -- | -- Core Pool Size: 20 -- | -- Maximum Pool Size: 20 -- | -- Current Pool Size: 0
ThreadID: [134] TenantID: [] [2026-10-01 15:09:00,881]  INFO {APIM_GOV_AUDIT_LOG} - [Delete Processing Requests] :: Deleted 0 long-lasting processing requests with IDs: []
ThreadID: [134] TenantID: [] [2026-10-01 15:09:00,881]  INFO {APIM_GOV_AUDIT_LOG} - [Fetch Requests] :: Scheduler fetched 0 requests with IDs: []
ThreadID: [134] TenantID: [] [2026-10-01 15:11:00,881]  INFO {APIM_GOV_AUDIT_LOG} - [Scheduler Thread Pool Status] :: Active Thread Count: 0 -- | -- Completed Task Count: 0 -- | -- Submitted Task Count: 0 -- | -- Queue Size: 0 -- | -- Core Pool Size: 20 -- | -- Maximum Pool Size: 20 -- | -- Current Pool Size: 0
ThreadID: [134] TenantID: [] [2026-10-01 15:11:00,881]  INFO {APIM_GOV_AUDIT_LOG} - [Delete Processing Requests] :: Deleted 0 long-lasting processing requests with IDs: []
ThreadID: [134] TenantID: [] [2026-10-01 15:11:00,881]  INFO {APIM_GOV_AUDIT_LOG} - [Fetch Requests] :: Scheduler fetched 0 requests with IDs: []
ThreadID: [134] TenantID: [] [2026-10-01 15:13:00,882]  INFO {APIM_GOV_AUDIT_LOG} - [Scheduler Thread Pool Status] :: Active Thread Count: 0 -- | -- Completed Task Count: 0 -- | -- Submitted Task Count: 0 -- | -- Queue Size: 0 -- | -- Core Pool Size: 20 -- | -- Maximum Pool Size: 20 -- | -- Current Pool Size: 0
ThreadID: [134] TenantID: [] [2026-10-01 15:13:00,882]  INFO {APIM_GOV_AUDIT_LOG} - [Delete Processing Requests] :: Deleted 0 long-lasting processing requests with IDs: []
ThreadID: [134] TenantID: [] [2026-10-01 15:13:00,882]  INFO {APIM_GOV_AUDIT_LOG} - [Fetch Requests] :: Scheduler fetched 0 requests with IDs: []
ThreadID: [134] TenantID: [] [2026-10-01 15:15:00,882]  INFO {APIM_GOV_AUDIT_LOG} - [Scheduler Thread Pool Status] :: Active Thread Count: 0 -- | -- Completed Task Count: 0 -- | -- Submitted Task Count: 0 -- | -- Queue Size: 0 -- | -- Core Pool Size: 20 -- | -- Maximum Pool Size: 20 -- | -- Current Pool Size: 0
ThreadID: [134] TenantID: [] [2026-10-01 15:15:00,882]  INFO {APIM_GOV_AUDIT_LOG} - [Delete Processing Requests] :: Deleted 0 long-lasting processing requests with IDs: []
ThreadID: [134] TenantID: [] [2026-10-01 15:15:00,882]  INFO {APIM_GOV_AUDIT_LOG} - [Fetch Requests] :: Scheduler fetched 0 requests with IDs: []
ThreadID: [134] TenantID: [] [2026-10-01 16:50:44,536]  INFO {APIM_GOV_AUDIT_LOG} - [Scheduler Thread Pool Status] :: Active Thread Count: 0 -- | -- Completed Task Count: 0 -- | -- Submitted Task Count: 0 -- | -- Queue Size: 0 -- | -- Core Pool Size: 20 -- | -- Maximum Pool Size: 20 -- | -- Current Pool Size: 0
ThreadID: [134] TenantID: [] [2026-10-01 16:50:44,536]  INFO {APIM_GOV_AUDIT_LOG} - [Delete Processing Requests] :: Deleted 0 long-lasting processing requests with IDs: []
ThreadID: [134] TenantID: [] [2026-10-01 16:50:44,538]  INFO {APIM_GOV_AUDIT_LOG} - [Fetch Requests] :: Scheduler fetched 0 requests with IDs: []
ThreadID: [134] TenantID: [] [2026-10-01 16:52:44,536]  INFO {APIM_GOV_AUDIT_LOG} - [Scheduler Thread Pool Status] :: Active Thread Count: 0 -- | -- Completed Task Count: 0 -- | -- Submitted Task Count: 0 -- | -- Queue Size: 0 -- | -- Core Pool Size: 20 -- | -- Maximum Pool Size: 20 -- | -- Current Pool Size: 0
ThreadID: [134] TenantID: [] [2026-10-01 16:52:44,583]  INFO {APIM_GOV_AUDIT_LOG} - [Delete Processing Requests] :: Deleted 0 long-lasting processing requests with IDs: []
ThreadID: [134] TenantID: [] [2026-10-01 16:52:44,583]  INFO {APIM_GOV_AUDIT_LOG} - [Fetch Requests] :: Scheduler fetched 0 requests with IDs: []
ThreadID: [134] TenantID: [] [2026-10-01 16:54:44,536]  INFO {APIM_GOV_AUDIT_LOG} - [Scheduler Thread Pool Status] :: Active Thread Count: 0 -- | -- Completed Task Count: 0 -- | -- Submitted Task Count: 0 -- | -- Queue Size: 0 -- | -- Core Pool Size: 20 -- | -- Maximum Pool Size: 20 -- | -- Current Pool Size: 0
ThreadID: [134] TenantID: [] [2026-10-01 16:54:44,576]  INFO {APIM_GOV_AUDIT_LOG} - [Delete Processing Requests] :: Deleted 0 long-lasting processing requests with IDs: []
ThreadID: [134] TenantID: [] [2026-10-01 16:54:44,576]  INFO {APIM_GOV_AUDIT_LOG} - [Fetch Requests] :: Scheduler fetched 0 requests with IDs: []
ThreadID: [134] TenantID: [] [2026-10-01 16:56:44,535]  INFO {APIM_GOV_AUDIT_LOG} - [Scheduler Thread Pool Status] :: Active Thread Count: 0 -- | -- Completed Task Count: 0 -- | -- Submitted Task Count: 0 -- | -- Queue Size: 0 -- | -- Core Pool Size: 20 -- | -- Maximum Pool Size: 20 -- | -- Current Pool Size: 0
ThreadID: [134] TenantID: [] [2026-10-01 16:56:44,567]  INFO {APIM_GOV_AUDIT_LOG} - [Delete Processing Requests] :: Deleted 0 long-lasting processing requests with IDs: []
ThreadID: [134] TenantID: [] [2026-10-01 16:56:44,567]  INFO {APIM_GOV_AUDIT_LOG} - [Fetch Requests] :: Scheduler fetched 0 requests with IDs: []
ThreadID: [134] TenantID: [] [2026-10-01 16:58:44,535]  INFO {APIM_GOV_AUDIT_LOG} - [Scheduler Thread Pool Status] :: Active Thread Count: 0 -- | -- Completed Task Count: 0 -- | -- Submitted Task Count: 0 -- | -- Queue Size: 0 -- | -- Core Pool Size: 20 -- | -- Maximum Pool Size: 20 -- | -- Current Pool Size: 0
ThreadID: [134] TenantID: [] [2026-10-01 16:58:44,563]  INFO {APIM_GOV_AUDIT_LOG} - [Delete Processing Requests] :: Deleted 0 long-lasting processing requests with IDs: []
ThreadID: [134] TenantID: [] [2026-10-01 16:58:44,563]  INFO {APIM_GOV_AUDIT_LOG} - [Fetch Requests] :: Scheduler fetched 0 requests with IDs: []
ThreadID: [134] TenantID: [] [2026-10-01 17:00:44,536]  INFO {APIM_GOV_AUDIT_LOG} - [Scheduler Thread Pool Status] :: Active Thread Count: 0 -- | -- Completed Task Count: 0 -- | -- Submitted Task Count: 0 -- | -- Queue Size: 0 -- | -- Core Pool Size: 20 -- | -- Maximum Pool Size: 20 -- | -- Current Pool Size: 0
ThreadID: [134] TenantID: [] [2026-10-01 17:00:44,536]  INFO {APIM_GOV_AUDIT_LOG} - [Delete Processing Requests] :: Deleted 0 long-lasting processing requests with IDs: []
ThreadID: [134] TenantID: [] [2026-10-01 17:00:44,536]  INFO {APIM_GOV_AUDIT_LOG} - [Fetch Requests] :: Scheduler fetched 0 requests with IDs: []
ThreadID: [134] TenantID: [] [2026-10-01 17:02:44,535]  INFO {APIM_GOV_AUDIT_LOG} - [Scheduler Thread Pool Status] :: Active Thread Count: 0 -- | -- Completed Task Count: 0 -- | -- Submitted Task Count: 0 -- | -- Queue Size: 0 -- | -- Core Pool Size: 20 -- | -- Maximum Pool Size: 20 -- | -- Current Pool Size: 0
ThreadID: [134] TenantID: [] [2026-10-01 17:02:44,535]  INFO {APIM_GOV_AUDIT_LOG} - [Delete Processing Requests] :: Deleted 0 long-lasting processing requests with IDs: []
ThreadID: [134] TenantID: [] [2026-10-01 17:02:44,535]  INFO {APIM_GOV_AUDIT_LOG} - [Fetch Requests] :: Scheduler fetched 0 requests with IDs: []
ThreadID: [134] TenantID: [] [2026-10-01 17:04:44,537]  INFO {APIM_GOV_AUDIT_LOG} - [Scheduler Thread Pool Status] :: Active Thread Count: 0 -- | -- Completed Task Count: 0 -- | -- Submitted Task Count: 0 -- | -- Queue Size: 0 -- | -- Core Pool Size: 20 -- | -- Maximum Pool Size: 20 -- | -- Current Pool Size: 0
ThreadID: [134] TenantID: [] [2026-10-01 17:04:44,537]  INFO {APIM_GOV_AUDIT_LOG} - [Delete Processing Requests] :: Deleted 0 long-lasting processing requests with IDs: []
ThreadID: [134] TenantID: [] [2026-10-01 17:04:44,537]  INFO {APIM_GOV_AUDIT_LOG} - [Fetch Requests] :: Scheduler fetched 0 requests with IDs: []
ThreadID: [134] TenantID: [] [2026-10-01 17:06:44,536]  INFO {APIM_GOV_AUDIT_LOG} - [Scheduler Thread Pool Status] :: Active Thread Count: 0 -- | -- Completed Task Count: 0 -- | -- Submitted Task Count: 0 -- | -- Queue Size: 0 -- | -- Core Pool Size: 20 -- | -- Maximum Pool Size: 20 -- | -- Current Pool Size: 0
ThreadID: [134] TenantID: [] [2026-10-01 17:06:44,536]  INFO {APIM_GOV_AUDIT_LOG} - [Delete Processing Requests] :: Deleted 0 long-lasting processing requests with IDs: []
ThreadID: [134] TenantID: [] [2026-10-01 17:06:44,536]  INFO {APIM_GOV_AUDIT_LOG} - [Fetch Requests] :: Scheduler fetched 0 requests with IDs: []
ThreadID: [134] TenantID: [] [2026-10-01 17:08:44,536]  INFO {APIM_GOV_AUDIT_LOG} - [Scheduler Thread Pool Status] :: Active Thread Count: 0 -- | -- Completed Task Count: 0 -- | -- Submitted Task Count: 0 -- | -- Queue Size: 0 -- | -- Core Pool Size: 20 -- | -- Maximum Pool Size: 20 -- | -- Current Pool Size: 0
ThreadID: [134] TenantID: [] [2026-10-01 17:08:44,536]  INFO {APIM_GOV_AUDIT_LOG} - [Delete Processing Requests] :: Deleted 0 long-lasting processing requests with IDs: []
ThreadID: [134] TenantID: [] [2026-10-01 17:08:44,536]  INFO {APIM_GOV_AUDIT_LOG} - [Fetch Requests] :: Scheduler fetched 0 requests with IDs: []
ThreadID: [134] TenantID: [] [2026-10-01 17:10:44,536]  INFO {APIM_GOV_AUDIT_LOG} - [Scheduler Thread Pool Status] :: Active Thread Count: 0 -- | -- Completed Task Count: 0 -- | -- Submitted Task Count: 0 -- | -- Queue Size: 0 -- | -- Core Pool Size: 20 -- | -- Maximum Pool Size: 20 -- | -- Current Pool Size: 0
ThreadID: [134] TenantID: [] [2026-10-01 17:10:44,536]  INFO {APIM_GOV_AUDIT_LOG} - [Delete Processing Requests] :: Deleted 0 long-lasting processing requests with IDs: []
ThreadID: [134] TenantID: [] [2026-10-01 17:10:44,536]  INFO {APIM_GOV_AUDIT_LOG} - [Fetch Requests] :: Scheduler fetched 0 requests with IDs: []
ThreadID: [134] TenantID: [] [2026-10-01 17:12:44,535]  INFO {APIM_GOV_AUDIT_LOG} - [Scheduler Thread Pool Status] :: Active Thread Count: 0 -- | -- Completed Task Count: 0 -- | -- Submitted Task Count: 0 -- | -- Queue Size: 0 -- | -- Core Pool Size: 20 -- | -- Maximum Pool Size: 20 -- | -- Current Pool Size: 0
ThreadID: [134] TenantID: [] [2026-10-01 17:12:44,535]  INFO {APIM_GOV_AUDIT_LOG} - [Delete Processing Requests] :: Deleted 0 long-lasting processing requests with IDs: []
ThreadID: [134] TenantID: [] [2026-10-01 17:12:44,535]  INFO {APIM_GOV_AUDIT_LOG} - [Fetch Requests] :: Scheduler fetched 0 requests with IDs: []
ThreadID: [134] TenantID: [] [2026-10-01 17:14:44,537]  INFO {APIM_GOV_AUDIT_LOG} - [Scheduler Thread Pool Status] :: Active Thread Count: 0 -- | -- Completed Task Count: 0 -- | -- Submitted Task Count: 0 -- | -- Queue Size: 0 -- | -- Core Pool Size: 20 -- | -- Maximum Pool Size: 20 -- | -- Current Pool Size: 0
ThreadID: [134] TenantID: [] [2026-10-01 17:14:44,537]  INFO {APIM_GOV_AUDIT_LOG} - [Delete Processing Requests] :: Deleted 0 long-lasting processing requests with IDs: []
ThreadID: [134] TenantID: [] [2026-10-01 17:14:44,537]  INFO {APIM_GOV_AUDIT_LOG} - [Fetch Requests] :: Scheduler fetched 0 requests with IDs: []
ThreadID: [134] TenantID: [] [2026-10-01 17:16:44,535]  INFO {APIM_GOV_AUDIT_LOG} - [Scheduler Thread Pool Status] :: Active Thread Count: 0 -- | -- Completed Task Count: 0 -- | -- Submitted Task Count: 0 -- | -- Queue Size: 0 -- | -- Core Pool Size: 20 -- | -- Maximum Pool Size: 20 -- | -- Current Pool Size: 0
ThreadID: [134] TenantID: [] [2026-10-01 17:16:44,535]  INFO {APIM_GOV_AUDIT_LOG} - [Delete Processing Requests] :: Deleted 0 long-lasting processing requests with IDs: []
ThreadID: [134] TenantID: [] [2026-10-01 17:16:44,535]  INFO {APIM_GOV_AUDIT_LOG} - [Fetch Requests] :: Scheduler fetched 0 requests with IDs: []
ThreadID: [134] TenantID: [] [2026-10-01 17:18:44,537]  INFO {APIM_GOV_AUDIT_LOG} - [Scheduler Thread Pool Status] :: Active Thread Count: 0 -- | -- Completed Task Count: 0 -- | -- Submitted Task Count: 0 -- | -- Queue Size: 0 -- | -- Core Pool Size: 20 -- | -- Maximum Pool Size: 20 -- | -- Current Pool Size: 0
ThreadID: [134] TenantID: [] [2026-10-01 17:18:44,537]  INFO {APIM_GOV_AUDIT_LOG} - [Delete Processing Requests] :: Deleted 0 long-lasting processing requests with IDs: []
ThreadID: [134] TenantID: [] [2026-10-01 17:18:44,537]  INFO {APIM_GOV_AUDIT_LOG} - [Fetch Requests] :: Scheduler fetched 0 requests with IDs: []
ThreadID: [134] TenantID: [] [2026-10-01 17:20:44,536]  INFO {APIM_GOV_AUDIT_LOG} - [Scheduler Thread Pool Status] :: Active Thread Count: 0 -- | -- Completed Task Count: 0 -- | -- Submitted Task Count: 0 -- | -- Queue Size: 0 -- | -- Core Pool Size: 20 -- | -- Maximum Pool Size: 20 -- | -- Current Pool Size: 0
ThreadID: [134] TenantID: [] [2026-10-01 17:20:44,536]  INFO {APIM_GOV_AUDIT_LOG} - [Delete Processing Requests] :: Deleted 0 long-lasting processing requests with IDs: []
ThreadID: [134] TenantID: [] [2026-10-01 17:20:44,536]  INFO {APIM_GOV_AUDIT_LOG} - [Fetch Requests] :: Scheduler fetched 0 requests with IDs: []
ThreadID: [134] TenantID: [] [2026-10-01 17:22:44,537]  INFO {APIM_GOV_AUDIT_LOG} - [Scheduler Thread Pool Status] :: Active Thread Count: 0 -- | -- Completed Task Count: 0 -- | -- Submitted Task Count: 0 -- | -- Queue Size: 0 -- | -- Core Pool Size: 20 -- | -- Maximum Pool Size: 20 -- | -- Current Pool Size: 0
ThreadID: [134] TenantID: [] [2026-10-01 17:22:44,537]  INFO {APIM_GOV_AUDIT_LOG} - [Delete Processing Requests] :: Deleted 0 long-lasting processing requests with IDs: []
ThreadID: [134] TenantID: [] [2026-10-01 17:22:44,537]  INFO {APIM_GOV_AUDIT_LOG} - [Fetch Requests] :: Scheduler fetched 0 requests with IDs: []
ThreadID: [134] TenantID: [] [2026-10-01 17:24:44,536]  INFO {APIM_GOV_AUDIT_LOG} - [Scheduler Thread Pool Status] :: Active Thread Count: 0 -- | -- Completed Task Count: 0 -- | -- Submitted Task Count: 0 -- | -- Queue Size: 0 -- | -- Core Pool Size: 20 -- | -- Maximum Pool Size: 20 -- | -- Current Pool Size: 0
ThreadID: [134] TenantID: [] [2026-10-01 17:24:44,536]  INFO {APIM_GOV_AUDIT_LOG} - [Delete Processing Requests] :: Deleted 0 long-lasting processing requests with IDs: []
ThreadID: [134] TenantID: [] [2026-10-01 17:24:44,536]  INFO {APIM_GOV_AUDIT_LOG} - [Fetch Requests] :: Scheduler fetched 0 requests with IDs: []
ThreadID: [134] TenantID: [] [2026-10-01 17:26:44,536]  INFO {APIM_GOV_AUDIT_LOG} - [Scheduler Thread Pool Status] :: Active Thread Count: 0 -- | -- Completed Task Count: 0 -- | -- Submitted Task Count: 0 -- | -- Queue Size: 0 -- | -- Core Pool Size: 20 -- | -- Maximum Pool Size: 20 -- | -- Current Pool Size: 0
ThreadID: [134] TenantID: [] [2026-10-01 17:26:44,536]  INFO {APIM_GOV_AUDIT_LOG} - [Delete Processing Requests] :: Deleted 0 long-lasting processing requests with IDs: []
ThreadID: [134] TenantID: [] [2026-10-01 17:26:44,536]  INFO {APIM_GOV_AUDIT_LOG} - [Fetch Requests] :: Scheduler fetched 0 requests with IDs: []
ThreadID: [134] TenantID: [] [2026-10-01 17:28:44,536]  INFO {APIM_GOV_AUDIT_LOG} - [Scheduler Thread Pool Status] :: Active Thread Count: 0 -- | -- Completed Task Count: 0 -- | -- Submitted Task Count: 0 -- | -- Queue Size: 0 -- | -- Core Pool Size: 20 -- | -- Maximum Pool Size: 20 -- | -- Current Pool Size: 0
ThreadID: [134] TenantID: [] [2026-10-01 17:28:44,536]  INFO {APIM_GOV_AUDIT_LOG} - [Delete Processing Requests] :: Deleted 0 long-lasting processing requests with IDs: []
ThreadID: [134] TenantID: [] [2026-10-01 17:28:44,536]  INFO {APIM_GOV_AUDIT_LOG} - [Fetch Requests] :: Scheduler fetched 0 requests with IDs: []
ThreadID: [134] TenantID: [] [2026-10-01 17:30:44,537]  INFO {APIM_GOV_AUDIT_LOG} - [Scheduler Thread Pool Status] :: Active Thread Count: 0 -- | -- Completed Task Count: 0 -- | -- Submitted Task Count: 0 -- | -- Queue Size: 0 -- | -- Core Pool Size: 20 -- | -- Maximum Pool Size: 20 -- | -- Current Pool Size: 0
ThreadID: [134] TenantID: [] [2026-10-01 17:30:44,537]  INFO {APIM_GOV_AUDIT_LOG} - [Delete Processing Requests] :: Deleted 0 long-lasting processing requests with IDs: []
ThreadID: [134] TenantID: [] [2026-10-01 17:30:44,537]  INFO {APIM_GOV_AUDIT_LOG} - [Fetch Requests] :: Scheduler fetched 0 requests with IDs: []
ThreadID: [134] TenantID: [] [2026-10-01 17:32:44,536]  INFO {APIM_GOV_AUDIT_LOG} - [Scheduler Thread Pool Status] :: Active Thread Count: 0 -- | -- Completed Task Count: 0 -- | -- Submitted Task Count: 0 -- | -- Queue Size: 0 -- | -- Core Pool Size: 20 -- | -- Maximum Pool Size: 20 -- | -- Current Pool Size: 0
ThreadID: [134] TenantID: [] [2026-10-01 17:32:44,536]  INFO {APIM_GOV_AUDIT_LOG} - [Delete Processing Requests] :: Deleted 0 long-lasting processing requests with IDs: []
ThreadID: [134] TenantID: [] [2026-10-01 17:32:44,536]  INFO {APIM_GOV_AUDIT_LOG} - [Fetch Requests] :: Scheduler fetched 0 requests with IDs: []
ThreadID: [134] TenantID: [] [2026-10-01 17:34:44,536]  INFO {APIM_GOV_AUDIT_LOG} - [Scheduler Thread Pool Status] :: Active Thread Count: 0 -- | -- Completed Task Count: 0 -- | -- Submitted Task Count: 0 -- | -- Queue Size: 0 -- | -- Core Pool Size: 20 -- | -- Maximum Pool Size: 20 -- | -- Current Pool Size: 0
ThreadID: [134] TenantID: [] [2026-10-01 17:34:44,536]  INFO {APIM_GOV_AUDIT_LOG} - [Delete Processing Requests] :: Deleted 0 long-lasting processing requests with IDs: []
ThreadID: [134] TenantID: [] [2026-10-01 17:34:44,536]  INFO {APIM_GOV_AUDIT_LOG} - [Fetch Requests] :: Scheduler fetched 0 requests with IDs: []
ThreadID: [134] TenantID: [] [2026-10-01 17:36:44,535]  INFO {APIM_GOV_AUDIT_LOG} - [Scheduler Thread Pool Status] :: Active Thread Count: 0 -- | -- Completed Task Count: 0 -- | -- Submitted Task Count: 0 -- | -- Queue Size: 0 -- | -- Core Pool Size: 20 -- | -- Maximum Pool Size: 20 -- | -- Current Pool Size: 0
ThreadID: [134] TenantID: [] [2026-10-01 17:36:44,535]  INFO {APIM_GOV_AUDIT_LOG} - [Delete Processing Requests] :: Deleted 0 long-lasting processing requests with IDs: []
ThreadID: [134] TenantID: [] [2026-10-01 17:36:44,535]  INFO {APIM_GOV_AUDIT_LOG} - [Fetch Requests] :: Scheduler fetched 0 requests with IDs: []
ThreadID: [134] TenantID: [] [2026-10-01 17:38:44,536]  INFO {APIM_GOV_AUDIT_LOG} - [Scheduler Thread Pool Status] :: Active Thread Count: 0 -- | -- Completed Task Count: 0 -- | -- Submitted Task Count: 0 -- | -- Queue Size: 0 -- | -- Core Pool Size: 20 -- | -- Maximum Pool Size: 20 -- | -- Current Pool Size: 0
ThreadID: [134] TenantID: [] [2026-10-01 17:38:44,536]  INFO {APIM_GOV_AUDIT_LOG} - [Delete Processing Requests] :: Deleted 0 long-lasting processing requests with IDs: []
ThreadID: [134] TenantID: [] [2026-10-01 17:38:44,536]  INFO {APIM_GOV_AUDIT_LOG} - [Fetch Requests] :: Scheduler fetched 0 requests with IDs: []
ThreadID: [134] TenantID: [] [2026-10-01 17:40:44,536]  INFO {APIM_GOV_AUDIT_LOG} - [Scheduler Thread Pool Status] :: Active Thread Count: 0 -- | -- Completed Task Count: 0 -- | -- Submitted Task Count: 0 -- | -- Queue Size: 0 -- | -- Core Pool Size: 20 -- | -- Maximum Pool Size: 20 -- | -- Current Pool Size: 0
ThreadID: [134] TenantID: [] [2026-10-01 17:40:44,536]  INFO {APIM_GOV_AUDIT_LOG} - [Delete Processing Requests] :: Deleted 0 long-lasting processing requests with IDs: []
ThreadID: [134] TenantID: [] [2026-10-01 17:40:44,536]  INFO {APIM_GOV_AUDIT_LOG} - [Fetch Requests] :: Scheduler fetched 0 requests with IDs: []
ThreadID: [134] TenantID: [] [2026-10-01 17:42:44,537]  INFO {APIM_GOV_AUDIT_LOG} - [Scheduler Thread Pool Status] :: Active Thread Count: 0 -- | -- Completed Task Count: 0 -- | -- Submitted Task Count: 0 -- | -- Queue Size: 0 -- | -- Core Pool Size: 20 -- | -- Maximum Pool Size: 20 -- | -- Current Pool Size: 0
ThreadID: [134] TenantID: [] [2026-10-01 17:42:44,537]  INFO {APIM_GOV_AUDIT_LOG} - [Delete Processing Requests] :: Deleted 0 long-lasting processing requests with IDs: []
ThreadID: [134] TenantID: [] [2026-10-01 17:42:44,537]  INFO {APIM_GOV_AUDIT_LOG} - [Fetch Requests] :: Scheduler fetched 0 requests with IDs: []
ThreadID: [134] TenantID: [] [2026-10-01 17:44:44,537]  INFO {APIM_GOV_AUDIT_LOG} - [Scheduler Thread Pool Status] :: Active Thread Count: 0 -- | -- Completed Task Count: 0 -- | -- Submitted Task Count: 0 -- | -- Queue Size: 0 -- | -- Core Pool Size: 20 -- | -- Maximum Pool Size: 20 -- | -- Current Pool Size: 0
ThreadID: [134] TenantID: [] [2026-10-01 17:44:44,537]  INFO {APIM_GOV_AUDIT_LOG} - [Delete Processing Requests] :: Deleted 0 long-lasting processing requests with IDs: []
ThreadID: [134] TenantID: [] [2026-10-01 17:44:44,537]  INFO {APIM_GOV_AUDIT_LOG} - [Fetch Requests] :: Scheduler fetched 0 requests with IDs: []
ThreadID: [134] TenantID: [] [2026-10-01 17:46:44,535]  INFO {APIM_GOV_AUDIT_LOG} - [Scheduler Thread Pool Status] :: Active Thread Count: 0 -- | -- Completed Task Count: 0 -- | -- Submitted Task Count: 0 -- | -- Queue Size: 0 -- | -- Core Pool Size: 20 -- | -- Maximum Pool Size: 20 -- | -- Current Pool Size: 0
ThreadID: [134] TenantID: [] [2026-10-01 17:46:44,537]  INFO {APIM_GOV_AUDIT_LOG} - [Delete Processing Requests] :: Deleted 0 long-lasting processing requests with IDs: []
ThreadID: [134] TenantID: [] [2026-10-01 17:46:44,537]  INFO {APIM_GOV_AUDIT_LOG} - [Fetch Requests] :: Scheduler fetched 0 requests with IDs: []
ThreadID: [158] TenantID: [] [2026-10-01 19:49:08,805]  INFO {APIM_GOV_AUDIT_LOG} - [Scheduler Thread Pool Status] :: Active Thread Count: 0 -- | -- Completed Task Count: 0 -- | -- Submitted Task Count: 0 -- | -- Queue Size: 0 -- | -- Core Pool Size: 20 -- | -- Maximum Pool Size: 20 -- | -- Current Pool Size: 0
ThreadID: [158] TenantID: [] [2026-10-01 19:49:08,806]  INFO {APIM_GOV_AUDIT_LOG} - [Delete Processing Requests] :: Deleted 0 long-lasting processing requests with IDs: []
ThreadID: [158] TenantID: [] [2026-10-01 19:49:08,807]  INFO {APIM_GOV_AUDIT_LOG} - [Fetch Requests] :: Scheduler fetched 0 requests with IDs: []
ThreadID: [158] TenantID: [] [2026-10-01 19:51:08,805]  INFO {APIM_GOV_AUDIT_LOG} - [Scheduler Thread Pool Status] :: Active Thread Count: 0 -- | -- Completed Task Count: 0 -- | -- Submitted Task Count: 0 -- | -- Queue Size: 0 -- | -- Core Pool Size: 20 -- | -- Maximum Pool Size: 20 -- | -- Current Pool Size: 0
ThreadID: [158] TenantID: [] [2026-10-01 19:51:08,805]  INFO {APIM_GOV_AUDIT_LOG} - [Delete Processing Requests] :: Deleted 0 long-lasting processing requests with IDs: []
ThreadID: [158] TenantID: [] [2026-10-01 19:51:08,805]  INFO {APIM_GOV_AUDIT_LOG} - [Fetch Requests] :: Scheduler fetched 0 requests with IDs: []
ThreadID: [879] TenantID: [] [2026-10-01 19:52:07,949]  INFO {APIM_GOV_AUDIT_LOG} - [New Async Eval Request] :: New compliance evaluation request for artifact e2751bd4-70e9-4e96-9c39-c0d334d80213 with policy IDs [e404809e-e6ad-46f4-95a1-e1a8e1034d8e]
ThreadID: [879] TenantID: [] [2026-10-01 19:52:07,949]  INFO {APIM_GOV_AUDIT_LOG} - [New Async Eval Request] :: New compliance evaluation request for artifact e2751bd4-70e9-4e96-9c39-c0d334d80213 with policy IDs [e404809e-e6ad-46f4-95a1-e1a8e1034d8e]
ThreadID: [158] TenantID: [] [2026-10-01 19:53:08,805]  INFO {APIM_GOV_AUDIT_LOG} - [Scheduler Thread Pool Status] :: Active Thread Count: 0 -- | -- Completed Task Count: 0 -- | -- Submitted Task Count: 0 -- | -- Queue Size: 0 -- | -- Core Pool Size: 20 -- | -- Maximum Pool Size: 20 -- | -- Current Pool Size: 0
ThreadID: [158] TenantID: [] [2026-10-01 19:53:08,805]  INFO {APIM_GOV_AUDIT_LOG} - [Delete Processing Requests] :: Deleted 0 long-lasting processing requests with IDs: []
ThreadID: [158] TenantID: [] [2026-10-01 19:53:08,805]  INFO {APIM_GOV_AUDIT_LOG} - [Fetch Requests] :: Scheduler fetched 1 requests with IDs: [d072ea77-5e3c-4ed4-a437-d65ea424a48f]
ThreadID: [901] TenantID: [] [2026-10-01 19:53:08,806]  INFO {APIM_GOV_AUDIT_LOG} - [Async Eval Request] :: Processing request d072ea77-5e3c-4ed4-a437-d65ea424a48f for artifact e2751bd4-70e9-4e96-9c39-c0d334d80213 in carbon.super organization
ThreadID: [901] TenantID: [] [2026-10-01 19:53:09,028]  INFO {APIM_GOV_AUDIT_LOG} - [Async Eval Request] :: Validated artifact e2751bd4-70e9-4e96-9c39-c0d334d80213 in organization carbon.super against ruleset 3ae5cc93-a81d-44a9-a14d-8d7b7c6984b7
ThreadID: [901] TenantID: [] [2026-10-01 19:53:09,040]  INFO {APIM_GOV_AUDIT_LOG} - [Async Eval Request] :: Validated artifact e2751bd4-70e9-4e96-9c39-c0d334d80213 in organization carbon.super against ruleset f6c41731-0796-4761-85f7-96b6d807aa43
ThreadID: [901] TenantID: [] [2026-10-01 19:53:09,042]  INFO {APIM_GOV_AUDIT_LOG} - [Async Eval Request] :: Artifact e2751bd4-70e9-4e96-9c39-c0d334d80213 evaluated against policy e404809e-e6ad-46f4-95a1-e1a8e1034d8e in organization carbon.super
ThreadID: [901] TenantID: [] [2026-10-01 19:53:09,042]  INFO {APIM_GOV_AUDIT_LOG} - [Async Eval Request] :: Request d072ea77-5e3c-4ed4-a437-d65ea424a48f processed successfully for artifact e2751bd4-70e9-4e96-9c39-c0d334d80213 in organization carbon.super
ThreadID: [158] TenantID: [] [2026-10-01 19:55:08,805]  INFO {APIM_GOV_AUDIT_LOG} - [Scheduler Thread Pool Status] :: Active Thread Count: 0 -- | -- Completed Task Count: 1 -- | -- Submitted Task Count: 1 -- | -- Queue Size: 0 -- | -- Core Pool Size: 20 -- | -- Maximum Pool Size: 20 -- | -- Current Pool Size: 1
ThreadID: [158] TenantID: [] [2026-10-01 19:55:08,805]  INFO {APIM_GOV_AUDIT_LOG} - [Delete Processing Requests] :: Deleted 0 long-lasting processing requests with IDs: []
ThreadID: [158] TenantID: [] [2026-10-01 19:55:08,805]  INFO {APIM_GOV_AUDIT_LOG} - [Fetch Requests] :: Scheduler fetched 0 requests with IDs: []
ThreadID: [960] TenantID: [] [2026-10-01 19:56:00,231]  INFO {APIM_GOV_AUDIT_LOG} - [New Async Eval Request] :: New compliance evaluation request for artifact e2751bd4-70e9-4e96-9c39-c0d334d80213 with policy IDs [e404809e-e6ad-46f4-95a1-e1a8e1034d8e]
ThreadID: [960] TenantID: [] [2026-10-01 19:56:00,231]  INFO {APIM_GOV_AUDIT_LOG} - [New Async Eval Request] :: New compliance evaluation request for artifact e2751bd4-70e9-4e96-9c39-c0d334d80213 with policy IDs [e404809e-e6ad-46f4-95a1-e1a8e1034d8e]
ThreadID: [158] TenantID: [] [2026-10-01 19:57:08,806]  INFO {APIM_GOV_AUDIT_LOG} - [Scheduler Thread Pool Status] :: Active Thread Count: 0 -- | -- Completed Task Count: 1 -- | -- Submitted Task Count: 1 -- | -- Queue Size: 0 -- | -- Core Pool Size: 20 -- | -- Maximum Pool Size: 20 -- | -- Current Pool Size: 1
ThreadID: [158] TenantID: [] [2026-10-01 19:57:08,806]  INFO {APIM_GOV_AUDIT_LOG} - [Delete Processing Requests] :: Deleted 0 long-lasting processing requests with IDs: []
ThreadID: [158] TenantID: [] [2026-10-01 19:57:08,806]  INFO {APIM_GOV_AUDIT_LOG} - [Fetch Requests] :: Scheduler fetched 1 requests with IDs: [83d65a18-9b98-4252-955e-e215b6b02afc]
ThreadID: [977] TenantID: [] [2026-10-01 19:57:08,806]  INFO {APIM_GOV_AUDIT_LOG} - [Async Eval Request] :: Processing request 83d65a18-9b98-4252-955e-e215b6b02afc for artifact e2751bd4-70e9-4e96-9c39-c0d334d80213 in carbon.super organization
ThreadID: [977] TenantID: [] [2026-10-01 19:57:08,847]  INFO {APIM_GOV_AUDIT_LOG} - [Async Eval Request] :: Validated artifact e2751bd4-70e9-4e96-9c39-c0d334d80213 in organization carbon.super against ruleset 3ae5cc93-a81d-44a9-a14d-8d7b7c6984b7
ThreadID: [977] TenantID: [] [2026-10-01 19:57:08,855]  INFO {APIM_GOV_AUDIT_LOG} - [Async Eval Request] :: Validated artifact e2751bd4-70e9-4e96-9c39-c0d334d80213 in organization carbon.super against ruleset f6c41731-0796-4761-85f7-96b6d807aa43
ThreadID: [977] TenantID: [] [2026-10-01 19:57:08,857]  INFO {APIM_GOV_AUDIT_LOG} - [Async Eval Request] :: Artifact e2751bd4-70e9-4e96-9c39-c0d334d80213 evaluated against policy e404809e-e6ad-46f4-95a1-e1a8e1034d8e in organization carbon.super
ThreadID: [977] TenantID: [] [2026-10-01 19:57:08,857]  INFO {APIM_GOV_AUDIT_LOG} - [Async Eval Request] :: Request 83d65a18-9b98-4252-955e-e215b6b02afc processed successfully for artifact e2751bd4-70e9-4e96-9c39-c0d334d80213 in organization carbon.super
ThreadID: [1008] TenantID: [] [2026-10-01 19:58:40,972]  INFO {APIM_GOV_AUDIT_LOG} - [New Async Eval Request] :: New compliance evaluation request for artifact e2751bd4-70e9-4e96-9c39-c0d334d80213 with policy IDs [e404809e-e6ad-46f4-95a1-e1a8e1034d8e]
ThreadID: [1008] TenantID: [] [2026-10-01 19:58:40,972]  INFO {APIM_GOV_AUDIT_LOG} - [New Async Eval Request] :: New compliance evaluation request for artifact e2751bd4-70e9-4e96-9c39-c0d334d80213 with policy IDs [e404809e-e6ad-46f4-95a1-e1a8e1034d8e]
ThreadID: [1008] TenantID: [] [2026-10-01 19:58:48,591]  INFO {APIM_GOV_AUDIT_LOG} - [New Async Eval Request] :: New compliance evaluation request for artifact e2751bd4-70e9-4e96-9c39-c0d334d80213 with policy IDs [e404809e-e6ad-46f4-95a1-e1a8e1034d8e]
ThreadID: [1008] TenantID: [] [2026-10-01 19:58:48,592]  INFO {APIM_GOV_AUDIT_LOG} - [New Async Eval Request] :: New compliance evaluation request for artifact e2751bd4-70e9-4e96-9c39-c0d334d80213 with policy IDs [e404809e-e6ad-46f4-95a1-e1a8e1034d8e]
ThreadID: [158] TenantID: [] [2026-10-01 19:59:08,806]  INFO {APIM_GOV_AUDIT_LOG} - [Scheduler Thread Pool Status] :: Active Thread Count: 0 -- | -- Completed Task Count: 2 -- | -- Submitted Task Count: 2 -- | -- Queue Size: 0 -- | -- Core Pool Size: 20 -- | -- Maximum Pool Size: 20 -- | -- Current Pool Size: 2
ThreadID: [158] TenantID: [] [2026-10-01 19:59:08,806]  INFO {APIM_GOV_AUDIT_LOG} - [Delete Processing Requests] :: Deleted 0 long-lasting processing requests with IDs: []
ThreadID: [158] TenantID: [] [2026-10-01 19:59:08,806]  INFO {APIM_GOV_AUDIT_LOG} - [Fetch Requests] :: Scheduler fetched 1 requests with IDs: [0f5dcaed-f293-4b89-a95b-a17a146b3116]
ThreadID: [1026] TenantID: [] [2026-10-01 19:59:08,806]  INFO {APIM_GOV_AUDIT_LOG} - [Async Eval Request] :: Processing request 0f5dcaed-f293-4b89-a95b-a17a146b3116 for artifact e2751bd4-70e9-4e96-9c39-c0d334d80213 in carbon.super organization
ThreadID: [1026] TenantID: [] [2026-10-01 19:59:08,849]  INFO {APIM_GOV_AUDIT_LOG} - [Async Eval Request] :: Validated artifact e2751bd4-70e9-4e96-9c39-c0d334d80213 in organization carbon.super against ruleset 3ae5cc93-a81d-44a9-a14d-8d7b7c6984b7
ThreadID: [1026] TenantID: [] [2026-10-01 19:59:08,856]  INFO {APIM_GOV_AUDIT_LOG} - [Async Eval Request] :: Validated artifact e2751bd4-70e9-4e96-9c39-c0d334d80213 in organization carbon.super against ruleset f6c41731-0796-4761-85f7-96b6d807aa43
ThreadID: [1026] TenantID: [] [2026-10-01 19:59:08,857]  INFO {APIM_GOV_AUDIT_LOG} - [Async Eval Request] :: Artifact e2751bd4-70e9-4e96-9c39-c0d334d80213 evaluated against policy e404809e-e6ad-46f4-95a1-e1a8e1034d8e in organization carbon.super
ThreadID: [1026] TenantID: [] [2026-10-01 19:59:08,857]  INFO {APIM_GOV_AUDIT_LOG} - [Async Eval Request] :: Request 0f5dcaed-f293-4b89-a95b-a17a146b3116 processed successfully for artifact e2751bd4-70e9-4e96-9c39-c0d334d80213 in organization carbon.super
ThreadID: [1008] TenantID: [] [2026-10-01 19:59:36,679]  INFO {APIM_GOV_AUDIT_LOG} - [New Async Eval Request] :: New compliance evaluation request for artifact e2751bd4-70e9-4e96-9c39-c0d334d80213 with policy IDs [e404809e-e6ad-46f4-95a1-e1a8e1034d8e]
ThreadID: [1008] TenantID: [] [2026-10-01 19:59:36,679]  INFO {APIM_GOV_AUDIT_LOG} - [New Async Eval Request] :: New compliance evaluation request for artifact e2751bd4-70e9-4e96-9c39-c0d334d80213 with policy IDs [e404809e-e6ad-46f4-95a1-e1a8e1034d8e]
ThreadID: [1008] TenantID: [] [2026-10-01 19:59:36,741]  INFO {APIM_GOV_AUDIT_LOG} - [New Async Eval Request] :: New compliance evaluation request for artifact e2751bd4-70e9-4e96-9c39-c0d334d80213 with policy IDs [e404809e-e6ad-46f4-95a1-e1a8e1034d8e]
ThreadID: [1008] TenantID: [] [2026-10-01 19:59:36,741]  INFO {APIM_GOV_AUDIT_LOG} - [New Async Eval Request] :: New compliance evaluation request for artifact e2751bd4-70e9-4e96-9c39-c0d334d80213 with policy IDs [e404809e-e6ad-46f4-95a1-e1a8e1034d8e]
ThreadID: [158] TenantID: [] [2026-10-01 20:01:08,805]  INFO {APIM_GOV_AUDIT_LOG} - [Scheduler Thread Pool Status] :: Active Thread Count: 0 -- | -- Completed Task Count: 3 -- | -- Submitted Task Count: 3 -- | -- Queue Size: 0 -- | -- Core Pool Size: 20 -- | -- Maximum Pool Size: 20 -- | -- Current Pool Size: 3
ThreadID: [158] TenantID: [] [2026-10-01 20:01:08,805]  INFO {APIM_GOV_AUDIT_LOG} - [Delete Processing Requests] :: Deleted 0 long-lasting processing requests with IDs: []
ThreadID: [158] TenantID: [] [2026-10-01 20:01:08,805]  INFO {APIM_GOV_AUDIT_LOG} - [Fetch Requests] :: Scheduler fetched 1 requests with IDs: [114e12b5-6273-47de-a2a9-0eb3a4ff4b8f]
ThreadID: [1046] TenantID: [] [2026-10-01 20:01:08,806]  INFO {APIM_GOV_AUDIT_LOG} - [Async Eval Request] :: Processing request 114e12b5-6273-47de-a2a9-0eb3a4ff4b8f for artifact e2751bd4-70e9-4e96-9c39-c0d334d80213 in carbon.super organization
ThreadID: [1046] TenantID: [] [2026-10-01 20:01:08,841]  INFO {APIM_GOV_AUDIT_LOG} - [Async Eval Request] :: Validated artifact e2751bd4-70e9-4e96-9c39-c0d334d80213 in organization carbon.super against ruleset 3ae5cc93-a81d-44a9-a14d-8d7b7c6984b7
ThreadID: [1046] TenantID: [] [2026-10-01 20:01:08,847]  INFO {APIM_GOV_AUDIT_LOG} - [Async Eval Request] :: Validated artifact e2751bd4-70e9-4e96-9c39-c0d334d80213 in organization carbon.super against ruleset f6c41731-0796-4761-85f7-96b6d807aa43
ThreadID: [1046] TenantID: [] [2026-10-01 20:01:08,849]  INFO {APIM_GOV_AUDIT_LOG} - [Async Eval Request] :: Artifact e2751bd4-70e9-4e96-9c39-c0d334d80213 evaluated against policy e404809e-e6ad-46f4-95a1-e1a8e1034d8e in organization carbon.super
ThreadID: [1046] TenantID: [] [2026-10-01 20:01:08,849]  INFO {APIM_GOV_AUDIT_LOG} - [Async Eval Request] :: Request 114e12b5-6273-47de-a2a9-0eb3a4ff4b8f processed successfully for artifact e2751bd4-70e9-4e96-9c39-c0d334d80213 in organization carbon.super
ThreadID: [1053] TenantID: [] [2026-10-01 20:01:21,933]  INFO {APIM_GOV_AUDIT_LOG} - [New Async Eval Request] :: New compliance evaluation request for artifact e2751bd4-70e9-4e96-9c39-c0d334d80213 with policy IDs [e404809e-e6ad-46f4-95a1-e1a8e1034d8e]
ThreadID: [1053] TenantID: [] [2026-10-01 20:01:21,933]  INFO {APIM_GOV_AUDIT_LOG} - [New Async Eval Request] :: New compliance evaluation request for artifact e2751bd4-70e9-4e96-9c39-c0d334d80213 with policy IDs [e404809e-e6ad-46f4-95a1-e1a8e1034d8e]
ThreadID: [1053] TenantID: [] [2026-10-01 20:01:27,950]  INFO {APIM_GOV_AUDIT_LOG} - [New Async Eval Request] :: New compliance evaluation request for artifact e2751bd4-70e9-4e96-9c39-c0d334d80213 with policy IDs [e404809e-e6ad-46f4-95a1-e1a8e1034d8e]
ThreadID: [1053] TenantID: [] [2026-10-01 20:01:27,951]  INFO {APIM_GOV_AUDIT_LOG} - [New Async Eval Request] :: New compliance evaluation request for artifact e2751bd4-70e9-4e96-9c39-c0d334d80213 with policy IDs [e404809e-e6ad-46f4-95a1-e1a8e1034d8e]
ThreadID: [1053] TenantID: [] [2026-10-01 20:01:30,335]  INFO {APIM_GOV_AUDIT_LOG} - [New Async Eval Request] :: New compliance evaluation request for artifact e2751bd4-70e9-4e96-9c39-c0d334d80213 with policy IDs [e404809e-e6ad-46f4-95a1-e1a8e1034d8e]
ThreadID: [1053] TenantID: [] [2026-10-01 20:01:30,336]  INFO {APIM_GOV_AUDIT_LOG} - [New Async Eval Request] :: New compliance evaluation request for artifact e2751bd4-70e9-4e96-9c39-c0d334d80213 with policy IDs [e404809e-e6ad-46f4-95a1-e1a8e1034d8e]
ThreadID: [1053] TenantID: [] [2026-10-01 20:01:30,368]  INFO {APIM_GOV_AUDIT_LOG} - [New Async Eval Request] :: New compliance evaluation request for artifact e2751bd4-70e9-4e96-9c39-c0d334d80213 with policy IDs [e404809e-e6ad-46f4-95a1-e1a8e1034d8e]
ThreadID: [1053] TenantID: [] [2026-10-01 20:01:30,368]  INFO {APIM_GOV_AUDIT_LOG} - [New Async Eval Request] :: New compliance evaluation request for artifact e2751bd4-70e9-4e96-9c39-c0d334d80213 with policy IDs [e404809e-e6ad-46f4-95a1-e1a8e1034d8e]
ThreadID: [1053] TenantID: [] [2026-10-01 20:02:20,198]  INFO {APIM_GOV_AUDIT_LOG} - [New Async Eval Request] :: New compliance evaluation request for artifact e2751bd4-70e9-4e96-9c39-c0d334d80213 with policy IDs [e404809e-e6ad-46f4-95a1-e1a8e1034d8e]
ThreadID: [1053] TenantID: [] [2026-10-01 20:02:20,198]  INFO {APIM_GOV_AUDIT_LOG} - [New Async Eval Request] :: New compliance evaluation request for artifact e2751bd4-70e9-4e96-9c39-c0d334d80213 with policy IDs [e404809e-e6ad-46f4-95a1-e1a8e1034d8e]
ThreadID: [1053] TenantID: [] [2026-10-01 20:02:22,994]  INFO {APIM_GOV_AUDIT_LOG} - [New Async Eval Request] :: New compliance evaluation request for artifact e2751bd4-70e9-4e96-9c39-c0d334d80213 with policy IDs [e404809e-e6ad-46f4-95a1-e1a8e1034d8e]
ThreadID: [1053] TenantID: [] [2026-10-01 20:02:22,994]  INFO {APIM_GOV_AUDIT_LOG} - [New Async Eval Request] :: New compliance evaluation request for artifact e2751bd4-70e9-4e96-9c39-c0d334d80213 with policy IDs [e404809e-e6ad-46f4-95a1-e1a8e1034d8e]
ThreadID: [1053] TenantID: [] [2026-10-01 20:02:24,520]  INFO {APIM_GOV_AUDIT_LOG} - [New Async Eval Request] :: New compliance evaluation request for artifact e2751bd4-70e9-4e96-9c39-c0d334d80213 with policy IDs [e404809e-e6ad-46f4-95a1-e1a8e1034d8e]
ThreadID: [1053] TenantID: [] [2026-10-01 20:02:24,520]  INFO {APIM_GOV_AUDIT_LOG} - [New Async Eval Request] :: New compliance evaluation request for artifact e2751bd4-70e9-4e96-9c39-c0d334d80213 with policy IDs [e404809e-e6ad-46f4-95a1-e1a8e1034d8e]
ThreadID: [1053] TenantID: [] [2026-10-01 20:02:24,554]  INFO {APIM_GOV_AUDIT_LOG} - [New Async Eval Request] :: New compliance evaluation request for artifact e2751bd4-70e9-4e96-9c39-c0d334d80213 with policy IDs [e404809e-e6ad-46f4-95a1-e1a8e1034d8e]
ThreadID: [1053] TenantID: [] [2026-10-01 20:02:24,554]  INFO {APIM_GOV_AUDIT_LOG} - [New Async Eval Request] :: New compliance evaluation request for artifact e2751bd4-70e9-4e96-9c39-c0d334d80213 with policy IDs [e404809e-e6ad-46f4-95a1-e1a8e1034d8e]
ThreadID: [158] TenantID: [] [2026-10-01 20:03:08,806]  INFO {APIM_GOV_AUDIT_LOG} - [Scheduler Thread Pool Status] :: Active Thread Count: 0 -- | -- Completed Task Count: 4 -- | -- Submitted Task Count: 4 -- | -- Queue Size: 0 -- | -- Core Pool Size: 20 -- | -- Maximum Pool Size: 20 -- | -- Current Pool Size: 4
ThreadID: [158] TenantID: [] [2026-10-01 20:03:08,806]  INFO {APIM_GOV_AUDIT_LOG} - [Delete Processing Requests] :: Deleted 0 long-lasting processing requests with IDs: []
ThreadID: [158] TenantID: [] [2026-10-01 20:03:08,806]  INFO {APIM_GOV_AUDIT_LOG} - [Fetch Requests] :: Scheduler fetched 1 requests with IDs: [089fac8a-3208-4e64-94f0-04788e1f6b58]
ThreadID: [1103] TenantID: [] [2026-10-01 20:03:08,806]  INFO {APIM_GOV_AUDIT_LOG} - [Async Eval Request] :: Processing request 089fac8a-3208-4e64-94f0-04788e1f6b58 for artifact e2751bd4-70e9-4e96-9c39-c0d334d80213 in carbon.super organization
ThreadID: [1103] TenantID: [] [2026-10-01 20:03:08,835]  INFO {APIM_GOV_AUDIT_LOG} - [Async Eval Request] :: Validated artifact e2751bd4-70e9-4e96-9c39-c0d334d80213 in organization carbon.super against ruleset 3ae5cc93-a81d-44a9-a14d-8d7b7c6984b7
ThreadID: [1103] TenantID: [] [2026-10-01 20:03:08,838]  INFO {APIM_GOV_AUDIT_LOG} - [Async Eval Request] :: Validated artifact e2751bd4-70e9-4e96-9c39-c0d334d80213 in organization carbon.super against ruleset f6c41731-0796-4761-85f7-96b6d807aa43
ThreadID: [1103] TenantID: [] [2026-10-01 20:03:08,839]  INFO {APIM_GOV_AUDIT_LOG} - [Async Eval Request] :: Artifact e2751bd4-70e9-4e96-9c39-c0d334d80213 evaluated against policy e404809e-e6ad-46f4-95a1-e1a8e1034d8e in organization carbon.super
ThreadID: [1103] TenantID: [] [2026-10-01 20:03:08,839]  INFO {APIM_GOV_AUDIT_LOG} - [Async Eval Request] :: Request 089fac8a-3208-4e64-94f0-04788e1f6b58 processed successfully for artifact e2751bd4-70e9-4e96-9c39-c0d334d80213 in organization carbon.super
ThreadID: [158] TenantID: [] [2026-10-01 20:05:08,805]  INFO {APIM_GOV_AUDIT_LOG} - [Scheduler Thread Pool Status] :: Active Thread Count: 0 -- | -- Completed Task Count: 5 -- | -- Submitted Task Count: 5 -- | -- Queue Size: 0 -- | -- Core Pool Size: 20 -- | -- Maximum Pool Size: 20 -- | -- Current Pool Size: 5
ThreadID: [158] TenantID: [] [2026-10-01 20:05:08,805]  INFO {APIM_GOV_AUDIT_LOG} - [Delete Processing Requests] :: Deleted 0 long-lasting processing requests with IDs: []
ThreadID: [158] TenantID: [] [2026-10-01 20:05:08,805]  INFO {APIM_GOV_AUDIT_LOG} - [Fetch Requests] :: Scheduler fetched 0 requests with IDs: []
ThreadID: [158] TenantID: [] [2026-10-01 20:07:08,805]  INFO {APIM_GOV_AUDIT_LOG} - [Scheduler Thread Pool Status] :: Active Thread Count: 0 -- | -- Completed Task Count: 5 -- | -- Submitted Task Count: 5 -- | -- Queue Size: 0 -- | -- Core Pool Size: 20 -- | -- Maximum Pool Size: 20 -- | -- Current Pool Size: 5
ThreadID: [158] TenantID: [] [2026-10-01 20:07:08,805]  INFO {APIM_GOV_AUDIT_LOG} - [Delete Processing Requests] :: Deleted 0 long-lasting processing requests with IDs: []
ThreadID: [158] TenantID: [] [2026-10-01 20:07:08,805]  INFO {APIM_GOV_AUDIT_LOG} - [Fetch Requests] :: Scheduler fetched 0 requests with IDs: []
ThreadID: [158] TenantID: [] [2026-10-01 20:09:08,806]  INFO {APIM_GOV_AUDIT_LOG} - [Scheduler Thread Pool Status] :: Active Thread Count: 0 -- | -- Completed Task Count: 5 -- | -- Submitted Task Count: 5 -- | -- Queue Size: 0 -- | -- Core Pool Size: 20 -- | -- Maximum Pool Size: 20 -- | -- Current Pool Size: 5
ThreadID: [158] TenantID: [] [2026-10-01 20:09:08,806]  INFO {APIM_GOV_AUDIT_LOG} - [Delete Processing Requests] :: Deleted 0 long-lasting processing requests with IDs: []
ThreadID: [158] TenantID: [] [2026-10-01 20:09:08,806]  INFO {APIM_GOV_AUDIT_LOG} - [Fetch Requests] :: Scheduler fetched 0 requests with IDs: []
ThreadID: [1119] TenantID: [] [2026-10-01 20:10:21,477]  INFO {APIM_GOV_AUDIT_LOG} - [New Async Eval Request] :: New compliance evaluation request for artifact e2751bd4-70e9-4e96-9c39-c0d334d80213 with policy IDs [e404809e-e6ad-46f4-95a1-e1a8e1034d8e]
ThreadID: [1119] TenantID: [] [2026-10-01 20:10:21,477]  INFO {APIM_GOV_AUDIT_LOG} - [New Async Eval Request] :: New compliance evaluation request for artifact e2751bd4-70e9-4e96-9c39-c0d334d80213 with policy IDs [e404809e-e6ad-46f4-95a1-e1a8e1034d8e]
ThreadID: [1119] TenantID: [] [2026-10-01 20:10:23,336]  INFO {APIM_GOV_AUDIT_LOG} - [New Async Eval Request] :: New compliance evaluation request for artifact e2751bd4-70e9-4e96-9c39-c0d334d80213 with policy IDs [e404809e-e6ad-46f4-95a1-e1a8e1034d8e]
ThreadID: [1119] TenantID: [] [2026-10-01 20:10:23,336]  INFO {APIM_GOV_AUDIT_LOG} - [New Async Eval Request] :: New compliance evaluation request for artifact e2751bd4-70e9-4e96-9c39-c0d334d80213 with policy IDs [e404809e-e6ad-46f4-95a1-e1a8e1034d8e]
ThreadID: [1119] TenantID: [] [2026-10-01 20:10:23,369]  INFO {APIM_GOV_AUDIT_LOG} - [New Async Eval Request] :: New compliance evaluation request for artifact e2751bd4-70e9-4e96-9c39-c0d334d80213 with policy IDs [e404809e-e6ad-46f4-95a1-e1a8e1034d8e]
ThreadID: [1119] TenantID: [] [2026-10-01 20:10:23,369]  INFO {APIM_GOV_AUDIT_LOG} - [New Async Eval Request] :: New compliance evaluation request for artifact e2751bd4-70e9-4e96-9c39-c0d334d80213 with policy IDs [e404809e-e6ad-46f4-95a1-e1a8e1034d8e]
ThreadID: [158] TenantID: [] [2026-10-01 20:11:08,806]  INFO {APIM_GOV_AUDIT_LOG} - [Scheduler Thread Pool Status] :: Active Thread Count: 0 -- | -- Completed Task Count: 5 -- | -- Submitted Task Count: 5 -- | -- Queue Size: 0 -- | -- Core Pool Size: 20 -- | -- Maximum Pool Size: 20 -- | -- Current Pool Size: 5
ThreadID: [158] TenantID: [] [2026-10-01 20:11:08,806]  INFO {APIM_GOV_AUDIT_LOG} - [Delete Processing Requests] :: Deleted 0 long-lasting processing requests with IDs: []
ThreadID: [158] TenantID: [] [2026-10-01 20:11:08,806]  INFO {APIM_GOV_AUDIT_LOG} - [Fetch Requests] :: Scheduler fetched 1 requests with IDs: [ad19711f-cd29-4296-9a7a-fb447a109afd]
ThreadID: [1133] TenantID: [] [2026-10-01 20:11:08,806]  INFO {APIM_GOV_AUDIT_LOG} - [Async Eval Request] :: Processing request ad19711f-cd29-4296-9a7a-fb447a109afd for artifact e2751bd4-70e9-4e96-9c39-c0d334d80213 in carbon.super organization
ThreadID: [1133] TenantID: [] [2026-10-01 20:11:08,836]  INFO {APIM_GOV_AUDIT_LOG} - [Async Eval Request] :: Validated artifact e2751bd4-70e9-4e96-9c39-c0d334d80213 in organization carbon.super against ruleset 3ae5cc93-a81d-44a9-a14d-8d7b7c6984b7
ThreadID: [1133] TenantID: [] [2026-10-01 20:11:08,841]  INFO {APIM_GOV_AUDIT_LOG} - [Async Eval Request] :: Validated artifact e2751bd4-70e9-4e96-9c39-c0d334d80213 in organization carbon.super against ruleset f6c41731-0796-4761-85f7-96b6d807aa43
ThreadID: [1133] TenantID: [] [2026-10-01 20:11:08,842]  INFO {APIM_GOV_AUDIT_LOG} - [Async Eval Request] :: Artifact e2751bd4-70e9-4e96-9c39-c0d334d80213 evaluated against policy e404809e-e6ad-46f4-95a1-e1a8e1034d8e in organization carbon.super
ThreadID: [1133] TenantID: [] [2026-10-01 20:11:08,843]  INFO {APIM_GOV_AUDIT_LOG} - [Async Eval Request] :: Request ad19711f-cd29-4296-9a7a-fb447a109afd processed successfully for artifact e2751bd4-70e9-4e96-9c39-c0d334d80213 in organization carbon.super
ThreadID: [1140] TenantID: [] [2026-10-01 20:12:21,631]  INFO {APIM_GOV_AUDIT_LOG} - [New Async Eval Request] :: New compliance evaluation request for artifact e2751bd4-70e9-4e96-9c39-c0d334d80213 with policy IDs [e404809e-e6ad-46f4-95a1-e1a8e1034d8e]
ThreadID: [1140] TenantID: [] [2026-10-01 20:12:21,631]  INFO {APIM_GOV_AUDIT_LOG} - [New Async Eval Request] :: New compliance evaluation request for artifact e2751bd4-70e9-4e96-9c39-c0d334d80213 with policy IDs [e404809e-e6ad-46f4-95a1-e1a8e1034d8e]
ThreadID: [1140] TenantID: [] [2026-10-01 20:12:30,398]  INFO {APIM_GOV_AUDIT_LOG} - [New Async Eval Request] :: New compliance evaluation request for artifact e2751bd4-70e9-4e96-9c39-c0d334d80213 with policy IDs [e404809e-e6ad-46f4-95a1-e1a8e1034d8e]
ThreadID: [1140] TenantID: [] [2026-10-01 20:12:30,399]  INFO {APIM_GOV_AUDIT_LOG} - [New Async Eval Request] :: New compliance evaluation request for artifact e2751bd4-70e9-4e96-9c39-c0d334d80213 with policy IDs [e404809e-e6ad-46f4-95a1-e1a8e1034d8e]
ThreadID: [1140] TenantID: [] [2026-10-01 20:12:42,180]  INFO {APIM_GOV_AUDIT_LOG} - [New Async Eval Request] :: New compliance evaluation request for artifact e2751bd4-70e9-4e96-9c39-c0d334d80213 with policy IDs [e404809e-e6ad-46f4-95a1-e1a8e1034d8e]
ThreadID: [1140] TenantID: [] [2026-10-01 20:12:42,180]  INFO {APIM_GOV_AUDIT_LOG} - [New Async Eval Request] :: New compliance evaluation request for artifact e2751bd4-70e9-4e96-9c39-c0d334d80213 with policy IDs [e404809e-e6ad-46f4-95a1-e1a8e1034d8e]
ThreadID: [1140] TenantID: [] [2026-10-01 20:12:42,259]  INFO {APIM_GOV_AUDIT_LOG} - [New Async Eval Request] :: New compliance evaluation request for artifact e2751bd4-70e9-4e96-9c39-c0d334d80213 with policy IDs [e404809e-e6ad-46f4-95a1-e1a8e1034d8e]
ThreadID: [1140] TenantID: [] [2026-10-01 20:12:42,259]  INFO {APIM_GOV_AUDIT_LOG} - [New Async Eval Request] :: New compliance evaluation request for artifact e2751bd4-70e9-4e96-9c39-c0d334d80213 with policy IDs [e404809e-e6ad-46f4-95a1-e1a8e1034d8e]
ThreadID: [158] TenantID: [] [2026-10-01 20:13:08,805]  INFO {APIM_GOV_AUDIT_LOG} - [Scheduler Thread Pool Status] :: Active Thread Count: 0 -- | -- Completed Task Count: 6 -- | -- Submitted Task Count: 6 -- | -- Queue Size: 0 -- | -- Core Pool Size: 20 -- | -- Maximum Pool Size: 20 -- | -- Current Pool Size: 6
ThreadID: [158] TenantID: [] [2026-10-01 20:13:08,805]  INFO {APIM_GOV_AUDIT_LOG} - [Delete Processing Requests] :: Deleted 0 long-lasting processing requests with IDs: []
ThreadID: [158] TenantID: [] [2026-10-01 20:13:08,805]  INFO {APIM_GOV_AUDIT_LOG} - [Fetch Requests] :: Scheduler fetched 1 requests with IDs: [a26cdf54-8659-49a8-960e-7b925e3cc804]
ThreadID: [1168] TenantID: [] [2026-10-01 20:13:08,805]  INFO {APIM_GOV_AUDIT_LOG} - [Async Eval Request] :: Processing request a26cdf54-8659-49a8-960e-7b925e3cc804 for artifact e2751bd4-70e9-4e96-9c39-c0d334d80213 in carbon.super organization
ThreadID: [1168] TenantID: [] [2026-10-01 20:13:08,834]  INFO {APIM_GOV_AUDIT_LOG} - [Async Eval Request] :: Validated artifact e2751bd4-70e9-4e96-9c39-c0d334d80213 in organization carbon.super against ruleset 3ae5cc93-a81d-44a9-a14d-8d7b7c6984b7
ThreadID: [1168] TenantID: [] [2026-10-01 20:13:08,837]  INFO {APIM_GOV_AUDIT_LOG} - [Async Eval Request] :: Validated artifact e2751bd4-70e9-4e96-9c39-c0d334d80213 in organization carbon.super against ruleset f6c41731-0796-4761-85f7-96b6d807aa43
ThreadID: [1168] TenantID: [] [2026-10-01 20:13:08,838]  INFO {APIM_GOV_AUDIT_LOG} - [Async Eval Request] :: Artifact e2751bd4-70e9-4e96-9c39-c0d334d80213 evaluated against policy e404809e-e6ad-46f4-95a1-e1a8e1034d8e in organization carbon.super
ThreadID: [1168] TenantID: [] [2026-10-01 20:13:08,838]  INFO {APIM_GOV_AUDIT_LOG} - [Async Eval Request] :: Request a26cdf54-8659-49a8-960e-7b925e3cc804 processed successfully for artifact e2751bd4-70e9-4e96-9c39-c0d334d80213 in organization carbon.super
ThreadID: [158] TenantID: [] [2026-10-01 20:15:08,807]  INFO {APIM_GOV_AUDIT_LOG} - [Scheduler Thread Pool Status] :: Active Thread Count: 0 -- | -- Completed Task Count: 7 -- | -- Submitted Task Count: 7 -- | -- Queue Size: 0 -- | -- Core Pool Size: 20 -- | -- Maximum Pool Size: 20 -- | -- Current Pool Size: 7
ThreadID: [158] TenantID: [] [2026-10-01 20:15:08,807]  INFO {APIM_GOV_AUDIT_LOG} - [Delete Processing Requests] :: Deleted 0 long-lasting processing requests with IDs: []
ThreadID: [158] TenantID: [] [2026-10-01 20:15:08,807]  INFO {APIM_GOV_AUDIT_LOG} - [Fetch Requests] :: Scheduler fetched 0 requests with IDs: []
ThreadID: [1176] TenantID: [] [2026-10-01 20:16:27,169]  INFO {APIM_GOV_AUDIT_LOG} - [New Async Eval Request] :: New compliance evaluation request for artifact e2751bd4-70e9-4e96-9c39-c0d334d80213 with policy IDs [e404809e-e6ad-46f4-95a1-e1a8e1034d8e]
ThreadID: [1176] TenantID: [] [2026-10-01 20:16:27,170]  INFO {APIM_GOV_AUDIT_LOG} - [New Async Eval Request] :: New compliance evaluation request for artifact e2751bd4-70e9-4e96-9c39-c0d334d80213 with policy IDs [e404809e-e6ad-46f4-95a1-e1a8e1034d8e]
ThreadID: [158] TenantID: [] [2026-10-01 20:17:08,806]  INFO {APIM_GOV_AUDIT_LOG} - [Scheduler Thread Pool Status] :: Active Thread Count: 0 -- | -- Completed Task Count: 7 -- | -- Submitted Task Count: 7 -- | -- Queue Size: 0 -- | -- Core Pool Size: 20 -- | -- Maximum Pool Size: 20 -- | -- Current Pool Size: 7
ThreadID: [158] TenantID: [] [2026-10-01 20:17:08,806]  INFO {APIM_GOV_AUDIT_LOG} - [Delete Processing Requests] :: Deleted 0 long-lasting processing requests with IDs: []
ThreadID: [158] TenantID: [] [2026-10-01 20:17:08,806]  INFO {APIM_GOV_AUDIT_LOG} - [Fetch Requests] :: Scheduler fetched 1 requests with IDs: [b6974ed1-a84d-4ddd-8368-82902ce38173]
ThreadID: [1180] TenantID: [] [2026-10-01 20:17:08,806]  INFO {APIM_GOV_AUDIT_LOG} - [Async Eval Request] :: Processing request b6974ed1-a84d-4ddd-8368-82902ce38173 for artifact e2751bd4-70e9-4e96-9c39-c0d334d80213 in carbon.super organization
ThreadID: [1180] TenantID: [] [2026-10-01 20:17:08,836]  INFO {APIM_GOV_AUDIT_LOG} - [Async Eval Request] :: Validated artifact e2751bd4-70e9-4e96-9c39-c0d334d80213 in organization carbon.super against ruleset 3ae5cc93-a81d-44a9-a14d-8d7b7c6984b7
ThreadID: [1180] TenantID: [] [2026-10-01 20:17:08,840]  INFO {APIM_GOV_AUDIT_LOG} - [Async Eval Request] :: Validated artifact e2751bd4-70e9-4e96-9c39-c0d334d80213 in organization carbon.super against ruleset f6c41731-0796-4761-85f7-96b6d807aa43
ThreadID: [1180] TenantID: [] [2026-10-01 20:17:08,841]  INFO {APIM_GOV_AUDIT_LOG} - [Async Eval Request] :: Artifact e2751bd4-70e9-4e96-9c39-c0d334d80213 evaluated against policy e404809e-e6ad-46f4-95a1-e1a8e1034d8e in organization carbon.super
ThreadID: [1180] TenantID: [] [2026-10-01 20:17:08,841]  INFO {APIM_GOV_AUDIT_LOG} - [Async Eval Request] :: Request b6974ed1-a84d-4ddd-8368-82902ce38173 processed successfully for artifact e2751bd4-70e9-4e96-9c39-c0d334d80213 in organization carbon.super
ThreadID: [1176] TenantID: [] [2026-10-01 20:17:22,093]  INFO {APIM_GOV_AUDIT_LOG} - [New Async Eval Request] :: New compliance evaluation request for artifact e2751bd4-70e9-4e96-9c39-c0d334d80213 with policy IDs [e404809e-e6ad-46f4-95a1-e1a8e1034d8e]
ThreadID: [1176] TenantID: [] [2026-10-01 20:17:22,093]  INFO {APIM_GOV_AUDIT_LOG} - [New Async Eval Request] :: New compliance evaluation request for artifact e2751bd4-70e9-4e96-9c39-c0d334d80213 with policy IDs [e404809e-e6ad-46f4-95a1-e1a8e1034d8e]
ThreadID: [1176] TenantID: [] [2026-10-01 20:17:26,550]  INFO {APIM_GOV_AUDIT_LOG} - [New Async Eval Request] :: New compliance evaluation request for artifact e2751bd4-70e9-4e96-9c39-c0d334d80213 with policy IDs [e404809e-e6ad-46f4-95a1-e1a8e1034d8e]
ThreadID: [1176] TenantID: [] [2026-10-01 20:17:26,550]  INFO {APIM_GOV_AUDIT_LOG} - [New Async Eval Request] :: New compliance evaluation request for artifact e2751bd4-70e9-4e96-9c39-c0d334d80213 with policy IDs [e404809e-e6ad-46f4-95a1-e1a8e1034d8e]
ThreadID: [1176] TenantID: [] [2026-10-01 20:17:26,640]  INFO {APIM_GOV_AUDIT_LOG} - [New Async Eval Request] :: New compliance evaluation request for artifact e2751bd4-70e9-4e96-9c39-c0d334d80213 with policy IDs [e404809e-e6ad-46f4-95a1-e1a8e1034d8e]
ThreadID: [1176] TenantID: [] [2026-10-01 20:17:26,640]  INFO {APIM_GOV_AUDIT_LOG} - [New Async Eval Request] :: New compliance evaluation request for artifact e2751bd4-70e9-4e96-9c39-c0d334d80213 with policy IDs [e404809e-e6ad-46f4-95a1-e1a8e1034d8e]
ThreadID: [158] TenantID: [] [2026-10-01 20:19:08,806]  INFO {APIM_GOV_AUDIT_LOG} - [Scheduler Thread Pool Status] :: Active Thread Count: 0 -- | -- Completed Task Count: 8 -- | -- Submitted Task Count: 8 -- | -- Queue Size: 0 -- | -- Core Pool Size: 20 -- | -- Maximum Pool Size: 20 -- | -- Current Pool Size: 8
ThreadID: [158] TenantID: [] [2026-10-01 20:19:08,806]  INFO {APIM_GOV_AUDIT_LOG} - [Delete Processing Requests] :: Deleted 0 long-lasting processing requests with IDs: []
ThreadID: [158] TenantID: [] [2026-10-01 20:19:08,806]  INFO {APIM_GOV_AUDIT_LOG} - [Fetch Requests] :: Scheduler fetched 1 requests with IDs: [15d7946a-8363-413c-b853-056ab6d3ebe6]
ThreadID: [1203] TenantID: [] [2026-10-01 20:19:08,806]  INFO {APIM_GOV_AUDIT_LOG} - [Async Eval Request] :: Processing request 15d7946a-8363-413c-b853-056ab6d3ebe6 for artifact e2751bd4-70e9-4e96-9c39-c0d334d80213 in carbon.super organization
ThreadID: [1203] TenantID: [] [2026-10-01 20:19:08,838]  INFO {APIM_GOV_AUDIT_LOG} - [Async Eval Request] :: Validated artifact e2751bd4-70e9-4e96-9c39-c0d334d80213 in organization carbon.super against ruleset 3ae5cc93-a81d-44a9-a14d-8d7b7c6984b7
ThreadID: [1203] TenantID: [] [2026-10-01 20:19:08,840]  INFO {APIM_GOV_AUDIT_LOG} - [Async Eval Request] :: Validated artifact e2751bd4-70e9-4e96-9c39-c0d334d80213 in organization carbon.super against ruleset f6c41731-0796-4761-85f7-96b6d807aa43
ThreadID: [1203] TenantID: [] [2026-10-01 20:19:08,841]  INFO {APIM_GOV_AUDIT_LOG} - [Async Eval Request] :: Artifact e2751bd4-70e9-4e96-9c39-c0d334d80213 evaluated against policy e404809e-e6ad-46f4-95a1-e1a8e1034d8e in organization carbon.super
ThreadID: [1203] TenantID: [] [2026-10-01 20:19:08,841]  INFO {APIM_GOV_AUDIT_LOG} - [Async Eval Request] :: Request 15d7946a-8363-413c-b853-056ab6d3ebe6 processed successfully for artifact e2751bd4-70e9-4e96-9c39-c0d334d80213 in organization carbon.super
ThreadID: [158] TenantID: [] [2026-10-01 20:21:08,806]  INFO {APIM_GOV_AUDIT_LOG} - [Scheduler Thread Pool Status] :: Active Thread Count: 0 -- | -- Completed Task Count: 9 -- | -- Submitted Task Count: 9 -- | -- Queue Size: 0 -- | -- Core Pool Size: 20 -- | -- Maximum Pool Size: 20 -- | -- Current Pool Size: 9
ThreadID: [158] TenantID: [] [2026-10-01 20:21:08,806]  INFO {APIM_GOV_AUDIT_LOG} - [Delete Processing Requests] :: Deleted 0 long-lasting processing requests with IDs: []
ThreadID: [158] TenantID: [] [2026-10-01 20:21:08,806]  INFO {APIM_GOV_AUDIT_LOG} - [Fetch Requests] :: Scheduler fetched 0 requests with IDs: []
ThreadID: [158] TenantID: [] [2026-10-01 20:23:08,806]  INFO {APIM_GOV_AUDIT_LOG} - [Scheduler Thread Pool Status] :: Active Thread Count: 0 -- | -- Completed Task Count: 9 -- | -- Submitted Task Count: 9 -- | -- Queue Size: 0 -- | -- Core Pool Size: 20 -- | -- Maximum Pool Size: 20 -- | -- Current Pool Size: 9
ThreadID: [158] TenantID: [] [2026-10-01 20:23:08,806]  INFO {APIM_GOV_AUDIT_LOG} - [Delete Processing Requests] :: Deleted 0 long-lasting processing requests with IDs: []
ThreadID: [158] TenantID: [] [2026-10-01 20:23:08,806]  INFO {APIM_GOV_AUDIT_LOG} - [Fetch Requests] :: Scheduler fetched 0 requests with IDs: []
ThreadID: [158] TenantID: [] [2026-10-01 20:25:08,807]  INFO {APIM_GOV_AUDIT_LOG} - [Scheduler Thread Pool Status] :: Active Thread Count: 0 -- | -- Completed Task Count: 9 -- | -- Submitted Task Count: 9 -- | -- Queue Size: 0 -- | -- Core Pool Size: 20 -- | -- Maximum Pool Size: 20 -- | -- Current Pool Size: 9
ThreadID: [158] TenantID: [] [2026-10-01 20:25:08,807]  INFO {APIM_GOV_AUDIT_LOG} - [Delete Processing Requests] :: Deleted 0 long-lasting processing requests with IDs: []
ThreadID: [158] TenantID: [] [2026-10-01 20:25:08,807]  INFO {APIM_GOV_AUDIT_LOG} - [Fetch Requests] :: Scheduler fetched 0 requests with IDs: []
ThreadID: [1227] TenantID: [] [2026-10-01 20:26:05,446]  INFO {APIM_GOV_AUDIT_LOG} - [New Async Eval Request] :: New compliance evaluation request for artifact e2751bd4-70e9-4e96-9c39-c0d334d80213 with policy IDs [e404809e-e6ad-46f4-95a1-e1a8e1034d8e]
ThreadID: [1227] TenantID: [] [2026-10-01 20:26:05,446]  INFO {APIM_GOV_AUDIT_LOG} - [New Async Eval Request] :: New compliance evaluation request for artifact e2751bd4-70e9-4e96-9c39-c0d334d80213 with policy IDs [e404809e-e6ad-46f4-95a1-e1a8e1034d8e]
ThreadID: [158] TenantID: [] [2026-10-01 20:27:08,805]  INFO {APIM_GOV_AUDIT_LOG} - [Scheduler Thread Pool Status] :: Active Thread Count: 0 -- | -- Completed Task Count: 9 -- | -- Submitted Task Count: 9 -- | -- Queue Size: 0 -- | -- Core Pool Size: 20 -- | -- Maximum Pool Size: 20 -- | -- Current Pool Size: 9
ThreadID: [158] TenantID: [] [2026-10-01 20:27:08,805]  INFO {APIM_GOV_AUDIT_LOG} - [Delete Processing Requests] :: Deleted 0 long-lasting processing requests with IDs: []
ThreadID: [158] TenantID: [] [2026-10-01 20:27:08,805]  INFO {APIM_GOV_AUDIT_LOG} - [Fetch Requests] :: Scheduler fetched 1 requests with IDs: [d59f0606-10bd-467d-a8b9-ddbac632d33c]
ThreadID: [1231] TenantID: [] [2026-10-01 20:27:08,805]  INFO {APIM_GOV_AUDIT_LOG} - [Async Eval Request] :: Processing request d59f0606-10bd-467d-a8b9-ddbac632d33c for artifact e2751bd4-70e9-4e96-9c39-c0d334d80213 in carbon.super organization
ThreadID: [1231] TenantID: [] [2026-10-01 20:27:08,836]  INFO {APIM_GOV_AUDIT_LOG} - [Async Eval Request] :: Validated artifact e2751bd4-70e9-4e96-9c39-c0d334d80213 in organization carbon.super against ruleset 3ae5cc93-a81d-44a9-a14d-8d7b7c6984b7
ThreadID: [1231] TenantID: [] [2026-10-01 20:27:08,840]  INFO {APIM_GOV_AUDIT_LOG} - [Async Eval Request] :: Validated artifact e2751bd4-70e9-4e96-9c39-c0d334d80213 in organization carbon.super against ruleset f6c41731-0796-4761-85f7-96b6d807aa43
ThreadID: [1231] TenantID: [] [2026-10-01 20:27:08,841]  INFO {APIM_GOV_AUDIT_LOG} - [Async Eval Request] :: Artifact e2751bd4-70e9-4e96-9c39-c0d334d80213 evaluated against policy e404809e-e6ad-46f4-95a1-e1a8e1034d8e in organization carbon.super
ThreadID: [1231] TenantID: [] [2026-10-01 20:27:08,841]  INFO {APIM_GOV_AUDIT_LOG} - [Async Eval Request] :: Request d59f0606-10bd-467d-a8b9-ddbac632d33c processed successfully for artifact e2751bd4-70e9-4e96-9c39-c0d334d80213 in organization carbon.super
ThreadID: [158] TenantID: [] [2026-10-01 20:29:08,806]  INFO {APIM_GOV_AUDIT_LOG} - [Scheduler Thread Pool Status] :: Active Thread Count: 0 -- | -- Completed Task Count: 10 -- | -- Submitted Task Count: 10 -- | -- Queue Size: 0 -- | -- Core Pool Size: 20 -- | -- Maximum Pool Size: 20 -- | -- Current Pool Size: 10
ThreadID: [158] TenantID: [] [2026-10-01 20:29:08,806]  INFO {APIM_GOV_AUDIT_LOG} - [Delete Processing Requests] :: Deleted 0 long-lasting processing requests with IDs: []
ThreadID: [158] TenantID: [] [2026-10-01 20:29:08,806]  INFO {APIM_GOV_AUDIT_LOG} - [Fetch Requests] :: Scheduler fetched 0 requests with IDs: []
ThreadID: [158] TenantID: [] [2026-10-01 20:31:08,805]  INFO {APIM_GOV_AUDIT_LOG} - [Scheduler Thread Pool Status] :: Active Thread Count: 0 -- | -- Completed Task Count: 10 -- | -- Submitted Task Count: 10 -- | -- Queue Size: 0 -- | -- Core Pool Size: 20 -- | -- Maximum Pool Size: 20 -- | -- Current Pool Size: 10
ThreadID: [158] TenantID: [] [2026-10-01 20:31:08,805]  INFO {APIM_GOV_AUDIT_LOG} - [Delete Processing Requests] :: Deleted 0 long-lasting processing requests with IDs: []
ThreadID: [158] TenantID: [] [2026-10-01 20:31:08,805]  INFO {APIM_GOV_AUDIT_LOG} - [Fetch Requests] :: Scheduler fetched 0 requests with IDs: []
ThreadID: [158] TenantID: [] [2026-10-01 20:33:08,805]  INFO {APIM_GOV_AUDIT_LOG} - [Scheduler Thread Pool Status] :: Active Thread Count: 0 -- | -- Completed Task Count: 10 -- | -- Submitted Task Count: 10 -- | -- Queue Size: 0 -- | -- Core Pool Size: 20 -- | -- Maximum Pool Size: 20 -- | -- Current Pool Size: 10
ThreadID: [158] TenantID: [] [2026-10-01 20:33:08,805]  INFO {APIM_GOV_AUDIT_LOG} - [Delete Processing Requests] :: Deleted 0 long-lasting processing requests with IDs: []
ThreadID: [158] TenantID: [] [2026-10-01 20:33:08,805]  INFO {APIM_GOV_AUDIT_LOG} - [Fetch Requests] :: Scheduler fetched 0 requests with IDs: []
ThreadID: [1239] TenantID: [] [2026-10-01 20:34:00,528]  INFO {APIM_GOV_AUDIT_LOG} - [New Async Eval Request] :: New compliance evaluation request for artifact e2751bd4-70e9-4e96-9c39-c0d334d80213 with policy IDs [e404809e-e6ad-46f4-95a1-e1a8e1034d8e]
ThreadID: [1239] TenantID: [] [2026-10-01 20:34:00,528]  INFO {APIM_GOV_AUDIT_LOG} - [New Async Eval Request] :: New compliance evaluation request for artifact e2751bd4-70e9-4e96-9c39-c0d334d80213 with policy IDs [e404809e-e6ad-46f4-95a1-e1a8e1034d8e]
ThreadID: [1239] TenantID: [] [2026-10-01 20:34:06,365]  INFO {APIM_GOV_AUDIT_LOG} - [New Async Eval Request] :: New compliance evaluation request for artifact e2751bd4-70e9-4e96-9c39-c0d334d80213 with policy IDs [e404809e-e6ad-46f4-95a1-e1a8e1034d8e]
ThreadID: [1239] TenantID: [] [2026-10-01 20:34:06,365]  INFO {APIM_GOV_AUDIT_LOG} - [New Async Eval Request] :: New compliance evaluation request for artifact e2751bd4-70e9-4e96-9c39-c0d334d80213 with policy IDs [e404809e-e6ad-46f4-95a1-e1a8e1034d8e]
ThreadID: [1239] TenantID: [] [2026-10-01 20:34:06,402]  INFO {APIM_GOV_AUDIT_LOG} - [New Async Eval Request] :: New compliance evaluation request for artifact e2751bd4-70e9-4e96-9c39-c0d334d80213 with policy IDs [e404809e-e6ad-46f4-95a1-e1a8e1034d8e]
ThreadID: [1239] TenantID: [] [2026-10-01 20:34:06,402]  INFO {APIM_GOV_AUDIT_LOG} - [New Async Eval Request] :: New compliance evaluation request for artifact e2751bd4-70e9-4e96-9c39-c0d334d80213 with policy IDs [e404809e-e6ad-46f4-95a1-e1a8e1034d8e]
ThreadID: [158] TenantID: [] [2026-10-01 20:35:08,807]  INFO {APIM_GOV_AUDIT_LOG} - [Scheduler Thread Pool Status] :: Active Thread Count: 0 -- | -- Completed Task Count: 10 -- | -- Submitted Task Count: 10 -- | -- Queue Size: 0 -- | -- Core Pool Size: 20 -- | -- Maximum Pool Size: 20 -- | -- Current Pool Size: 10
ThreadID: [158] TenantID: [] [2026-10-01 20:35:08,807]  INFO {APIM_GOV_AUDIT_LOG} - [Delete Processing Requests] :: Deleted 0 long-lasting processing requests with IDs: []
ThreadID: [158] TenantID: [] [2026-10-01 20:35:08,807]  INFO {APIM_GOV_AUDIT_LOG} - [Fetch Requests] :: Scheduler fetched 1 requests with IDs: [9c5a8415-c3be-4074-ba16-916e2942d7d4]
ThreadID: [1268] TenantID: [] [2026-10-01 20:35:08,807]  INFO {APIM_GOV_AUDIT_LOG} - [Async Eval Request] :: Processing request 9c5a8415-c3be-4074-ba16-916e2942d7d4 for artifact e2751bd4-70e9-4e96-9c39-c0d334d80213 in carbon.super organization
ThreadID: [1268] TenantID: [] [2026-10-01 20:35:08,840]  INFO {APIM_GOV_AUDIT_LOG} - [Async Eval Request] :: Validated artifact e2751bd4-70e9-4e96-9c39-c0d334d80213 in organization carbon.super against ruleset 3ae5cc93-a81d-44a9-a14d-8d7b7c6984b7
ThreadID: [1268] TenantID: [] [2026-10-01 20:35:08,844]  INFO {APIM_GOV_AUDIT_LOG} - [Async Eval Request] :: Validated artifact e2751bd4-70e9-4e96-9c39-c0d334d80213 in organization carbon.super against ruleset f6c41731-0796-4761-85f7-96b6d807aa43
ThreadID: [1268] TenantID: [] [2026-10-01 20:35:08,844]  INFO {APIM_GOV_AUDIT_LOG} - [Async Eval Request] :: Artifact e2751bd4-70e9-4e96-9c39-c0d334d80213 evaluated against policy e404809e-e6ad-46f4-95a1-e1a8e1034d8e in organization carbon.super
ThreadID: [1268] TenantID: [] [2026-10-01 20:35:08,845]  INFO {APIM_GOV_AUDIT_LOG} - [Async Eval Request] :: Request 9c5a8415-c3be-4074-ba16-916e2942d7d4 processed successfully for artifact e2751bd4-70e9-4e96-9c39-c0d334d80213 in organization carbon.super
ThreadID: [158] TenantID: [] [2026-10-01 20:37:08,805]  INFO {APIM_GOV_AUDIT_LOG} - [Scheduler Thread Pool Status] :: Active Thread Count: 0 -- | -- Completed Task Count: 11 -- | -- Submitted Task Count: 11 -- | -- Queue Size: 0 -- | -- Core Pool Size: 20 -- | -- Maximum Pool Size: 20 -- | -- Current Pool Size: 11
ThreadID: [158] TenantID: [] [2026-10-01 20:37:08,805]  INFO {APIM_GOV_AUDIT_LOG} - [Delete Processing Requests] :: Deleted 0 long-lasting processing requests with IDs: []
ThreadID: [158] TenantID: [] [2026-10-01 20:37:08,805]  INFO {APIM_GOV_AUDIT_LOG} - [Fetch Requests] :: Scheduler fetched 0 requests with IDs: []
ThreadID: [158] TenantID: [] [2026-10-01 20:39:08,806]  INFO {APIM_GOV_AUDIT_LOG} - [Scheduler Thread Pool Status] :: Active Thread Count: 0 -- | -- Completed Task Count: 11 -- | -- Submitted Task Count: 11 -- | -- Queue Size: 0 -- | -- Core Pool Size: 20 -- | -- Maximum Pool Size: 20 -- | -- Current Pool Size: 11
ThreadID: [158] TenantID: [] [2026-10-01 20:39:08,806]  INFO {APIM_GOV_AUDIT_LOG} - [Delete Processing Requests] :: Deleted 0 long-lasting processing requests with IDs: []
ThreadID: [158] TenantID: [] [2026-10-01 20:39:08,806]  INFO {APIM_GOV_AUDIT_LOG} - [Fetch Requests] :: Scheduler fetched 0 requests with IDs: []
ThreadID: [1302] TenantID: [] [2026-10-01 20:40:21,445]  INFO {APIM_GOV_AUDIT_LOG} - [New Async Eval Request] :: New compliance evaluation request for artifact e2751bd4-70e9-4e96-9c39-c0d334d80213 with policy IDs [e404809e-e6ad-46f4-95a1-e1a8e1034d8e]
ThreadID: [1302] TenantID: [] [2026-10-01 20:40:21,445]  INFO {APIM_GOV_AUDIT_LOG} - [New Async Eval Request] :: New compliance evaluation request for artifact e2751bd4-70e9-4e96-9c39-c0d334d80213 with policy IDs [e404809e-e6ad-46f4-95a1-e1a8e1034d8e]
ThreadID: [1302] TenantID: [] [2026-10-01 20:40:22,978]  INFO {APIM_GOV_AUDIT_LOG} - [New Async Eval Request] :: New compliance evaluation request for artifact e2751bd4-70e9-4e96-9c39-c0d334d80213 with policy IDs [e404809e-e6ad-46f4-95a1-e1a8e1034d8e]
ThreadID: [1302] TenantID: [] [2026-10-01 20:40:22,978]  INFO {APIM_GOV_AUDIT_LOG} - [New Async Eval Request] :: New compliance evaluation request for artifact e2751bd4-70e9-4e96-9c39-c0d334d80213 with policy IDs [e404809e-e6ad-46f4-95a1-e1a8e1034d8e]
ThreadID: [1302] TenantID: [] [2026-10-01 20:40:23,011]  INFO {APIM_GOV_AUDIT_LOG} - [New Async Eval Request] :: New compliance evaluation request for artifact e2751bd4-70e9-4e96-9c39-c0d334d80213 with policy IDs [e404809e-e6ad-46f4-95a1-e1a8e1034d8e]
ThreadID: [1302] TenantID: [] [2026-10-01 20:40:23,011]  INFO {APIM_GOV_AUDIT_LOG} - [New Async Eval Request] :: New compliance evaluation request for artifact e2751bd4-70e9-4e96-9c39-c0d334d80213 with policy IDs [e404809e-e6ad-46f4-95a1-e1a8e1034d8e]
ThreadID: [158] TenantID: [] [2026-10-01 20:41:08,805]  INFO {APIM_GOV_AUDIT_LOG} - [Scheduler Thread Pool Status] :: Active Thread Count: 0 -- | -- Completed Task Count: 11 -- | -- Submitted Task Count: 11 -- | -- Queue Size: 0 -- | -- Core Pool Size: 20 -- | -- Maximum Pool Size: 20 -- | -- Current Pool Size: 11
ThreadID: [158] TenantID: [] [2026-10-01 20:41:08,805]  INFO {APIM_GOV_AUDIT_LOG} - [Delete Processing Requests] :: Deleted 0 long-lasting processing requests with IDs: []
ThreadID: [158] TenantID: [] [2026-10-01 20:41:08,805]  INFO {APIM_GOV_AUDIT_LOG} - [Fetch Requests] :: Scheduler fetched 1 requests with IDs: [9f6a1193-6267-4e36-9ffe-93a1a75e67ad]
ThreadID: [1320] TenantID: [] [2026-10-01 20:41:08,805]  INFO {APIM_GOV_AUDIT_LOG} - [Async Eval Request] :: Processing request 9f6a1193-6267-4e36-9ffe-93a1a75e67ad for artifact e2751bd4-70e9-4e96-9c39-c0d334d80213 in carbon.super organization
ThreadID: [1320] TenantID: [] [2026-10-01 20:41:08,832]  INFO {APIM_GOV_AUDIT_LOG} - [Async Eval Request] :: Validated artifact e2751bd4-70e9-4e96-9c39-c0d334d80213 in organization carbon.super against ruleset 3ae5cc93-a81d-44a9-a14d-8d7b7c6984b7
ThreadID: [1320] TenantID: [] [2026-10-01 20:41:08,835]  INFO {APIM_GOV_AUDIT_LOG} - [Async Eval Request] :: Validated artifact e2751bd4-70e9-4e96-9c39-c0d334d80213 in organization carbon.super against ruleset f6c41731-0796-4761-85f7-96b6d807aa43
ThreadID: [1320] TenantID: [] [2026-10-01 20:41:08,836]  INFO {APIM_GOV_AUDIT_LOG} - [Async Eval Request] :: Artifact e2751bd4-70e9-4e96-9c39-c0d334d80213 evaluated against policy e404809e-e6ad-46f4-95a1-e1a8e1034d8e in organization carbon.super
ThreadID: [1320] TenantID: [] [2026-10-01 20:41:08,836]  INFO {APIM_GOV_AUDIT_LOG} - [Async Eval Request] :: Request 9f6a1193-6267-4e36-9ffe-93a1a75e67ad processed successfully for artifact e2751bd4-70e9-4e96-9c39-c0d334d80213 in organization carbon.super
ThreadID: [1327] TenantID: [] [2026-10-01 20:42:35,024]  INFO {APIM_GOV_AUDIT_LOG} - [New Async Eval Request] :: New compliance evaluation request for artifact e2751bd4-70e9-4e96-9c39-c0d334d80213 with policy IDs [e404809e-e6ad-46f4-95a1-e1a8e1034d8e]
ThreadID: [1327] TenantID: [] [2026-10-01 20:42:35,024]  INFO {APIM_GOV_AUDIT_LOG} - [New Async Eval Request] :: New compliance evaluation request for artifact e2751bd4-70e9-4e96-9c39-c0d334d80213 with policy IDs [e404809e-e6ad-46f4-95a1-e1a8e1034d8e]
ThreadID: [1327] TenantID: [] [2026-10-01 20:42:40,213]  INFO {APIM_GOV_AUDIT_LOG} - [New Async Eval Request] :: New compliance evaluation request for artifact e2751bd4-70e9-4e96-9c39-c0d334d80213 with policy IDs [e404809e-e6ad-46f4-95a1-e1a8e1034d8e]
ThreadID: [1327] TenantID: [] [2026-10-01 20:42:40,213]  INFO {APIM_GOV_AUDIT_LOG} - [New Async Eval Request] :: New compliance evaluation request for artifact e2751bd4-70e9-4e96-9c39-c0d334d80213 with policy IDs [e404809e-e6ad-46f4-95a1-e1a8e1034d8e]
ThreadID: [1327] TenantID: [] [2026-10-01 20:42:40,293]  INFO {APIM_GOV_AUDIT_LOG} - [New Async Eval Request] :: New compliance evaluation request for artifact e2751bd4-70e9-4e96-9c39-c0d334d80213 with policy IDs [e404809e-e6ad-46f4-95a1-e1a8e1034d8e]
ThreadID: [1327] TenantID: [] [2026-10-01 20:42:40,293]  INFO {APIM_GOV_AUDIT_LOG} - [New Async Eval Request] :: New compliance evaluation request for artifact e2751bd4-70e9-4e96-9c39-c0d334d80213 with policy IDs [e404809e-e6ad-46f4-95a1-e1a8e1034d8e]
ThreadID: [158] TenantID: [] [2026-10-01 20:43:08,806]  INFO {APIM_GOV_AUDIT_LOG} - [Scheduler Thread Pool Status] :: Active Thread Count: 0 -- | -- Completed Task Count: 12 -- | -- Submitted Task Count: 12 -- | -- Queue Size: 0 -- | -- Core Pool Size: 20 -- | -- Maximum Pool Size: 20 -- | -- Current Pool Size: 12
ThreadID: [158] TenantID: [] [2026-10-01 20:43:08,806]  INFO {APIM_GOV_AUDIT_LOG} - [Delete Processing Requests] :: Deleted 0 long-lasting processing requests with IDs: []
ThreadID: [158] TenantID: [] [2026-10-01 20:43:08,806]  INFO {APIM_GOV_AUDIT_LOG} - [Fetch Requests] :: Scheduler fetched 1 requests with IDs: [fe147881-b1cb-45fa-9dfc-c0954c8c06db]
ThreadID: [1358] TenantID: [] [2026-10-01 20:43:08,806]  INFO {APIM_GOV_AUDIT_LOG} - [Async Eval Request] :: Processing request fe147881-b1cb-45fa-9dfc-c0954c8c06db for artifact e2751bd4-70e9-4e96-9c39-c0d334d80213 in carbon.super organization
ThreadID: [1358] TenantID: [] [2026-10-01 20:43:08,835]  INFO {APIM_GOV_AUDIT_LOG} - [Async Eval Request] :: Validated artifact e2751bd4-70e9-4e96-9c39-c0d334d80213 in organization carbon.super against ruleset 3ae5cc93-a81d-44a9-a14d-8d7b7c6984b7
ThreadID: [1358] TenantID: [] [2026-10-01 20:43:08,838]  INFO {APIM_GOV_AUDIT_LOG} - [Async Eval Request] :: Validated artifact e2751bd4-70e9-4e96-9c39-c0d334d80213 in organization carbon.super against ruleset f6c41731-0796-4761-85f7-96b6d807aa43
ThreadID: [1358] TenantID: [] [2026-10-01 20:43:08,839]  INFO {APIM_GOV_AUDIT_LOG} - [Async Eval Request] :: Artifact e2751bd4-70e9-4e96-9c39-c0d334d80213 evaluated against policy e404809e-e6ad-46f4-95a1-e1a8e1034d8e in organization carbon.super
ThreadID: [1358] TenantID: [] [2026-10-01 20:43:08,839]  INFO {APIM_GOV_AUDIT_LOG} - [Async Eval Request] :: Request fe147881-b1cb-45fa-9dfc-c0954c8c06db processed successfully for artifact e2751bd4-70e9-4e96-9c39-c0d334d80213 in organization carbon.super
ThreadID: [158] TenantID: [] [2026-10-01 20:45:08,807]  INFO {APIM_GOV_AUDIT_LOG} - [Scheduler Thread Pool Status] :: Active Thread Count: 0 -- | -- Completed Task Count: 13 -- | -- Submitted Task Count: 13 -- | -- Queue Size: 0 -- | -- Core Pool Size: 20 -- | -- Maximum Pool Size: 20 -- | -- Current Pool Size: 13
ThreadID: [158] TenantID: [] [2026-10-01 20:45:08,807]  INFO {APIM_GOV_AUDIT_LOG} - [Delete Processing Requests] :: Deleted 0 long-lasting processing requests with IDs: []
ThreadID: [158] TenantID: [] [2026-10-01 20:45:08,807]  INFO {APIM_GOV_AUDIT_LOG} - [Fetch Requests] :: Scheduler fetched 0 requests with IDs: []
ThreadID: [1361] TenantID: [] [2026-10-01 20:45:49,693]  INFO {APIM_GOV_AUDIT_LOG} - [New Async Eval Request] :: New compliance evaluation request for artifact 9bd21ad2-f02e-4ee2-8be2-444f274257a8 with policy IDs [e404809e-e6ad-46f4-95a1-e1a8e1034d8e]
ThreadID: [1361] TenantID: [] [2026-10-01 20:45:49,781]  INFO {APIM_GOV_AUDIT_LOG} - [New Async Eval Request] :: New compliance evaluation request for artifact 9bd21ad2-f02e-4ee2-8be2-444f274257a8 with policy IDs [e404809e-e6ad-46f4-95a1-e1a8e1034d8e]
ThreadID: [1361] TenantID: [] [2026-10-01 20:45:49,782]  INFO {APIM_GOV_AUDIT_LOG} - [New Async Eval Request] :: New compliance evaluation request for artifact 9bd21ad2-f02e-4ee2-8be2-444f274257a8 with policy IDs [e404809e-e6ad-46f4-95a1-e1a8e1034d8e]
ThreadID: [1361] TenantID: [] [2026-10-01 20:45:49,818]  INFO {APIM_GOV_AUDIT_LOG} - [New Async Eval Request] :: New compliance evaluation request for artifact 9bd21ad2-f02e-4ee2-8be2-444f274257a8 with policy IDs [e404809e-e6ad-46f4-95a1-e1a8e1034d8e]
ThreadID: [1361] TenantID: [] [2026-10-01 20:45:49,818]  INFO {APIM_GOV_AUDIT_LOG} - [New Async Eval Request] :: New compliance evaluation request for artifact 9bd21ad2-f02e-4ee2-8be2-444f274257a8 with policy IDs [e404809e-e6ad-46f4-95a1-e1a8e1034d8e]
ThreadID: [1361] TenantID: [] [2026-10-01 20:45:49,845]  INFO {APIM_GOV_AUDIT_LOG} - [New Async Eval Request] :: New compliance evaluation request for artifact 9bd21ad2-f02e-4ee2-8be2-444f274257a8 with policy IDs [e404809e-e6ad-46f4-95a1-e1a8e1034d8e]
ThreadID: [1361] TenantID: [] [2026-10-01 20:45:49,845]  INFO {APIM_GOV_AUDIT_LOG} - [New Async Eval Request] :: New compliance evaluation request for artifact 9bd21ad2-f02e-4ee2-8be2-444f274257a8 with policy IDs [e404809e-e6ad-46f4-95a1-e1a8e1034d8e]
ThreadID: [1361] TenantID: [] [2026-10-01 20:46:37,919]  INFO {APIM_GOV_AUDIT_LOG} - [New Async Eval Request] :: New compliance evaluation request for artifact 9bd21ad2-f02e-4ee2-8be2-444f274257a8 with policy IDs [e404809e-e6ad-46f4-95a1-e1a8e1034d8e]
ThreadID: [1361] TenantID: [] [2026-10-01 20:46:37,919]  INFO {APIM_GOV_AUDIT_LOG} - [New Async Eval Request] :: New compliance evaluation request for artifact 9bd21ad2-f02e-4ee2-8be2-444f274257a8 with policy IDs [e404809e-e6ad-46f4-95a1-e1a8e1034d8e]
ThreadID: [1361] TenantID: [] [2026-10-01 20:46:41,144]  INFO {APIM_GOV_AUDIT_LOG} - [New Async Eval Request] :: New compliance evaluation request for artifact 9bd21ad2-f02e-4ee2-8be2-444f274257a8 with policy IDs [e404809e-e6ad-46f4-95a1-e1a8e1034d8e]
ThreadID: [1361] TenantID: [] [2026-10-01 20:46:41,144]  INFO {APIM_GOV_AUDIT_LOG} - [New Async Eval Request] :: New compliance evaluation request for artifact 9bd21ad2-f02e-4ee2-8be2-444f274257a8 with policy IDs [e404809e-e6ad-46f4-95a1-e1a8e1034d8e]
ThreadID: [1361] TenantID: [] [2026-10-01 20:46:42,707]  INFO {APIM_GOV_AUDIT_LOG} - [New Async Eval Request] :: New compliance evaluation request for artifact 9bd21ad2-f02e-4ee2-8be2-444f274257a8 with policy IDs [e404809e-e6ad-46f4-95a1-e1a8e1034d8e]
ThreadID: [1361] TenantID: [] [2026-10-01 20:46:42,707]  INFO {APIM_GOV_AUDIT_LOG} - [New Async Eval Request] :: New compliance evaluation request for artifact 9bd21ad2-f02e-4ee2-8be2-444f274257a8 with policy IDs [e404809e-e6ad-46f4-95a1-e1a8e1034d8e]
ThreadID: [1361] TenantID: [] [2026-10-01 20:46:42,737]  INFO {APIM_GOV_AUDIT_LOG} - [New Async Eval Request] :: New compliance evaluation request for artifact 9bd21ad2-f02e-4ee2-8be2-444f274257a8 with policy IDs [e404809e-e6ad-46f4-95a1-e1a8e1034d8e]
ThreadID: [1361] TenantID: [] [2026-10-01 20:46:42,737]  INFO {APIM_GOV_AUDIT_LOG} - [New Async Eval Request] :: New compliance evaluation request for artifact 9bd21ad2-f02e-4ee2-8be2-444f274257a8 with policy IDs [e404809e-e6ad-46f4-95a1-e1a8e1034d8e]
ThreadID: [158] TenantID: [] [2026-10-01 20:47:08,805]  INFO {APIM_GOV_AUDIT_LOG} - [Scheduler Thread Pool Status] :: Active Thread Count: 0 -- | -- Completed Task Count: 13 -- | -- Submitted Task Count: 13 -- | -- Queue Size: 0 -- | -- Core Pool Size: 20 -- | -- Maximum Pool Size: 20 -- | -- Current Pool Size: 13
ThreadID: [158] TenantID: [] [2026-10-01 20:47:08,805]  INFO {APIM_GOV_AUDIT_LOG} - [Delete Processing Requests] :: Deleted 0 long-lasting processing requests with IDs: []
ThreadID: [158] TenantID: [] [2026-10-01 20:47:08,805]  INFO {APIM_GOV_AUDIT_LOG} - [Fetch Requests] :: Scheduler fetched 1 requests with IDs: [0af506be-f3d1-4802-92a9-a6bc4e5a6183]
ThreadID: [1408] TenantID: [] [2026-10-01 20:47:08,805]  INFO {APIM_GOV_AUDIT_LOG} - [Async Eval Request] :: Processing request 0af506be-f3d1-4802-92a9-a6bc4e5a6183 for artifact 9bd21ad2-f02e-4ee2-8be2-444f274257a8 in carbon.super organization
ThreadID: [1408] TenantID: [] [2026-10-01 20:47:08,832]  INFO {APIM_GOV_AUDIT_LOG} - [Async Eval Request] :: Validated artifact 9bd21ad2-f02e-4ee2-8be2-444f274257a8 in organization carbon.super against ruleset 3ae5cc93-a81d-44a9-a14d-8d7b7c6984b7
ThreadID: [1408] TenantID: [] [2026-10-01 20:47:08,833]  INFO {APIM_GOV_AUDIT_LOG} - [Async Eval Request] :: Validated artifact 9bd21ad2-f02e-4ee2-8be2-444f274257a8 in organization carbon.super against ruleset f6c41731-0796-4761-85f7-96b6d807aa43
ThreadID: [1408] TenantID: [] [2026-10-01 20:47:08,833]  INFO {APIM_GOV_AUDIT_LOG} - [Async Eval Request] :: Artifact 9bd21ad2-f02e-4ee2-8be2-444f274257a8 evaluated against policy e404809e-e6ad-46f4-95a1-e1a8e1034d8e in organization carbon.super
ThreadID: [1408] TenantID: [] [2026-10-01 20:47:08,833]  INFO {APIM_GOV_AUDIT_LOG} - [Async Eval Request] :: Request 0af506be-f3d1-4802-92a9-a6bc4e5a6183 processed successfully for artifact 9bd21ad2-f02e-4ee2-8be2-444f274257a8 in organization carbon.super
ThreadID: [1410] TenantID: [] [2026-10-01 20:48:06,590]  INFO {APIM_GOV_AUDIT_LOG} - [New Async Eval Request] :: New compliance evaluation request for artifact fad559f5-1e65-405e-83cc-a844eff07a6e with policy IDs [e404809e-e6ad-46f4-95a1-e1a8e1034d8e]
ThreadID: [1410] TenantID: [] [2026-10-01 20:48:06,662]  INFO {APIM_GOV_AUDIT_LOG} - [New Async Eval Request] :: New compliance evaluation request for artifact fad559f5-1e65-405e-83cc-a844eff07a6e with policy IDs [e404809e-e6ad-46f4-95a1-e1a8e1034d8e]
ThreadID: [1410] TenantID: [] [2026-10-01 20:48:06,662]  INFO {APIM_GOV_AUDIT_LOG} - [New Async Eval Request] :: New compliance evaluation request for artifact fad559f5-1e65-405e-83cc-a844eff07a6e with policy IDs [e404809e-e6ad-46f4-95a1-e1a8e1034d8e]
ThreadID: [1410] TenantID: [] [2026-10-01 20:48:06,693]  INFO {APIM_GOV_AUDIT_LOG} - [New Async Eval Request] :: New compliance evaluation request for artifact fad559f5-1e65-405e-83cc-a844eff07a6e with policy IDs [e404809e-e6ad-46f4-95a1-e1a8e1034d8e]
ThreadID: [1410] TenantID: [] [2026-10-01 20:48:06,693]  INFO {APIM_GOV_AUDIT_LOG} - [New Async Eval Request] :: New compliance evaluation request for artifact fad559f5-1e65-405e-83cc-a844eff07a6e with policy IDs [e404809e-e6ad-46f4-95a1-e1a8e1034d8e]
ThreadID: [1410] TenantID: [] [2026-10-01 20:48:06,703]  INFO {APIM_GOV_AUDIT_LOG} - [New Async Eval Request] :: New compliance evaluation request for artifact fad559f5-1e65-405e-83cc-a844eff07a6e with policy IDs [e404809e-e6ad-46f4-95a1-e1a8e1034d8e]
ThreadID: [1410] TenantID: [] [2026-10-01 20:48:06,703]  INFO {APIM_GOV_AUDIT_LOG} - [New Async Eval Request] :: New compliance evaluation request for artifact fad559f5-1e65-405e-83cc-a844eff07a6e with policy IDs [e404809e-e6ad-46f4-95a1-e1a8e1034d8e]
ThreadID: [1410] TenantID: [] [2026-10-01 20:48:42,023]  INFO {APIM_GOV_AUDIT_LOG} - [New Async Eval Request] :: New compliance evaluation request for artifact fad559f5-1e65-405e-83cc-a844eff07a6e with policy IDs [e404809e-e6ad-46f4-95a1-e1a8e1034d8e]
ThreadID: [1410] TenantID: [] [2026-10-01 20:48:42,023]  INFO {APIM_GOV_AUDIT_LOG} - [New Async Eval Request] :: New compliance evaluation request for artifact fad559f5-1e65-405e-83cc-a844eff07a6e with policy IDs [e404809e-e6ad-46f4-95a1-e1a8e1034d8e]
ThreadID: [158] TenantID: [] [2026-10-01 20:49:08,806]  INFO {APIM_GOV_AUDIT_LOG} - [Scheduler Thread Pool Status] :: Active Thread Count: 0 -- | -- Completed Task Count: 14 -- | -- Submitted Task Count: 14 -- | -- Queue Size: 0 -- | -- Core Pool Size: 20 -- | -- Maximum Pool Size: 20 -- | -- Current Pool Size: 14
ThreadID: [158] TenantID: [] [2026-10-01 20:49:08,806]  INFO {APIM_GOV_AUDIT_LOG} - [Delete Processing Requests] :: Deleted 0 long-lasting processing requests with IDs: []
ThreadID: [158] TenantID: [] [2026-10-01 20:49:08,806]  INFO {APIM_GOV_AUDIT_LOG} - [Fetch Requests] :: Scheduler fetched 1 requests with IDs: [2980c74b-6fd9-4162-bedd-1bf0797c9fff]
ThreadID: [1439] TenantID: [] [2026-10-01 20:49:08,806]  INFO {APIM_GOV_AUDIT_LOG} - [Async Eval Request] :: Processing request 2980c74b-6fd9-4162-bedd-1bf0797c9fff for artifact fad559f5-1e65-405e-83cc-a844eff07a6e in carbon.super organization
ThreadID: [1439] TenantID: [] [2026-10-01 20:49:08,835]  INFO {APIM_GOV_AUDIT_LOG} - [Async Eval Request] :: Validated artifact fad559f5-1e65-405e-83cc-a844eff07a6e in organization carbon.super against ruleset 3ae5cc93-a81d-44a9-a14d-8d7b7c6984b7
ThreadID: [1439] TenantID: [] [2026-10-01 20:49:08,837]  INFO {APIM_GOV_AUDIT_LOG} - [Async Eval Request] :: Validated artifact fad559f5-1e65-405e-83cc-a844eff07a6e in organization carbon.super against ruleset f6c41731-0796-4761-85f7-96b6d807aa43
ThreadID: [1439] TenantID: [] [2026-10-01 20:49:08,838]  INFO {APIM_GOV_AUDIT_LOG} - [Async Eval Request] :: Artifact fad559f5-1e65-405e-83cc-a844eff07a6e evaluated against policy e404809e-e6ad-46f4-95a1-e1a8e1034d8e in organization carbon.super
ThreadID: [1439] TenantID: [] [2026-10-01 20:49:08,838]  INFO {APIM_GOV_AUDIT_LOG} - [Async Eval Request] :: Request 2980c74b-6fd9-4162-bedd-1bf0797c9fff processed successfully for artifact fad559f5-1e65-405e-83cc-a844eff07a6e in organization carbon.super
ThreadID: [158] TenantID: [] [2026-10-01 20:51:08,805]  INFO {APIM_GOV_AUDIT_LOG} - [Scheduler Thread Pool Status] :: Active Thread Count: 0 -- | -- Completed Task Count: 15 -- | -- Submitted Task Count: 15 -- | -- Queue Size: 0 -- | -- Core Pool Size: 20 -- | -- Maximum Pool Size: 20 -- | -- Current Pool Size: 15
ThreadID: [158] TenantID: [] [2026-10-01 20:51:08,805]  INFO {APIM_GOV_AUDIT_LOG} - [Delete Processing Requests] :: Deleted 0 long-lasting processing requests with IDs: []
ThreadID: [158] TenantID: [] [2026-10-01 20:51:08,805]  INFO {APIM_GOV_AUDIT_LOG} - [Fetch Requests] :: Scheduler fetched 0 requests with IDs: []
ThreadID: [1486] TenantID: [] [2026-10-01 20:51:45,057]  INFO {APIM_GOV_AUDIT_LOG} - [New Async Eval Request] :: New compliance evaluation request for artifact fad559f5-1e65-405e-83cc-a844eff07a6e with policy IDs [e404809e-e6ad-46f4-95a1-e1a8e1034d8e]
ThreadID: [1486] TenantID: [] [2026-10-01 20:51:45,057]  INFO {APIM_GOV_AUDIT_LOG} - [New Async Eval Request] :: New compliance evaluation request for artifact fad559f5-1e65-405e-83cc-a844eff07a6e with policy IDs [e404809e-e6ad-46f4-95a1-e1a8e1034d8e]
ThreadID: [1486] TenantID: [] [2026-10-01 20:51:46,562]  INFO {APIM_GOV_AUDIT_LOG} - [New Async Eval Request] :: New compliance evaluation request for artifact fad559f5-1e65-405e-83cc-a844eff07a6e with policy IDs [e404809e-e6ad-46f4-95a1-e1a8e1034d8e]
ThreadID: [1486] TenantID: [] [2026-10-01 20:51:46,562]  INFO {APIM_GOV_AUDIT_LOG} - [New Async Eval Request] :: New compliance evaluation request for artifact fad559f5-1e65-405e-83cc-a844eff07a6e with policy IDs [e404809e-e6ad-46f4-95a1-e1a8e1034d8e]
ThreadID: [1486] TenantID: [] [2026-10-01 20:51:46,599]  INFO {APIM_GOV_AUDIT_LOG} - [New Async Eval Request] :: New compliance evaluation request for artifact fad559f5-1e65-405e-83cc-a844eff07a6e with policy IDs [e404809e-e6ad-46f4-95a1-e1a8e1034d8e]
ThreadID: [1486] TenantID: [] [2026-10-01 20:51:46,599]  INFO {APIM_GOV_AUDIT_LOG} - [New Async Eval Request] :: New compliance evaluation request for artifact fad559f5-1e65-405e-83cc-a844eff07a6e with policy IDs [e404809e-e6ad-46f4-95a1-e1a8e1034d8e]
