TID: [-1234] [2026-10-04 00:00:02,353]  INFO {AUDIT_LOG} - Initiator=w**************r Action=Get-User-Claim-Values Target=a***n Data={"Claims":{},"Profile":"default"} Outcome=Success
TID: [-1234] [2026-10-04 00:00:02,353]  INFO {AUDIT_LOG} - Initiator=w**************r Action=Get-User-Claim-Values Target=a***n Data={"Claims":{},"Profile":"default"} Outcome=Success
TID: [-1234] [2026-10-04 00:00:02,353]  INFO {AUDIT_LOG} - Initiator=w**************r Action=Get-User-Claim-Values Target=a***n Data={"Claims":{},"Profile":"default"} Outcome=Success
TID: [-1234] [2026-10-04 00:00:32,352]  INFO {AUDIT_LOG} - Initiator=w**************r Action=Get-User-Claim-Values Target=a***n Data={"Claims":{},"Profile":"default"} Outcome=Success
TID: [-1234] [2026-10-04 00:00:32,353]  INFO {AUDIT_LOG} - Initiator=w**************r Action=Get-User-Claim-Values Target=a***n Data={"Claims":{},"Profile":"default"} Outcome=Success
TID: [-1234] [2026-10-04 00:00:32,353]  INFO {AUDIT_LOG} - Initiator=w**************r Action=Get-User-Claim-Values Target=a***n Data={"Claims":{},"Profile":"default"} Outcome=Success
TID: [-1234] [2026-10-04 00:01:02,353]  INFO {AUDIT_LOG} - Initiator=w**************r Action=Get-User-Claim-Values Target=a***n Data={"Claims":{},"Profile":"default"} Outcome=Success
TID: [-1234] [2026-10-04 00:01:02,353]  INFO {AUDIT_LOG} - Initiator=w**************r Action=Get-User-Claim-Values Target=a***n Data={"Claims":{},"Profile":"default"} Outcome=Success
TID: [-1234] [2026-10-04 00:01:02,353]  INFO {AUDIT_LOG} - Initiator=w**************r Action=Get-User-Claim-Values Target=a***n Data={"Claims":{},"Profile":"default"} Outcome=Success
TID: [] [2026-10-04 00:01:30,984]  INFO {AUDIT_LOG} - Initiator=w**************r Action=Get-Roles-of-User Target=a***n Data={"Filter":"*","Roles":["Internal/subscriber","Internal/creator","Internal/publisher","Internal/everyone","Internal/devops","admin","Internal/analytics","Internal/observer","Internal/integration_dev"]} Outcome=Success
TID: [] [2026-10-04 12:07:15,811]  INFO {AUDIT_LOG} - {"performedBy":"SYSTEM: carbon.super","action":"deployed","type":"API"}
TID: [] [2026-10-04 12:07:15,816]  INFO {AUDIT_LOG} - {"performedBy":"SYSTEM: carbon.super","action":"deployed","type":"API"}
TID: [] [2026-10-04 12:07:16,286]  INFO {AUDIT_LOG} - Initiator=w**************r Action=Get-User-Claim-Values Target=a***n Data={"Claims":{},"Profile":"default"} Outcome=Success
TID: [] [2026-10-04 12:07:16,286]  INFO {AUDIT_LOG} - Initiator=w**************r Action=Get-User-Claim-Values Target=a***n Data={"Claims":{},"Profile":"default"} Outcome=Success
TID: [] [2026-10-04 12:07:16,286]  INFO {AUDIT_LOG} - Initiator=w**************r Action=Get-User-Claim-Values Target=a***n Data={"Claims":{},"Profile":"default"} Outcome=Success
TID: [] [2026-10-04 12:07:16,286]  INFO {AUDIT_LOG} - Initiator=w**************r Action=Get-User-Claim-Values Target=a***n Data={"Claims":{},"Profile":"default"} Outcome=Success
TID: [] [2026-10-04 12:07:16,286]  INFO {AUDIT_LOG} - Initiator=w**************r Action=Get-User-Claim-Values Target=a***n Data={"Claims":{},"Profile":"default"} Outcome=Success
TID: [] [2026-10-04 12:07:16,286]  INFO {AUDIT_LOG} - Initiator=w**************r Action=Get-User-Claim-Values Target=a***n Data={"Claims":{},"Profile":"default"} Outcome=Success
TID: [] [2026-10-04 12:07:16,286]  INFO {AUDIT_LOG} - Initiator=w**************r Action=Get-User-Claim-Values Target=a***n Data={"Claims":{},"Profile":"default"} Outcome=Success
TID: [] [2026-10-04 12:07:16,286]  INFO {AUDIT_LOG} - Initiator=w**************r Action=Get-User-Claim-Values Target=a***n Data={"Claims":{},"Profile":"default"} Outcome=Success
TID: [] [2026-10-04 12:07:16,286]  INFO {AUDIT_LOG} - Initiator=w**************r Action=Get-User-Claim-Values Target=a***n Data={"Claims":{},"Profile":"default"} Outcome=Success
TID: [] [2026-10-04 12:07:16,286]  INFO {AUDIT_LOG} - Initiator=w**************r Action=Get-User-Claim-Values Target=a***n Data={"Claims":{},"Profile":"default"} Outcome=Success
TID: [] [2026-10-04 12:07:16,286]  INFO {AUDIT_LOG} - Initiator=w**************r Action=Get-User-Claim-Values Target=a***n Data={"Claims":{},"Profile":"default"} Outcome=Success
TID: [] [2026-10-04 12:07:16,286]  INFO {AUDIT_LOG} - Initiator=w**************r Action=Get-User-Claim-Values Target=a***n Data={"Claims":{},"Profile":"default"} Outcome=Success
TID: [] [2026-10-04 12:07:16,290]  INFO {AUDIT_LOG} - Initiator=w**************r Action=Get-User-Claim-Values Target=a***n Data={"Claims":{},"Profile":"default"} Outcome=Success
TID: [] [2026-10-04 12:07:16,290]  INFO {AUDIT_LOG} - Initiator=w**************r Action=Get-User-Claim-Values Target=a***n Data={"Claims":{},"Profile":"default"} Outcome=Success
TID: [] [2026-10-04 12:07:16,290]  INFO {AUDIT_LOG} - Initiator=w**************r Action=Get-User-Claim-Values Target=a***n Data={"Claims":{},"Profile":"default"} Outcome=Success
TID: [] [2026-10-04 12:07:16,290]  INFO {AUDIT_LOG} - Initiator=w**************r Action=Get-User-Claim-Values Target=a***n Data={"Claims":{},"Profile":"default"} Outcome=Success
TID: [] [2026-10-04 12:07:16,290]  INFO {AUDIT_LOG} - Initiator=w**************r Action=Get-User-Claim-Values Target=a***n Data={"Claims":{},"Profile":"default"} Outcome=Success
TID: [] [2026-10-04 12:07:16,290]  INFO {AUDIT_LOG} - Initiator=w**************r Action=Get-User-Claim-Values Target=a***n Data={"Claims":{},"Profile":"default"} Outcome=Success
TID: [] [2026-10-04 12:07:16,290]  INFO {AUDIT_LOG} - Initiator=w**************r Action=Get-User-Claim-Values Target=a***n Data={"Claims":{},"Profile":"default"} Outcome=Success
TID: [] [2026-10-04 12:07:16,290]  INFO {AUDIT_LOG} - Initiator=w**************r Action=Get-User-Claim-Values Target=a***n Data={"Claims":{},"Profile":"default"} Outcome=Success
TID: [] [2026-10-04 12:07:16,290]  INFO {AUDIT_LOG} - Initiator=w**************r Action=Get-User-Claim-Values Target=a***n Data={"Claims":{},"Profile":"default"} Outcome=Success
TID: [] [2026-10-04 12:07:16,290]  INFO {AUDIT_LOG} - Initiator=w**************r Action=Get-User-Claim-Values Target=a***n Data={"Claims":{},"Profile":"default"} Outcome=Success
TID: [] [2026-10-04 12:07:16,291]  INFO {AUDIT_LOG} - Initiator=w**************r Action=Get-User-Claim-Values Target=a***n Data={"Claims":{},"Profile":"default"} Outcome=Success
TID: [] [2026-10-04 12:07:16,291]  INFO {AUDIT_LOG} - Initiator=w**************r Action=Get-User-Claim-Values Target=a***n Data={"Claims":{},"Profile":"default"} Outcome=Success
TID: [] [2026-10-04 12:07:16,291]  INFO {AUDIT_LOG} - Initiator=w**************r Action=Get-User-Claim-Values Target=a***n Data={"Claims":{},"Profile":"default"} Outcome=Success
TID: [] [2026-10-04 12:07:16,291]  INFO {AUDIT_LOG} - Initiator=w**************r Action=Get-User-Claim-Values Target=a***n Data={"Claims":{},"Profile":"default"} Outcome=Success
TID: [] [2026-10-04 12:07:16,291]  INFO {AUDIT_LOG} - Initiator=w**************r Action=Get-User-Claim-Values Target=a***n Data={"Claims":{},"Profile":"default"} Outcome=Success
TID: [] [2026-10-04 12:07:16,291]  INFO {AUDIT_LOG} - Initiator=w**************r Action=Get-User-Claim-Values Target=a***n Data={"Claims":{},"Profile":"default"} Outcome=Success
TID: [] [2026-10-04 12:07:16,291]  INFO {AUDIT_LOG} - Initiator=w**************r Action=Get-User-Claim-Values Target=a***n Data={"Claims":{},"Profile":"default"} Outcome=Success
TID: [] [2026-10-04 12:07:16,291]  INFO {AUDIT_LOG} - Initiator=w**************r Action=Get-User-Claim-Values Target=a***n Data={"Claims":{},"Profile":"default"} Outcome=Success
TID: [] [2026-10-04 12:07:16,292]  INFO {AUDIT_LOG} - Initiator=w**************r Action=Get-User-Claim-Values Target=a***n Data={"Claims":{},"Profile":"default"} Outcome=Success
TID: [] [2026-10-04 12:07:16,292]  INFO {AUDIT_LOG} - Initiator=w**************r Action=Get-User-Claim-Values Target=a***n Data={"Claims":{},"Profile":"default"} Outcome=Success
TID: [] [2026-10-04 12:07:16,292]  INFO {AUDIT_LOG} - Initiator=w**************r Action=Get-User-Claim-Values Target=a***n Data={"Claims":{},"Profile":"default"} Outcome=Success
TID: [] [2026-10-04 12:07:16,293]  INFO {AUDIT_LOG} - Initiator=w**************r Action=Get-User-Claim-Values Target=a***n Data={"Claims":{},"Profile":"default"} Outcome=Success
TID: [] [2026-10-04 12:07:16,293]  INFO {AUDIT_LOG} - Initiator=w**************r Action=Get-User-Claim-Values Target=a***n Data={"Claims":{},"Profile":"default"} Outcome=Success
TID: [] [2026-10-04 12:07:16,293]  INFO {AUDIT_LOG} - Initiator=w**************r Action=Get-User-Claim-Values Target=a***n Data={"Claims":{},"Profile":"default"} Outcome=Success
TID: [] [2026-10-04 12:07:16,343]  INFO {AUDIT_LOG} - Initiator=w**************r Action=Get-User-Claim-Values Target=a***n Data={"Claims":{},"Profile":"default"} Outcome=Success
TID: [] [2026-10-04 12:07:16,344]  INFO {AUDIT_LOG} - Initiator=w**************r Action=Get-User-Claim-Values Target=a***n Data={"Claims":{},"Profile":"default"} Outcome=Success
TID: [] [2026-10-04 12:07:16,344]  INFO {AUDIT_LOG} - Initiator=w**************r Action=Get-User-Claim-Values Target=a***n Data={"Claims":{},"Profile":"default"} Outcome=Success
TID: [] [2026-10-04 12:07:16,344]  INFO {AUDIT_LOG} - Initiator=w**************r Action=Get-User-Claim-Values Target=a***n Data={"Claims":{},"Profile":"default"} Outcome=Success
TID: [] [2026-10-04 12:07:16,344]  INFO {AUDIT_LOG} - Initiator=w**************r Action=Get-User-Claim-Values Target=a***n Data={"Claims":{},"Profile":"default"} Outcome=Success
TID: [] [2026-10-04 12:07:16,344]  INFO {AUDIT_LOG} - Initiator=w**************r Action=Get-User-Claim-Values Target=a***n Data={"Claims":{},"Profile":"default"} Outcome=Success
TID: [] [2026-10-04 12:07:16,345]  INFO {AUDIT_LOG} - Initiator=w**************r Action=Get-User-Claim-Values Target=a***n Data={"Claims":{},"Profile":"default"} Outcome=Success
TID: [] [2026-10-04 12:07:16,345]  INFO {AUDIT_LOG} - Initiator=w**************r Action=Get-User-Claim-Values Target=a***n Data={"Claims":{},"Profile":"default"} Outcome=Success
TID: [] [2026-10-04 12:07:16,345]  INFO {AUDIT_LOG} - Initiator=w**************r Action=Get-User-Claim-Values Target=a***n Data={"Claims":{},"Profile":"default"} Outcome=Success
TID: [] [2026-10-04 12:07:16,345]  INFO {AUDIT_LOG} - Initiator=w**************r Action=Get-User-Claim-Values Target=a***n Data={"Claims":{},"Profile":"default"} Outcome=Success
TID: [] [2026-10-04 12:07:16,345]  INFO {AUDIT_LOG} - Initiator=w**************r Action=Get-User-Claim-Values Target=a***n Data={"Claims":{},"Profile":"default"} Outcome=Success
TID: [] [2026-10-04 12:07:16,345]  INFO {AUDIT_LOG} - Initiator=w**************r Action=Get-User-Claim-Values Target=a***n Data={"Claims":{},"Profile":"default"} Outcome=Success
TID: [] [2026-10-04 12:07:16,345]  INFO {AUDIT_LOG} - Initiator=w**************r Action=Get-User-Claim-Values Target=a***n Data={"Claims":{},"Profile":"default"} Outcome=Success
TID: [] [2026-10-04 12:07:16,346]  INFO {AUDIT_LOG} - Initiator=w**************r Action=Get-User-Claim-Values Target=a***n Data={"Claims":{},"Profile":"default"} Outcome=Success
TID: [] [2026-10-04 12:07:16,347]  INFO {AUDIT_LOG} - Initiator=w**************r Action=Get-User-Claim-Values Target=a***n Data={"Claims":{},"Profile":"default"} Outcome=Success
TID: [] [2026-10-04 12:07:16,347]  INFO {AUDIT_LOG} - Initiator=w**************r Action=Get-User-Claim-Values Target=a***n Data={"Claims":{},"Profile":"default"} Outcome=Success
TID: [] [2026-10-04 12:07:16,347]  INFO {AUDIT_LOG} - Initiator=w**************r Action=Get-User-Claim-Values Target=a***n Data={"Claims":{},"Profile":"default"} Outcome=Success
TID: [] [2026-10-04 12:07:16,347]  INFO {AUDIT_LOG} - Initiator=w**************r Action=Get-User-Claim-Values Target=a***n Data={"Claims":{},"Profile":"default"} Outcome=Success
TID: [] [2026-10-04 12:07:16,348]  INFO {AUDIT_LOG} - Initiator=w**************r Action=Get-User-Claim-Values Target=a***n Data={"Claims":{},"Profile":"default"} Outcome=Success
TID: [] [2026-10-04 12:07:16,349]  INFO {AUDIT_LOG} - Initiator=w**************r Action=Get-User-Claim-Values Target=a***n Data={"Claims":{},"Profile":"default"} Outcome=Success
TID: [] [2026-10-04 12:07:16,349]  INFO {AUDIT_LOG} - Initiator=w**************r Action=Get-User-Claim-Values Target=a***n Data={"Claims":{},"Profile":"default"} Outcome=Success
TID: [] [2026-10-04 12:07:16,349]  INFO {AUDIT_LOG} - Initiator=w**************r Action=Get-User-Claim-Values Target=a***n Data={"Claims":{},"Profile":"default"} Outcome=Success
TID: [] [2026-10-04 12:07:16,349]  INFO {AUDIT_LOG} - Initiator=w**************r Action=Get-User-Claim-Values Target=a***n Data={"Claims":{},"Profile":"default"} Outcome=Success
TID: [] [2026-10-04 12:07:16,350]  INFO {AUDIT_LOG} - Initiator=w**************r Action=Get-User-Claim-Values Target=a***n Data={"Claims":{},"Profile":"default"} Outcome=Success
TID: [] [2026-10-04 12:07:16,350]  INFO {AUDIT_LOG} - Initiator=w**************r Action=Get-User-Claim-Values Target=a***n Data={"Claims":{},"Profile":"default"} Outcome=Success
TID: [] [2026-10-04 12:07:16,350]  INFO {AUDIT_LOG} - Initiator=w**************r Action=Get-User-Claim-Values Target=a***n Data={"Claims":{},"Profile":"default"} Outcome=Success
TID: [] [2026-10-04 12:07:16,351]  INFO {AUDIT_LOG} - Initiator=w**************r Action=Get-User-Claim-Values Target=a***n Data={"Claims":{},"Profile":"default"} Outcome=Success
TID: [] [2026-10-04 12:07:16,351]  INFO {AUDIT_LOG} - Initiator=w**************r Action=Get-User-Claim-Values Target=a***n Data={"Claims":{},"Profile":"default"} Outcome=Success
TID: [] [2026-10-04 12:07:16,354]  INFO {AUDIT_LOG} - Initiator=w**************r Action=Get-User-Claim-Values Target=a***n Data={"Claims":{},"Profile":"default"} Outcome=Success
TID: [] [2026-10-04 12:07:16,354]  INFO {AUDIT_LOG} - Initiator=w**************r Action=Get-User-Claim-Values Target=a***n Data={"Claims":{},"Profile":"default"} Outcome=Success
TID: [] [2026-10-04 12:07:16,357]  INFO {AUDIT_LOG} - Initiator=w**************r Action=Get-User-Claim-Values Target=a***n Data={"Claims":{},"Profile":"default"} Outcome=Success
TID: [] [2026-10-04 12:07:16,358]  INFO {AUDIT_LOG} - Initiator=w**************r Action=Get-User-Claim-Values Target=a***n Data={"Claims":{},"Profile":"default"} Outcome=Success
TID: [] [2026-10-04 12:07:16,358]  INFO {AUDIT_LOG} - Initiator=w**************r Action=Get-User-Claim-Values Target=a***n Data={"Claims":{},"Profile":"default"} Outcome=Success
TID: [] [2026-10-04 12:07:16,401]  INFO {AUDIT_LOG} - Initiator=w**************r Action=Get-Roles-of-User Target=a***n Data={"Filter":"*","Roles":["Internal/subscriber","Internal/creator","Internal/publisher","Internal/everyone","Internal/devops","admin","Internal/analytics","Internal/observer","Internal/integration_dev"]} Outcome=Success
TID: [-1234] [2026-10-04 12:07:16,593]  INFO {AUDIT_LOG} - Initiator=w**************r Action=Get-User-Claim-Values Target=a***n Data={"Claims":{},"Profile":"default"} Outcome=Success
TID: [-1234] [2026-10-04 12:07:16,593]  INFO {AUDIT_LOG} - Initiator=w**************r Action=Get-User-Claim-Values Target=a***n Data={"Claims":{},"Profile":"default"} Outcome=Success
TID: [-1234] [2026-10-04 12:07:16,593]  INFO {AUDIT_LOG} - Initiator=w**************r Action=Get-User-Claim-Values Target=a***n Data={"Claims":{},"Profile":"default"} Outcome=Success
TID: [-1234] [2026-10-04 12:07:16,594]  INFO {AUDIT_LOG} - Initiator=w**************r Action=Get-User-Claim-Values Target=a***n Data={"Claims":{},"Profile":"default"} Outcome=Success
TID: [-1234] [2026-10-04 12:07:16,594]  INFO {AUDIT_LOG} - Initiator=w**************r Action=Get-User-Claim-Values Target=a***n Data={"Claims":{},"Profile":"default"} Outcome=Success
TID: [-1234] [2026-10-04 12:07:16,594]  INFO {AUDIT_LOG} - Initiator=w**************r Action=Get-User-Claim-Values Target=a***n Data={"Claims":{},"Profile":"default"} Outcome=Success
TID: [-1234] [2026-10-04 12:07:16,594]  INFO {AUDIT_LOG} - Initiator=w**************r Action=Get-User-Claim-Values Target=a***n Data={"Claims":{},"Profile":"default"} Outcome=Success
TID: [-1234] [2026-10-04 12:07:16,594]  INFO {AUDIT_LOG} - Initiator=w**************r Action=Get-User-Claim-Values Target=a***n Data={"Claims":{},"Profile":"default"} Outcome=Success
TID: [-1234] [2026-10-04 12:07:16,594]  INFO {AUDIT_LOG} - Initiator=w**************r Action=Get-User-Claim-Values Target=a***n Data={"Claims":{},"Profile":"default"} Outcome=Success
TID: [-1234] [2026-10-04 12:07:16,594]  INFO {AUDIT_LOG} - Initiator=w**************r Action=Get-User-Claim-Values Target=a***n Data={"Claims":{},"Profile":"default"} Outcome=Success
TID: [-1234] [2026-10-04 12:07:16,594]  INFO {AUDIT_LOG} - Initiator=w**************r Action=Get-User-Claim-Values Target=a***n Data={"Claims":{},"Profile":"default"} Outcome=Success
TID: [-1234] [2026-10-04 12:07:16,595]  INFO {AUDIT_LOG} - Initiator=w**************r Action=Get-User-Claim-Values Target=a***n Data={"Claims":{},"Profile":"default"} Outcome=Success
TID: [-1234] [2026-10-04 12:07:16,596]  INFO {AUDIT_LOG} - Initiator=w**************r Action=Get-User-Claim-Values Target=a***n Data={"Claims":{},"Profile":"default"} Outcome=Success
TID: [-1234] [2026-10-04 12:07:16,597]  INFO {AUDIT_LOG} - Initiator=w**************r Action=Get-User-Claim-Values Target=a***n Data={"Claims":{},"Profile":"default"} Outcome=Success
TID: [-1234] [2026-10-04 12:07:16,597]  INFO {AUDIT_LOG} - Initiator=w**************r Action=Get-User-Claim-Values Target=a***n Data={"Claims":{},"Profile":"default"} Outcome=Success
TID: [-1234] [2026-10-04 12:07:16,597]  INFO {AUDIT_LOG} - Initiator=w**************r Action=Get-User-Claim-Values Target=a***n Data={"Claims":{},"Profile":"default"} Outcome=Success
TID: [-1234] [2026-10-04 12:07:16,598]  INFO {AUDIT_LOG} - Initiator=w**************r Action=Get-User-Claim-Values Target=a***n Data={"Claims":{},"Profile":"default"} Outcome=Success
TID: [-1234] [2026-10-04 12:07:16,598]  INFO {AUDIT_LOG} - Initiator=w**************r Action=Get-User-Claim-Values Target=a***n Data={"Claims":{},"Profile":"default"} Outcome=Success
TID: [-1234] [2026-10-04 12:07:16,603]  INFO {AUDIT_LOG} - Initiator=w**************r Action=Get-User-Claim-Values Target=a***n Data={"Claims":{},"Profile":"default"} Outcome=Success
TID: [-1234] [2026-10-04 12:07:16,603]  INFO {AUDIT_LOG} - Initiator=w**************r Action=Get-User-Claim-Values Target=a***n Data={"Claims":{},"Profile":"default"} Outcome=Success
TID: [-1234] [2026-10-04 12:07:16,603]  INFO {AUDIT_LOG} - Initiator=w**************r Action=Get-User-Claim-Values Target=a***n Data={"Claims":{},"Profile":"default"} Outcome=Success
TID: [-1234] [2026-10-04 12:07:16,604]  INFO {AUDIT_LOG} - Initiator=w**************r Action=Get-User-Claim-Values Target=a***n Data={"Claims":{},"Profile":"default"} Outcome=Success
TID: [-1234] [2026-10-04 12:07:16,604]  INFO {AUDIT_LOG} - Initiator=w**************r Action=Get-User-Claim-Values Target=a***n Data={"Claims":{},"Profile":"default"} Outcome=Success
TID: [-1234] [2026-10-04 12:07:16,604]  INFO {AUDIT_LOG} - Initiator=w**************r Action=Get-User-Claim-Values Target=a***n Data={"Claims":{},"Profile":"default"} Outcome=Success
TID: [-1234] [2026-10-04 12:07:16,605]  INFO {AUDIT_LOG} - Initiator=w**************r Action=Get-User-Claim-Values Target=a***n Data={"Claims":{},"Profile":"default"} Outcome=Success
TID: [-1234] [2026-10-04 12:07:16,605]  INFO {AUDIT_LOG} - Initiator=w**************r Action=Get-User-Claim-Values Target=a***n Data={"Claims":{},"Profile":"default"} Outcome=Success
TID: [-1234] [2026-10-04 12:07:16,605]  INFO {AUDIT_LOG} - Initiator=w**************r Action=Get-User-Claim-Values Target=a***n Data={"Claims":{},"Profile":"default"} Outcome=Success
TID: [-1234] [2026-10-04 12:07:16,636]  INFO {AUDIT_LOG} - Initiator=w**************r Action=Get-User-Claim-Values Target=a***n Data={"Claims":{},"Profile":"default"} Outcome=Success
TID: [-1234] [2026-10-04 12:07:16,637]  INFO {AUDIT_LOG} - Initiator=w**************r Action=Get-User-Claim-Values Target=a***n Data={"Claims":{},"Profile":"default"} Outcome=Success
TID: [-1234] [2026-10-04 12:07:16,637]  INFO {AUDIT_LOG} - Initiator=w**************r Action=Get-User-Claim-Values Target=a***n Data={"Claims":{},"Profile":"default"} Outcome=Success
TID: [-1234] [2026-10-04 12:07:16,651]  INFO {AUDIT_LOG} - Initiator=w**************r Action=Get-User-Claim-Values Target=a***n Data={"Claims":{},"Profile":"default"} Outcome=Success
TID: [-1234] [2026-10-04 12:07:16,651]  INFO {AUDIT_LOG} - Initiator=w**************r Action=Get-User-Claim-Values Target=a***n Data={"Claims":{},"Profile":"default"} Outcome=Success
TID: [-1234] [2026-10-04 12:07:16,651]  INFO {AUDIT_LOG} - Initiator=w**************r Action=Get-User-Claim-Values Target=a***n Data={"Claims":{},"Profile":"default"} Outcome=Success
TID: [-1234] [2026-10-04 12:07:16,651]  INFO {AUDIT_LOG} - Initiator=w**************r Action=Get-User-Claim-Values Target=a***n Data={"Claims":{},"Profile":"default"} Outcome=Success
TID: [-1234] [2026-10-04 12:07:16,651]  INFO {AUDIT_LOG} - Initiator=w**************r Action=Get-User-Claim-Values Target=a***n Data={"Claims":{},"Profile":"default"} Outcome=Success
TID: [-1234] [2026-10-04 12:07:16,652]  INFO {AUDIT_LOG} - Initiator=w**************r Action=Get-User-Claim-Values Target=a***n Data={"Claims":{},"Profile":"default"} Outcome=Success
TID: [-1234] [2026-10-04 12:07:16,652]  INFO {AUDIT_LOG} - Initiator=w**************r Action=Get-User-Claim-Values Target=a***n Data={"Claims":{},"Profile":"default"} Outcome=Success
TID: [-1234] [2026-10-04 12:07:16,652]  INFO {AUDIT_LOG} - Initiator=w**************r Action=Get-User-Claim-Values Target=a***n Data={"Claims":{},"Profile":"default"} Outcome=Success
TID: [-1234] [2026-10-04 12:07:16,652]  INFO {AUDIT_LOG} - Initiator=w**************r Action=Get-User-Claim-Values Target=a***n Data={"Claims":{},"Profile":"default"} Outcome=Success
TID: [-1234] [2026-10-04 12:07:16,652]  INFO {AUDIT_LOG} - Initiator=w**************r Action=Get-User-Claim-Values Target=a***n Data={"Claims":{},"Profile":"default"} Outcome=Success
TID: [-1234] [2026-10-04 12:07:16,653]  INFO {AUDIT_LOG} - Initiator=w**************r Action=Get-User-Claim-Values Target=a***n Data={"Claims":{},"Profile":"default"} Outcome=Success
TID: [-1234] [2026-10-04 12:07:16,653]  INFO {AUDIT_LOG} - Initiator=w**************r Action=Get-User-Claim-Values Target=a***n Data={"Claims":{},"Profile":"default"} Outcome=Success
TID: [-1234] [2026-10-04 12:07:16,670]  INFO {AUDIT_LOG} - Initiator=w**************r Action=Get-User-Claim-Values Target=a***n Data={"Claims":{},"Profile":"default"} Outcome=Success
TID: [-1234] [2026-10-04 12:07:16,671]  INFO {AUDIT_LOG} - Initiator=w**************r Action=Get-User-Claim-Values Target=a***n Data={"Claims":{},"Profile":"default"} Outcome=Success
TID: [-1234] [2026-10-04 12:07:16,671]  INFO {AUDIT_LOG} - Initiator=w**************r Action=Get-User-Claim-Values Target=a***n Data={"Claims":{},"Profile":"default"} Outcome=Success
TID: [-1234] [2026-10-04 12:07:16,804]  INFO {AUDIT_LOG} - Initiator=w**************r Action=Get-User-Claim-Values Target=a***n Data={"Claims":{},"Profile":"default"} Outcome=Success
TID: [-1234] [2026-10-04 12:07:16,804]  INFO {AUDIT_LOG} - Initiator=w**************r Action=Get-User-Claim-Values Target=a***n Data={"Claims":{},"Profile":"default"} Outcome=Success
TID: [-1234] [2026-10-04 12:07:16,805]  INFO {AUDIT_LOG} - Initiator=w**************r Action=Get-User-Claim-Values Target=a***n Data={"Claims":{},"Profile":"default"} Outcome=Success
TID: [-1234] [2026-10-04 12:07:16,805]  INFO {AUDIT_LOG} - Initiator=w**************r Action=Get-User-Claim-Values Target=a***n Data={"Claims":{},"Profile":"default"} Outcome=Success
TID: [-1234] [2026-10-04 12:07:16,805]  INFO {AUDIT_LOG} - Initiator=w**************r Action=Get-User-Claim-Values Target=a***n Data={"Claims":{},"Profile":"default"} Outcome=Success
TID: [-1234] [2026-10-04 12:07:16,805]  INFO {AUDIT_LOG} - Initiator=w**************r Action=Get-User-Claim-Values Target=a***n Data={"Claims":{},"Profile":"default"} Outcome=Success
TID: [-1234] [2026-10-04 12:07:16,808]  INFO {AUDIT_LOG} - Initiator=w**************r Action=Get-User-Claim-Values Target=a***n Data={"Claims":{},"Profile":"default"} Outcome=Success
TID: [-1234] [2026-10-04 12:07:16,809]  INFO {AUDIT_LOG} - Initiator=w**************r Action=Get-User-Claim-Values Target=a***n Data={"Claims":{},"Profile":"default"} Outcome=Success
TID: [-1234] [2026-10-04 12:07:16,809]  INFO {AUDIT_LOG} - Initiator=w**************r Action=Get-User-Claim-Values Target=a***n Data={"Claims":{},"Profile":"default"} Outcome=Success
TID: [-1234] [2026-10-04 12:07:16,828]  INFO {AUDIT_LOG} - Initiator=w**************r Action=Get-User-Claim-Values Target=a***n Data={"Claims":{},"Profile":"default"} Outcome=Success
TID: [-1234] [2026-10-04 12:07:16,828]  INFO {AUDIT_LOG} - Initiator=w**************r Action=Get-User-Claim-Values Target=a***n Data={"Claims":{},"Profile":"default"} Outcome=Success
TID: [-1234] [2026-10-04 12:07:16,829]  INFO {AUDIT_LOG} - Initiator=w**************r Action=Get-User-Claim-Values Target=a***n Data={"Claims":{},"Profile":"default"} Outcome=Success
TID: [-1234] [2026-10-04 12:07:16,829]  INFO {AUDIT_LOG} - Initiator=w**************r Action=Get-User-Claim-Values Target=a***n Data={"Claims":{},"Profile":"default"} Outcome=Success
TID: [-1234] [2026-10-04 12:07:16,829]  INFO {AUDIT_LOG} - Initiator=w**************r Action=Get-User-Claim-Values Target=a***n Data={"Claims":{},"Profile":"default"} Outcome=Success
TID: [-1234] [2026-10-04 12:07:16,829]  INFO {AUDIT_LOG} - Initiator=w**************r Action=Get-User-Claim-Values Target=a***n Data={"Claims":{},"Profile":"default"} Outcome=Success
TID: [-1234] [2026-10-04 12:07:18,280]  INFO {AUDIT_LOG} - Initiator=w**************r Action=Get-User-Claim-Values Target=a***n Data={"Claims":{},"Profile":"default"} Outcome=Success
TID: [-1234] [2026-10-04 12:07:18,281]  INFO {AUDIT_LOG} - Initiator=w**************r Action=Get-User-Claim-Values Target=a***n Data={"Claims":{},"Profile":"default"} Outcome=Success
TID: [-1234] [2026-10-04 12:07:18,282]  INFO {AUDIT_LOG} - Initiator=w**************r Action=Get-User-Claim-Values Target=a***n Data={"Claims":{},"Profile":"default"} Outcome=Success
TID: [-1234] [2026-10-04 12:07:18,338]  INFO {AUDIT_LOG} - Initiator=w**************r Action=Get-User-Claim-Values Target=a***n Data={"Claims":{},"Profile":"default"} Outcome=Success
TID: [-1234] [2026-10-04 12:07:18,344]  INFO {AUDIT_LOG} - Initiator=w**************r Action=Get-User-Claim-Values Target=a***n Data={"Claims":{},"Profile":"default"} Outcome=Success
TID: [-1234] [2026-10-04 12:07:18,345]  INFO {AUDIT_LOG} - Initiator=w**************r Action=Get-User-Claim-Values Target=a***n Data={"Claims":{},"Profile":"default"} Outcome=Success
TID: [-1234] [2026-10-04 12:07:18,353]  INFO {AUDIT_LOG} - Initiator=w**************r Action=Get-User-Claim-Values Target=a***n Data={"Claims":{},"Profile":"default"} Outcome=Success
TID: [-1234] [2026-10-04 12:07:18,354]  INFO {AUDIT_LOG} - Initiator=w**************r Action=Get-User-Claim-Values Target=a***n Data={"Claims":{},"Profile":"default"} Outcome=Success
TID: [-1234] [2026-10-04 12:07:18,355]  INFO {AUDIT_LOG} - Initiator=w**************r Action=Get-User-Claim-Values Target=a***n Data={"Claims":{},"Profile":"default"} Outcome=Success
TID: [-1234] [2026-10-04 12:07:18,434]  INFO {AUDIT_LOG} - Initiator=w**************r Action=Get-User-Claim-Values Target=a***n Data={"Claims":{},"Profile":"default"} Outcome=Success
TID: [-1234] [2026-10-04 12:07:18,435]  INFO {AUDIT_LOG} - Initiator=w**************r Action=Get-User-Claim-Values Target=a***n Data={"Claims":{},"Profile":"default"} Outcome=Success
TID: [-1234] [2026-10-04 12:07:18,435]  INFO {AUDIT_LOG} - Initiator=w**************r Action=Get-User-Claim-Values Target=a***n Data={"Claims":{},"Profile":"default"} Outcome=Success
TID: [-1234] [2026-10-04 12:07:18,464]  INFO {AUDIT_LOG} - Initiator=w**************r Action=Get-User-Claim-Values Target=a***n Data={"Claims":{},"Profile":"default"} Outcome=Success
TID: [-1234] [2026-10-04 12:07:18,466]  INFO {AUDIT_LOG} - Initiator=w**************r Action=Get-User-Claim-Values Target=a***n Data={"Claims":{},"Profile":"default"} Outcome=Success
TID: [-1234] [2026-10-04 12:07:18,466]  INFO {AUDIT_LOG} - Initiator=w**************r Action=Get-User-Claim-Values Target=a***n Data={"Claims":{},"Profile":"default"} Outcome=Success
TID: [-1234] [2026-10-04 12:07:18,492]  INFO {AUDIT_LOG} - Initiator=w**************r Action=Get-User-Claim-Values Target=a***n Data={"Claims":{},"Profile":"default"} Outcome=Success
TID: [-1234] [2026-10-04 12:07:18,498]  INFO {AUDIT_LOG} - Initiator=w**************r Action=Get-User-Claim-Values Target=a***n Data={"Claims":{},"Profile":"default"} Outcome=Success
TID: [-1234] [2026-10-04 12:07:18,498]  INFO {AUDIT_LOG} - Initiator=w**************r Action=Get-User-Claim-Values Target=a***n Data={"Claims":{},"Profile":"default"} Outcome=Success
TID: [] [2026-10-04 12:07:19,130]  INFO {AUDIT_LOG} - {"performedBy":"SYSTEM: carbon.super","action":"deployed","type":"API","info":"e2751bd4-70e9-4e96-9c39-c0d334d80213"}
TID: [] [2026-10-04 12:07:19,188]  INFO {AUDIT_LOG} - {"performedBy":"SYSTEM: carbon.super","action":"deployed","type":"API","info":"9bd21ad2-f02e-4ee2-8be2-444f274257a8"}
TID: [] [2026-10-04 12:07:19,238]  INFO {AUDIT_LOG} - {"performedBy":"SYSTEM: carbon.super","action":"deployed","type":"API","info":"fad559f5-1e65-405e-83cc-a844eff07a6e"}
TID: [] [2026-10-04 12:07:19,313]  INFO {AUDIT_LOG} - {"performedBy":"SYSTEM: carbon.super","action":"deployed","type":"API","info":"caaf9094-fad0-43ab-a4c4-2eaac82efff4"}
TID: [] [2026-10-04 12:07:19,339]  INFO {AUDIT_LOG} - {"performedBy":"SYSTEM: carbon.super","action":"deployed","type":"API","info":"64375b4b-7e17-41d3-87ca-81ca0b3494a3"}
TID: [-1234] [2026-10-04 12:07:21,120]  INFO {AUDIT_LOG} - Initiator=w**************r Action=Get-User-Claim-Values Target=a***n Data={"Claims":{},"Profile":"default"} Outcome=Success
TID: [-1234] [2026-10-04 12:07:21,120]  INFO {AUDIT_LOG} - Initiator=w**************r Action=Get-User-Claim-Values Target=a***n Data={"Claims":{},"Profile":"default"} Outcome=Success
TID: [-1234] [2026-10-04 12:07:21,121]  INFO {AUDIT_LOG} - Initiator=w**************r Action=Get-User-Claim-Values Target=a***n Data={"Claims":{},"Profile":"default"} Outcome=Success
TID: [-1234] [2026-10-04 12:07:22,755]  INFO {AUDIT_LOG} - Initiator=w**************r Action=Get-User-Claim-Values Target=a***n Data={"Claims":{},"Profile":"default"} Outcome=Success
TID: [-1234] [2026-10-04 12:07:22,761]  INFO {AUDIT_LOG} - Initiator=w**************r Action=Get-User-Claim-Values Target=a***n Data={"ServiceProviderName":"apim_publisher","Claims":{"http://wso2.org/claims/username":"a***n","http://wso2.org/claims/userid":"3b0ad53a-aebd-42fa-b767-c60140e01226","http://wso2.org/claims/role":"I***********************************************************************************************************************************************************v","http://wso2.org/claims/userprincipal":"a***n"}} Outcome=Success
TID: [-1234] [2026-10-04 12:07:22,827]  INFO {AUDIT_LOG} - Initiator : 3b0ad53a-aebd-42fa-b767-c60140e01226 | Action : UpdateSession | Data : { {"traceId":"6fc9f864-7fa4-4bc9-a94c-fbebefe12c4b","RememberMe":true,"sessionContextId":"c4edeec5477cbd3d26d7787cea5f81dde0f78cabaf6cbbd0bad6f811c7f07c39","AuthenticatedUserTenantDomain":"carbon.super","AuthenticatedUser":"a***n","LastAccessedTimestamp":1791126442782} } | Result : Success 
TID: [-1234] [2026-10-04 12:07:22,836]  INFO {AUDIT_LOG} - Initiator : 3b0ad53a-aebd-42fa-b767-c60140e01226 | Action : Login | Target : ApplicationAuthenticationFramework | Data : { "ContextIdentifier" : "dc1f2360-9bf7-46b1-9ec0-4d27d430db2a","AuthenticatedUser" : "a***n","AuthenticatedUserTenantDomain" : "carbon.super","ServiceProviderName" : "apim_publisher","RequestType" : "oidc","RelyingParty" : "lOKNtRmYnWO18JvYCYJANhTjS6sa","AuthenticatedIdPs" : "eyJ0eXAiOiJKV1QiLCJhbGciOiJIUzI1NiJ9.eyJpc3MiOiJ3c28yIiwiZXhwIjoxNzkxMTI2NDQ1NzU3LCJpYXQiOjE3OTExMjY0NDI3NTcsImlkcHMiOlt7ImlkcCI6IkxPQ0FMIiwiYXV0aGVudGljYXRvciI6IkJhc2ljQXV0aGVudGljYXRvciJ9XX0.8quuceUz4Df0mft-WrobbU2lAUbL9bOUpYCEaQTJfco","User Agent" : "null","RemoteAddress" : "null","UserStoreDomain" : "PRIMARY" } | Result : Success 
TID: [-1234] [2026-10-04 12:07:23,265]  INFO {AUDIT_LOG} - Initiator=w**************r Action=Get-User-List Target=null Data={"Claim Value":"a***n","Users":["a***n"],"Claim":"http://wso2.org/claims/username"} Outcome=Success
TID: [-1234] [2026-10-04 12:07:23,267]  INFO {AUDIT_LOG} - Initiator=w**************r Action=Get-User-Claim-Values Target=a***n Data={"Claims":{},"Profile":"default"} Outcome=Success
TID: [-1234] [2026-10-04 12:07:23,268]  INFO {AUDIT_LOG} - Initiator=w**************r Action=Get-User-Claim-Values Target=a***n Data={"Claims":{},"Profile":"default"} Outcome=Success
TID: [-1234] [2026-10-04 12:07:23,268]  INFO {AUDIT_LOG} - Initiator=w**************r Action=Get-User-Claim-Values Target=a***n Data={"Claims":{},"Profile":"default"} Outcome=Success
TID: [-1234] [2026-10-04 12:07:23,779]  INFO {AUDIT_LOG} - Initiator=w**************r Action=Get-User-Claim-Value Target=a***n Data={"Claim":"http://wso2.org/claims/organization"} Outcome=Success
TID: [-1234] [2026-10-04 12:07:23,780]  INFO {AUDIT_LOG} - Initiator=w**************r Action=Get-User-Claim-Value Target=a***n Data={"Claim":"http://wso2.org/claims/organization"} Outcome=Success
TID: [-1234] [2026-10-04 12:07:23,780]  INFO {AUDIT_LOG} - Initiator=w**************r Action=Get-User-Claim-Value Target=a***n Data={"Claim":"http://wso2.org/claims/organization"} Outcome=Success
TID: [-1234] [2026-10-04 12:07:24,225]  INFO {AUDIT_LOG} - GET /api/am/publisher/api-products?limit=5&offset=0 user: admin@carbon.super app: lOKNtRmYnWO18JvYCYJANhTjS6sa
TID: [-1234] [2026-10-04 12:07:24,225]  INFO {AUDIT_LOG} - GET /api/am/publisher/apis?limit=5&offset=0 user: admin@carbon.super app: lOKNtRmYnWO18JvYCYJANhTjS6sa
TID: [-1234] [2026-10-04 12:07:24,225]  INFO {AUDIT_LOG} - GET /api/am/publisher/settings user: admin@carbon.super app: lOKNtRmYnWO18JvYCYJANhTjS6sa
TID: [-1234] [2026-10-04 12:07:24,619]  INFO {AUDIT_LOG} - GET /api/am/publisher/apis?limit=5&offset=0 user: admin@carbon.super app: lOKNtRmYnWO18JvYCYJANhTjS6sa
TID: [-1234] [2026-10-04 12:07:24,619]  INFO {AUDIT_LOG} - GET /api/am/publisher/mcp-servers?limit=5&offset=0 user: admin@carbon.super app: lOKNtRmYnWO18JvYCYJANhTjS6sa
TID: [-1234] [2026-10-04 12:07:24,619]  INFO {AUDIT_LOG} - GET /api/am/publisher/api-products?limit=5&offset=0 user: admin@carbon.super app: lOKNtRmYnWO18JvYCYJANhTjS6sa
TID: [-1234] [2026-10-04 12:07:24,684]  INFO {AUDIT_LOG} - GET /api/am/publisher/api-products/64375b4b-7e17-41d3-87ca-81ca0b3494a3/thumbnail user: admin@carbon.super app: lOKNtRmYnWO18JvYCYJANhTjS6sa
TID: [-1234] [2026-10-04 12:07:45,798]  INFO {AUDIT_LOG} - Initiator=w**************r Action=Get-User-Claim-Values Target=a***n Data={"Claims":{},"Profile":"default"} Outcome=Success
TID: [-1234] [2026-10-04 12:07:45,798]  INFO {AUDIT_LOG} - Initiator=w**************r Action=Get-User-Claim-Values Target=a***n Data={"Claims":{},"Profile":"default"} Outcome=Success
TID: [-1234] [2026-10-04 12:07:45,798]  INFO {AUDIT_LOG} - Initiator=w**************r Action=Get-User-Claim-Values Target=a***n Data={"Claims":{},"Profile":"default"} Outcome=Success
TID: [-1234] [2026-10-04 12:08:15,807]  INFO {AUDIT_LOG} - Initiator=w**************r Action=Get-User-Claim-Values Target=a***n Data={"Claims":{},"Profile":"default"} Outcome=Success
TID: [-1234] [2026-10-04 12:08:15,808]  INFO {AUDIT_LOG} - Initiator=w**************r Action=Get-User-Claim-Values Target=a***n Data={"Claims":{},"Profile":"default"} Outcome=Success
TID: [-1234] [2026-10-04 12:08:15,808]  INFO {AUDIT_LOG} - Initiator=w**************r Action=Get-User-Claim-Values Target=a***n Data={"Claims":{},"Profile":"default"} Outcome=Success
TID: [-1234] [2026-10-04 12:08:45,793]  INFO {AUDIT_LOG} - Initiator=w**************r Action=Get-User-Claim-Values Target=a***n Data={"Claims":{},"Profile":"default"} Outcome=Success
TID: [-1234] [2026-10-04 12:08:45,794]  INFO {AUDIT_LOG} - Initiator=w**************r Action=Get-User-Claim-Values Target=a***n Data={"Claims":{},"Profile":"default"} Outcome=Success
TID: [-1234] [2026-10-04 12:08:45,794]  INFO {AUDIT_LOG} - Initiator=w**************r Action=Get-User-Claim-Values Target=a***n Data={"Claims":{},"Profile":"default"} Outcome=Success
TID: [-1234] [2026-10-04 12:09:15,792]  INFO {AUDIT_LOG} - Initiator=w**************r Action=Get-User-Claim-Values Target=a***n Data={"Claims":{},"Profile":"default"} Outcome=Success
TID: [-1234] [2026-10-04 12:09:15,793]  INFO {AUDIT_LOG} - Initiator=w**************r Action=Get-User-Claim-Values Target=a***n Data={"Claims":{},"Profile":"default"} Outcome=Success
TID: [-1234] [2026-10-04 12:09:15,793]  INFO {AUDIT_LOG} - Initiator=w**************r Action=Get-User-Claim-Values Target=a***n Data={"Claims":{},"Profile":"default"} Outcome=Success
TID: [-1234] [2026-10-04 12:09:45,791]  INFO {AUDIT_LOG} - Initiator=w**************r Action=Get-User-Claim-Values Target=a***n Data={"Claims":{},"Profile":"default"} Outcome=Success
TID: [-1234] [2026-10-04 12:09:45,792]  INFO {AUDIT_LOG} - Initiator=w**************r Action=Get-User-Claim-Values Target=a***n Data={"Claims":{},"Profile":"default"} Outcome=Success
TID: [-1234] [2026-10-04 12:09:45,792]  INFO {AUDIT_LOG} - Initiator=w**************r Action=Get-User-Claim-Values Target=a***n Data={"Claims":{},"Profile":"default"} Outcome=Success
TID: [-1234] [2026-10-04 12:10:15,797]  INFO {AUDIT_LOG} - Initiator=w**************r Action=Get-User-Claim-Values Target=a***n Data={"Claims":{},"Profile":"default"} Outcome=Success
TID: [-1234] [2026-10-04 12:10:15,797]  INFO {AUDIT_LOG} - Initiator=w**************r Action=Get-User-Claim-Values Target=a***n Data={"Claims":{},"Profile":"default"} Outcome=Success
TID: [-1234] [2026-10-04 12:10:15,797]  INFO {AUDIT_LOG} - Initiator=w**************r Action=Get-User-Claim-Values Target=a***n Data={"Claims":{},"Profile":"default"} Outcome=Success
TID: [-1234] [2026-10-04 12:10:45,794]  INFO {AUDIT_LOG} - Initiator=w**************r Action=Get-User-Claim-Values Target=a***n Data={"Claims":{},"Profile":"default"} Outcome=Success
TID: [-1234] [2026-10-04 12:10:45,794]  INFO {AUDIT_LOG} - Initiator=w**************r Action=Get-User-Claim-Values Target=a***n Data={"Claims":{},"Profile":"default"} Outcome=Success
TID: [-1234] [2026-10-04 12:10:45,794]  INFO {AUDIT_LOG} - Initiator=w**************r Action=Get-User-Claim-Values Target=a***n Data={"Claims":{},"Profile":"default"} Outcome=Success
TID: [-1234] [2026-10-04 12:11:15,791]  INFO {AUDIT_LOG} - Initiator=w**************r Action=Get-User-Claim-Values Target=a***n Data={"Claims":{},"Profile":"default"} Outcome=Success
TID: [-1234] [2026-10-04 12:11:15,792]  INFO {AUDIT_LOG} - Initiator=w**************r Action=Get-User-Claim-Values Target=a***n Data={"Claims":{},"Profile":"default"} Outcome=Success
TID: [-1234] [2026-10-04 12:11:15,792]  INFO {AUDIT_LOG} - Initiator=w**************r Action=Get-User-Claim-Values Target=a***n Data={"Claims":{},"Profile":"default"} Outcome=Success
TID: [-1234] [2026-10-04 12:11:45,793]  INFO {AUDIT_LOG} - Initiator=w**************r Action=Get-User-Claim-Values Target=a***n Data={"Claims":{},"Profile":"default"} Outcome=Success
TID: [-1234] [2026-10-04 12:11:45,794]  INFO {AUDIT_LOG} - Initiator=w**************r Action=Get-User-Claim-Values Target=a***n Data={"Claims":{},"Profile":"default"} Outcome=Success
TID: [-1234] [2026-10-04 12:11:45,794]  INFO {AUDIT_LOG} - Initiator=w**************r Action=Get-User-Claim-Values Target=a***n Data={"Claims":{},"Profile":"default"} Outcome=Success
TID: [-1234] [2026-10-04 12:12:15,791]  INFO {AUDIT_LOG} - Initiator=w**************r Action=Get-User-Claim-Values Target=a***n Data={"Claims":{},"Profile":"default"} Outcome=Success
TID: [-1234] [2026-10-04 12:12:15,792]  INFO {AUDIT_LOG} - Initiator=w**************r Action=Get-User-Claim-Values Target=a***n Data={"Claims":{},"Profile":"default"} Outcome=Success
TID: [-1234] [2026-10-04 12:12:15,792]  INFO {AUDIT_LOG} - Initiator=w**************r Action=Get-User-Claim-Values Target=a***n Data={"Claims":{},"Profile":"default"} Outcome=Success
TID: [-1234] [2026-10-04 12:12:45,790]  INFO {AUDIT_LOG} - Initiator=w**************r Action=Get-User-Claim-Values Target=a***n Data={"Claims":{},"Profile":"default"} Outcome=Success
TID: [-1234] [2026-10-04 12:12:45,791]  INFO {AUDIT_LOG} - Initiator=w**************r Action=Get-User-Claim-Values Target=a***n Data={"Claims":{},"Profile":"default"} Outcome=Success
TID: [-1234] [2026-10-04 12:12:45,791]  INFO {AUDIT_LOG} - Initiator=w**************r Action=Get-User-Claim-Values Target=a***n Data={"Claims":{},"Profile":"default"} Outcome=Success
TID: [-1234] [2026-10-04 12:13:15,798]  INFO {AUDIT_LOG} - Initiator=w**************r Action=Get-User-Claim-Values Target=a***n Data={"Claims":{},"Profile":"default"} Outcome=Success
TID: [-1234] [2026-10-04 12:13:15,798]  INFO {AUDIT_LOG} - Initiator=w**************r Action=Get-User-Claim-Values Target=a***n Data={"Claims":{},"Profile":"default"} Outcome=Success
TID: [-1234] [2026-10-04 12:13:15,798]  INFO {AUDIT_LOG} - Initiator=w**************r Action=Get-User-Claim-Values Target=a***n Data={"Claims":{},"Profile":"default"} Outcome=Success
TID: [-1234] [2026-10-04 12:13:45,791]  INFO {AUDIT_LOG} - Initiator=w**************r Action=Get-User-Claim-Values Target=a***n Data={"Claims":{},"Profile":"default"} Outcome=Success
TID: [-1234] [2026-10-04 12:13:45,791]  INFO {AUDIT_LOG} - Initiator=w**************r Action=Get-User-Claim-Values Target=a***n Data={"Claims":{},"Profile":"default"} Outcome=Success
TID: [-1234] [2026-10-04 12:13:45,791]  INFO {AUDIT_LOG} - Initiator=w**************r Action=Get-User-Claim-Values Target=a***n Data={"Claims":{},"Profile":"default"} Outcome=Success
TID: [-1234] [2026-10-04 12:14:15,792]  INFO {AUDIT_LOG} - Initiator=w**************r Action=Get-User-Claim-Values Target=a***n Data={"Claims":{},"Profile":"default"} Outcome=Success
TID: [-1234] [2026-10-04 12:14:15,792]  INFO {AUDIT_LOG} - Initiator=w**************r Action=Get-User-Claim-Values Target=a***n Data={"Claims":{},"Profile":"default"} Outcome=Success
TID: [-1234] [2026-10-04 12:14:15,793]  INFO {AUDIT_LOG} - Initiator=w**************r Action=Get-User-Claim-Values Target=a***n Data={"Claims":{},"Profile":"default"} Outcome=Success
TID: [-1234] [2026-10-04 12:14:45,796]  INFO {AUDIT_LOG} - Initiator=w**************r Action=Get-User-Claim-Values Target=a***n Data={"Claims":{},"Profile":"default"} Outcome=Success
TID: [-1234] [2026-10-04 12:14:45,797]  INFO {AUDIT_LOG} - Initiator=w**************r Action=Get-User-Claim-Values Target=a***n Data={"Claims":{},"Profile":"default"} Outcome=Success
TID: [-1234] [2026-10-04 12:14:45,797]  INFO {AUDIT_LOG} - Initiator=w**************r Action=Get-User-Claim-Values Target=a***n Data={"Claims":{},"Profile":"default"} Outcome=Success
TID: [-1234] [2026-10-04 12:15:15,790]  INFO {AUDIT_LOG} - Initiator=w**************r Action=Get-User-Claim-Values Target=a***n Data={"Claims":{},"Profile":"default"} Outcome=Success
TID: [-1234] [2026-10-04 12:15:15,790]  INFO {AUDIT_LOG} - Initiator=w**************r Action=Get-User-Claim-Values Target=a***n Data={"Claims":{},"Profile":"default"} Outcome=Success
TID: [-1234] [2026-10-04 12:15:15,791]  INFO {AUDIT_LOG} - Initiator=w**************r Action=Get-User-Claim-Values Target=a***n Data={"Claims":{},"Profile":"default"} Outcome=Success
TID: [-1234] [2026-10-04 12:15:45,802]  INFO {AUDIT_LOG} - Initiator=w**************r Action=Get-User-Claim-Values Target=a***n Data={"Claims":{},"Profile":"default"} Outcome=Success
TID: [-1234] [2026-10-04 12:15:45,802]  INFO {AUDIT_LOG} - Initiator=w**************r Action=Get-User-Claim-Values Target=a***n Data={"Claims":{},"Profile":"default"} Outcome=Success
TID: [-1234] [2026-10-04 12:15:45,802]  INFO {AUDIT_LOG} - Initiator=w**************r Action=Get-User-Claim-Values Target=a***n Data={"Claims":{},"Profile":"default"} Outcome=Success
TID: [-1234] [2026-10-04 12:16:15,793]  INFO {AUDIT_LOG} - Initiator=w**************r Action=Get-User-Claim-Values Target=a***n Data={"Claims":{},"Profile":"default"} Outcome=Success
TID: [-1234] [2026-10-04 12:16:15,793]  INFO {AUDIT_LOG} - Initiator=w**************r Action=Get-User-Claim-Values Target=a***n Data={"Claims":{},"Profile":"default"} Outcome=Success
TID: [-1234] [2026-10-04 12:16:15,794]  INFO {AUDIT_LOG} - Initiator=w**************r Action=Get-User-Claim-Values Target=a***n Data={"Claims":{},"Profile":"default"} Outcome=Success
TID: [-1234] [2026-10-04 12:16:45,796]  INFO {AUDIT_LOG} - Initiator=w**************r Action=Get-User-Claim-Values Target=a***n Data={"Claims":{},"Profile":"default"} Outcome=Success
TID: [-1234] [2026-10-04 12:16:45,797]  INFO {AUDIT_LOG} - Initiator=w**************r Action=Get-User-Claim-Values Target=a***n Data={"Claims":{},"Profile":"default"} Outcome=Success
TID: [-1234] [2026-10-04 12:16:45,797]  INFO {AUDIT_LOG} - Initiator=w**************r Action=Get-User-Claim-Values Target=a***n Data={"Claims":{},"Profile":"default"} Outcome=Success
TID: [-1234] [2026-10-04 12:17:15,796]  INFO {AUDIT_LOG} - Initiator=w**************r Action=Get-User-Claim-Values Target=a***n Data={"Claims":{},"Profile":"default"} Outcome=Success
TID: [-1234] [2026-10-04 12:17:15,797]  INFO {AUDIT_LOG} - Initiator=w**************r Action=Get-User-Claim-Values Target=a***n Data={"Claims":{},"Profile":"default"} Outcome=Success
TID: [-1234] [2026-10-04 12:17:15,797]  INFO {AUDIT_LOG} - Initiator=w**************r Action=Get-User-Claim-Values Target=a***n Data={"Claims":{},"Profile":"default"} Outcome=Success
TID: [-1234] [2026-10-04 12:17:45,791]  INFO {AUDIT_LOG} - Initiator=w**************r Action=Get-User-Claim-Values Target=a***n Data={"Claims":{},"Profile":"default"} Outcome=Success
TID: [-1234] [2026-10-04 12:17:45,791]  INFO {AUDIT_LOG} - Initiator=w**************r Action=Get-User-Claim-Values Target=a***n Data={"Claims":{},"Profile":"default"} Outcome=Success
TID: [-1234] [2026-10-04 12:17:45,791]  INFO {AUDIT_LOG} - Initiator=w**************r Action=Get-User-Claim-Values Target=a***n Data={"Claims":{},"Profile":"default"} Outcome=Success
TID: [-1234] [2026-10-04 12:18:15,791]  INFO {AUDIT_LOG} - Initiator=w**************r Action=Get-User-Claim-Values Target=a***n Data={"Claims":{},"Profile":"default"} Outcome=Success
TID: [-1234] [2026-10-04 12:18:15,792]  INFO {AUDIT_LOG} - Initiator=w**************r Action=Get-User-Claim-Values Target=a***n Data={"Claims":{},"Profile":"default"} Outcome=Success
TID: [-1234] [2026-10-04 12:18:15,792]  INFO {AUDIT_LOG} - Initiator=w**************r Action=Get-User-Claim-Values Target=a***n Data={"Claims":{},"Profile":"default"} Outcome=Success
TID: [-1234] [2026-10-04 12:18:45,792]  INFO {AUDIT_LOG} - Initiator=w**************r Action=Get-User-Claim-Values Target=a***n Data={"Claims":{},"Profile":"default"} Outcome=Success
TID: [-1234] [2026-10-04 12:18:45,793]  INFO {AUDIT_LOG} - Initiator=w**************r Action=Get-User-Claim-Values Target=a***n Data={"Claims":{},"Profile":"default"} Outcome=Success
TID: [-1234] [2026-10-04 12:18:45,793]  INFO {AUDIT_LOG} - Initiator=w**************r Action=Get-User-Claim-Values Target=a***n Data={"Claims":{},"Profile":"default"} Outcome=Success
TID: [-1234] [2026-10-04 12:19:15,792]  INFO {AUDIT_LOG} - Initiator=w**************r Action=Get-User-Claim-Values Target=a***n Data={"Claims":{},"Profile":"default"} Outcome=Success
TID: [-1234] [2026-10-04 12:19:15,792]  INFO {AUDIT_LOG} - Initiator=w**************r Action=Get-User-Claim-Values Target=a***n Data={"Claims":{},"Profile":"default"} Outcome=Success
TID: [-1234] [2026-10-04 12:19:15,792]  INFO {AUDIT_LOG} - Initiator=w**************r Action=Get-User-Claim-Values Target=a***n Data={"Claims":{},"Profile":"default"} Outcome=Success
TID: [-1234] [2026-10-04 12:19:45,790]  INFO {AUDIT_LOG} - Initiator=w**************r Action=Get-User-Claim-Values Target=a***n Data={"Claims":{},"Profile":"default"} Outcome=Success
TID: [-1234] [2026-10-04 12:19:45,790]  INFO {AUDIT_LOG} - Initiator=w**************r Action=Get-User-Claim-Values Target=a***n Data={"Claims":{},"Profile":"default"} Outcome=Success
TID: [-1234] [2026-10-04 12:19:45,790]  INFO {AUDIT_LOG} - Initiator=w**************r Action=Get-User-Claim-Values Target=a***n Data={"Claims":{},"Profile":"default"} Outcome=Success
TID: [-1234] [2026-10-04 12:20:15,793]  INFO {AUDIT_LOG} - Initiator=w**************r Action=Get-User-Claim-Values Target=a***n Data={"Claims":{},"Profile":"default"} Outcome=Success
TID: [-1234] [2026-10-04 12:20:15,793]  INFO {AUDIT_LOG} - Initiator=w**************r Action=Get-User-Claim-Values Target=a***n Data={"Claims":{},"Profile":"default"} Outcome=Success
TID: [-1234] [2026-10-04 12:20:15,793]  INFO {AUDIT_LOG} - Initiator=w**************r Action=Get-User-Claim-Values Target=a***n Data={"Claims":{},"Profile":"default"} Outcome=Success
TID: [-1234] [2026-10-04 12:20:45,789]  INFO {AUDIT_LOG} - Initiator=w**************r Action=Get-User-Claim-Values Target=a***n Data={"Claims":{},"Profile":"default"} Outcome=Success
TID: [-1234] [2026-10-04 12:20:45,790]  INFO {AUDIT_LOG} - Initiator=w**************r Action=Get-User-Claim-Values Target=a***n Data={"Claims":{},"Profile":"default"} Outcome=Success
TID: [-1234] [2026-10-04 12:20:45,790]  INFO {AUDIT_LOG} - Initiator=w**************r Action=Get-User-Claim-Values Target=a***n Data={"Claims":{},"Profile":"default"} Outcome=Success
TID: [-1234] [2026-10-04 12:21:15,791]  INFO {AUDIT_LOG} - Initiator=w**************r Action=Get-User-Claim-Values Target=a***n Data={"Claims":{},"Profile":"default"} Outcome=Success
TID: [-1234] [2026-10-04 12:21:15,791]  INFO {AUDIT_LOG} - Initiator=w**************r Action=Get-User-Claim-Values Target=a***n Data={"Claims":{},"Profile":"default"} Outcome=Success
TID: [-1234] [2026-10-04 12:21:15,791]  INFO {AUDIT_LOG} - Initiator=w**************r Action=Get-User-Claim-Values Target=a***n Data={"Claims":{},"Profile":"default"} Outcome=Success
TID: [-1234] [2026-10-04 12:21:45,789]  INFO {AUDIT_LOG} - Initiator=w**************r Action=Get-User-Claim-Values Target=a***n Data={"Claims":{},"Profile":"default"} Outcome=Success
TID: [-1234] [2026-10-04 12:21:45,790]  INFO {AUDIT_LOG} - Initiator=w**************r Action=Get-User-Claim-Values Target=a***n Data={"Claims":{},"Profile":"default"} Outcome=Success
TID: [-1234] [2026-10-04 12:21:45,790]  INFO {AUDIT_LOG} - Initiator=w**************r Action=Get-User-Claim-Values Target=a***n Data={"Claims":{},"Profile":"default"} Outcome=Success
TID: [-1234] [2026-10-04 12:22:15,789]  INFO {AUDIT_LOG} - Initiator=w**************r Action=Get-User-Claim-Values Target=a***n Data={"Claims":{},"Profile":"default"} Outcome=Success
TID: [-1234] [2026-10-04 12:22:15,790]  INFO {AUDIT_LOG} - Initiator=w**************r Action=Get-User-Claim-Values Target=a***n Data={"Claims":{},"Profile":"default"} Outcome=Success
TID: [-1234] [2026-10-04 12:22:15,790]  INFO {AUDIT_LOG} - Initiator=w**************r Action=Get-User-Claim-Values Target=a***n Data={"Claims":{},"Profile":"default"} Outcome=Success
TID: [-1234] [2026-10-04 12:22:45,792]  INFO {AUDIT_LOG} - Initiator=w**************r Action=Get-User-Claim-Values Target=a***n Data={"Claims":{},"Profile":"default"} Outcome=Success
TID: [-1234] [2026-10-04 12:22:45,792]  INFO {AUDIT_LOG} - Initiator=w**************r Action=Get-User-Claim-Values Target=a***n Data={"Claims":{},"Profile":"default"} Outcome=Success
TID: [-1234] [2026-10-04 12:22:45,792]  INFO {AUDIT_LOG} - Initiator=w**************r Action=Get-User-Claim-Values Target=a***n Data={"Claims":{},"Profile":"default"} Outcome=Success
TID: [-1234] [2026-10-04 12:23:15,794]  INFO {AUDIT_LOG} - Initiator=w**************r Action=Get-User-Claim-Values Target=a***n Data={"Claims":{},"Profile":"default"} Outcome=Success
TID: [-1234] [2026-10-04 12:23:15,795]  INFO {AUDIT_LOG} - Initiator=w**************r Action=Get-User-Claim-Values Target=a***n Data={"Claims":{},"Profile":"default"} Outcome=Success
TID: [-1234] [2026-10-04 12:23:15,795]  INFO {AUDIT_LOG} - Initiator=w**************r Action=Get-User-Claim-Values Target=a***n Data={"Claims":{},"Profile":"default"} Outcome=Success
TID: [-1234] [2026-10-04 12:23:45,792]  INFO {AUDIT_LOG} - Initiator=w**************r Action=Get-User-Claim-Values Target=a***n Data={"Claims":{},"Profile":"default"} Outcome=Success
TID: [-1234] [2026-10-04 12:23:45,792]  INFO {AUDIT_LOG} - Initiator=w**************r Action=Get-User-Claim-Values Target=a***n Data={"Claims":{},"Profile":"default"} Outcome=Success
TID: [-1234] [2026-10-04 12:23:45,792]  INFO {AUDIT_LOG} - Initiator=w**************r Action=Get-User-Claim-Values Target=a***n Data={"Claims":{},"Profile":"default"} Outcome=Success
TID: [-1234] [2026-10-04 12:24:17,181]  INFO {AUDIT_LOG} - Initiator=w**************r Action=Get-User-Claim-Values Target=a***n Data={"Claims":{},"Profile":"default"} Outcome=Success
TID: [-1234] [2026-10-04 12:24:17,181]  INFO {AUDIT_LOG} - Initiator=w**************r Action=Get-User-Claim-Values Target=a***n Data={"Claims":{},"Profile":"default"} Outcome=Success
TID: [-1234] [2026-10-04 12:24:17,181]  INFO {AUDIT_LOG} - Initiator=w**************r Action=Get-User-Claim-Values Target=a***n Data={"Claims":{},"Profile":"default"} Outcome=Success
TID: [-1234] [2026-10-04 12:24:47,182]  INFO {AUDIT_LOG} - Initiator=w**************r Action=Get-User-Claim-Values Target=a***n Data={"Claims":{},"Profile":"default"} Outcome=Success
TID: [-1234] [2026-10-04 12:24:47,183]  INFO {AUDIT_LOG} - Initiator=w**************r Action=Get-User-Claim-Values Target=a***n Data={"Claims":{},"Profile":"default"} Outcome=Success
TID: [-1234] [2026-10-04 12:24:47,183]  INFO {AUDIT_LOG} - Initiator=w**************r Action=Get-User-Claim-Values Target=a***n Data={"Claims":{},"Profile":"default"} Outcome=Success
TID: [-1234] [2026-10-04 12:25:17,184]  INFO {AUDIT_LOG} - Initiator=w**************r Action=Get-User-Claim-Values Target=a***n Data={"Claims":{},"Profile":"default"} Outcome=Success
TID: [-1234] [2026-10-04 12:25:17,184]  INFO {AUDIT_LOG} - Initiator=w**************r Action=Get-User-Claim-Values Target=a***n Data={"Claims":{},"Profile":"default"} Outcome=Success
TID: [-1234] [2026-10-04 12:25:17,184]  INFO {AUDIT_LOG} - Initiator=w**************r Action=Get-User-Claim-Values Target=a***n Data={"Claims":{},"Profile":"default"} Outcome=Success
TID: [-1234] [2026-10-04 12:25:47,182]  INFO {AUDIT_LOG} - Initiator=w**************r Action=Get-User-Claim-Values Target=a***n Data={"Claims":{},"Profile":"default"} Outcome=Success
TID: [-1234] [2026-10-04 12:25:47,182]  INFO {AUDIT_LOG} - Initiator=w**************r Action=Get-User-Claim-Values Target=a***n Data={"Claims":{},"Profile":"default"} Outcome=Success
TID: [-1234] [2026-10-04 12:25:47,182]  INFO {AUDIT_LOG} - Initiator=w**************r Action=Get-User-Claim-Values Target=a***n Data={"Claims":{},"Profile":"default"} Outcome=Success
TID: [-1234] [2026-10-04 12:26:17,185]  INFO {AUDIT_LOG} - Initiator=w**************r Action=Get-User-Claim-Values Target=a***n Data={"Claims":{},"Profile":"default"} Outcome=Success
TID: [-1234] [2026-10-04 12:26:17,185]  INFO {AUDIT_LOG} - Initiator=w**************r Action=Get-User-Claim-Values Target=a***n Data={"Claims":{},"Profile":"default"} Outcome=Success
TID: [-1234] [2026-10-04 12:26:17,186]  INFO {AUDIT_LOG} - Initiator=w**************r Action=Get-User-Claim-Values Target=a***n Data={"Claims":{},"Profile":"default"} Outcome=Success
TID: [-1234] [2026-10-04 12:26:47,182]  INFO {AUDIT_LOG} - Initiator=w**************r Action=Get-User-Claim-Values Target=a***n Data={"Claims":{},"Profile":"default"} Outcome=Success
TID: [-1234] [2026-10-04 12:26:47,182]  INFO {AUDIT_LOG} - Initiator=w**************r Action=Get-User-Claim-Values Target=a***n Data={"Claims":{},"Profile":"default"} Outcome=Success
TID: [-1234] [2026-10-04 12:26:47,182]  INFO {AUDIT_LOG} - Initiator=w**************r Action=Get-User-Claim-Values Target=a***n Data={"Claims":{},"Profile":"default"} Outcome=Success
TID: [-1234] [2026-10-04 12:27:17,182]  INFO {AUDIT_LOG} - Initiator=w**************r Action=Get-User-Claim-Values Target=a***n Data={"Claims":{},"Profile":"default"} Outcome=Success
TID: [-1234] [2026-10-04 12:27:17,182]  INFO {AUDIT_LOG} - Initiator=w**************r Action=Get-User-Claim-Values Target=a***n Data={"Claims":{},"Profile":"default"} Outcome=Success
TID: [-1234] [2026-10-04 12:27:17,183]  INFO {AUDIT_LOG} - Initiator=w**************r Action=Get-User-Claim-Values Target=a***n Data={"Claims":{},"Profile":"default"} Outcome=Success
TID: [-1234] [2026-10-04 12:27:47,180]  INFO {AUDIT_LOG} - Initiator=w**************r Action=Get-User-Claim-Values Target=a***n Data={"Claims":{},"Profile":"default"} Outcome=Success
TID: [-1234] [2026-10-04 12:27:47,181]  INFO {AUDIT_LOG} - Initiator=w**************r Action=Get-User-Claim-Values Target=a***n Data={"Claims":{},"Profile":"default"} Outcome=Success
TID: [-1234] [2026-10-04 12:27:47,181]  INFO {AUDIT_LOG} - Initiator=w**************r Action=Get-User-Claim-Values Target=a***n Data={"Claims":{},"Profile":"default"} Outcome=Success
TID: [-1234] [2026-10-04 12:28:17,182]  INFO {AUDIT_LOG} - Initiator=w**************r Action=Get-User-Claim-Values Target=a***n Data={"Claims":{},"Profile":"default"} Outcome=Success
TID: [-1234] [2026-10-04 12:28:17,182]  INFO {AUDIT_LOG} - Initiator=w**************r Action=Get-User-Claim-Values Target=a***n Data={"Claims":{},"Profile":"default"} Outcome=Success
TID: [-1234] [2026-10-04 12:28:17,182]  INFO {AUDIT_LOG} - Initiator=w**************r Action=Get-User-Claim-Values Target=a***n Data={"Claims":{},"Profile":"default"} Outcome=Success
TID: [-1234] [2026-10-04 12:28:47,183]  INFO {AUDIT_LOG} - Initiator=w**************r Action=Get-User-Claim-Values Target=a***n Data={"Claims":{},"Profile":"default"} Outcome=Success
TID: [-1234] [2026-10-04 12:28:47,183]  INFO {AUDIT_LOG} - Initiator=w**************r Action=Get-User-Claim-Values Target=a***n Data={"Claims":{},"Profile":"default"} Outcome=Success
TID: [-1234] [2026-10-04 12:28:47,183]  INFO {AUDIT_LOG} - Initiator=w**************r Action=Get-User-Claim-Values Target=a***n Data={"Claims":{},"Profile":"default"} Outcome=Success
TID: [-1234] [2026-10-04 12:29:17,186]  INFO {AUDIT_LOG} - Initiator=w**************r Action=Get-User-Claim-Values Target=a***n Data={"Claims":{},"Profile":"default"} Outcome=Success
TID: [-1234] [2026-10-04 12:29:17,187]  INFO {AUDIT_LOG} - Initiator=w**************r Action=Get-User-Claim-Values Target=a***n Data={"Claims":{},"Profile":"default"} Outcome=Success
TID: [-1234] [2026-10-04 12:29:17,187]  INFO {AUDIT_LOG} - Initiator=w**************r Action=Get-User-Claim-Values Target=a***n Data={"Claims":{},"Profile":"default"} Outcome=Success
TID: [-1234] [2026-10-04 12:29:47,185]  INFO {AUDIT_LOG} - Initiator=w**************r Action=Get-User-Claim-Values Target=a***n Data={"Claims":{},"Profile":"default"} Outcome=Success
TID: [-1234] [2026-10-04 12:29:47,185]  INFO {AUDIT_LOG} - Initiator=w**************r Action=Get-User-Claim-Values Target=a***n Data={"Claims":{},"Profile":"default"} Outcome=Success
TID: [-1234] [2026-10-04 12:29:47,185]  INFO {AUDIT_LOG} - Initiator=w**************r Action=Get-User-Claim-Values Target=a***n Data={"Claims":{},"Profile":"default"} Outcome=Success
TID: [-1234] [2026-10-04 12:30:17,191]  INFO {AUDIT_LOG} - Initiator=w**************r Action=Get-User-Claim-Values Target=a***n Data={"Claims":{},"Profile":"default"} Outcome=Success
TID: [-1234] [2026-10-04 12:30:17,193]  INFO {AUDIT_LOG} - Initiator=w**************r Action=Get-User-Claim-Values Target=a***n Data={"Claims":{},"Profile":"default"} Outcome=Success
TID: [-1234] [2026-10-04 12:30:17,193]  INFO {AUDIT_LOG} - Initiator=w**************r Action=Get-User-Claim-Values Target=a***n Data={"Claims":{},"Profile":"default"} Outcome=Success
TID: [-1234] [2026-10-04 12:30:47,182]  INFO {AUDIT_LOG} - Initiator=w**************r Action=Get-User-Claim-Values Target=a***n Data={"Claims":{},"Profile":"default"} Outcome=Success
TID: [-1234] [2026-10-04 12:30:47,182]  INFO {AUDIT_LOG} - Initiator=w**************r Action=Get-User-Claim-Values Target=a***n Data={"Claims":{},"Profile":"default"} Outcome=Success
TID: [-1234] [2026-10-04 12:30:47,182]  INFO {AUDIT_LOG} - Initiator=w**************r Action=Get-User-Claim-Values Target=a***n Data={"Claims":{},"Profile":"default"} Outcome=Success
TID: [-1234] [2026-10-04 12:31:17,184]  INFO {AUDIT_LOG} - Initiator=w**************r Action=Get-User-Claim-Values Target=a***n Data={"Claims":{},"Profile":"default"} Outcome=Success
TID: [-1234] [2026-10-04 12:31:17,184]  INFO {AUDIT_LOG} - Initiator=w**************r Action=Get-User-Claim-Values Target=a***n Data={"Claims":{},"Profile":"default"} Outcome=Success
TID: [-1234] [2026-10-04 12:31:17,184]  INFO {AUDIT_LOG} - Initiator=w**************r Action=Get-User-Claim-Values Target=a***n Data={"Claims":{},"Profile":"default"} Outcome=Success
TID: [-1234] [2026-10-04 12:31:47,182]  INFO {AUDIT_LOG} - Initiator=w**************r Action=Get-User-Claim-Values Target=a***n Data={"Claims":{},"Profile":"default"} Outcome=Success
TID: [-1234] [2026-10-04 12:31:47,182]  INFO {AUDIT_LOG} - Initiator=w**************r Action=Get-User-Claim-Values Target=a***n Data={"Claims":{},"Profile":"default"} Outcome=Success
TID: [-1234] [2026-10-04 12:31:47,182]  INFO {AUDIT_LOG} - Initiator=w**************r Action=Get-User-Claim-Values Target=a***n Data={"Claims":{},"Profile":"default"} Outcome=Success
TID: [-1234] [2026-10-04 12:32:17,184]  INFO {AUDIT_LOG} - Initiator=w**************r Action=Get-User-Claim-Values Target=a***n Data={"Claims":{},"Profile":"default"} Outcome=Success
TID: [-1234] [2026-10-04 12:32:17,184]  INFO {AUDIT_LOG} - Initiator=w**************r Action=Get-User-Claim-Values Target=a***n Data={"Claims":{},"Profile":"default"} Outcome=Success
TID: [-1234] [2026-10-04 12:32:17,184]  INFO {AUDIT_LOG} - Initiator=w**************r Action=Get-User-Claim-Values Target=a***n Data={"Claims":{},"Profile":"default"} Outcome=Success
TID: [-1234] [2026-10-04 12:32:47,181]  INFO {AUDIT_LOG} - Initiator=w**************r Action=Get-User-Claim-Values Target=a***n Data={"Claims":{},"Profile":"default"} Outcome=Success
TID: [-1234] [2026-10-04 12:32:47,182]  INFO {AUDIT_LOG} - Initiator=w**************r Action=Get-User-Claim-Values Target=a***n Data={"Claims":{},"Profile":"default"} Outcome=Success
TID: [-1234] [2026-10-04 12:32:47,182]  INFO {AUDIT_LOG} - Initiator=w**************r Action=Get-User-Claim-Values Target=a***n Data={"Claims":{},"Profile":"default"} Outcome=Success
TID: [-1234] [2026-10-04 12:33:17,182]  INFO {AUDIT_LOG} - Initiator=w**************r Action=Get-User-Claim-Values Target=a***n Data={"Claims":{},"Profile":"default"} Outcome=Success
TID: [-1234] [2026-10-04 12:33:17,183]  INFO {AUDIT_LOG} - Initiator=w**************r Action=Get-User-Claim-Values Target=a***n Data={"Claims":{},"Profile":"default"} Outcome=Success
TID: [-1234] [2026-10-04 12:33:17,183]  INFO {AUDIT_LOG} - Initiator=w**************r Action=Get-User-Claim-Values Target=a***n Data={"Claims":{},"Profile":"default"} Outcome=Success
TID: [-1234] [2026-10-04 12:33:47,183]  INFO {AUDIT_LOG} - Initiator=w**************r Action=Get-User-Claim-Values Target=a***n Data={"Claims":{},"Profile":"default"} Outcome=Success
TID: [-1234] [2026-10-04 12:33:47,183]  INFO {AUDIT_LOG} - Initiator=w**************r Action=Get-User-Claim-Values Target=a***n Data={"Claims":{},"Profile":"default"} Outcome=Success
TID: [-1234] [2026-10-04 12:33:47,183]  INFO {AUDIT_LOG} - Initiator=w**************r Action=Get-User-Claim-Values Target=a***n Data={"Claims":{},"Profile":"default"} Outcome=Success
TID: [-1234] [2026-10-04 12:34:17,186]  INFO {AUDIT_LOG} - Initiator=w**************r Action=Get-User-Claim-Values Target=a***n Data={"Claims":{},"Profile":"default"} Outcome=Success
TID: [-1234] [2026-10-04 12:34:17,186]  INFO {AUDIT_LOG} - Initiator=w**************r Action=Get-User-Claim-Values Target=a***n Data={"Claims":{},"Profile":"default"} Outcome=Success
TID: [-1234] [2026-10-04 12:34:17,186]  INFO {AUDIT_LOG} - Initiator=w**************r Action=Get-User-Claim-Values Target=a***n Data={"Claims":{},"Profile":"default"} Outcome=Success
TID: [-1234] [2026-10-04 12:34:47,182]  INFO {AUDIT_LOG} - Initiator=w**************r Action=Get-User-Claim-Values Target=a***n Data={"Claims":{},"Profile":"default"} Outcome=Success
TID: [-1234] [2026-10-04 12:34:47,182]  INFO {AUDIT_LOG} - Initiator=w**************r Action=Get-User-Claim-Values Target=a***n Data={"Claims":{},"Profile":"default"} Outcome=Success
TID: [-1234] [2026-10-04 12:34:47,183]  INFO {AUDIT_LOG} - Initiator=w**************r Action=Get-User-Claim-Values Target=a***n Data={"Claims":{},"Profile":"default"} Outcome=Success
TID: [-1234] [2026-10-04 12:35:17,184]  INFO {AUDIT_LOG} - Initiator=w**************r Action=Get-User-Claim-Values Target=a***n Data={"Claims":{},"Profile":"default"} Outcome=Success
TID: [-1234] [2026-10-04 12:35:17,184]  INFO {AUDIT_LOG} - Initiator=w**************r Action=Get-User-Claim-Values Target=a***n Data={"Claims":{},"Profile":"default"} Outcome=Success
TID: [-1234] [2026-10-04 12:35:17,184]  INFO {AUDIT_LOG} - Initiator=w**************r Action=Get-User-Claim-Values Target=a***n Data={"Claims":{},"Profile":"default"} Outcome=Success
TID: [-1234] [2026-10-04 12:35:47,187]  INFO {AUDIT_LOG} - Initiator=w**************r Action=Get-User-Claim-Values Target=a***n Data={"Claims":{},"Profile":"default"} Outcome=Success
TID: [-1234] [2026-10-04 12:35:47,187]  INFO {AUDIT_LOG} - Initiator=w**************r Action=Get-User-Claim-Values Target=a***n Data={"Claims":{},"Profile":"default"} Outcome=Success
TID: [-1234] [2026-10-04 12:35:47,187]  INFO {AUDIT_LOG} - Initiator=w**************r Action=Get-User-Claim-Values Target=a***n Data={"Claims":{},"Profile":"default"} Outcome=Success
TID: [-1234] [2026-10-04 12:36:17,182]  INFO {AUDIT_LOG} - Initiator=w**************r Action=Get-User-Claim-Values Target=a***n Data={"Claims":{},"Profile":"default"} Outcome=Success
TID: [-1234] [2026-10-04 12:36:17,183]  INFO {AUDIT_LOG} - Initiator=w**************r Action=Get-User-Claim-Values Target=a***n Data={"Claims":{},"Profile":"default"} Outcome=Success
TID: [-1234] [2026-10-04 12:36:17,183]  INFO {AUDIT_LOG} - Initiator=w**************r Action=Get-User-Claim-Values Target=a***n Data={"Claims":{},"Profile":"default"} Outcome=Success
TID: [-1234] [2026-10-04 12:36:47,183]  INFO {AUDIT_LOG} - Initiator=w**************r Action=Get-User-Claim-Values Target=a***n Data={"Claims":{},"Profile":"default"} Outcome=Success
TID: [-1234] [2026-10-04 12:36:47,183]  INFO {AUDIT_LOG} - Initiator=w**************r Action=Get-User-Claim-Values Target=a***n Data={"Claims":{},"Profile":"default"} Outcome=Success
TID: [-1234] [2026-10-04 12:36:47,183]  INFO {AUDIT_LOG} - Initiator=w**************r Action=Get-User-Claim-Values Target=a***n Data={"Claims":{},"Profile":"default"} Outcome=Success
TID: [-1234] [2026-10-04 12:37:17,182]  INFO {AUDIT_LOG} - Initiator=w**************r Action=Get-User-Claim-Values Target=a***n Data={"Claims":{},"Profile":"default"} Outcome=Success
TID: [-1234] [2026-10-04 12:37:17,182]  INFO {AUDIT_LOG} - Initiator=w**************r Action=Get-User-Claim-Values Target=a***n Data={"Claims":{},"Profile":"default"} Outcome=Success
TID: [-1234] [2026-10-04 12:37:17,182]  INFO {AUDIT_LOG} - Initiator=w**************r Action=Get-User-Claim-Values Target=a***n Data={"Claims":{},"Profile":"default"} Outcome=Success
TID: [-1234] [2026-10-04 12:37:47,181]  INFO {AUDIT_LOG} - Initiator=w**************r Action=Get-User-Claim-Values Target=a***n Data={"Claims":{},"Profile":"default"} Outcome=Success
TID: [-1234] [2026-10-04 12:37:47,182]  INFO {AUDIT_LOG} - Initiator=w**************r Action=Get-User-Claim-Values Target=a***n Data={"Claims":{},"Profile":"default"} Outcome=Success
TID: [-1234] [2026-10-04 12:37:47,182]  INFO {AUDIT_LOG} - Initiator=w**************r Action=Get-User-Claim-Values Target=a***n Data={"Claims":{},"Profile":"default"} Outcome=Success
TID: [-1234] [2026-10-04 12:38:17,187]  INFO {AUDIT_LOG} - Initiator=w**************r Action=Get-User-Claim-Values Target=a***n Data={"Claims":{},"Profile":"default"} Outcome=Success
TID: [-1234] [2026-10-04 12:38:17,189]  INFO {AUDIT_LOG} - Initiator=w**************r Action=Get-User-Claim-Values Target=a***n Data={"Claims":{},"Profile":"default"} Outcome=Success
TID: [-1234] [2026-10-04 12:38:17,189]  INFO {AUDIT_LOG} - Initiator=w**************r Action=Get-User-Claim-Values Target=a***n Data={"Claims":{},"Profile":"default"} Outcome=Success
TID: [-1234] [2026-10-04 12:38:47,181]  INFO {AUDIT_LOG} - Initiator=w**************r Action=Get-User-Claim-Values Target=a***n Data={"Claims":{},"Profile":"default"} Outcome=Success
TID: [-1234] [2026-10-04 12:38:47,181]  INFO {AUDIT_LOG} - Initiator=w**************r Action=Get-User-Claim-Values Target=a***n Data={"Claims":{},"Profile":"default"} Outcome=Success
TID: [-1234] [2026-10-04 12:38:47,183]  INFO {AUDIT_LOG} - Initiator=w**************r Action=Get-User-Claim-Values Target=a***n Data={"Claims":{},"Profile":"default"} Outcome=Success
TID: [-1234] [2026-10-04 12:39:17,185]  INFO {AUDIT_LOG} - Initiator=w**************r Action=Get-User-Claim-Values Target=a***n Data={"Claims":{},"Profile":"default"} Outcome=Success
TID: [-1234] [2026-10-04 12:39:17,186]  INFO {AUDIT_LOG} - Initiator=w**************r Action=Get-User-Claim-Values Target=a***n Data={"Claims":{},"Profile":"default"} Outcome=Success
TID: [-1234] [2026-10-04 12:39:17,186]  INFO {AUDIT_LOG} - Initiator=w**************r Action=Get-User-Claim-Values Target=a***n Data={"Claims":{},"Profile":"default"} Outcome=Success
TID: [-1234] [2026-10-04 12:39:47,181]  INFO {AUDIT_LOG} - Initiator=w**************r Action=Get-User-Claim-Values Target=a***n Data={"Claims":{},"Profile":"default"} Outcome=Success
TID: [-1234] [2026-10-04 12:39:47,181]  INFO {AUDIT_LOG} - Initiator=w**************r Action=Get-User-Claim-Values Target=a***n Data={"Claims":{},"Profile":"default"} Outcome=Success
TID: [-1234] [2026-10-04 12:39:47,181]  INFO {AUDIT_LOG} - Initiator=w**************r Action=Get-User-Claim-Values Target=a***n Data={"Claims":{},"Profile":"default"} Outcome=Success
TID: [-1234] [2026-10-04 12:40:12,458]  INFO {AUDIT_LOG} - Initiator=w**************r Action=Get-User-Claim-Value Target=a***n Data={"Claim":"http://wso2.org/claims/organization"} Outcome=Success
TID: [-1234] [2026-10-04 12:40:12,463]  INFO {AUDIT_LOG} - GET /api/am/publisher/apis?limit=10&offset=0 user: admin@carbon.super app: lOKNtRmYnWO18JvYCYJANhTjS6sa
TID: [-1234] [2026-10-04 12:40:12,503]  INFO {AUDIT_LOG} - Initiator=3b0ad53a-aebd-42fa-b767-c60140e01226 Action=Get-Roles-of-User Target=a***n Data={"Filter":"*","Roles":["Internal/subscriber","Internal/creator","Internal/publisher","Internal/everyone","Internal/devops","admin","Internal/analytics","Internal/observer","Internal/integration_dev"]} Outcome=Success
TID: [-1234] [2026-10-04 12:40:14,780]  INFO {AUDIT_LOG} - GET /api/am/publisher/search?limit=1&offset=0&query=name%3APizzaShackAPI%20version%3A1.0%20context%3Apizzashack user: admin@carbon.super app: lOKNtRmYnWO18JvYCYJANhTjS6sa
TID: [-1234] [2026-10-04 12:40:17,184]  INFO {AUDIT_LOG} - Initiator=w**************r Action=Get-User-Claim-Values Target=a***n Data={"Claims":{},"Profile":"default"} Outcome=Success
TID: [-1234] [2026-10-04 12:40:17,184]  INFO {AUDIT_LOG} - Initiator=w**************r Action=Get-User-Claim-Values Target=a***n Data={"Claims":{},"Profile":"default"} Outcome=Success
TID: [-1234] [2026-10-04 12:40:17,184]  INFO {AUDIT_LOG} - Initiator=w**************r Action=Get-User-Claim-Values Target=a***n Data={"Claims":{},"Profile":"default"} Outcome=Success
TID: [-1234] [2026-10-04 12:40:47,181]  INFO {AUDIT_LOG} - Initiator=w**************r Action=Get-User-Claim-Values Target=a***n Data={"Claims":{},"Profile":"default"} Outcome=Success
TID: [-1234] [2026-10-04 12:40:47,181]  INFO {AUDIT_LOG} - Initiator=w**************r Action=Get-User-Claim-Values Target=a***n Data={"Claims":{},"Profile":"default"} Outcome=Success
TID: [-1234] [2026-10-04 12:40:47,181]  INFO {AUDIT_LOG} - Initiator=w**************r Action=Get-User-Claim-Values Target=a***n Data={"Claims":{},"Profile":"default"} Outcome=Success
TID: [-1234] [2026-10-04 12:40:51,667]  INFO {AUDIT_LOG} - POST /api/am/publisher/apis/validate?query=name%3Aexemplo-cache-data&limit=10&offset=0 user: admin@carbon.super app: lOKNtRmYnWO18JvYCYJANhTjS6sa
TID: [-1234] [2026-10-04 12:41:04,593]  INFO {AUDIT_LOG} - POST /api/am/publisher/apis/validate?query=context%3A%2Fcache&limit=10&offset=0 user: admin@carbon.super app: lOKNtRmYnWO18JvYCYJANhTjS6sa
TID: [-1234] [2026-10-04 12:41:17,181]  INFO {AUDIT_LOG} - Initiator=w**************r Action=Get-User-Claim-Values Target=a***n Data={"Claims":{},"Profile":"default"} Outcome=Success
TID: [-1234] [2026-10-04 12:41:17,182]  INFO {AUDIT_LOG} - Initiator=w**************r Action=Get-User-Claim-Values Target=a***n Data={"Claims":{},"Profile":"default"} Outcome=Success
TID: [-1234] [2026-10-04 12:41:17,182]  INFO {AUDIT_LOG} - Initiator=w**************r Action=Get-User-Claim-Values Target=a***n Data={"Claims":{},"Profile":"default"} Outcome=Success
TID: [-1234] [2026-10-04 12:41:47,189]  INFO {AUDIT_LOG} - Initiator=w**************r Action=Get-User-Claim-Values Target=a***n Data={"Claims":{},"Profile":"default"} Outcome=Success
TID: [-1234] [2026-10-04 12:41:47,189]  INFO {AUDIT_LOG} - Initiator=w**************r Action=Get-User-Claim-Values Target=a***n Data={"Claims":{},"Profile":"default"} Outcome=Success
TID: [-1234] [2026-10-04 12:41:47,190]  INFO {AUDIT_LOG} - Initiator=w**************r Action=Get-User-Claim-Values Target=a***n Data={"Claims":{},"Profile":"default"} Outcome=Success
TID: [-1234] [2026-10-04 12:42:09,533]  INFO {AUDIT_LOG} - POST /api/am/publisher/apis/validate-endpoint?endpointUrl=http%3A%2F%2Fhost.docker.internal%3A8084%2Fv1%2Ftime user: admin@carbon.super app: lOKNtRmYnWO18JvYCYJANhTjS6sa
TID: [-1234] [2026-10-04 12:42:17,184]  INFO {AUDIT_LOG} - Initiator=w**************r Action=Get-User-Claim-Values Target=a***n Data={"Claims":{},"Profile":"default"} Outcome=Success
TID: [-1234] [2026-10-04 12:42:17,185]  INFO {AUDIT_LOG} - Initiator=w**************r Action=Get-User-Claim-Values Target=a***n Data={"Claims":{},"Profile":"default"} Outcome=Success
TID: [-1234] [2026-10-04 12:42:17,185]  INFO {AUDIT_LOG} - Initiator=w**************r Action=Get-User-Claim-Values Target=a***n Data={"Claims":{},"Profile":"default"} Outcome=Success
TID: [-1234] [2026-10-04 12:42:22,001]  INFO {AUDIT_LOG} - POST /api/am/publisher/apis/validate-endpoint?endpointUrl=http%3A%2F%2Fhost.docker.internal%3A8084 user: admin@carbon.super app: lOKNtRmYnWO18JvYCYJANhTjS6sa
TID: [-1234] [2026-10-04 12:42:22,682]  INFO {AUDIT_LOG} - POST /api/am/publisher/apis/validate-endpoint?endpointUrl=http%3A%2F%2Fhost.docker.internal%3A8084 user: admin@carbon.super app: lOKNtRmYnWO18JvYCYJANhTjS6sa
TID: [-1234] [2026-10-04 12:42:32,001]  INFO {AUDIT_LOG} - GET /api/am/publisher/settings user: admin@carbon.super app: lOKNtRmYnWO18JvYCYJANhTjS6sa
TID: [-1234] [2026-10-04 12:42:32,002]  INFO {AUDIT_LOG} - GET /api/am/publisher/apis?limit=5&offset=0 user: admin@carbon.super app: lOKNtRmYnWO18JvYCYJANhTjS6sa
TID: [-1234] [2026-10-04 12:42:32,002]  INFO {AUDIT_LOG} - GET /api/am/publisher/api-products?limit=5&offset=0 user: admin@carbon.super app: lOKNtRmYnWO18JvYCYJANhTjS6sa
TID: [-1234] [2026-10-04 12:42:32,088]  INFO {AUDIT_LOG} - GET /api/am/publisher/api-products/64375b4b-7e17-41d3-87ca-81ca0b3494a3/thumbnail user: admin@carbon.super app: lOKNtRmYnWO18JvYCYJANhTjS6sa
TID: [-1234] [2026-10-04 12:42:32,273]  INFO {AUDIT_LOG} - GET /api/am/publisher/mcp-servers?limit=5&offset=0 user: admin@carbon.super app: lOKNtRmYnWO18JvYCYJANhTjS6sa
TID: [-1234] [2026-10-04 12:42:32,273]  INFO {AUDIT_LOG} - GET /api/am/publisher/api-products?limit=5&offset=0 user: admin@carbon.super app: lOKNtRmYnWO18JvYCYJANhTjS6sa
TID: [-1234] [2026-10-04 12:42:32,275]  INFO {AUDIT_LOG} - GET /api/am/publisher/apis?limit=5&offset=0 user: admin@carbon.super app: lOKNtRmYnWO18JvYCYJANhTjS6sa
TID: [-1234] [2026-10-04 12:42:32,344]  INFO {AUDIT_LOG} - GET /api/am/publisher/api-products/64375b4b-7e17-41d3-87ca-81ca0b3494a3/thumbnail user: admin@carbon.super app: lOKNtRmYnWO18JvYCYJANhTjS6sa
TID: [-1234] [2026-10-04 12:42:47,184]  INFO {AUDIT_LOG} - Initiator=w**************r Action=Get-User-Claim-Values Target=a***n Data={"Claims":{},"Profile":"default"} Outcome=Success
TID: [-1234] [2026-10-04 12:42:47,185]  INFO {AUDIT_LOG} - Initiator=w**************r Action=Get-User-Claim-Values Target=a***n Data={"Claims":{},"Profile":"default"} Outcome=Success
TID: [-1234] [2026-10-04 12:42:47,185]  INFO {AUDIT_LOG} - Initiator=w**************r Action=Get-User-Claim-Values Target=a***n Data={"Claims":{},"Profile":"default"} Outcome=Success
TID: [-1234] [2026-10-04 12:43:17,183]  INFO {AUDIT_LOG} - Initiator=w**************r Action=Get-User-Claim-Values Target=a***n Data={"Claims":{},"Profile":"default"} Outcome=Success
TID: [-1234] [2026-10-04 12:43:17,183]  INFO {AUDIT_LOG} - Initiator=w**************r Action=Get-User-Claim-Values Target=a***n Data={"Claims":{},"Profile":"default"} Outcome=Success
TID: [-1234] [2026-10-04 12:43:17,183]  INFO {AUDIT_LOG} - Initiator=w**************r Action=Get-User-Claim-Values Target=a***n Data={"Claims":{},"Profile":"default"} Outcome=Success
TID: [-1234] [2026-10-04 12:43:47,180]  INFO {AUDIT_LOG} - Initiator=w**************r Action=Get-User-Claim-Values Target=a***n Data={"Claims":{},"Profile":"default"} Outcome=Success
TID: [-1234] [2026-10-04 12:43:47,181]  INFO {AUDIT_LOG} - Initiator=w**************r Action=Get-User-Claim-Values Target=a***n Data={"Claims":{},"Profile":"default"} Outcome=Success
TID: [-1234] [2026-10-04 12:43:47,181]  INFO {AUDIT_LOG} - Initiator=w**************r Action=Get-User-Claim-Values Target=a***n Data={"Claims":{},"Profile":"default"} Outcome=Success
TID: [-1234] [2026-10-04 12:44:17,182]  INFO {AUDIT_LOG} - Initiator=w**************r Action=Get-User-Claim-Values Target=a***n Data={"Claims":{},"Profile":"default"} Outcome=Success
TID: [-1234] [2026-10-04 12:44:17,182]  INFO {AUDIT_LOG} - Initiator=w**************r Action=Get-User-Claim-Values Target=a***n Data={"Claims":{},"Profile":"default"} Outcome=Success
TID: [-1234] [2026-10-04 12:44:17,182]  INFO {AUDIT_LOG} - Initiator=w**************r Action=Get-User-Claim-Values Target=a***n Data={"Claims":{},"Profile":"default"} Outcome=Success
TID: [-1234] [2026-10-04 12:44:47,182]  INFO {AUDIT_LOG} - Initiator=w**************r Action=Get-User-Claim-Values Target=a***n Data={"Claims":{},"Profile":"default"} Outcome=Success
TID: [-1234] [2026-10-04 12:44:47,182]  INFO {AUDIT_LOG} - Initiator=w**************r Action=Get-User-Claim-Values Target=a***n Data={"Claims":{},"Profile":"default"} Outcome=Success
TID: [-1234] [2026-10-04 12:44:47,182]  INFO {AUDIT_LOG} - Initiator=w**************r Action=Get-User-Claim-Values Target=a***n Data={"Claims":{},"Profile":"default"} Outcome=Success
TID: [-1234] [2026-10-04 12:44:51,026]  INFO {AUDIT_LOG} - GET /api/am/publisher/tenants?state=active user: admin@carbon.super app: lOKNtRmYnWO18JvYCYJANhTjS6sa
TID: [-1234] [2026-10-04 12:44:51,026]  INFO {AUDIT_LOG} - GET /api/am/publisher/apis/fad559f5-1e65-405e-83cc-a844eff07a6e user: admin@carbon.super app: lOKNtRmYnWO18JvYCYJANhTjS6sa
TID: [-1234] [2026-10-04 12:44:51,243]  INFO {AUDIT_LOG} - GET /api/am/publisher/settings user: admin@carbon.super app: lOKNtRmYnWO18JvYCYJANhTjS6sa
TID: [-1234] [2026-10-04 12:44:51,248]  INFO {AUDIT_LOG} - GET /api/am/publisher/apis/fad559f5-1e65-405e-83cc-a844eff07a6e/revisions user: admin@carbon.super app: lOKNtRmYnWO18JvYCYJANhTjS6sa
TID: [-1234] [2026-10-04 12:44:51,248]  INFO {AUDIT_LOG} - GET /api/am/publisher/apis/fad559f5-1e65-405e-83cc-a844eff07a6e/revisions?query=deployed%3Atrue user: admin@carbon.super app: lOKNtRmYnWO18JvYCYJANhTjS6sa
TID: [-1234] [2026-10-04 12:44:51,248]  INFO {AUDIT_LOG} - GET /api/am/publisher/apis/fad559f5-1e65-405e-83cc-a844eff07a6e/swagger user: admin@carbon.super app: lOKNtRmYnWO18JvYCYJANhTjS6sa
TID: [-1234] [2026-10-04 12:44:51,258]  INFO {AUDIT_LOG} - GET /api/am/publisher/me/organization-information user: admin@carbon.super app: lOKNtRmYnWO18JvYCYJANhTjS6sa
TID: [-1234] [2026-10-04 12:44:51,303]  INFO {AUDIT_LOG} - GET /api/am/publisher/apis/fad559f5-1e65-405e-83cc-a844eff07a6e/revisions?query=deployed%3Atrue user: admin@carbon.super app: lOKNtRmYnWO18JvYCYJANhTjS6sa
TID: [-1234] [2026-10-04 12:44:55,654]  INFO {AUDIT_LOG} - GET /api/am/publisher/apis/fad559f5-1e65-405e-83cc-a844eff07a6e/swagger user: admin@carbon.super app: lOKNtRmYnWO18JvYCYJANhTjS6sa
TID: [-1234] [2026-10-04 12:44:57,124]  INFO {AUDIT_LOG} - GET /api/am/publisher/apis/fad559f5-1e65-405e-83cc-a844eff07a6e/swagger user: admin@carbon.super app: lOKNtRmYnWO18JvYCYJANhTjS6sa
TID: [-1234] [2026-10-04 12:44:57,135]  INFO {AUDIT_LOG} - GET /api/am/publisher/endpoint-certificates?endpoint=http%3A%2F%2Fhost.docker.internal%3A8083 user: admin@carbon.super app: lOKNtRmYnWO18JvYCYJANhTjS6sa
TID: [-1234] [2026-10-04 12:45:13,479]  INFO {AUDIT_LOG} - Initiator=w**************r Action=Get-User-Claim-Value Target=a***n Data={"Claim":"http://wso2.org/claims/organization"} Outcome=Success
TID: [-1234] [2026-10-04 12:45:13,479]  INFO {AUDIT_LOG} - POST /api/am/publisher/apis/validate-endpoint?endpointUrl=http%3A%2F%2Fhost.docker.internal%3A8084 user: admin@carbon.super app: lOKNtRmYnWO18JvYCYJANhTjS6sa
TID: [-1234] [2026-10-04 12:45:13,996]  INFO {AUDIT_LOG} - POST /api/am/publisher/apis/validate-endpoint?endpointUrl=http%3A%2F%2Fhost.docker.internal%3A8084 user: admin@carbon.super app: lOKNtRmYnWO18JvYCYJANhTjS6sa
TID: [-1234] [2026-10-04 12:45:14,775]  INFO {AUDIT_LOG} - GET /api/am/publisher/throttling-policies/subscription user: admin@carbon.super app: lOKNtRmYnWO18JvYCYJANhTjS6sa
TID: [-1234] [2026-10-04 12:45:14,928]  INFO {AUDIT_LOG} - POST /api/am/publisher/apis?openAPIVersion=v3 user: admin@carbon.super app: lOKNtRmYnWO18JvYCYJANhTjS6sa
TID: [] [2026-10-04 12:45:15,313]  INFO {AUDIT_LOG} - Initiator=w**************r Action=Get-User-Claim-Values Target=a***n Data={"Claims":{},"Profile":"default"} Outcome=Success
TID: [] [2026-10-04 12:45:15,314]  INFO {AUDIT_LOG} - Initiator=w**************r Action=Get-User-Claim-Values Target=a***n Data={"Claims":{},"Profile":"default"} Outcome=Success
TID: [] [2026-10-04 12:45:15,314]  INFO {AUDIT_LOG} - Initiator=w**************r Action=Get-User-Claim-Values Target=a***n Data={"Claims":{},"Profile":"default"} Outcome=Success
TID: [-1234] [2026-10-04 12:45:15,315]  INFO {AUDIT_LOG} - {"performedBy":"admin","action":"created","type":"API","info":{"provider":"admin","name":"exemplo-cache-data","context":"/cache/0.1","version":"0.1"}}
TID: [-1234] [2026-10-04 12:45:15,374]  INFO {AUDIT_LOG} - POST /api/am/publisher/apis/d5401805-1635-4547-a303-78e05ef20fc0/revisions user: admin@carbon.super app: lOKNtRmYnWO18JvYCYJANhTjS6sa
TID: [-1234] [2026-10-04 12:45:15,552]  INFO {AUDIT_LOG} - POST /api/am/publisher/apis/d5401805-1635-4547-a303-78e05ef20fc0/deploy-revision?revisionId=01975050-c777-45ce-bbaf-5cfc8a886846 user: admin@carbon.super app: lOKNtRmYnWO18JvYCYJANhTjS6sa
TID: [-1234] [2026-10-04 12:45:15,612]  INFO {AUDIT_LOG} - POST /api/am/publisher/apis/change-lifecycle?action=Publish&apiId=d5401805-1635-4547-a303-78e05ef20fc0 user: admin@carbon.super app: lOKNtRmYnWO18JvYCYJANhTjS6sa
TID: [-1234] [2026-10-04 12:45:15,711]  INFO {AUDIT_LOG} - {"performedBy":"admin","action":"lifecycle-changed","type":"API","info":{"provider":"admin","name":"exemplo-cache-data","context":"/cache/0.1","version":"0.1"}}
TID: [] [2026-10-04 12:45:16,102]  INFO {AUDIT_LOG} - Initiator=w**************r Action=Get-User-Claim-Values Target=a***n Data={"Claims":{},"Profile":"default"} Outcome=Success
TID: [] [2026-10-04 12:45:16,102]  INFO {AUDIT_LOG} - Initiator=w**************r Action=Get-User-Claim-Values Target=a***n Data={"Claims":{},"Profile":"default"} Outcome=Success
TID: [] [2026-10-04 12:45:16,102]  INFO {AUDIT_LOG} - Initiator=w**************r Action=Get-User-Claim-Values Target=a***n Data={"Claims":{},"Profile":"default"} Outcome=Success
TID: [] [2026-10-04 12:45:16,102]  INFO {AUDIT_LOG} - Initiator=w**************r Action=Get-User-Claim-Values Target=a***n Data={"Claims":{},"Profile":"default"} Outcome=Success
TID: [] [2026-10-04 12:45:16,102]  INFO {AUDIT_LOG} - Initiator=w**************r Action=Get-User-Claim-Values Target=a***n Data={"Claims":{},"Profile":"default"} Outcome=Success
TID: [] [2026-10-04 12:45:16,102]  INFO {AUDIT_LOG} - Initiator=w**************r Action=Get-User-Claim-Values Target=a***n Data={"Claims":{},"Profile":"default"} Outcome=Success
TID: [] [2026-10-04 12:45:16,102]  INFO {AUDIT_LOG} - Initiator=w**************r Action=Get-User-Claim-Values Target=a***n Data={"Claims":{},"Profile":"default"} Outcome=Success
TID: [] [2026-10-04 12:45:16,102]  INFO {AUDIT_LOG} - Initiator=w**************r Action=Get-User-Claim-Values Target=a***n Data={"Claims":{},"Profile":"default"} Outcome=Success
TID: [] [2026-10-04 12:45:16,102]  INFO {AUDIT_LOG} - Initiator=w**************r Action=Get-User-Claim-Values Target=a***n Data={"Claims":{},"Profile":"default"} Outcome=Success
TID: [-1234] [2026-10-04 12:45:16,227]  INFO {AUDIT_LOG} - GET /api/am/publisher/tenants?state=active user: admin@carbon.super app: lOKNtRmYnWO18JvYCYJANhTjS6sa
TID: [-1234] [2026-10-04 12:45:16,227]  INFO {AUDIT_LOG} - GET /api/am/publisher/apis/d5401805-1635-4547-a303-78e05ef20fc0 user: admin@carbon.super app: lOKNtRmYnWO18JvYCYJANhTjS6sa
TID: [-1234] [2026-10-04 12:45:16,447]  INFO {AUDIT_LOG} - Initiator=w**************r Action=Get-User-Claim-Values Target=a***n Data={"Claims":{},"Profile":"default"} Outcome=Success
TID: [-1234] [2026-10-04 12:45:16,447]  INFO {AUDIT_LOG} - Initiator=w**************r Action=Get-User-Claim-Values Target=a***n Data={"Claims":{},"Profile":"default"} Outcome=Success
TID: [-1234] [2026-10-04 12:45:16,447]  INFO {AUDIT_LOG} - Initiator=w**************r Action=Get-User-Claim-Values Target=a***n Data={"Claims":{},"Profile":"default"} Outcome=Success
TID: [-1234] [2026-10-04 12:45:16,447]  INFO {AUDIT_LOG} - Initiator=w**************r Action=Get-User-Claim-Values Target=a***n Data={"Claims":{},"Profile":"default"} Outcome=Success
TID: [-1234] [2026-10-04 12:45:16,447]  INFO {AUDIT_LOG} - Initiator=w**************r Action=Get-User-Claim-Values Target=a***n Data={"Claims":{},"Profile":"default"} Outcome=Success
TID: [-1234] [2026-10-04 12:45:16,447]  INFO {AUDIT_LOG} - Initiator=w**************r Action=Get-User-Claim-Values Target=a***n Data={"Claims":{},"Profile":"default"} Outcome=Success
TID: [-1234] [2026-10-04 12:45:16,477]  INFO {AUDIT_LOG} - GET /api/am/publisher/settings user: admin@carbon.super app: lOKNtRmYnWO18JvYCYJANhTjS6sa
TID: [-1234] [2026-10-04 12:45:16,483]  INFO {AUDIT_LOG} - GET /api/am/publisher/apis/d5401805-1635-4547-a303-78e05ef20fc0/revisions?query=deployed%3Atrue user: admin@carbon.super app: lOKNtRmYnWO18JvYCYJANhTjS6sa
TID: [-1234] [2026-10-04 12:45:16,483]  INFO {AUDIT_LOG} - GET /api/am/publisher/apis/d5401805-1635-4547-a303-78e05ef20fc0/swagger user: admin@carbon.super app: lOKNtRmYnWO18JvYCYJANhTjS6sa
TID: [-1234] [2026-10-04 12:45:16,483]  INFO {AUDIT_LOG} - GET /api/am/publisher/me/organization-information user: admin@carbon.super app: lOKNtRmYnWO18JvYCYJANhTjS6sa
TID: [-1234] [2026-10-04 12:45:16,483]  INFO {AUDIT_LOG} - GET /api/am/publisher/apis/d5401805-1635-4547-a303-78e05ef20fc0/revisions user: admin@carbon.super app: lOKNtRmYnWO18JvYCYJANhTjS6sa
TID: [-1234] [2026-10-04 12:45:16,502]  INFO {AUDIT_LOG} - GET /api/am/publisher/apis/d5401805-1635-4547-a303-78e05ef20fc0/revisions?query=deployed%3Atrue user: admin@carbon.super app: lOKNtRmYnWO18JvYCYJANhTjS6sa
TID: [-1234] [2026-10-04 12:45:17,181]  INFO {AUDIT_LOG} - Initiator=w**************r Action=Get-User-Claim-Values Target=a***n Data={"Claims":{},"Profile":"default"} Outcome=Success
TID: [-1234] [2026-10-04 12:45:17,181]  INFO {AUDIT_LOG} - Initiator=w**************r Action=Get-User-Claim-Values Target=a***n Data={"Claims":{},"Profile":"default"} Outcome=Success
TID: [-1234] [2026-10-04 12:45:17,181]  INFO {AUDIT_LOG} - Initiator=w**************r Action=Get-User-Claim-Values Target=a***n Data={"Claims":{},"Profile":"default"} Outcome=Success
TID: [-1234] [2026-10-04 12:45:19,954]  INFO {AUDIT_LOG} - GET /api/am/publisher/apis/d5401805-1635-4547-a303-78e05ef20fc0/swagger user: admin@carbon.super app: lOKNtRmYnWO18JvYCYJANhTjS6sa
TID: [-1234] [2026-10-04 12:45:19,969]  INFO {AUDIT_LOG} - GET /api/am/publisher/endpoint-certificates?endpoint=http%3A%2F%2Fhost.docker.internal%3A8084 user: admin@carbon.super app: lOKNtRmYnWO18JvYCYJANhTjS6sa
TID: [-1234] [2026-10-04 12:45:20,988]  INFO {AUDIT_LOG} - GET /api/am/publisher/apis/d5401805-1635-4547-a303-78e05ef20fc0/swagger user: admin@carbon.super app: lOKNtRmYnWO18JvYCYJANhTjS6sa
TID: [-1234] [2026-10-04 12:45:21,614]  INFO {AUDIT_LOG} - Initiator=w**************r Action=Get-User-Claim-Values Target=a***n Data={"Claims":{},"Profile":"default"} Outcome=Success
TID: [-1234] [2026-10-04 12:45:21,614]  INFO {AUDIT_LOG} - Initiator=w**************r Action=Get-User-Claim-Values Target=a***n Data={"Claims":{},"Profile":"default"} Outcome=Success
TID: [-1234] [2026-10-04 12:45:21,614]  INFO {AUDIT_LOG} - Initiator=w**************r Action=Get-User-Claim-Values Target=a***n Data={"Claims":{},"Profile":"default"} Outcome=Success
TID: [] [2026-10-04 12:45:21,777]  INFO {AUDIT_LOG} - {"performedBy":"SYSTEM: carbon.super","action":"deployed","type":"API","info":"d5401805-1635-4547-a303-78e05ef20fc0"}
TID: [-1234] [2026-10-04 12:45:21,787]  INFO {AUDIT_LOG} - Initiator=w**************r Action=Get-User-Claim-Values Target=a***n Data={"Claims":{},"Profile":"default"} Outcome=Success
TID: [-1234] [2026-10-04 12:45:21,788]  INFO {AUDIT_LOG} - Initiator=w**************r Action=Get-User-Claim-Values Target=a***n Data={"Claims":{},"Profile":"default"} Outcome=Success
TID: [-1234] [2026-10-04 12:45:21,788]  INFO {AUDIT_LOG} - Initiator=w**************r Action=Get-User-Claim-Values Target=a***n Data={"Claims":{},"Profile":"default"} Outcome=Success
TID: [-1234] [2026-10-04 12:45:22,313]  INFO {AUDIT_LOG} - GET /api/am/publisher/settings user: admin@carbon.super app: lOKNtRmYnWO18JvYCYJANhTjS6sa
TID: [-1234] [2026-10-04 12:45:22,495]  INFO {AUDIT_LOG} - Initiator=w**************r Action=Get-User-Claim-Values Target=a***n Data={"Claims":{},"Profile":"default"} Outcome=Success
TID: [-1234] [2026-10-04 12:45:22,495]  INFO {AUDIT_LOG} - Initiator=w**************r Action=Get-User-Claim-Values Target=a***n Data={"Claims":{},"Profile":"default"} Outcome=Success
TID: [-1234] [2026-10-04 12:45:22,495]  INFO {AUDIT_LOG} - Initiator=w**************r Action=Get-User-Claim-Values Target=a***n Data={"Claims":{},"Profile":"default"} Outcome=Success
TID: [-1234] [2026-10-04 12:45:22,920]  INFO {AUDIT_LOG} - GET /api/am/publisher/apis/d5401805-1635-4547-a303-78e05ef20fc0/swagger user: admin@carbon.super app: lOKNtRmYnWO18JvYCYJANhTjS6sa
TID: [-1234] [2026-10-04 12:45:22,936]  INFO {AUDIT_LOG} - GET /api/am/publisher/endpoint-certificates?endpoint=http%3A%2F%2Fhost.docker.internal%3A8084 user: admin@carbon.super app: lOKNtRmYnWO18JvYCYJANhTjS6sa
TID: [-1234] [2026-10-04 12:45:25,750]  INFO {AUDIT_LOG} - GET /api/am/publisher/apis/d5401805-1635-4547-a303-78e05ef20fc0/swagger user: admin@carbon.super app: lOKNtRmYnWO18JvYCYJANhTjS6sa
TID: [-1234] [2026-10-04 12:45:25,750]  INFO {AUDIT_LOG} - GET /api/am/publisher/throttling-policies/api?limit=80 user: admin@carbon.super app: lOKNtRmYnWO18JvYCYJANhTjS6sa
TID: [-1234] [2026-10-04 12:45:25,750]  INFO {AUDIT_LOG} - GET /api/am/publisher/scopes?limit=2000&offset=0 user: admin@carbon.super app: lOKNtRmYnWO18JvYCYJANhTjS6sa
TID: [-1234] [2026-10-04 12:45:25,750]  INFO {AUDIT_LOG} - GET /api/am/publisher/apis/d5401805-1635-4547-a303-78e05ef20fc0/amznResourceNames user: admin@carbon.super app: lOKNtRmYnWO18JvYCYJANhTjS6sa
TID: [-1234] [2026-10-04 12:45:47,181]  INFO {AUDIT_LOG} - Initiator=w**************r Action=Get-User-Claim-Values Target=a***n Data={"Claims":{},"Profile":"default"} Outcome=Success
TID: [-1234] [2026-10-04 12:45:47,181]  INFO {AUDIT_LOG} - Initiator=w**************r Action=Get-User-Claim-Values Target=a***n Data={"Claims":{},"Profile":"default"} Outcome=Success
TID: [-1234] [2026-10-04 12:45:47,181]  INFO {AUDIT_LOG} - Initiator=w**************r Action=Get-User-Claim-Values Target=a***n Data={"Claims":{},"Profile":"default"} Outcome=Success
TID: [-1234] [2026-10-04 12:46:13,991]  INFO {AUDIT_LOG} - PUT /api/am/publisher/apis/d5401805-1635-4547-a303-78e05ef20fc0/swagger user: admin@carbon.super app: lOKNtRmYnWO18JvYCYJANhTjS6sa
TID: [] [2026-10-04 12:46:14,047]  INFO {AUDIT_LOG} - Initiator=w**************r Action=Get-User-Claim-Values Target=a***n Data={"Claims":{},"Profile":"default"} Outcome=Success
TID: [] [2026-10-04 12:46:14,047]  INFO {AUDIT_LOG} - Initiator=w**************r Action=Get-User-Claim-Values Target=a***n Data={"Claims":{},"Profile":"default"} Outcome=Success
TID: [] [2026-10-04 12:46:14,047]  INFO {AUDIT_LOG} - Initiator=w**************r Action=Get-User-Claim-Values Target=a***n Data={"Claims":{},"Profile":"default"} Outcome=Success
TID: [-1234] [2026-10-04 12:46:14,084]  INFO {AUDIT_LOG} - {"performedBy":"admin","action":"updated","type":"API","info":{"provider":"admin","name":"exemplo-cache-data","context":"/cache/0.1","version":"0.1"}}
TID: [-1234] [2026-10-04 12:46:14,116]  INFO {AUDIT_LOG} - GET /api/am/publisher/apis/d5401805-1635-4547-a303-78e05ef20fc0 user: admin@carbon.super app: lOKNtRmYnWO18JvYCYJANhTjS6sa
TID: [-1234] [2026-10-04 12:46:14,282]  INFO {AUDIT_LOG} - GET /api/am/publisher/apis/d5401805-1635-4547-a303-78e05ef20fc0/asyncapi user: admin@carbon.super app: lOKNtRmYnWO18JvYCYJANhTjS6sa
TID: [-1234] [2026-10-04 12:46:14,445]  INFO {AUDIT_LOG} - Initiator=w**************r Action=Get-User-Claim-Values Target=a***n Data={"Claims":{},"Profile":"default"} Outcome=Success
TID: [-1234] [2026-10-04 12:46:14,445]  INFO {AUDIT_LOG} - Initiator=w**************r Action=Get-User-Claim-Values Target=a***n Data={"Claims":{},"Profile":"default"} Outcome=Success
TID: [-1234] [2026-10-04 12:46:14,446]  INFO {AUDIT_LOG} - Initiator=w**************r Action=Get-User-Claim-Values Target=a***n Data={"Claims":{},"Profile":"default"} Outcome=Success
TID: [-1234] [2026-10-04 12:46:14,459]  INFO {AUDIT_LOG} - Initiator=w**************r Action=Get-User-Claim-Values Target=a***n Data={"Claims":{},"Profile":"default"} Outcome=Success
TID: [-1234] [2026-10-04 12:46:14,460]  INFO {AUDIT_LOG} - Initiator=w**************r Action=Get-User-Claim-Values Target=a***n Data={"Claims":{},"Profile":"default"} Outcome=Success
TID: [-1234] [2026-10-04 12:46:14,460]  INFO {AUDIT_LOG} - Initiator=w**************r Action=Get-User-Claim-Values Target=a***n Data={"Claims":{},"Profile":"default"} Outcome=Success
TID: [-1234] [2026-10-04 12:46:15,994]  INFO {AUDIT_LOG} - POST /api/am/publisher/apis/d5401805-1635-4547-a303-78e05ef20fc0/revisions user: admin@carbon.super app: lOKNtRmYnWO18JvYCYJANhTjS6sa
TID: [-1234] [2026-10-04 12:46:16,083]  INFO {AUDIT_LOG} - POST /api/am/publisher/apis/d5401805-1635-4547-a303-78e05ef20fc0/deploy-revision?revisionId=9d104846-9900-4a02-8b21-f36b97a56477 user: admin@carbon.super app: lOKNtRmYnWO18JvYCYJANhTjS6sa
TID: [-1234] [2026-10-04 12:46:16,239]  INFO {AUDIT_LOG} - GET /api/am/publisher/apis/d5401805-1635-4547-a303-78e05ef20fc0/revisions user: admin@carbon.super app: lOKNtRmYnWO18JvYCYJANhTjS6sa
TID: [-1234] [2026-10-04 12:46:16,239]  INFO {AUDIT_LOG} - GET /api/am/publisher/apis/d5401805-1635-4547-a303-78e05ef20fc0/revisions?query=deployed%3Atrue user: admin@carbon.super app: lOKNtRmYnWO18JvYCYJANhTjS6sa
TID: [-1234] [2026-10-04 12:46:16,462]  INFO {AUDIT_LOG} - Initiator=w**************r Action=Get-User-Claim-Values Target=a***n Data={"Claims":{},"Profile":"default"} Outcome=Success
TID: [-1234] [2026-10-04 12:46:16,462]  INFO {AUDIT_LOG} - Initiator=w**************r Action=Get-User-Claim-Values Target=a***n Data={"Claims":{},"Profile":"default"} Outcome=Success
TID: [-1234] [2026-10-04 12:46:16,462]  INFO {AUDIT_LOG} - Initiator=w**************r Action=Get-User-Claim-Values Target=a***n Data={"Claims":{},"Profile":"default"} Outcome=Success
TID: [-1234] [2026-10-04 12:46:17,180]  INFO {AUDIT_LOG} - Initiator=w**************r Action=Get-User-Claim-Values Target=a***n Data={"Claims":{},"Profile":"default"} Outcome=Success
TID: [-1234] [2026-10-04 12:46:17,180]  INFO {AUDIT_LOG} - Initiator=w**************r Action=Get-User-Claim-Values Target=a***n Data={"Claims":{},"Profile":"default"} Outcome=Success
TID: [-1234] [2026-10-04 12:46:17,180]  INFO {AUDIT_LOG} - Initiator=w**************r Action=Get-User-Claim-Values Target=a***n Data={"Claims":{},"Profile":"default"} Outcome=Success
TID: [-1234] [2026-10-04 12:46:19,383]  INFO {AUDIT_LOG} - GET /api/am/publisher/apis/d5401805-1635-4547-a303-78e05ef20fc0/revisions?query=deployed%3Atrue user: admin@carbon.super app: lOKNtRmYnWO18JvYCYJANhTjS6sa
TID: [-1234] [2026-10-04 12:46:21,477]  INFO {AUDIT_LOG} - Initiator=w**************r Action=Get-User-Claim-Values Target=a***n Data={"Claims":{},"Profile":"default"} Outcome=Success
TID: [-1234] [2026-10-04 12:46:21,478]  INFO {AUDIT_LOG} - Initiator=w**************r Action=Get-User-Claim-Values Target=a***n Data={"Claims":{},"Profile":"default"} Outcome=Success
TID: [-1234] [2026-10-04 12:46:21,478]  INFO {AUDIT_LOG} - Initiator=w**************r Action=Get-User-Claim-Values Target=a***n Data={"Claims":{},"Profile":"default"} Outcome=Success
TID: [] [2026-10-04 12:46:21,767]  INFO {AUDIT_LOG} - {"performedBy":"SYSTEM: carbon.super","action":"undeployed","type":"API","info":"d5401805-1635-4547-a303-78e05ef20fc0"}
TID: [] [2026-10-04 12:46:21,819]  INFO {AUDIT_LOG} - {"performedBy":"SYSTEM: carbon.super","action":"deployed","type":"API","info":"d5401805-1635-4547-a303-78e05ef20fc0"}
TID: [-1234] [2026-10-04 12:46:21,829]  INFO {AUDIT_LOG} - Initiator=w**************r Action=Get-User-Claim-Values Target=a***n Data={"Claims":{},"Profile":"default"} Outcome=Success
TID: [-1234] [2026-10-04 12:46:21,829]  INFO {AUDIT_LOG} - Initiator=w**************r Action=Get-User-Claim-Values Target=a***n Data={"Claims":{},"Profile":"default"} Outcome=Success
TID: [-1234] [2026-10-04 12:46:21,829]  INFO {AUDIT_LOG} - Initiator=w**************r Action=Get-User-Claim-Values Target=a***n Data={"Claims":{},"Profile":"default"} Outcome=Success
TID: [-1234] [2026-10-04 12:46:22,494]  INFO {AUDIT_LOG} - GET /api/am/publisher/apis/d5401805-1635-4547-a303-78e05ef20fc0/revisions?query=deployed%3Atrue user: admin@carbon.super app: lOKNtRmYnWO18JvYCYJANhTjS6sa
TID: [-1234] [2026-10-04 12:46:22,495]  INFO {AUDIT_LOG} - Initiator=w**************r Action=Get-User-Claim-Values Target=a***n Data={"Claims":{},"Profile":"default"} Outcome=Success
TID: [-1234] [2026-10-04 12:46:22,495]  INFO {AUDIT_LOG} - Initiator=w**************r Action=Get-User-Claim-Values Target=a***n Data={"Claims":{},"Profile":"default"} Outcome=Success
TID: [-1234] [2026-10-04 12:46:22,495]  INFO {AUDIT_LOG} - Initiator=w**************r Action=Get-User-Claim-Values Target=a***n Data={"Claims":{},"Profile":"default"} Outcome=Success
TID: [-1234] [2026-10-04 12:46:23,985]  INFO {AUDIT_LOG} - GET /api/am/publisher/apis/d5401805-1635-4547-a303-78e05ef20fc0/swagger user: admin@carbon.super app: lOKNtRmYnWO18JvYCYJANhTjS6sa
TID: [-1234] [2026-10-04 12:46:23,986]  INFO {AUDIT_LOG} - GET /api/am/publisher/scopes?limit=2000&offset=0 user: admin@carbon.super app: lOKNtRmYnWO18JvYCYJANhTjS6sa
TID: [-1234] [2026-10-04 12:46:23,986]  INFO {AUDIT_LOG} - GET /api/am/publisher/throttling-policies/api?limit=80 user: admin@carbon.super app: lOKNtRmYnWO18JvYCYJANhTjS6sa
TID: [-1234] [2026-10-04 12:46:23,986]  INFO {AUDIT_LOG} - GET /api/am/publisher/apis/d5401805-1635-4547-a303-78e05ef20fc0/amznResourceNames user: admin@carbon.super app: lOKNtRmYnWO18JvYCYJANhTjS6sa
TID: [-1234] [2026-10-04 12:46:36,746]  INFO {AUDIT_LOG} - GET /api/am/publisher/apis/d5401805-1635-4547-a303-78e05ef20fc0/deployments user: admin@carbon.super app: lOKNtRmYnWO18JvYCYJANhTjS6sa
TID: [-1234] [2026-10-04 12:46:36,746]  INFO {AUDIT_LOG} - POST /api/am/publisher/apis/d5401805-1635-4547-a303-78e05ef20fc0/generate-key user: admin@carbon.super app: lOKNtRmYnWO18JvYCYJANhTjS6sa
TID: [-1234] [2026-10-04 12:46:36,746]  INFO {AUDIT_LOG} - GET /api/am/publisher/apis/d5401805-1635-4547-a303-78e05ef20fc0/swagger user: admin@carbon.super app: lOKNtRmYnWO18JvYCYJANhTjS6sa
TID: [] [2026-10-04 12:46:41,362]  INFO {AUDIT_LOG} - Initiator=w**************r Action=Get-User-Claim-Values Target=a***n Data={"Claims":{},"Profile":"default"} Outcome=Success
TID: [] [2026-10-04 12:46:41,363]  INFO {AUDIT_LOG} - Initiator=w**************r Action=Get-User-Claim-Values Target=a***n Data={"Claims":{},"Profile":"default"} Outcome=Success
TID: [] [2026-10-04 12:46:41,363]  INFO {AUDIT_LOG} - Initiator=w**************r Action=Get-User-Claim-Values Target=a***n Data={"Claims":{},"Profile":"default"} Outcome=Success
TID: [-1234] [2026-10-04 12:46:47,183]  INFO {AUDIT_LOG} - Initiator=w**************r Action=Get-User-Claim-Values Target=a***n Data={"Claims":{},"Profile":"default"} Outcome=Success
TID: [-1234] [2026-10-04 12:46:47,183]  INFO {AUDIT_LOG} - Initiator=w**************r Action=Get-User-Claim-Values Target=a***n Data={"Claims":{},"Profile":"default"} Outcome=Success
TID: [-1234] [2026-10-04 12:46:47,183]  INFO {AUDIT_LOG} - Initiator=w**************r Action=Get-User-Claim-Values Target=a***n Data={"Claims":{},"Profile":"default"} Outcome=Success
TID: [-1234] [2026-10-04 12:46:59,606]  INFO {AUDIT_LOG} - GET /api/am/publisher/settings user: admin@carbon.super app: lOKNtRmYnWO18JvYCYJANhTjS6sa
TID: [-1234] [2026-10-04 12:47:00,519]  INFO {AUDIT_LOG} - GET /api/am/publisher/apis/d5401805-1635-4547-a303-78e05ef20fc0/swagger user: admin@carbon.super app: lOKNtRmYnWO18JvYCYJANhTjS6sa
TID: [-1234] [2026-10-04 12:47:00,520]  INFO {AUDIT_LOG} - GET /api/am/publisher/throttling-policies/api?limit=80 user: admin@carbon.super app: lOKNtRmYnWO18JvYCYJANhTjS6sa
TID: [-1234] [2026-10-04 12:47:00,520]  INFO {AUDIT_LOG} - GET /api/am/publisher/apis/d5401805-1635-4547-a303-78e05ef20fc0/amznResourceNames user: admin@carbon.super app: lOKNtRmYnWO18JvYCYJANhTjS6sa
TID: [-1234] [2026-10-04 12:47:00,520]  INFO {AUDIT_LOG} - GET /api/am/publisher/scopes?limit=2000&offset=0 user: admin@carbon.super app: lOKNtRmYnWO18JvYCYJANhTjS6sa
TID: [-1234] [2026-10-04 12:47:00,973]  INFO {AUDIT_LOG} - GET /api/am/publisher/apis/d5401805-1635-4547-a303-78e05ef20fc0/swagger user: admin@carbon.super app: lOKNtRmYnWO18JvYCYJANhTjS6sa
TID: [-1234] [2026-10-04 12:47:01,809]  INFO {AUDIT_LOG} - GET /api/am/publisher/apis/d5401805-1635-4547-a303-78e05ef20fc0/amznResourceNames user: admin@carbon.super app: lOKNtRmYnWO18JvYCYJANhTjS6sa
TID: [-1234] [2026-10-04 12:47:01,809]  INFO {AUDIT_LOG} - GET /api/am/publisher/apis/d5401805-1635-4547-a303-78e05ef20fc0/swagger user: admin@carbon.super app: lOKNtRmYnWO18JvYCYJANhTjS6sa
TID: [-1234] [2026-10-04 12:47:01,809]  INFO {AUDIT_LOG} - GET /api/am/publisher/throttling-policies/api?limit=80 user: admin@carbon.super app: lOKNtRmYnWO18JvYCYJANhTjS6sa
TID: [-1234] [2026-10-04 12:47:01,809]  INFO {AUDIT_LOG} - GET /api/am/publisher/scopes?limit=2000&offset=0 user: admin@carbon.super app: lOKNtRmYnWO18JvYCYJANhTjS6sa
TID: [-1234] [2026-10-04 12:47:08,849]  INFO {AUDIT_LOG} - GET /api/am/publisher/apis/d5401805-1635-4547-a303-78e05ef20fc0/swagger user: admin@carbon.super app: lOKNtRmYnWO18JvYCYJANhTjS6sa
TID: [-1234] [2026-10-04 12:47:08,865]  INFO {AUDIT_LOG} - GET /api/am/publisher/endpoint-certificates?endpoint=http%3A%2F%2Fhost.docker.internal%3A8084 user: admin@carbon.super app: lOKNtRmYnWO18JvYCYJANhTjS6sa
TID: [-1234] [2026-10-04 12:47:09,480]  INFO {AUDIT_LOG} - GET /api/am/publisher/apis/d5401805-1635-4547-a303-78e05ef20fc0/swagger user: admin@carbon.super app: lOKNtRmYnWO18JvYCYJANhTjS6sa
TID: [-1234] [2026-10-04 12:47:17,182]  INFO {AUDIT_LOG} - Initiator=w**************r Action=Get-User-Claim-Values Target=a***n Data={"Claims":{},"Profile":"default"} Outcome=Success
TID: [-1234] [2026-10-04 12:47:17,182]  INFO {AUDIT_LOG} - Initiator=w**************r Action=Get-User-Claim-Values Target=a***n Data={"Claims":{},"Profile":"default"} Outcome=Success
TID: [-1234] [2026-10-04 12:47:17,182]  INFO {AUDIT_LOG} - Initiator=w**************r Action=Get-User-Claim-Values Target=a***n Data={"Claims":{},"Profile":"default"} Outcome=Success
TID: [-1234] [2026-10-04 12:47:26,178]  INFO {AUDIT_LOG} - GET /api/am/publisher/linter-custom-rules?apiId=d5401805-1635-4547-a303-78e05ef20fc0 user: admin@carbon.super app: lOKNtRmYnWO18JvYCYJANhTjS6sa
TID: [-1234] [2026-10-04 12:47:40,334]  INFO {AUDIT_LOG} - GET /api/am/publisher/linter-custom-rules?apiId=d5401805-1635-4547-a303-78e05ef20fc0 user: admin@carbon.super app: lOKNtRmYnWO18JvYCYJANhTjS6sa
TID: [-1234] [2026-10-04 12:47:40,819]  INFO {AUDIT_LOG} - GET /api/am/publisher/linter-custom-rules?apiId=d5401805-1635-4547-a303-78e05ef20fc0 user: admin@carbon.super app: lOKNtRmYnWO18JvYCYJANhTjS6sa
TID: [-1234] [2026-10-04 12:47:40,863]  INFO {AUDIT_LOG} - GET /api/am/publisher/linter-custom-rules?apiId=d5401805-1635-4547-a303-78e05ef20fc0 user: admin@carbon.super app: lOKNtRmYnWO18JvYCYJANhTjS6sa
TID: [-1234] [2026-10-04 12:47:40,907]  INFO {AUDIT_LOG} - GET /api/am/publisher/linter-custom-rules?apiId=d5401805-1635-4547-a303-78e05ef20fc0 user: admin@carbon.super app: lOKNtRmYnWO18JvYCYJANhTjS6sa
TID: [-1234] [2026-10-04 12:47:40,956]  INFO {AUDIT_LOG} - GET /api/am/publisher/linter-custom-rules?apiId=d5401805-1635-4547-a303-78e05ef20fc0 user: admin@carbon.super app: lOKNtRmYnWO18JvYCYJANhTjS6sa
TID: [-1234] [2026-10-04 12:47:40,996]  INFO {AUDIT_LOG} - GET /api/am/publisher/linter-custom-rules?apiId=d5401805-1635-4547-a303-78e05ef20fc0 user: admin@carbon.super app: lOKNtRmYnWO18JvYCYJANhTjS6sa
TID: [-1234] [2026-10-04 12:47:41,037]  INFO {AUDIT_LOG} - GET /api/am/publisher/linter-custom-rules?apiId=d5401805-1635-4547-a303-78e05ef20fc0 user: admin@carbon.super app: lOKNtRmYnWO18JvYCYJANhTjS6sa
TID: [-1234] [2026-10-04 12:47:41,082]  INFO {AUDIT_LOG} - GET /api/am/publisher/linter-custom-rules?apiId=d5401805-1635-4547-a303-78e05ef20fc0 user: admin@carbon.super app: lOKNtRmYnWO18JvYCYJANhTjS6sa
TID: [-1234] [2026-10-04 12:47:41,120]  INFO {AUDIT_LOG} - GET /api/am/publisher/linter-custom-rules?apiId=d5401805-1635-4547-a303-78e05ef20fc0 user: admin@carbon.super app: lOKNtRmYnWO18JvYCYJANhTjS6sa
TID: [-1234] [2026-10-04 12:47:41,160]  INFO {AUDIT_LOG} - GET /api/am/publisher/linter-custom-rules?apiId=d5401805-1635-4547-a303-78e05ef20fc0 user: admin@carbon.super app: lOKNtRmYnWO18JvYCYJANhTjS6sa
TID: [-1234] [2026-10-04 12:47:41,196]  INFO {AUDIT_LOG} - GET /api/am/publisher/linter-custom-rules?apiId=d5401805-1635-4547-a303-78e05ef20fc0 user: admin@carbon.super app: lOKNtRmYnWO18JvYCYJANhTjS6sa
TID: [-1234] [2026-10-04 12:47:41,221]  INFO {AUDIT_LOG} - POST /api/am/publisher/apis/validate-openapi user: admin@carbon.super app: lOKNtRmYnWO18JvYCYJANhTjS6sa
TID: [-1234] [2026-10-04 12:47:41,273]  INFO {AUDIT_LOG} - GET /api/am/publisher/linter-custom-rules?apiId=d5401805-1635-4547-a303-78e05ef20fc0 user: admin@carbon.super app: lOKNtRmYnWO18JvYCYJANhTjS6sa
TID: [-1234] [2026-10-04 12:47:41,335]  INFO {AUDIT_LOG} - POST /api/am/publisher/apis/validate-openapi user: admin@carbon.super app: lOKNtRmYnWO18JvYCYJANhTjS6sa
TID: [-1234] [2026-10-04 12:47:41,369]  INFO {AUDIT_LOG} - POST /api/am/publisher/apis/validate-openapi user: admin@carbon.super app: lOKNtRmYnWO18JvYCYJANhTjS6sa
TID: [-1234] [2026-10-04 12:47:41,411]  INFO {AUDIT_LOG} - GET /api/am/publisher/linter-custom-rules?apiId=d5401805-1635-4547-a303-78e05ef20fc0 user: admin@carbon.super app: lOKNtRmYnWO18JvYCYJANhTjS6sa
TID: [-1234] [2026-10-04 12:47:41,457]  INFO {AUDIT_LOG} - POST /api/am/publisher/apis/validate-openapi user: admin@carbon.super app: lOKNtRmYnWO18JvYCYJANhTjS6sa
TID: [-1234] [2026-10-04 12:47:41,480]  INFO {AUDIT_LOG} - POST /api/am/publisher/apis/validate-openapi user: admin@carbon.super app: lOKNtRmYnWO18JvYCYJANhTjS6sa
TID: [-1234] [2026-10-04 12:47:41,515]  INFO {AUDIT_LOG} - GET /api/am/publisher/linter-custom-rules?apiId=d5401805-1635-4547-a303-78e05ef20fc0 user: admin@carbon.super app: lOKNtRmYnWO18JvYCYJANhTjS6sa
TID: [-1234] [2026-10-04 12:47:41,545]  INFO {AUDIT_LOG} - POST /api/am/publisher/apis/validate-openapi user: admin@carbon.super app: lOKNtRmYnWO18JvYCYJANhTjS6sa
TID: [-1234] [2026-10-04 12:47:41,559]  INFO {AUDIT_LOG} - POST /api/am/publisher/apis/validate-openapi user: admin@carbon.super app: lOKNtRmYnWO18JvYCYJANhTjS6sa
TID: [-1234] [2026-10-04 12:47:41,589]  INFO {AUDIT_LOG} - POST /api/am/publisher/apis/validate-openapi user: admin@carbon.super app: lOKNtRmYnWO18JvYCYJANhTjS6sa
TID: [-1234] [2026-10-04 12:47:41,613]  INFO {AUDIT_LOG} - POST /api/am/publisher/apis/validate-openapi user: admin@carbon.super app: lOKNtRmYnWO18JvYCYJANhTjS6sa
TID: [-1234] [2026-10-04 12:47:41,650]  INFO {AUDIT_LOG} - GET /api/am/publisher/linter-custom-rules?apiId=d5401805-1635-4547-a303-78e05ef20fc0 user: admin@carbon.super app: lOKNtRmYnWO18JvYCYJANhTjS6sa
TID: [-1234] [2026-10-04 12:47:41,676]  INFO {AUDIT_LOG} - POST /api/am/publisher/apis/validate-openapi user: admin@carbon.super app: lOKNtRmYnWO18JvYCYJANhTjS6sa
TID: [-1234] [2026-10-04 12:47:41,695]  INFO {AUDIT_LOG} - POST /api/am/publisher/apis/validate-openapi user: admin@carbon.super app: lOKNtRmYnWO18JvYCYJANhTjS6sa
TID: [-1234] [2026-10-04 12:47:41,739]  INFO {AUDIT_LOG} - POST /api/am/publisher/apis/validate-openapi user: admin@carbon.super app: lOKNtRmYnWO18JvYCYJANhTjS6sa
TID: [-1234] [2026-10-04 12:47:41,775]  INFO {AUDIT_LOG} - GET /api/am/publisher/linter-custom-rules?apiId=d5401805-1635-4547-a303-78e05ef20fc0 user: admin@carbon.super app: lOKNtRmYnWO18JvYCYJANhTjS6sa
TID: [-1234] [2026-10-04 12:47:41,894]  INFO {AUDIT_LOG} - POST /api/am/publisher/apis/validate-openapi user: admin@carbon.super app: lOKNtRmYnWO18JvYCYJANhTjS6sa
TID: [-1234] [2026-10-04 12:47:41,939]  INFO {AUDIT_LOG} - GET /api/am/publisher/linter-custom-rules?apiId=d5401805-1635-4547-a303-78e05ef20fc0 user: admin@carbon.super app: lOKNtRmYnWO18JvYCYJANhTjS6sa
TID: [-1234] [2026-10-04 12:47:41,996]  INFO {AUDIT_LOG} - POST /api/am/publisher/apis/validate-openapi user: admin@carbon.super app: lOKNtRmYnWO18JvYCYJANhTjS6sa
TID: [-1234] [2026-10-04 12:47:42,080]  INFO {AUDIT_LOG} - GET /api/am/publisher/linter-custom-rules?apiId=d5401805-1635-4547-a303-78e05ef20fc0 user: admin@carbon.super app: lOKNtRmYnWO18JvYCYJANhTjS6sa
TID: [-1234] [2026-10-04 12:47:42,130]  INFO {AUDIT_LOG} - POST /api/am/publisher/apis/validate-openapi user: admin@carbon.super app: lOKNtRmYnWO18JvYCYJANhTjS6sa
TID: [-1234] [2026-10-04 12:47:42,231]  INFO {AUDIT_LOG} - GET /api/am/publisher/linter-custom-rules?apiId=d5401805-1635-4547-a303-78e05ef20fc0 user: admin@carbon.super app: lOKNtRmYnWO18JvYCYJANhTjS6sa
TID: [-1234] [2026-10-04 12:47:42,261]  INFO {AUDIT_LOG} - POST /api/am/publisher/apis/validate-openapi user: admin@carbon.super app: lOKNtRmYnWO18JvYCYJANhTjS6sa
TID: [-1234] [2026-10-04 12:47:42,375]  INFO {AUDIT_LOG} - GET /api/am/publisher/linter-custom-rules?apiId=d5401805-1635-4547-a303-78e05ef20fc0 user: admin@carbon.super app: lOKNtRmYnWO18JvYCYJANhTjS6sa
TID: [-1234] [2026-10-04 12:47:42,441]  INFO {AUDIT_LOG} - POST /api/am/publisher/apis/validate-openapi user: admin@carbon.super app: lOKNtRmYnWO18JvYCYJANhTjS6sa
TID: [-1234] [2026-10-04 12:47:42,565]  INFO {AUDIT_LOG} - GET /api/am/publisher/linter-custom-rules?apiId=d5401805-1635-4547-a303-78e05ef20fc0 user: admin@carbon.super app: lOKNtRmYnWO18JvYCYJANhTjS6sa
TID: [-1234] [2026-10-04 12:47:42,586]  INFO {AUDIT_LOG} - POST /api/am/publisher/apis/validate-openapi user: admin@carbon.super app: lOKNtRmYnWO18JvYCYJANhTjS6sa
TID: [-1234] [2026-10-04 12:47:42,732]  INFO {AUDIT_LOG} - POST /api/am/publisher/apis/validate-openapi user: admin@carbon.super app: lOKNtRmYnWO18JvYCYJANhTjS6sa
TID: [-1234] [2026-10-04 12:47:42,862]  INFO {AUDIT_LOG} - POST /api/am/publisher/apis/validate-openapi user: admin@carbon.super app: lOKNtRmYnWO18JvYCYJANhTjS6sa
TID: [-1234] [2026-10-04 12:47:42,983]  INFO {AUDIT_LOG} - GET /api/am/publisher/linter-custom-rules?apiId=d5401805-1635-4547-a303-78e05ef20fc0 user: admin@carbon.super app: lOKNtRmYnWO18JvYCYJANhTjS6sa
TID: [-1234] [2026-10-04 12:47:43,066]  INFO {AUDIT_LOG} - POST /api/am/publisher/apis/validate-openapi user: admin@carbon.super app: lOKNtRmYnWO18JvYCYJANhTjS6sa
TID: [-1234] [2026-10-04 12:47:43,469]  INFO {AUDIT_LOG} - POST /api/am/publisher/apis/validate-openapi user: admin@carbon.super app: lOKNtRmYnWO18JvYCYJANhTjS6sa
TID: [-1234] [2026-10-04 12:47:47,181]  INFO {AUDIT_LOG} - Initiator=w**************r Action=Get-User-Claim-Values Target=a***n Data={"Claims":{},"Profile":"default"} Outcome=Success
TID: [-1234] [2026-10-04 12:47:47,182]  INFO {AUDIT_LOG} - Initiator=w**************r Action=Get-User-Claim-Values Target=a***n Data={"Claims":{},"Profile":"default"} Outcome=Success
TID: [-1234] [2026-10-04 12:47:47,182]  INFO {AUDIT_LOG} - Initiator=w**************r Action=Get-User-Claim-Values Target=a***n Data={"Claims":{},"Profile":"default"} Outcome=Success
TID: [-1234] [2026-10-04 12:47:50,361]  INFO {AUDIT_LOG} - POST /api/am/publisher/apis/validate-openapi user: admin@carbon.super app: lOKNtRmYnWO18JvYCYJANhTjS6sa
TID: [-1234] [2026-10-04 12:47:50,396]  INFO {AUDIT_LOG} - GET /api/am/publisher/apis/d5401805-1635-4547-a303-78e05ef20fc0/asyncapi user: admin@carbon.super app: lOKNtRmYnWO18JvYCYJANhTjS6sa
TID: [-1234] [2026-10-04 12:47:50,493]  INFO {AUDIT_LOG} - PUT /api/am/publisher/apis/d5401805-1635-4547-a303-78e05ef20fc0/swagger user: admin@carbon.super app: lOKNtRmYnWO18JvYCYJANhTjS6sa
TID: [] [2026-10-04 12:47:50,535]  INFO {AUDIT_LOG} - Initiator=w**************r Action=Get-User-Claim-Values Target=a***n Data={"Claims":{},"Profile":"default"} Outcome=Success
TID: [] [2026-10-04 12:47:50,536]  INFO {AUDIT_LOG} - Initiator=w**************r Action=Get-User-Claim-Values Target=a***n Data={"Claims":{},"Profile":"default"} Outcome=Success
TID: [] [2026-10-04 12:47:50,536]  INFO {AUDIT_LOG} - Initiator=w**************r Action=Get-User-Claim-Values Target=a***n Data={"Claims":{},"Profile":"default"} Outcome=Success
TID: [-1234] [2026-10-04 12:47:50,567]  INFO {AUDIT_LOG} - {"performedBy":"admin","action":"updated","type":"API","info":{"provider":"admin","name":"exemplo-cache-data","context":"/cache/0.1","version":"0.1"}}
TID: [-1234] [2026-10-04 12:47:50,597]  INFO {AUDIT_LOG} - GET /api/am/publisher/apis/d5401805-1635-4547-a303-78e05ef20fc0 user: admin@carbon.super app: lOKNtRmYnWO18JvYCYJANhTjS6sa
TID: [-1234] [2026-10-04 12:47:51,532]  INFO {AUDIT_LOG} - Initiator=w**************r Action=Get-User-Claim-Values Target=a***n Data={"Claims":{},"Profile":"default"} Outcome=Success
TID: [-1234] [2026-10-04 12:47:51,532]  INFO {AUDIT_LOG} - Initiator=w**************r Action=Get-User-Claim-Values Target=a***n Data={"Claims":{},"Profile":"default"} Outcome=Success
TID: [-1234] [2026-10-04 12:47:51,532]  INFO {AUDIT_LOG} - Initiator=w**************r Action=Get-User-Claim-Values Target=a***n Data={"Claims":{},"Profile":"default"} Outcome=Success
TID: [-1234] [2026-10-04 12:47:51,548]  INFO {AUDIT_LOG} - Initiator=w**************r Action=Get-User-Claim-Values Target=a***n Data={"Claims":{},"Profile":"default"} Outcome=Success
TID: [-1234] [2026-10-04 12:47:51,548]  INFO {AUDIT_LOG} - Initiator=w**************r Action=Get-User-Claim-Values Target=a***n Data={"Claims":{},"Profile":"default"} Outcome=Success
TID: [-1234] [2026-10-04 12:47:51,548]  INFO {AUDIT_LOG} - Initiator=w**************r Action=Get-User-Claim-Values Target=a***n Data={"Claims":{},"Profile":"default"} Outcome=Success
TID: [-1234] [2026-10-04 12:47:51,829]  INFO {AUDIT_LOG} - POST /api/am/publisher/apis/d5401805-1635-4547-a303-78e05ef20fc0/revisions user: admin@carbon.super app: lOKNtRmYnWO18JvYCYJANhTjS6sa
TID: [-1234] [2026-10-04 12:47:51,915]  INFO {AUDIT_LOG} - POST /api/am/publisher/apis/d5401805-1635-4547-a303-78e05ef20fc0/deploy-revision?revisionId=fa084246-144e-4ad2-9fe5-12ee7bd192de user: admin@carbon.super app: lOKNtRmYnWO18JvYCYJANhTjS6sa
TID: [] [2026-10-04 12:47:51,936]  INFO {AUDIT_LOG} - Initiator=w**************r Action=Get-User-Claim-Values Target=a***n Data={"Claims":{},"Profile":"default"} Outcome=Success
TID: [] [2026-10-04 12:47:51,936]  INFO {AUDIT_LOG} - Initiator=w**************r Action=Get-User-Claim-Values Target=a***n Data={"Claims":{},"Profile":"default"} Outcome=Success
TID: [] [2026-10-04 12:47:51,936]  INFO {AUDIT_LOG} - Initiator=w**************r Action=Get-User-Claim-Values Target=a***n Data={"Claims":{},"Profile":"default"} Outcome=Success
TID: [-1234] [2026-10-04 12:47:52,074]  INFO {AUDIT_LOG} - GET /api/am/publisher/apis/d5401805-1635-4547-a303-78e05ef20fc0/revisions?query=deployed%3Atrue user: admin@carbon.super app: lOKNtRmYnWO18JvYCYJANhTjS6sa
TID: [-1234] [2026-10-04 12:47:52,074]  INFO {AUDIT_LOG} - GET /api/am/publisher/apis/d5401805-1635-4547-a303-78e05ef20fc0/revisions user: admin@carbon.super app: lOKNtRmYnWO18JvYCYJANhTjS6sa
TID: [-1234] [2026-10-04 12:47:52,539]  INFO {AUDIT_LOG} - Initiator=w**************r Action=Get-User-Claim-Values Target=a***n Data={"Claims":{},"Profile":"default"} Outcome=Success
TID: [-1234] [2026-10-04 12:47:52,539]  INFO {AUDIT_LOG} - Initiator=w**************r Action=Get-User-Claim-Values Target=a***n Data={"Claims":{},"Profile":"default"} Outcome=Success
TID: [-1234] [2026-10-04 12:47:52,539]  INFO {AUDIT_LOG} - Initiator=w**************r Action=Get-User-Claim-Values Target=a***n Data={"Claims":{},"Profile":"default"} Outcome=Success
TID: [-1234] [2026-10-04 12:47:53,156]  INFO {AUDIT_LOG} - GET /api/am/publisher/apis/d5401805-1635-4547-a303-78e05ef20fc0/swagger user: admin@carbon.super app: lOKNtRmYnWO18JvYCYJANhTjS6sa
TID: [-1234] [2026-10-04 12:47:53,769]  INFO {AUDIT_LOG} - GET /api/am/publisher/apis/d5401805-1635-4547-a303-78e05ef20fc0/swagger user: admin@carbon.super app: lOKNtRmYnWO18JvYCYJANhTjS6sa
TID: [-1234] [2026-10-04 12:47:53,788]  INFO {AUDIT_LOG} - GET /api/am/publisher/endpoint-certificates?endpoint=http%3A%2F%2Fhost.docker.internal%3A8084 user: admin@carbon.super app: lOKNtRmYnWO18JvYCYJANhTjS6sa
TID: [-1234] [2026-10-04 12:47:55,992]  INFO {AUDIT_LOG} - GET /api/am/publisher/apis/d5401805-1635-4547-a303-78e05ef20fc0/swagger user: admin@carbon.super app: lOKNtRmYnWO18JvYCYJANhTjS6sa
TID: [-1234] [2026-10-04 12:47:55,992]  INFO {AUDIT_LOG} - POST /api/am/publisher/apis/d5401805-1635-4547-a303-78e05ef20fc0/generate-key user: admin@carbon.super app: lOKNtRmYnWO18JvYCYJANhTjS6sa
TID: [-1234] [2026-10-04 12:47:55,992]  INFO {AUDIT_LOG} - GET /api/am/publisher/apis/d5401805-1635-4547-a303-78e05ef20fc0/deployments user: admin@carbon.super app: lOKNtRmYnWO18JvYCYJANhTjS6sa
TID: [-1234] [2026-10-04 12:47:57,555]  INFO {AUDIT_LOG} - Initiator=w**************r Action=Get-User-Claim-Values Target=a***n Data={"Claims":{},"Profile":"default"} Outcome=Success
TID: [-1234] [2026-10-04 12:47:57,555]  INFO {AUDIT_LOG} - Initiator=w**************r Action=Get-User-Claim-Values Target=a***n Data={"Claims":{},"Profile":"default"} Outcome=Success
TID: [-1234] [2026-10-04 12:47:57,555]  INFO {AUDIT_LOG} - Initiator=w**************r Action=Get-User-Claim-Values Target=a***n Data={"Claims":{},"Profile":"default"} Outcome=Success
TID: [] [2026-10-04 12:47:57,628]  INFO {AUDIT_LOG} - {"performedBy":"SYSTEM: carbon.super","action":"undeployed","type":"API","info":"d5401805-1635-4547-a303-78e05ef20fc0"}
TID: [] [2026-10-04 12:47:57,658]  INFO {AUDIT_LOG} - {"performedBy":"SYSTEM: carbon.super","action":"deployed","type":"API","info":"d5401805-1635-4547-a303-78e05ef20fc0"}
TID: [-1234] [2026-10-04 12:47:57,667]  INFO {AUDIT_LOG} - Initiator=w**************r Action=Get-User-Claim-Values Target=a***n Data={"Claims":{},"Profile":"default"} Outcome=Success
TID: [-1234] [2026-10-04 12:47:57,667]  INFO {AUDIT_LOG} - Initiator=w**************r Action=Get-User-Claim-Values Target=a***n Data={"Claims":{},"Profile":"default"} Outcome=Success
TID: [-1234] [2026-10-04 12:47:57,667]  INFO {AUDIT_LOG} - Initiator=w**************r Action=Get-User-Claim-Values Target=a***n Data={"Claims":{},"Profile":"default"} Outcome=Success
TID: [-1234] [2026-10-04 12:47:58,493]  INFO {AUDIT_LOG} - Initiator=w**************r Action=Get-User-Claim-Values Target=a***n Data={"Claims":{},"Profile":"default"} Outcome=Success
TID: [-1234] [2026-10-04 12:47:58,493]  INFO {AUDIT_LOG} - Initiator=w**************r Action=Get-User-Claim-Values Target=a***n Data={"Claims":{},"Profile":"default"} Outcome=Success
TID: [-1234] [2026-10-04 12:47:58,494]  INFO {AUDIT_LOG} - Initiator=w**************r Action=Get-User-Claim-Values Target=a***n Data={"Claims":{},"Profile":"default"} Outcome=Success
TID: [-1234] [2026-10-04 12:48:17,180]  INFO {AUDIT_LOG} - Initiator=w**************r Action=Get-User-Claim-Values Target=a***n Data={"Claims":{},"Profile":"default"} Outcome=Success
TID: [-1234] [2026-10-04 12:48:17,181]  INFO {AUDIT_LOG} - Initiator=w**************r Action=Get-User-Claim-Values Target=a***n Data={"Claims":{},"Profile":"default"} Outcome=Success
TID: [-1234] [2026-10-04 12:48:17,181]  INFO {AUDIT_LOG} - Initiator=w**************r Action=Get-User-Claim-Values Target=a***n Data={"Claims":{},"Profile":"default"} Outcome=Success
TID: [-1234] [2026-10-04 12:48:47,180]  INFO {AUDIT_LOG} - Initiator=w**************r Action=Get-User-Claim-Values Target=a***n Data={"Claims":{},"Profile":"default"} Outcome=Success
TID: [-1234] [2026-10-04 12:48:47,180]  INFO {AUDIT_LOG} - Initiator=w**************r Action=Get-User-Claim-Values Target=a***n Data={"Claims":{},"Profile":"default"} Outcome=Success
TID: [-1234] [2026-10-04 12:48:47,180]  INFO {AUDIT_LOG} - Initiator=w**************r Action=Get-User-Claim-Values Target=a***n Data={"Claims":{},"Profile":"default"} Outcome=Success
TID: [-1234] [2026-10-04 12:49:11,528]  INFO {AUDIT_LOG} - GET /api/am/publisher/apis/d5401805-1635-4547-a303-78e05ef20fc0/swagger user: admin@carbon.super app: lOKNtRmYnWO18JvYCYJANhTjS6sa
TID: [-1234] [2026-10-04 12:49:11,528]  INFO {AUDIT_LOG} - GET /api/am/publisher/apis/d5401805-1635-4547-a303-78e05ef20fc0/amznResourceNames user: admin@carbon.super app: lOKNtRmYnWO18JvYCYJANhTjS6sa
TID: [-1234] [2026-10-04 12:49:11,534]  INFO {AUDIT_LOG} - GET /api/am/publisher/throttling-policies/api?limit=80 user: admin@carbon.super app: lOKNtRmYnWO18JvYCYJANhTjS6sa
TID: [-1234] [2026-10-04 12:49:11,534]  INFO {AUDIT_LOG} - GET /api/am/publisher/scopes?limit=2000&offset=0 user: admin@carbon.super app: lOKNtRmYnWO18JvYCYJANhTjS6sa
TID: [-1234] [2026-10-04 12:49:17,182]  INFO {AUDIT_LOG} - Initiator=w**************r Action=Get-User-Claim-Values Target=a***n Data={"Claims":{},"Profile":"default"} Outcome=Success
TID: [-1234] [2026-10-04 12:49:17,182]  INFO {AUDIT_LOG} - Initiator=w**************r Action=Get-User-Claim-Values Target=a***n Data={"Claims":{},"Profile":"default"} Outcome=Success
TID: [-1234] [2026-10-04 12:49:17,182]  INFO {AUDIT_LOG} - Initiator=w**************r Action=Get-User-Claim-Values Target=a***n Data={"Claims":{},"Profile":"default"} Outcome=Success
TID: [-1234] [2026-10-04 12:49:47,181]  INFO {AUDIT_LOG} - Initiator=w**************r Action=Get-User-Claim-Values Target=a***n Data={"Claims":{},"Profile":"default"} Outcome=Success
TID: [-1234] [2026-10-04 12:49:47,181]  INFO {AUDIT_LOG} - Initiator=w**************r Action=Get-User-Claim-Values Target=a***n Data={"Claims":{},"Profile":"default"} Outcome=Success
TID: [-1234] [2026-10-04 12:49:47,181]  INFO {AUDIT_LOG} - Initiator=w**************r Action=Get-User-Claim-Values Target=a***n Data={"Claims":{},"Profile":"default"} Outcome=Success
TID: [-1234] [2026-10-04 12:50:17,181]  INFO {AUDIT_LOG} - Initiator=w**************r Action=Get-User-Claim-Values Target=a***n Data={"Claims":{},"Profile":"default"} Outcome=Success
TID: [-1234] [2026-10-04 12:50:17,181]  INFO {AUDIT_LOG} - Initiator=w**************r Action=Get-User-Claim-Values Target=a***n Data={"Claims":{},"Profile":"default"} Outcome=Success
TID: [-1234] [2026-10-04 12:50:17,181]  INFO {AUDIT_LOG} - Initiator=w**************r Action=Get-User-Claim-Values Target=a***n Data={"Claims":{},"Profile":"default"} Outcome=Success
TID: [-1234] [2026-10-04 12:50:47,180]  INFO {AUDIT_LOG} - Initiator=w**************r Action=Get-User-Claim-Values Target=a***n Data={"Claims":{},"Profile":"default"} Outcome=Success
TID: [-1234] [2026-10-04 12:50:47,181]  INFO {AUDIT_LOG} - Initiator=w**************r Action=Get-User-Claim-Values Target=a***n Data={"Claims":{},"Profile":"default"} Outcome=Success
TID: [-1234] [2026-10-04 12:50:47,181]  INFO {AUDIT_LOG} - Initiator=w**************r Action=Get-User-Claim-Values Target=a***n Data={"Claims":{},"Profile":"default"} Outcome=Success
TID: [-1234] [2026-10-04 12:51:17,186]  INFO {AUDIT_LOG} - Initiator=w**************r Action=Get-User-Claim-Values Target=a***n Data={"Claims":{},"Profile":"default"} Outcome=Success
TID: [-1234] [2026-10-04 12:51:17,186]  INFO {AUDIT_LOG} - Initiator=w**************r Action=Get-User-Claim-Values Target=a***n Data={"Claims":{},"Profile":"default"} Outcome=Success
TID: [-1234] [2026-10-04 12:51:17,186]  INFO {AUDIT_LOG} - Initiator=w**************r Action=Get-User-Claim-Values Target=a***n Data={"Claims":{},"Profile":"default"} Outcome=Success
TID: [-1234] [2026-10-04 12:51:47,180]  INFO {AUDIT_LOG} - Initiator=w**************r Action=Get-User-Claim-Values Target=a***n Data={"Claims":{},"Profile":"default"} Outcome=Success
TID: [-1234] [2026-10-04 12:51:47,181]  INFO {AUDIT_LOG} - Initiator=w**************r Action=Get-User-Claim-Values Target=a***n Data={"Claims":{},"Profile":"default"} Outcome=Success
TID: [-1234] [2026-10-04 12:51:47,181]  INFO {AUDIT_LOG} - Initiator=w**************r Action=Get-User-Claim-Values Target=a***n Data={"Claims":{},"Profile":"default"} Outcome=Success
TID: [-1234] [2026-10-04 12:52:17,180]  INFO {AUDIT_LOG} - Initiator=w**************r Action=Get-User-Claim-Values Target=a***n Data={"Claims":{},"Profile":"default"} Outcome=Success
TID: [-1234] [2026-10-04 12:52:17,180]  INFO {AUDIT_LOG} - Initiator=w**************r Action=Get-User-Claim-Values Target=a***n Data={"Claims":{},"Profile":"default"} Outcome=Success
TID: [-1234] [2026-10-04 12:52:17,180]  INFO {AUDIT_LOG} - Initiator=w**************r Action=Get-User-Claim-Values Target=a***n Data={"Claims":{},"Profile":"default"} Outcome=Success
TID: [-1234] [2026-10-04 12:52:47,180]  INFO {AUDIT_LOG} - Initiator=w**************r Action=Get-User-Claim-Values Target=a***n Data={"Claims":{},"Profile":"default"} Outcome=Success
TID: [-1234] [2026-10-04 12:52:47,180]  INFO {AUDIT_LOG} - Initiator=w**************r Action=Get-User-Claim-Values Target=a***n Data={"Claims":{},"Profile":"default"} Outcome=Success
TID: [-1234] [2026-10-04 12:52:47,181]  INFO {AUDIT_LOG} - Initiator=w**************r Action=Get-User-Claim-Values Target=a***n Data={"Claims":{},"Profile":"default"} Outcome=Success
TID: [-1234] [2026-10-04 12:52:59,339]  INFO {AUDIT_LOG} - Initiator=w**************r Action=Get-User-Claim-Value Target=a***n Data={"Claim":"http://wso2.org/claims/organization"} Outcome=Success
TID: [-1234] [2026-10-04 12:52:59,339]  INFO {AUDIT_LOG} - GET /api/am/publisher/key-managers user: admin@carbon.super app: lOKNtRmYnWO18JvYCYJANhTjS6sa
TID: [-1234] [2026-10-04 12:52:59,412]  INFO {AUDIT_LOG} - GET /api/am/publisher/apis/d5401805-1635-4547-a303-78e05ef20fc0/client-certs/PRODUCTION user: admin@carbon.super app: lOKNtRmYnWO18JvYCYJANhTjS6sa
TID: [-1234] [2026-10-04 12:52:59,414]  INFO {AUDIT_LOG} - GET /api/am/publisher/key-managers user: admin@carbon.super app: lOKNtRmYnWO18JvYCYJANhTjS6sa
TID: [-1234] [2026-10-04 12:52:59,415]  INFO {AUDIT_LOG} - GET /api/am/publisher/apis/d5401805-1635-4547-a303-78e05ef20fc0/client-certs/SANDBOX user: admin@carbon.super app: lOKNtRmYnWO18JvYCYJANhTjS6sa
TID: [-1234] [2026-10-04 12:52:59,462]  INFO {AUDIT_LOG} - GET /api/am/publisher/key-managers user: admin@carbon.super app: lOKNtRmYnWO18JvYCYJANhTjS6sa
TID: [-1234] [2026-10-04 12:53:04,471]  INFO {AUDIT_LOG} - GET /api/am/publisher/key-managers user: admin@carbon.super app: lOKNtRmYnWO18JvYCYJANhTjS6sa
TID: [-1234] [2026-10-04 12:53:10,393]  INFO {AUDIT_LOG} - PUT /api/am/publisher/apis/d5401805-1635-4547-a303-78e05ef20fc0 user: admin@carbon.super app: lOKNtRmYnWO18JvYCYJANhTjS6sa
TID: [] [2026-10-04 12:53:10,434]  INFO {AUDIT_LOG} - Initiator=w**************r Action=Get-User-Claim-Values Target=a***n Data={"Claims":{},"Profile":"default"} Outcome=Success
TID: [] [2026-10-04 12:53:10,435]  INFO {AUDIT_LOG} - Initiator=w**************r Action=Get-User-Claim-Values Target=a***n Data={"Claims":{},"Profile":"default"} Outcome=Success
TID: [] [2026-10-04 12:53:10,435]  INFO {AUDIT_LOG} - Initiator=w**************r Action=Get-User-Claim-Values Target=a***n Data={"Claims":{},"Profile":"default"} Outcome=Success
TID: [-1234] [2026-10-04 12:53:10,482]  INFO {AUDIT_LOG} - {"performedBy":"admin","action":"updated","type":"API","info":{"provider":"admin","name":"exemplo-cache-data","context":"/cache/0.1","version":"0.1"}}
TID: [-1234] [2026-10-04 12:53:10,566]  INFO {AUDIT_LOG} - GET /api/am/publisher/apis/d5401805-1635-4547-a303-78e05ef20fc0/asyncapi user: admin@carbon.super app: lOKNtRmYnWO18JvYCYJANhTjS6sa
TID: [-1234] [2026-10-04 12:53:10,796]  INFO {AUDIT_LOG} - Initiator=w**************r Action=Get-User-Claim-Values Target=a***n Data={"Claims":{},"Profile":"default"} Outcome=Success
TID: [-1234] [2026-10-04 12:53:10,796]  INFO {AUDIT_LOG} - Initiator=w**************r Action=Get-User-Claim-Values Target=a***n Data={"Claims":{},"Profile":"default"} Outcome=Success
TID: [-1234] [2026-10-04 12:53:10,796]  INFO {AUDIT_LOG} - Initiator=w**************r Action=Get-User-Claim-Values Target=a***n Data={"Claims":{},"Profile":"default"} Outcome=Success
TID: [-1234] [2026-10-04 12:53:10,810]  INFO {AUDIT_LOG} - Initiator=w**************r Action=Get-User-Claim-Values Target=a***n Data={"Claims":{},"Profile":"default"} Outcome=Success
TID: [-1234] [2026-10-04 12:53:10,810]  INFO {AUDIT_LOG} - Initiator=w**************r Action=Get-User-Claim-Values Target=a***n Data={"Claims":{},"Profile":"default"} Outcome=Success
TID: [-1234] [2026-10-04 12:53:10,810]  INFO {AUDIT_LOG} - Initiator=w**************r Action=Get-User-Claim-Values Target=a***n Data={"Claims":{},"Profile":"default"} Outcome=Success
TID: [-1234] [2026-10-04 12:53:12,148]  INFO {AUDIT_LOG} - POST /api/am/publisher/apis/d5401805-1635-4547-a303-78e05ef20fc0/revisions user: admin@carbon.super app: lOKNtRmYnWO18JvYCYJANhTjS6sa
TID: [-1234] [2026-10-04 12:53:12,225]  INFO {AUDIT_LOG} - POST /api/am/publisher/apis/d5401805-1635-4547-a303-78e05ef20fc0/deploy-revision?revisionId=59e8326f-86df-49c4-9dec-6774ce7fa938 user: admin@carbon.super app: lOKNtRmYnWO18JvYCYJANhTjS6sa
TID: [] [2026-10-04 12:53:12,245]  INFO {AUDIT_LOG} - Initiator=w**************r Action=Get-User-Claim-Values Target=a***n Data={"Claims":{},"Profile":"default"} Outcome=Success
TID: [] [2026-10-04 12:53:12,246]  INFO {AUDIT_LOG} - Initiator=w**************r Action=Get-User-Claim-Values Target=a***n Data={"Claims":{},"Profile":"default"} Outcome=Success
TID: [] [2026-10-04 12:53:12,246]  INFO {AUDIT_LOG} - Initiator=w**************r Action=Get-User-Claim-Values Target=a***n Data={"Claims":{},"Profile":"default"} Outcome=Success
TID: [-1234] [2026-10-04 12:53:12,415]  INFO {AUDIT_LOG} - GET /api/am/publisher/apis/d5401805-1635-4547-a303-78e05ef20fc0/revisions?query=deployed%3Atrue user: admin@carbon.super app: lOKNtRmYnWO18JvYCYJANhTjS6sa
TID: [-1234] [2026-10-04 12:53:12,415]  INFO {AUDIT_LOG} - GET /api/am/publisher/apis/d5401805-1635-4547-a303-78e05ef20fc0/revisions user: admin@carbon.super app: lOKNtRmYnWO18JvYCYJANhTjS6sa
TID: [-1234] [2026-10-04 12:53:12,806]  INFO {AUDIT_LOG} - Initiator=w**************r Action=Get-User-Claim-Values Target=a***n Data={"Claims":{},"Profile":"default"} Outcome=Success
TID: [-1234] [2026-10-04 12:53:12,807]  INFO {AUDIT_LOG} - Initiator=w**************r Action=Get-User-Claim-Values Target=a***n Data={"Claims":{},"Profile":"default"} Outcome=Success
TID: [-1234] [2026-10-04 12:53:12,807]  INFO {AUDIT_LOG} - Initiator=w**************r Action=Get-User-Claim-Values Target=a***n Data={"Claims":{},"Profile":"default"} Outcome=Success
TID: [-1234] [2026-10-04 12:53:15,563]  INFO {AUDIT_LOG} - GET /api/am/publisher/apis/d5401805-1635-4547-a303-78e05ef20fc0/revisions?query=deployed%3Atrue user: admin@carbon.super app: lOKNtRmYnWO18JvYCYJANhTjS6sa
TID: [-1234] [2026-10-04 12:53:16,621]  INFO {AUDIT_LOG} - POST /api/am/publisher/apis/d5401805-1635-4547-a303-78e05ef20fc0/generate-key user: admin@carbon.super app: lOKNtRmYnWO18JvYCYJANhTjS6sa
TID: [-1234] [2026-10-04 12:53:16,621]  INFO {AUDIT_LOG} - GET /api/am/publisher/apis/d5401805-1635-4547-a303-78e05ef20fc0/deployments user: admin@carbon.super app: lOKNtRmYnWO18JvYCYJANhTjS6sa
TID: [-1234] [2026-10-04 12:53:16,621]  INFO {AUDIT_LOG} - GET /api/am/publisher/apis/d5401805-1635-4547-a303-78e05ef20fc0/swagger user: admin@carbon.super app: lOKNtRmYnWO18JvYCYJANhTjS6sa
TID: [-1234] [2026-10-04 12:53:17,180]  INFO {AUDIT_LOG} - Initiator=w**************r Action=Get-User-Claim-Values Target=a***n Data={"Claims":{},"Profile":"default"} Outcome=Success
TID: [-1234] [2026-10-04 12:53:17,180]  INFO {AUDIT_LOG} - Initiator=w**************r Action=Get-User-Claim-Values Target=a***n Data={"Claims":{},"Profile":"default"} Outcome=Success
TID: [-1234] [2026-10-04 12:53:17,180]  INFO {AUDIT_LOG} - Initiator=w**************r Action=Get-User-Claim-Values Target=a***n Data={"Claims":{},"Profile":"default"} Outcome=Success
TID: [-1234] [2026-10-04 12:53:17,823]  INFO {AUDIT_LOG} - Initiator=w**************r Action=Get-User-Claim-Values Target=a***n Data={"Claims":{},"Profile":"default"} Outcome=Success
TID: [-1234] [2026-10-04 12:53:17,823]  INFO {AUDIT_LOG} - Initiator=w**************r Action=Get-User-Claim-Values Target=a***n Data={"Claims":{},"Profile":"default"} Outcome=Success
TID: [-1234] [2026-10-04 12:53:17,823]  INFO {AUDIT_LOG} - Initiator=w**************r Action=Get-User-Claim-Values Target=a***n Data={"Claims":{},"Profile":"default"} Outcome=Success
TID: [] [2026-10-04 12:53:17,884]  INFO {AUDIT_LOG} - {"performedBy":"SYSTEM: carbon.super","action":"undeployed","type":"API","info":"d5401805-1635-4547-a303-78e05ef20fc0"}
TID: [] [2026-10-04 12:53:17,940]  INFO {AUDIT_LOG} - {"performedBy":"SYSTEM: carbon.super","action":"deployed","type":"API","info":"d5401805-1635-4547-a303-78e05ef20fc0"}
TID: [-1234] [2026-10-04 12:53:17,949]  INFO {AUDIT_LOG} - Initiator=w**************r Action=Get-User-Claim-Values Target=a***n Data={"Claims":{},"Profile":"default"} Outcome=Success
TID: [-1234] [2026-10-04 12:53:17,949]  INFO {AUDIT_LOG} - Initiator=w**************r Action=Get-User-Claim-Values Target=a***n Data={"Claims":{},"Profile":"default"} Outcome=Success
TID: [-1234] [2026-10-04 12:53:17,949]  INFO {AUDIT_LOG} - Initiator=w**************r Action=Get-User-Claim-Values Target=a***n Data={"Claims":{},"Profile":"default"} Outcome=Success
TID: [-1234] [2026-10-04 12:53:18,494]  INFO {AUDIT_LOG} - Initiator=w**************r Action=Get-User-Claim-Values Target=a***n Data={"Claims":{},"Profile":"default"} Outcome=Success
TID: [-1234] [2026-10-04 12:53:18,494]  INFO {AUDIT_LOG} - Initiator=w**************r Action=Get-User-Claim-Values Target=a***n Data={"Claims":{},"Profile":"default"} Outcome=Success
TID: [-1234] [2026-10-04 12:53:18,494]  INFO {AUDIT_LOG} - Initiator=w**************r Action=Get-User-Claim-Values Target=a***n Data={"Claims":{},"Profile":"default"} Outcome=Success
TID: [-1234] [2026-10-04 12:53:47,182]  INFO {AUDIT_LOG} - Initiator=w**************r Action=Get-User-Claim-Values Target=a***n Data={"Claims":{},"Profile":"default"} Outcome=Success
TID: [-1234] [2026-10-04 12:53:47,182]  INFO {AUDIT_LOG} - Initiator=w**************r Action=Get-User-Claim-Values Target=a***n Data={"Claims":{},"Profile":"default"} Outcome=Success
TID: [-1234] [2026-10-04 12:53:47,182]  INFO {AUDIT_LOG} - Initiator=w**************r Action=Get-User-Claim-Values Target=a***n Data={"Claims":{},"Profile":"default"} Outcome=Success
TID: [-1234] [2026-10-04 12:53:52,893]  INFO {AUDIT_LOG} - GET /api/am/publisher/key-managers user: admin@carbon.super app: lOKNtRmYnWO18JvYCYJANhTjS6sa
TID: [-1234] [2026-10-04 12:53:52,963]  INFO {AUDIT_LOG} - GET /api/am/publisher/apis/d5401805-1635-4547-a303-78e05ef20fc0/client-certs/SANDBOX user: admin@carbon.super app: lOKNtRmYnWO18JvYCYJANhTjS6sa
TID: [-1234] [2026-10-04 12:53:52,963]  INFO {AUDIT_LOG} - GET /api/am/publisher/apis/d5401805-1635-4547-a303-78e05ef20fc0/client-certs/PRODUCTION user: admin@carbon.super app: lOKNtRmYnWO18JvYCYJANhTjS6sa
TID: [-1234] [2026-10-04 12:53:52,963]  INFO {AUDIT_LOG} - GET /api/am/publisher/key-managers user: admin@carbon.super app: lOKNtRmYnWO18JvYCYJANhTjS6sa
TID: [-1234] [2026-10-04 12:53:52,997]  INFO {AUDIT_LOG} - GET /api/am/publisher/key-managers user: admin@carbon.super app: lOKNtRmYnWO18JvYCYJANhTjS6sa
TID: [-1234] [2026-10-04 12:53:54,213]  INFO {AUDIT_LOG} - GET /api/am/publisher/apis/d5401805-1635-4547-a303-78e05ef20fc0/swagger user: admin@carbon.super app: lOKNtRmYnWO18JvYCYJANhTjS6sa
TID: [-1234] [2026-10-04 12:53:54,216]  INFO {AUDIT_LOG} - GET /api/am/publisher/scopes?limit=2000&offset=0 user: admin@carbon.super app: lOKNtRmYnWO18JvYCYJANhTjS6sa
TID: [-1234] [2026-10-04 12:53:54,216]  INFO {AUDIT_LOG} - GET /api/am/publisher/apis/d5401805-1635-4547-a303-78e05ef20fc0/amznResourceNames user: admin@carbon.super app: lOKNtRmYnWO18JvYCYJANhTjS6sa
TID: [-1234] [2026-10-04 12:53:54,224]  INFO {AUDIT_LOG} - GET /api/am/publisher/throttling-policies/api?limit=80 user: admin@carbon.super app: lOKNtRmYnWO18JvYCYJANhTjS6sa
TID: [-1234] [2026-10-04 12:53:56,940]  INFO {AUDIT_LOG} - GET /api/am/publisher/key-managers user: admin@carbon.super app: lOKNtRmYnWO18JvYCYJANhTjS6sa
TID: [-1234] [2026-10-04 12:53:56,999]  INFO {AUDIT_LOG} - GET /api/am/publisher/key-managers user: admin@carbon.super app: lOKNtRmYnWO18JvYCYJANhTjS6sa
TID: [-1234] [2026-10-04 12:53:56,999]  INFO {AUDIT_LOG} - GET /api/am/publisher/apis/d5401805-1635-4547-a303-78e05ef20fc0/client-certs/PRODUCTION user: admin@carbon.super app: lOKNtRmYnWO18JvYCYJANhTjS6sa
TID: [-1234] [2026-10-04 12:53:56,999]  INFO {AUDIT_LOG} - GET /api/am/publisher/apis/d5401805-1635-4547-a303-78e05ef20fc0/client-certs/SANDBOX user: admin@carbon.super app: lOKNtRmYnWO18JvYCYJANhTjS6sa
TID: [-1234] [2026-10-04 12:53:57,037]  INFO {AUDIT_LOG} - GET /api/am/publisher/key-managers user: admin@carbon.super app: lOKNtRmYnWO18JvYCYJANhTjS6sa
TID: [-1234] [2026-10-04 12:54:08,381]  INFO {AUDIT_LOG} - GET /api/am/publisher/key-managers user: admin@carbon.super app: lOKNtRmYnWO18JvYCYJANhTjS6sa
TID: [-1234] [2026-10-04 12:54:12,131]  INFO {AUDIT_LOG} - PUT /api/am/publisher/apis/d5401805-1635-4547-a303-78e05ef20fc0 user: admin@carbon.super app: lOKNtRmYnWO18JvYCYJANhTjS6sa
TID: [] [2026-10-04 12:54:12,162]  INFO {AUDIT_LOG} - Initiator=w**************r Action=Get-User-Claim-Values Target=a***n Data={"Claims":{},"Profile":"default"} Outcome=Success
TID: [] [2026-10-04 12:54:12,162]  INFO {AUDIT_LOG} - Initiator=w**************r Action=Get-User-Claim-Values Target=a***n Data={"Claims":{},"Profile":"default"} Outcome=Success
TID: [] [2026-10-04 12:54:12,162]  INFO {AUDIT_LOG} - Initiator=w**************r Action=Get-User-Claim-Values Target=a***n Data={"Claims":{},"Profile":"default"} Outcome=Success
TID: [-1234] [2026-10-04 12:54:12,202]  INFO {AUDIT_LOG} - {"performedBy":"admin","action":"updated","type":"API","info":{"provider":"admin","name":"exemplo-cache-data","context":"/cache/0.1","version":"0.1"}}
TID: [-1234] [2026-10-04 12:54:12,284]  INFO {AUDIT_LOG} - GET /api/am/publisher/apis/d5401805-1635-4547-a303-78e05ef20fc0/asyncapi user: admin@carbon.super app: lOKNtRmYnWO18JvYCYJANhTjS6sa
TID: [-1234] [2026-10-04 12:54:12,861]  INFO {AUDIT_LOG} - Initiator=w**************r Action=Get-User-Claim-Values Target=a***n Data={"Claims":{},"Profile":"default"} Outcome=Success
TID: [-1234] [2026-10-04 12:54:12,861]  INFO {AUDIT_LOG} - Initiator=w**************r Action=Get-User-Claim-Values Target=a***n Data={"Claims":{},"Profile":"default"} Outcome=Success
TID: [-1234] [2026-10-04 12:54:12,861]  INFO {AUDIT_LOG} - Initiator=w**************r Action=Get-User-Claim-Values Target=a***n Data={"Claims":{},"Profile":"default"} Outcome=Success
TID: [-1234] [2026-10-04 12:54:12,875]  INFO {AUDIT_LOG} - Initiator=w**************r Action=Get-User-Claim-Values Target=a***n Data={"Claims":{},"Profile":"default"} Outcome=Success
TID: [-1234] [2026-10-04 12:54:12,875]  INFO {AUDIT_LOG} - Initiator=w**************r Action=Get-User-Claim-Values Target=a***n Data={"Claims":{},"Profile":"default"} Outcome=Success
TID: [-1234] [2026-10-04 12:54:12,875]  INFO {AUDIT_LOG} - Initiator=w**************r Action=Get-User-Claim-Values Target=a***n Data={"Claims":{},"Profile":"default"} Outcome=Success
TID: [-1234] [2026-10-04 12:54:14,223]  INFO {AUDIT_LOG} - POST /api/am/publisher/apis/d5401805-1635-4547-a303-78e05ef20fc0/revisions user: admin@carbon.super app: lOKNtRmYnWO18JvYCYJANhTjS6sa
TID: [-1234] [2026-10-04 12:54:14,290]  INFO {AUDIT_LOG} - POST /api/am/publisher/apis/d5401805-1635-4547-a303-78e05ef20fc0/deploy-revision?revisionId=6e8bb7c1-7900-40e7-ad5e-88597b08d9f2 user: admin@carbon.super app: lOKNtRmYnWO18JvYCYJANhTjS6sa
TID: [] [2026-10-04 12:54:14,307]  INFO {AUDIT_LOG} - Initiator=w**************r Action=Get-User-Claim-Values Target=a***n Data={"Claims":{},"Profile":"default"} Outcome=Success
TID: [] [2026-10-04 12:54:14,307]  INFO {AUDIT_LOG} - Initiator=w**************r Action=Get-User-Claim-Values Target=a***n Data={"Claims":{},"Profile":"default"} Outcome=Success
TID: [] [2026-10-04 12:54:14,307]  INFO {AUDIT_LOG} - Initiator=w**************r Action=Get-User-Claim-Values Target=a***n Data={"Claims":{},"Profile":"default"} Outcome=Success
TID: [-1234] [2026-10-04 12:54:14,433]  INFO {AUDIT_LOG} - GET /api/am/publisher/apis/d5401805-1635-4547-a303-78e05ef20fc0/revisions user: admin@carbon.super app: lOKNtRmYnWO18JvYCYJANhTjS6sa
TID: [-1234] [2026-10-04 12:54:14,433]  INFO {AUDIT_LOG} - GET /api/am/publisher/apis/d5401805-1635-4547-a303-78e05ef20fc0/revisions?query=deployed%3Atrue user: admin@carbon.super app: lOKNtRmYnWO18JvYCYJANhTjS6sa
TID: [-1234] [2026-10-04 12:54:14,875]  INFO {AUDIT_LOG} - Initiator=w**************r Action=Get-User-Claim-Values Target=a***n Data={"Claims":{},"Profile":"default"} Outcome=Success
TID: [-1234] [2026-10-04 12:54:14,875]  INFO {AUDIT_LOG} - Initiator=w**************r Action=Get-User-Claim-Values Target=a***n Data={"Claims":{},"Profile":"default"} Outcome=Success
TID: [-1234] [2026-10-04 12:54:14,875]  INFO {AUDIT_LOG} - Initiator=w**************r Action=Get-User-Claim-Values Target=a***n Data={"Claims":{},"Profile":"default"} Outcome=Success
TID: [-1234] [2026-10-04 12:54:17,179]  INFO {AUDIT_LOG} - Initiator=w**************r Action=Get-User-Claim-Values Target=a***n Data={"Claims":{},"Profile":"default"} Outcome=Success
TID: [-1234] [2026-10-04 12:54:17,180]  INFO {AUDIT_LOG} - Initiator=w**************r Action=Get-User-Claim-Values Target=a***n Data={"Claims":{},"Profile":"default"} Outcome=Success
TID: [-1234] [2026-10-04 12:54:17,180]  INFO {AUDIT_LOG} - Initiator=w**************r Action=Get-User-Claim-Values Target=a***n Data={"Claims":{},"Profile":"default"} Outcome=Success
TID: [-1234] [2026-10-04 12:54:17,584]  INFO {AUDIT_LOG} - GET /api/am/publisher/apis/d5401805-1635-4547-a303-78e05ef20fc0/revisions?query=deployed%3Atrue user: admin@carbon.super app: lOKNtRmYnWO18JvYCYJANhTjS6sa
TID: [-1234] [2026-10-04 12:54:19,888]  INFO {AUDIT_LOG} - Initiator=w**************r Action=Get-User-Claim-Values Target=a***n Data={"Claims":{},"Profile":"default"} Outcome=Success
TID: [-1234] [2026-10-04 12:54:19,888]  INFO {AUDIT_LOG} - Initiator=w**************r Action=Get-User-Claim-Values Target=a***n Data={"Claims":{},"Profile":"default"} Outcome=Success
TID: [-1234] [2026-10-04 12:54:19,888]  INFO {AUDIT_LOG} - Initiator=w**************r Action=Get-User-Claim-Values Target=a***n Data={"Claims":{},"Profile":"default"} Outcome=Success
TID: [] [2026-10-04 12:54:19,937]  INFO {AUDIT_LOG} - {"performedBy":"SYSTEM: carbon.super","action":"undeployed","type":"API","info":"d5401805-1635-4547-a303-78e05ef20fc0"}
TID: [] [2026-10-04 12:54:19,979]  INFO {AUDIT_LOG} - {"performedBy":"SYSTEM: carbon.super","action":"deployed","type":"API","info":"d5401805-1635-4547-a303-78e05ef20fc0"}
TID: [-1234] [2026-10-04 12:54:19,987]  INFO {AUDIT_LOG} - Initiator=w**************r Action=Get-User-Claim-Values Target=a***n Data={"Claims":{},"Profile":"default"} Outcome=Success
TID: [-1234] [2026-10-04 12:54:19,987]  INFO {AUDIT_LOG} - Initiator=w**************r Action=Get-User-Claim-Values Target=a***n Data={"Claims":{},"Profile":"default"} Outcome=Success
TID: [-1234] [2026-10-04 12:54:19,987]  INFO {AUDIT_LOG} - Initiator=w**************r Action=Get-User-Claim-Values Target=a***n Data={"Claims":{},"Profile":"default"} Outcome=Success
TID: [-1234] [2026-10-04 12:54:20,492]  INFO {AUDIT_LOG} - Initiator=w**************r Action=Get-User-Claim-Values Target=a***n Data={"Claims":{},"Profile":"default"} Outcome=Success
TID: [-1234] [2026-10-04 12:54:20,492]  INFO {AUDIT_LOG} - Initiator=w**************r Action=Get-User-Claim-Values Target=a***n Data={"Claims":{},"Profile":"default"} Outcome=Success
TID: [-1234] [2026-10-04 12:54:20,492]  INFO {AUDIT_LOG} - Initiator=w**************r Action=Get-User-Claim-Values Target=a***n Data={"Claims":{},"Profile":"default"} Outcome=Success
TID: [-1234] [2026-10-04 12:54:20,707]  INFO {AUDIT_LOG} - GET /api/am/publisher/apis/d5401805-1635-4547-a303-78e05ef20fc0/revisions?query=deployed%3Atrue user: admin@carbon.super app: lOKNtRmYnWO18JvYCYJANhTjS6sa
TID: [-1234] [2026-10-04 12:54:23,802]  INFO {AUDIT_LOG} - GET /api/am/publisher/settings user: admin@carbon.super app: lOKNtRmYnWO18JvYCYJANhTjS6sa
TID: [-1234] [2026-10-04 12:54:25,490]  INFO {AUDIT_LOG} - GET /api/am/publisher/apis/d5401805-1635-4547-a303-78e05ef20fc0/swagger user: admin@carbon.super app: lOKNtRmYnWO18JvYCYJANhTjS6sa
TID: [-1234] [2026-10-04 12:54:25,502]  INFO {AUDIT_LOG} - GET /api/am/publisher/endpoint-certificates?endpoint=http%3A%2F%2Fhost.docker.internal%3A8084 user: admin@carbon.super app: lOKNtRmYnWO18JvYCYJANhTjS6sa
TID: [-1234] [2026-10-04 12:54:26,487]  INFO {AUDIT_LOG} - GET /api/am/publisher/apis/d5401805-1635-4547-a303-78e05ef20fc0/swagger user: admin@carbon.super app: lOKNtRmYnWO18JvYCYJANhTjS6sa
TID: [-1234] [2026-10-04 12:54:27,110]  INFO {AUDIT_LOG} - GET /api/am/publisher/apis/d5401805-1635-4547-a303-78e05ef20fc0/swagger user: admin@carbon.super app: lOKNtRmYnWO18JvYCYJANhTjS6sa
TID: [-1234] [2026-10-04 12:54:27,112]  INFO {AUDIT_LOG} - GET /api/am/publisher/scopes?limit=2000&offset=0 user: admin@carbon.super app: lOKNtRmYnWO18JvYCYJANhTjS6sa
TID: [-1234] [2026-10-04 12:54:27,112]  INFO {AUDIT_LOG} - GET /api/am/publisher/apis/d5401805-1635-4547-a303-78e05ef20fc0/amznResourceNames user: admin@carbon.super app: lOKNtRmYnWO18JvYCYJANhTjS6sa
TID: [-1234] [2026-10-04 12:54:27,119]  INFO {AUDIT_LOG} - GET /api/am/publisher/throttling-policies/api?limit=80 user: admin@carbon.super app: lOKNtRmYnWO18JvYCYJANhTjS6sa
TID: [-1234] [2026-10-04 12:54:27,724]  INFO {AUDIT_LOG} - GET /api/am/publisher/key-managers user: admin@carbon.super app: lOKNtRmYnWO18JvYCYJANhTjS6sa
TID: [-1234] [2026-10-04 12:54:27,786]  INFO {AUDIT_LOG} - GET /api/am/publisher/key-managers user: admin@carbon.super app: lOKNtRmYnWO18JvYCYJANhTjS6sa
TID: [-1234] [2026-10-04 12:54:27,786]  INFO {AUDIT_LOG} - GET /api/am/publisher/apis/d5401805-1635-4547-a303-78e05ef20fc0/client-certs/SANDBOX user: admin@carbon.super app: lOKNtRmYnWO18JvYCYJANhTjS6sa
TID: [-1234] [2026-10-04 12:54:27,786]  INFO {AUDIT_LOG} - GET /api/am/publisher/apis/d5401805-1635-4547-a303-78e05ef20fc0/client-certs/PRODUCTION user: admin@carbon.super app: lOKNtRmYnWO18JvYCYJANhTjS6sa
TID: [-1234] [2026-10-04 12:54:27,819]  INFO {AUDIT_LOG} - GET /api/am/publisher/key-managers user: admin@carbon.super app: lOKNtRmYnWO18JvYCYJANhTjS6sa
TID: [-1234] [2026-10-04 12:54:41,764]  INFO {AUDIT_LOG} - GET /api/am/publisher/api-products?limit=5&offset=0 user: admin@carbon.super app: lOKNtRmYnWO18JvYCYJANhTjS6sa
TID: [-1234] [2026-10-04 12:54:41,764]  INFO {AUDIT_LOG} - GET /api/am/publisher/apis?limit=5&offset=0 user: admin@carbon.super app: lOKNtRmYnWO18JvYCYJANhTjS6sa
TID: [-1234] [2026-10-04 12:54:41,764]  INFO {AUDIT_LOG} - GET /api/am/publisher/mcp-servers?limit=5&offset=0 user: admin@carbon.super app: lOKNtRmYnWO18JvYCYJANhTjS6sa
TID: [-1234] [2026-10-04 12:54:41,798]  INFO {AUDIT_LOG} - GET /api/am/publisher/api-products?limit=5&offset=0 user: admin@carbon.super app: lOKNtRmYnWO18JvYCYJANhTjS6sa
TID: [-1234] [2026-10-04 12:54:41,801]  INFO {AUDIT_LOG} - GET /api/am/publisher/apis?limit=5&offset=0 user: admin@carbon.super app: lOKNtRmYnWO18JvYCYJANhTjS6sa
TID: [-1234] [2026-10-04 12:54:41,848]  INFO {AUDIT_LOG} - GET /api/am/publisher/api-products/64375b4b-7e17-41d3-87ca-81ca0b3494a3/thumbnail user: admin@carbon.super app: lOKNtRmYnWO18JvYCYJANhTjS6sa
TID: [-1234] [2026-10-04 12:54:46,433]  INFO {AUDIT_LOG} - GET /api/am/publisher/mcp-servers?limit=10&offset=0 user: admin@carbon.super app: lOKNtRmYnWO18JvYCYJANhTjS6sa
TID: [-1234] [2026-10-04 12:54:46,470]  INFO {AUDIT_LOG} - GET /api/am/publisher/search?limit=1&offset=0&query=name%3APizzaShackServer%20version%3A1.0.0%20context%3Apizzashackserver%20type%3AMCP user: admin@carbon.super app: lOKNtRmYnWO18JvYCYJANhTjS6sa
TID: [-1234] [2026-10-04 12:54:47,181]  INFO {AUDIT_LOG} - Initiator=w**************r Action=Get-User-Claim-Values Target=a***n Data={"Claims":{},"Profile":"default"} Outcome=Success
TID: [-1234] [2026-10-04 12:54:47,182]  INFO {AUDIT_LOG} - Initiator=w**************r Action=Get-User-Claim-Values Target=a***n Data={"Claims":{},"Profile":"default"} Outcome=Success
TID: [-1234] [2026-10-04 12:54:47,182]  INFO {AUDIT_LOG} - Initiator=w**************r Action=Get-User-Claim-Values Target=a***n Data={"Claims":{},"Profile":"default"} Outcome=Success
TID: [-1234] [2026-10-04 12:54:47,281]  INFO {AUDIT_LOG} - GET /api/am/publisher/apis?limit=10&offset=0 user: admin@carbon.super app: lOKNtRmYnWO18JvYCYJANhTjS6sa
TID: [-1234] [2026-10-04 12:54:51,551]  INFO {AUDIT_LOG} - GET /api/am/service-catalog/v1/services?limit=10&offset=0 user: admin@carbon.super app: lOKNtRmYnWO18JvYCYJANhTjS6sa
TID: [-1234] [2026-10-04 12:54:51,712]  INFO {AUDIT_LOG} - GET /api/am/publisher/scopes?limit=2000&offset=0 user: admin@carbon.super app: lOKNtRmYnWO18JvYCYJANhTjS6sa
TID: [-1234] [2026-10-04 12:55:03,309]  INFO {AUDIT_LOG} - GET /api/am/publisher/scopes?limit=2000&offset=0 user: admin@carbon.super app: lOKNtRmYnWO18JvYCYJANhTjS6sa
TID: [-1234] [2026-10-04 12:55:05,800]  INFO {AUDIT_LOG} - GET /api/am/service-catalog/v1/services?limit=10&offset=0 user: admin@carbon.super app: lOKNtRmYnWO18JvYCYJANhTjS6sa
TID: [-1234] [2026-10-04 12:55:05,823]  INFO {AUDIT_LOG} - GET /api/am/service-catalog/v1/services?limit=10&offset=0 user: admin@carbon.super app: lOKNtRmYnWO18JvYCYJANhTjS6sa
TID: [-1234] [2026-10-04 12:55:06,377]  INFO {AUDIT_LOG} - GET /api/am/publisher/api-products?limit=10&offset=0 user: admin@carbon.super app: lOKNtRmYnWO18JvYCYJANhTjS6sa
TID: [-1234] [2026-10-04 12:55:06,415]  INFO {AUDIT_LOG} - GET /api/am/publisher/api-products/64375b4b-7e17-41d3-87ca-81ca0b3494a3/thumbnail user: admin@carbon.super app: lOKNtRmYnWO18JvYCYJANhTjS6sa
TID: [-1234] [2026-10-04 12:55:07,039]  INFO {AUDIT_LOG} - GET /api/am/publisher/mcp-servers?limit=10&offset=0 user: admin@carbon.super app: lOKNtRmYnWO18JvYCYJANhTjS6sa
TID: [-1234] [2026-10-04 12:55:07,069]  INFO {AUDIT_LOG} - GET /api/am/publisher/search?limit=1&offset=0&query=name%3APizzaShackServer%20version%3A1.0.0%20context%3Apizzashackserver%20type%3AMCP user: admin@carbon.super app: lOKNtRmYnWO18JvYCYJANhTjS6sa
TID: [-1234] [2026-10-04 12:55:07,581]  INFO {AUDIT_LOG} - GET /api/am/publisher/apis?limit=10&offset=0 user: admin@carbon.super app: lOKNtRmYnWO18JvYCYJANhTjS6sa
TID: [-1234] [2026-10-04 12:55:08,939]  INFO {AUDIT_LOG} - GET /api/am/publisher/api-products?limit=5&offset=0 user: admin@carbon.super app: lOKNtRmYnWO18JvYCYJANhTjS6sa
TID: [-1234] [2026-10-04 12:55:08,939]  INFO {AUDIT_LOG} - GET /api/am/publisher/mcp-servers?limit=5&offset=0 user: admin@carbon.super app: lOKNtRmYnWO18JvYCYJANhTjS6sa
TID: [-1234] [2026-10-04 12:55:08,939]  INFO {AUDIT_LOG} - GET /api/am/publisher/apis?limit=5&offset=0 user: admin@carbon.super app: lOKNtRmYnWO18JvYCYJANhTjS6sa
TID: [-1234] [2026-10-04 12:55:08,949]  INFO {AUDIT_LOG} - GET /api/am/publisher/api-products?limit=5&offset=0 user: admin@carbon.super app: lOKNtRmYnWO18JvYCYJANhTjS6sa
TID: [-1234] [2026-10-04 12:55:08,952]  INFO {AUDIT_LOG} - GET /api/am/publisher/apis?limit=5&offset=0 user: admin@carbon.super app: lOKNtRmYnWO18JvYCYJANhTjS6sa
TID: [-1234] [2026-10-04 12:55:08,989]  INFO {AUDIT_LOG} - GET /api/am/publisher/api-products/64375b4b-7e17-41d3-87ca-81ca0b3494a3/thumbnail user: admin@carbon.super app: lOKNtRmYnWO18JvYCYJANhTjS6sa
TID: [-1234] [2026-10-04 12:55:17,183]  INFO {AUDIT_LOG} - Initiator=w**************r Action=Get-User-Claim-Values Target=a***n Data={"Claims":{},"Profile":"default"} Outcome=Success
TID: [-1234] [2026-10-04 12:55:17,183]  INFO {AUDIT_LOG} - Initiator=w**************r Action=Get-User-Claim-Values Target=a***n Data={"Claims":{},"Profile":"default"} Outcome=Success
TID: [-1234] [2026-10-04 12:55:17,183]  INFO {AUDIT_LOG} - Initiator=w**************r Action=Get-User-Claim-Values Target=a***n Data={"Claims":{},"Profile":"default"} Outcome=Success
TID: [-1234] [2026-10-04 12:55:28,518]  INFO {AUDIT_LOG} - GET /api/am/publisher/api-products?limit=5&offset=0 user: admin@carbon.super app: lOKNtRmYnWO18JvYCYJANhTjS6sa
TID: [-1234] [2026-10-04 12:55:28,518]  INFO {AUDIT_LOG} - GET /api/am/publisher/apis?limit=5&offset=0 user: admin@carbon.super app: lOKNtRmYnWO18JvYCYJANhTjS6sa
TID: [-1234] [2026-10-04 12:55:28,518]  INFO {AUDIT_LOG} - GET /api/am/publisher/mcp-servers?limit=5&offset=0 user: admin@carbon.super app: lOKNtRmYnWO18JvYCYJANhTjS6sa
TID: [-1234] [2026-10-04 12:55:28,519]  INFO {AUDIT_LOG} - Initiator=3b0ad53a-aebd-42fa-b767-c60140e01226 Action=Get-Roles-of-User Target=a***n Data={"Filter":"*","Roles":["Internal/subscriber","Internal/creator","Internal/publisher","Internal/everyone","Internal/devops","admin","Internal/analytics","Internal/observer","Internal/integration_dev"]} Outcome=Success
TID: [-1234] [2026-10-04 12:55:28,519]  INFO {AUDIT_LOG} - Initiator=3b0ad53a-aebd-42fa-b767-c60140e01226 Action=Get-Roles-of-User Target=a***n Data={"Filter":"*","Roles":["Internal/subscriber","Internal/creator","Internal/publisher","Internal/everyone","Internal/devops","admin","Internal/analytics","Internal/observer","Internal/integration_dev"]} Outcome=Success
TID: [-1234] [2026-10-04 12:55:28,519]  INFO {AUDIT_LOG} - Initiator=3b0ad53a-aebd-42fa-b767-c60140e01226 Action=Get-Roles-of-User Target=a***n Data={"Filter":"*","Roles":["Internal/subscriber","Internal/creator","Internal/publisher","Internal/everyone","Internal/devops","admin","Internal/analytics","Internal/observer","Internal/integration_dev"]} Outcome=Success
TID: [-1234] [2026-10-04 12:55:28,531]  INFO {AUDIT_LOG} - GET /api/am/publisher/api-products?limit=5&offset=0 user: admin@carbon.super app: lOKNtRmYnWO18JvYCYJANhTjS6sa
TID: [-1234] [2026-10-04 12:55:28,533]  INFO {AUDIT_LOG} - GET /api/am/publisher/apis?limit=5&offset=0 user: admin@carbon.super app: lOKNtRmYnWO18JvYCYJANhTjS6sa
TID: [-1234] [2026-10-04 12:55:28,573]  INFO {AUDIT_LOG} - GET /api/am/publisher/api-products/64375b4b-7e17-41d3-87ca-81ca0b3494a3/thumbnail user: admin@carbon.super app: lOKNtRmYnWO18JvYCYJANhTjS6sa
TID: [-1234] [2026-10-04 12:55:46,863]  INFO {AUDIT_LOG} - GET /api/am/publisher/scopes?limit=2000&offset=0 user: admin@carbon.super app: lOKNtRmYnWO18JvYCYJANhTjS6sa
TID: [-1234] [2026-10-04 12:55:47,180]  INFO {AUDIT_LOG} - Initiator=w**************r Action=Get-User-Claim-Values Target=a***n Data={"Claims":{},"Profile":"default"} Outcome=Success
TID: [-1234] [2026-10-04 12:55:47,180]  INFO {AUDIT_LOG} - Initiator=w**************r Action=Get-User-Claim-Values Target=a***n Data={"Claims":{},"Profile":"default"} Outcome=Success
TID: [-1234] [2026-10-04 12:55:47,180]  INFO {AUDIT_LOG} - Initiator=w**************r Action=Get-User-Claim-Values Target=a***n Data={"Claims":{},"Profile":"default"} Outcome=Success
TID: [-1234] [2026-10-04 12:55:47,521]  INFO {AUDIT_LOG} - GET /api/am/publisher/operation-policies?limit=500 user: admin@carbon.super app: lOKNtRmYnWO18JvYCYJANhTjS6sa
TID: [-1234] [2026-10-04 12:55:48,124]  INFO {AUDIT_LOG} - GET /api/am/publisher/settings user: admin@carbon.super app: lOKNtRmYnWO18JvYCYJANhTjS6sa
TID: [-1234] [2026-10-04 12:55:48,124]  INFO {AUDIT_LOG} - GET /api/am/publisher/gateway-policies?offset=0 user: admin@carbon.super app: lOKNtRmYnWO18JvYCYJANhTjS6sa
TID: [-1234] [2026-10-04 12:55:48,727]  INFO {AUDIT_LOG} - GET /api/am/publisher/workflows?limit=30&workflowType=AM_SUBSCRIPTION_CREATION user: admin@carbon.super app: lOKNtRmYnWO18JvYCYJANhTjS6sa
TID: [-1234] [2026-10-04 12:55:49,798]  INFO {AUDIT_LOG} - GET /api/am/publisher/api-products?limit=10&offset=0 user: admin@carbon.super app: lOKNtRmYnWO18JvYCYJANhTjS6sa
TID: [-1234] [2026-10-04 12:55:49,837]  INFO {AUDIT_LOG} - GET /api/am/publisher/api-products/64375b4b-7e17-41d3-87ca-81ca0b3494a3/thumbnail user: admin@carbon.super app: lOKNtRmYnWO18JvYCYJANhTjS6sa
TID: [-1234] [2026-10-04 12:55:50,379]  INFO {AUDIT_LOG} - GET /api/am/publisher/mcp-servers?limit=10&offset=0 user: admin@carbon.super app: lOKNtRmYnWO18JvYCYJANhTjS6sa
TID: [-1234] [2026-10-04 12:55:50,413]  INFO {AUDIT_LOG} - GET /api/am/publisher/search?limit=1&offset=0&query=name%3APizzaShackServer%20version%3A1.0.0%20context%3Apizzashackserver%20type%3AMCP user: admin@carbon.super app: lOKNtRmYnWO18JvYCYJANhTjS6sa
TID: [-1234] [2026-10-04 12:55:50,990]  INFO {AUDIT_LOG} - GET /api/am/publisher/apis?limit=10&offset=0 user: admin@carbon.super app: lOKNtRmYnWO18JvYCYJANhTjS6sa
TID: [-1234] [2026-10-04 12:55:52,585]  INFO {AUDIT_LOG} - GET /api/am/publisher/api-products?limit=5&offset=0 user: admin@carbon.super app: lOKNtRmYnWO18JvYCYJANhTjS6sa
TID: [-1234] [2026-10-04 12:55:52,585]  INFO {AUDIT_LOG} - GET /api/am/publisher/apis?limit=5&offset=0 user: admin@carbon.super app: lOKNtRmYnWO18JvYCYJANhTjS6sa
TID: [-1234] [2026-10-04 12:55:52,585]  INFO {AUDIT_LOG} - GET /api/am/publisher/mcp-servers?limit=5&offset=0 user: admin@carbon.super app: lOKNtRmYnWO18JvYCYJANhTjS6sa
TID: [-1234] [2026-10-04 12:55:52,594]  INFO {AUDIT_LOG} - GET /api/am/publisher/api-products?limit=5&offset=0 user: admin@carbon.super app: lOKNtRmYnWO18JvYCYJANhTjS6sa
TID: [-1234] [2026-10-04 12:55:52,597]  INFO {AUDIT_LOG} - GET /api/am/publisher/apis?limit=5&offset=0 user: admin@carbon.super app: lOKNtRmYnWO18JvYCYJANhTjS6sa
TID: [-1234] [2026-10-04 12:55:52,629]  INFO {AUDIT_LOG} - GET /api/am/publisher/api-products/64375b4b-7e17-41d3-87ca-81ca0b3494a3/thumbnail user: admin@carbon.super app: lOKNtRmYnWO18JvYCYJANhTjS6sa
TID: [-1234] [2026-10-04 12:56:17,180]  INFO {AUDIT_LOG} - Initiator=w**************r Action=Get-User-Claim-Values Target=a***n Data={"Claims":{},"Profile":"default"} Outcome=Success
TID: [-1234] [2026-10-04 12:56:17,180]  INFO {AUDIT_LOG} - Initiator=w**************r Action=Get-User-Claim-Values Target=a***n Data={"Claims":{},"Profile":"default"} Outcome=Success
TID: [-1234] [2026-10-04 12:56:17,180]  INFO {AUDIT_LOG} - Initiator=w**************r Action=Get-User-Claim-Values Target=a***n Data={"Claims":{},"Profile":"default"} Outcome=Success
TID: [-1234] [2026-10-04 12:56:47,181]  INFO {AUDIT_LOG} - Initiator=w**************r Action=Get-User-Claim-Values Target=a***n Data={"Claims":{},"Profile":"default"} Outcome=Success
TID: [-1234] [2026-10-04 12:56:47,181]  INFO {AUDIT_LOG} - Initiator=w**************r Action=Get-User-Claim-Values Target=a***n Data={"Claims":{},"Profile":"default"} Outcome=Success
TID: [-1234] [2026-10-04 12:56:47,181]  INFO {AUDIT_LOG} - Initiator=w**************r Action=Get-User-Claim-Values Target=a***n Data={"Claims":{},"Profile":"default"} Outcome=Success
TID: [-1234] [2026-10-04 12:57:17,181]  INFO {AUDIT_LOG} - Initiator=w**************r Action=Get-User-Claim-Values Target=a***n Data={"Claims":{},"Profile":"default"} Outcome=Success
TID: [-1234] [2026-10-04 12:57:17,181]  INFO {AUDIT_LOG} - Initiator=w**************r Action=Get-User-Claim-Values Target=a***n Data={"Claims":{},"Profile":"default"} Outcome=Success
TID: [-1234] [2026-10-04 12:57:17,181]  INFO {AUDIT_LOG} - Initiator=w**************r Action=Get-User-Claim-Values Target=a***n Data={"Claims":{},"Profile":"default"} Outcome=Success
TID: [-1234] [2026-10-04 12:57:47,181]  INFO {AUDIT_LOG} - Initiator=w**************r Action=Get-User-Claim-Values Target=a***n Data={"Claims":{},"Profile":"default"} Outcome=Success
TID: [-1234] [2026-10-04 12:57:47,182]  INFO {AUDIT_LOG} - Initiator=w**************r Action=Get-User-Claim-Values Target=a***n Data={"Claims":{},"Profile":"default"} Outcome=Success
TID: [-1234] [2026-10-04 12:57:47,182]  INFO {AUDIT_LOG} - Initiator=w**************r Action=Get-User-Claim-Values Target=a***n Data={"Claims":{},"Profile":"default"} Outcome=Success
TID: [-1234] [2026-10-04 12:58:17,180]  INFO {AUDIT_LOG} - Initiator=w**************r Action=Get-User-Claim-Values Target=a***n Data={"Claims":{},"Profile":"default"} Outcome=Success
TID: [-1234] [2026-10-04 12:58:17,180]  INFO {AUDIT_LOG} - Initiator=w**************r Action=Get-User-Claim-Values Target=a***n Data={"Claims":{},"Profile":"default"} Outcome=Success
TID: [-1234] [2026-10-04 12:58:17,180]  INFO {AUDIT_LOG} - Initiator=w**************r Action=Get-User-Claim-Values Target=a***n Data={"Claims":{},"Profile":"default"} Outcome=Success
TID: [-1234] [2026-10-04 12:58:47,187]  INFO {AUDIT_LOG} - Initiator=w**************r Action=Get-User-Claim-Values Target=a***n Data={"Claims":{},"Profile":"default"} Outcome=Success
TID: [-1234] [2026-10-04 12:58:47,187]  INFO {AUDIT_LOG} - Initiator=w**************r Action=Get-User-Claim-Values Target=a***n Data={"Claims":{},"Profile":"default"} Outcome=Success
TID: [-1234] [2026-10-04 12:58:47,188]  INFO {AUDIT_LOG} - Initiator=w**************r Action=Get-User-Claim-Values Target=a***n Data={"Claims":{},"Profile":"default"} Outcome=Success
TID: [-1234] [2026-10-04 12:59:17,182]  INFO {AUDIT_LOG} - Initiator=w**************r Action=Get-User-Claim-Values Target=a***n Data={"Claims":{},"Profile":"default"} Outcome=Success
TID: [-1234] [2026-10-04 12:59:17,183]  INFO {AUDIT_LOG} - Initiator=w**************r Action=Get-User-Claim-Values Target=a***n Data={"Claims":{},"Profile":"default"} Outcome=Success
TID: [-1234] [2026-10-04 12:59:17,183]  INFO {AUDIT_LOG} - Initiator=w**************r Action=Get-User-Claim-Values Target=a***n Data={"Claims":{},"Profile":"default"} Outcome=Success
TID: [-1234] [2026-10-04 12:59:47,180]  INFO {AUDIT_LOG} - Initiator=w**************r Action=Get-User-Claim-Values Target=a***n Data={"Claims":{},"Profile":"default"} Outcome=Success
TID: [-1234] [2026-10-04 12:59:47,181]  INFO {AUDIT_LOG} - Initiator=w**************r Action=Get-User-Claim-Values Target=a***n Data={"Claims":{},"Profile":"default"} Outcome=Success
TID: [-1234] [2026-10-04 12:59:47,181]  INFO {AUDIT_LOG} - Initiator=w**************r Action=Get-User-Claim-Values Target=a***n Data={"Claims":{},"Profile":"default"} Outcome=Success
TID: [-1234] [2026-10-04 13:00:17,180]  INFO {AUDIT_LOG} - Initiator=w**************r Action=Get-User-Claim-Values Target=a***n Data={"Claims":{},"Profile":"default"} Outcome=Success
TID: [-1234] [2026-10-04 13:00:17,181]  INFO {AUDIT_LOG} - Initiator=w**************r Action=Get-User-Claim-Values Target=a***n Data={"Claims":{},"Profile":"default"} Outcome=Success
TID: [-1234] [2026-10-04 13:00:17,181]  INFO {AUDIT_LOG} - Initiator=w**************r Action=Get-User-Claim-Values Target=a***n Data={"Claims":{},"Profile":"default"} Outcome=Success
TID: [-1234] [2026-10-04 13:00:47,181]  INFO {AUDIT_LOG} - Initiator=w**************r Action=Get-User-Claim-Values Target=a***n Data={"Claims":{},"Profile":"default"} Outcome=Success
TID: [-1234] [2026-10-04 13:00:47,181]  INFO {AUDIT_LOG} - Initiator=w**************r Action=Get-User-Claim-Values Target=a***n Data={"Claims":{},"Profile":"default"} Outcome=Success
TID: [-1234] [2026-10-04 13:00:47,181]  INFO {AUDIT_LOG} - Initiator=w**************r Action=Get-User-Claim-Values Target=a***n Data={"Claims":{},"Profile":"default"} Outcome=Success
TID: [-1234] [2026-10-04 13:01:17,180]  INFO {AUDIT_LOG} - Initiator=w**************r Action=Get-User-Claim-Values Target=a***n Data={"Claims":{},"Profile":"default"} Outcome=Success
TID: [-1234] [2026-10-04 13:01:17,180]  INFO {AUDIT_LOG} - Initiator=w**************r Action=Get-User-Claim-Values Target=a***n Data={"Claims":{},"Profile":"default"} Outcome=Success
TID: [-1234] [2026-10-04 13:01:17,180]  INFO {AUDIT_LOG} - Initiator=w**************r Action=Get-User-Claim-Values Target=a***n Data={"Claims":{},"Profile":"default"} Outcome=Success
TID: [-1234] [2026-10-04 13:01:47,181]  INFO {AUDIT_LOG} - Initiator=w**************r Action=Get-User-Claim-Values Target=a***n Data={"Claims":{},"Profile":"default"} Outcome=Success
TID: [-1234] [2026-10-04 13:01:47,181]  INFO {AUDIT_LOG} - Initiator=w**************r Action=Get-User-Claim-Values Target=a***n Data={"Claims":{},"Profile":"default"} Outcome=Success
TID: [-1234] [2026-10-04 13:01:47,181]  INFO {AUDIT_LOG} - Initiator=w**************r Action=Get-User-Claim-Values Target=a***n Data={"Claims":{},"Profile":"default"} Outcome=Success
TID: [-1234] [2026-10-04 13:02:17,180]  INFO {AUDIT_LOG} - Initiator=w**************r Action=Get-User-Claim-Values Target=a***n Data={"Claims":{},"Profile":"default"} Outcome=Success
TID: [-1234] [2026-10-04 13:02:17,180]  INFO {AUDIT_LOG} - Initiator=w**************r Action=Get-User-Claim-Values Target=a***n Data={"Claims":{},"Profile":"default"} Outcome=Success
TID: [-1234] [2026-10-04 13:02:17,180]  INFO {AUDIT_LOG} - Initiator=w**************r Action=Get-User-Claim-Values Target=a***n Data={"Claims":{},"Profile":"default"} Outcome=Success
TID: [-1234] [2026-10-04 13:02:47,180]  INFO {AUDIT_LOG} - Initiator=w**************r Action=Get-User-Claim-Values Target=a***n Data={"Claims":{},"Profile":"default"} Outcome=Success
TID: [-1234] [2026-10-04 13:02:47,180]  INFO {AUDIT_LOG} - Initiator=w**************r Action=Get-User-Claim-Values Target=a***n Data={"Claims":{},"Profile":"default"} Outcome=Success
TID: [-1234] [2026-10-04 13:02:47,180]  INFO {AUDIT_LOG} - Initiator=w**************r Action=Get-User-Claim-Values Target=a***n Data={"Claims":{},"Profile":"default"} Outcome=Success
TID: [-1234] [2026-10-04 13:03:17,180]  INFO {AUDIT_LOG} - Initiator=w**************r Action=Get-User-Claim-Values Target=a***n Data={"Claims":{},"Profile":"default"} Outcome=Success
TID: [-1234] [2026-10-04 13:03:17,180]  INFO {AUDIT_LOG} - Initiator=w**************r Action=Get-User-Claim-Values Target=a***n Data={"Claims":{},"Profile":"default"} Outcome=Success
TID: [-1234] [2026-10-04 13:03:17,180]  INFO {AUDIT_LOG} - Initiator=w**************r Action=Get-User-Claim-Values Target=a***n Data={"Claims":{},"Profile":"default"} Outcome=Success
TID: [-1234] [2026-10-04 13:03:43,288]  INFO {AUDIT_LOG} - Initiator=w**************r Action=Get-User-Claim-Value Target=a***n Data={"Claim":"http://wso2.org/claims/organization"} Outcome=Success
TID: [-1234] [2026-10-04 13:03:43,291]  INFO {AUDIT_LOG} - GET /api/am/service-catalog/v1/services?limit=10&offset=0 user: admin@carbon.super app: lOKNtRmYnWO18JvYCYJANhTjS6sa
TID: [-1234] [2026-10-04 13:03:43,307]  INFO {AUDIT_LOG} - GET /api/am/service-catalog/v1/services?limit=10&offset=0 user: admin@carbon.super app: lOKNtRmYnWO18JvYCYJANhTjS6sa
TID: [-1234] [2026-10-04 13:03:44,784]  INFO {AUDIT_LOG} - GET /api/am/publisher/operation-policies?limit=500 user: admin@carbon.super app: lOKNtRmYnWO18JvYCYJANhTjS6sa
TID: [-1234] [2026-10-04 13:03:45,582]  INFO {AUDIT_LOG} - GET /api/am/publisher/scopes?limit=2000&offset=0 user: admin@carbon.super app: lOKNtRmYnWO18JvYCYJANhTjS6sa
TID: [-1234] [2026-10-04 13:03:46,231]  INFO {AUDIT_LOG} - GET /api/am/publisher/operation-policies?limit=500 user: admin@carbon.super app: lOKNtRmYnWO18JvYCYJANhTjS6sa
TID: [-1234] [2026-10-04 13:03:47,181]  INFO {AUDIT_LOG} - Initiator=w**************r Action=Get-User-Claim-Values Target=a***n Data={"Claims":{},"Profile":"default"} Outcome=Success
TID: [-1234] [2026-10-04 13:03:47,181]  INFO {AUDIT_LOG} - Initiator=w**************r Action=Get-User-Claim-Values Target=a***n Data={"Claims":{},"Profile":"default"} Outcome=Success
TID: [-1234] [2026-10-04 13:03:47,181]  INFO {AUDIT_LOG} - Initiator=w**************r Action=Get-User-Claim-Values Target=a***n Data={"Claims":{},"Profile":"default"} Outcome=Success
TID: [-1234] [2026-10-04 13:03:47,611]  INFO {AUDIT_LOG} - GET /api/am/publisher/mcp-servers?limit=10&offset=0 user: admin@carbon.super app: lOKNtRmYnWO18JvYCYJANhTjS6sa
TID: [-1234] [2026-10-04 13:03:47,644]  INFO {AUDIT_LOG} - GET /api/am/publisher/search?limit=1&offset=0&query=name%3APizzaShackServer%20version%3A1.0.0%20context%3Apizzashackserver%20type%3AMCP user: admin@carbon.super app: lOKNtRmYnWO18JvYCYJANhTjS6sa
TID: [-1234] [2026-10-04 13:03:48,785]  INFO {AUDIT_LOG} - GET /api/am/publisher/api-products?limit=10&offset=0 user: admin@carbon.super app: lOKNtRmYnWO18JvYCYJANhTjS6sa
TID: [-1234] [2026-10-04 13:03:48,828]  INFO {AUDIT_LOG} - GET /api/am/publisher/api-products/64375b4b-7e17-41d3-87ca-81ca0b3494a3/thumbnail user: admin@carbon.super app: lOKNtRmYnWO18JvYCYJANhTjS6sa
TID: [-1234] [2026-10-04 13:03:49,917]  INFO {AUDIT_LOG} - GET /api/am/publisher/mcp-servers?limit=10&offset=0 user: admin@carbon.super app: lOKNtRmYnWO18JvYCYJANhTjS6sa
TID: [-1234] [2026-10-04 13:03:49,948]  INFO {AUDIT_LOG} - GET /api/am/publisher/search?limit=1&offset=0&query=name%3APizzaShackServer%20version%3A1.0.0%20context%3Apizzashackserver%20type%3AMCP user: admin@carbon.super app: lOKNtRmYnWO18JvYCYJANhTjS6sa
TID: [-1234] [2026-10-04 13:03:50,746]  INFO {AUDIT_LOG} - GET /api/am/publisher/apis?limit=10&offset=0 user: admin@carbon.super app: lOKNtRmYnWO18JvYCYJANhTjS6sa
TID: [-1234] [2026-10-04 13:04:17,181]  INFO {AUDIT_LOG} - Initiator=w**************r Action=Get-User-Claim-Values Target=a***n Data={"Claims":{},"Profile":"default"} Outcome=Success
TID: [-1234] [2026-10-04 13:04:17,181]  INFO {AUDIT_LOG} - Initiator=w**************r Action=Get-User-Claim-Values Target=a***n Data={"Claims":{},"Profile":"default"} Outcome=Success
TID: [-1234] [2026-10-04 13:04:17,181]  INFO {AUDIT_LOG} - Initiator=w**************r Action=Get-User-Claim-Values Target=a***n Data={"Claims":{},"Profile":"default"} Outcome=Success
TID: [-1234] [2026-10-04 13:04:47,179]  INFO {AUDIT_LOG} - Initiator=w**************r Action=Get-User-Claim-Values Target=a***n Data={"Claims":{},"Profile":"default"} Outcome=Success
TID: [-1234] [2026-10-04 13:04:47,180]  INFO {AUDIT_LOG} - Initiator=w**************r Action=Get-User-Claim-Values Target=a***n Data={"Claims":{},"Profile":"default"} Outcome=Success
TID: [-1234] [2026-10-04 13:04:47,180]  INFO {AUDIT_LOG} - Initiator=w**************r Action=Get-User-Claim-Values Target=a***n Data={"Claims":{},"Profile":"default"} Outcome=Success
TID: [-1234] [2026-10-04 13:05:17,180]  INFO {AUDIT_LOG} - Initiator=w**************r Action=Get-User-Claim-Values Target=a***n Data={"Claims":{},"Profile":"default"} Outcome=Success
TID: [-1234] [2026-10-04 13:05:17,181]  INFO {AUDIT_LOG} - Initiator=w**************r Action=Get-User-Claim-Values Target=a***n Data={"Claims":{},"Profile":"default"} Outcome=Success
TID: [-1234] [2026-10-04 13:05:17,181]  INFO {AUDIT_LOG} - Initiator=w**************r Action=Get-User-Claim-Values Target=a***n Data={"Claims":{},"Profile":"default"} Outcome=Success
TID: [-1234] [2026-10-04 13:05:47,181]  INFO {AUDIT_LOG} - Initiator=w**************r Action=Get-User-Claim-Values Target=a***n Data={"Claims":{},"Profile":"default"} Outcome=Success
TID: [-1234] [2026-10-04 13:05:47,181]  INFO {AUDIT_LOG} - Initiator=w**************r Action=Get-User-Claim-Values Target=a***n Data={"Claims":{},"Profile":"default"} Outcome=Success
TID: [-1234] [2026-10-04 13:05:47,181]  INFO {AUDIT_LOG} - Initiator=w**************r Action=Get-User-Claim-Values Target=a***n Data={"Claims":{},"Profile":"default"} Outcome=Success
TID: [-1234] [2026-10-04 13:06:17,180]  INFO {AUDIT_LOG} - Initiator=w**************r Action=Get-User-Claim-Values Target=a***n Data={"Claims":{},"Profile":"default"} Outcome=Success
TID: [-1234] [2026-10-04 13:06:17,180]  INFO {AUDIT_LOG} - Initiator=w**************r Action=Get-User-Claim-Values Target=a***n Data={"Claims":{},"Profile":"default"} Outcome=Success
TID: [-1234] [2026-10-04 13:06:17,180]  INFO {AUDIT_LOG} - Initiator=w**************r Action=Get-User-Claim-Values Target=a***n Data={"Claims":{},"Profile":"default"} Outcome=Success
TID: [-1234] [2026-10-04 13:06:47,179]  INFO {AUDIT_LOG} - Initiator=w**************r Action=Get-User-Claim-Values Target=a***n Data={"Claims":{},"Profile":"default"} Outcome=Success
TID: [-1234] [2026-10-04 13:06:47,179]  INFO {AUDIT_LOG} - Initiator=w**************r Action=Get-User-Claim-Values Target=a***n Data={"Claims":{},"Profile":"default"} Outcome=Success
TID: [-1234] [2026-10-04 13:06:47,179]  INFO {AUDIT_LOG} - Initiator=w**************r Action=Get-User-Claim-Values Target=a***n Data={"Claims":{},"Profile":"default"} Outcome=Success
TID: [-1234] [2026-10-04 13:07:17,179]  INFO {AUDIT_LOG} - Initiator=w**************r Action=Get-User-Claim-Values Target=a***n Data={"Claims":{},"Profile":"default"} Outcome=Success
TID: [-1234] [2026-10-04 13:07:17,182]  INFO {AUDIT_LOG} - Initiator=w**************r Action=Get-User-Claim-Values Target=a***n Data={"Claims":{},"Profile":"default"} Outcome=Success
TID: [-1234] [2026-10-04 13:07:17,183]  INFO {AUDIT_LOG} - Initiator=w**************r Action=Get-User-Claim-Values Target=a***n Data={"Claims":{},"Profile":"default"} Outcome=Success
TID: [-1234] [2026-10-04 13:07:47,181]  INFO {AUDIT_LOG} - Initiator=w**************r Action=Get-User-Claim-Values Target=a***n Data={"Claims":{},"Profile":"default"} Outcome=Success
TID: [-1234] [2026-10-04 13:07:47,182]  INFO {AUDIT_LOG} - Initiator=w**************r Action=Get-User-Claim-Values Target=a***n Data={"Claims":{},"Profile":"default"} Outcome=Success
TID: [-1234] [2026-10-04 13:07:47,182]  INFO {AUDIT_LOG} - Initiator=w**************r Action=Get-User-Claim-Values Target=a***n Data={"Claims":{},"Profile":"default"} Outcome=Success
TID: [-1234] [2026-10-04 13:08:17,179]  INFO {AUDIT_LOG} - Initiator=w**************r Action=Get-User-Claim-Values Target=a***n Data={"Claims":{},"Profile":"default"} Outcome=Success
TID: [-1234] [2026-10-04 13:08:17,180]  INFO {AUDIT_LOG} - Initiator=w**************r Action=Get-User-Claim-Values Target=a***n Data={"Claims":{},"Profile":"default"} Outcome=Success
TID: [-1234] [2026-10-04 13:08:17,180]  INFO {AUDIT_LOG} - Initiator=w**************r Action=Get-User-Claim-Values Target=a***n Data={"Claims":{},"Profile":"default"} Outcome=Success
TID: [-1234] [2026-10-04 13:08:47,180]  INFO {AUDIT_LOG} - Initiator=w**************r Action=Get-User-Claim-Values Target=a***n Data={"Claims":{},"Profile":"default"} Outcome=Success
TID: [-1234] [2026-10-04 13:08:47,181]  INFO {AUDIT_LOG} - Initiator=w**************r Action=Get-User-Claim-Values Target=a***n Data={"Claims":{},"Profile":"default"} Outcome=Success
TID: [-1234] [2026-10-04 13:08:47,181]  INFO {AUDIT_LOG} - Initiator=w**************r Action=Get-User-Claim-Values Target=a***n Data={"Claims":{},"Profile":"default"} Outcome=Success
TID: [-1234] [2026-10-04 13:09:17,182]  INFO {AUDIT_LOG} - Initiator=w**************r Action=Get-User-Claim-Values Target=a***n Data={"Claims":{},"Profile":"default"} Outcome=Success
TID: [-1234] [2026-10-04 13:09:17,182]  INFO {AUDIT_LOG} - Initiator=w**************r Action=Get-User-Claim-Values Target=a***n Data={"Claims":{},"Profile":"default"} Outcome=Success
TID: [-1234] [2026-10-04 13:09:17,182]  INFO {AUDIT_LOG} - Initiator=w**************r Action=Get-User-Claim-Values Target=a***n Data={"Claims":{},"Profile":"default"} Outcome=Success
TID: [-1234] [2026-10-04 13:09:47,181]  INFO {AUDIT_LOG} - Initiator=w**************r Action=Get-User-Claim-Values Target=a***n Data={"Claims":{},"Profile":"default"} Outcome=Success
TID: [-1234] [2026-10-04 13:09:47,182]  INFO {AUDIT_LOG} - Initiator=w**************r Action=Get-User-Claim-Values Target=a***n Data={"Claims":{},"Profile":"default"} Outcome=Success
TID: [-1234] [2026-10-04 13:09:47,182]  INFO {AUDIT_LOG} - Initiator=w**************r Action=Get-User-Claim-Values Target=a***n Data={"Claims":{},"Profile":"default"} Outcome=Success
TID: [-1234] [2026-10-04 13:10:17,180]  INFO {AUDIT_LOG} - Initiator=w**************r Action=Get-User-Claim-Values Target=a***n Data={"Claims":{},"Profile":"default"} Outcome=Success
TID: [-1234] [2026-10-04 13:10:17,181]  INFO {AUDIT_LOG} - Initiator=w**************r Action=Get-User-Claim-Values Target=a***n Data={"Claims":{},"Profile":"default"} Outcome=Success
TID: [-1234] [2026-10-04 13:10:17,181]  INFO {AUDIT_LOG} - Initiator=w**************r Action=Get-User-Claim-Values Target=a***n Data={"Claims":{},"Profile":"default"} Outcome=Success
TID: [-1234] [2026-10-04 13:10:47,181]  INFO {AUDIT_LOG} - Initiator=w**************r Action=Get-User-Claim-Values Target=a***n Data={"Claims":{},"Profile":"default"} Outcome=Success
TID: [-1234] [2026-10-04 13:10:47,181]  INFO {AUDIT_LOG} - Initiator=w**************r Action=Get-User-Claim-Values Target=a***n Data={"Claims":{},"Profile":"default"} Outcome=Success
TID: [-1234] [2026-10-04 13:10:47,181]  INFO {AUDIT_LOG} - Initiator=w**************r Action=Get-User-Claim-Values Target=a***n Data={"Claims":{},"Profile":"default"} Outcome=Success
TID: [-1234] [2026-10-04 13:11:17,182]  INFO {AUDIT_LOG} - Initiator=w**************r Action=Get-User-Claim-Values Target=a***n Data={"Claims":{},"Profile":"default"} Outcome=Success
TID: [-1234] [2026-10-04 13:11:17,182]  INFO {AUDIT_LOG} - Initiator=w**************r Action=Get-User-Claim-Values Target=a***n Data={"Claims":{},"Profile":"default"} Outcome=Success
TID: [-1234] [2026-10-04 13:11:17,182]  INFO {AUDIT_LOG} - Initiator=w**************r Action=Get-User-Claim-Values Target=a***n Data={"Claims":{},"Profile":"default"} Outcome=Success
TID: [-1234] [2026-10-04 13:11:47,181]  INFO {AUDIT_LOG} - Initiator=w**************r Action=Get-User-Claim-Values Target=a***n Data={"Claims":{},"Profile":"default"} Outcome=Success
TID: [-1234] [2026-10-04 13:11:47,182]  INFO {AUDIT_LOG} - Initiator=w**************r Action=Get-User-Claim-Values Target=a***n Data={"Claims":{},"Profile":"default"} Outcome=Success
TID: [-1234] [2026-10-04 13:11:47,182]  INFO {AUDIT_LOG} - Initiator=w**************r Action=Get-User-Claim-Values Target=a***n Data={"Claims":{},"Profile":"default"} Outcome=Success
TID: [-1234] [2026-10-04 13:12:17,180]  INFO {AUDIT_LOG} - Initiator=w**************r Action=Get-User-Claim-Values Target=a***n Data={"Claims":{},"Profile":"default"} Outcome=Success
TID: [-1234] [2026-10-04 13:12:17,180]  INFO {AUDIT_LOG} - Initiator=w**************r Action=Get-User-Claim-Values Target=a***n Data={"Claims":{},"Profile":"default"} Outcome=Success
TID: [-1234] [2026-10-04 13:12:17,180]  INFO {AUDIT_LOG} - Initiator=w**************r Action=Get-User-Claim-Values Target=a***n Data={"Claims":{},"Profile":"default"} Outcome=Success
TID: [-1234] [2026-10-04 13:12:47,181]  INFO {AUDIT_LOG} - Initiator=w**************r Action=Get-User-Claim-Values Target=a***n Data={"Claims":{},"Profile":"default"} Outcome=Success
TID: [-1234] [2026-10-04 13:12:47,181]  INFO {AUDIT_LOG} - Initiator=w**************r Action=Get-User-Claim-Values Target=a***n Data={"Claims":{},"Profile":"default"} Outcome=Success
TID: [-1234] [2026-10-04 13:12:47,181]  INFO {AUDIT_LOG} - Initiator=w**************r Action=Get-User-Claim-Values Target=a***n Data={"Claims":{},"Profile":"default"} Outcome=Success
TID: [-1234] [2026-10-04 13:13:17,181]  INFO {AUDIT_LOG} - Initiator=w**************r Action=Get-User-Claim-Values Target=a***n Data={"Claims":{},"Profile":"default"} Outcome=Success
TID: [-1234] [2026-10-04 13:13:17,181]  INFO {AUDIT_LOG} - Initiator=w**************r Action=Get-User-Claim-Values Target=a***n Data={"Claims":{},"Profile":"default"} Outcome=Success
TID: [-1234] [2026-10-04 13:13:17,181]  INFO {AUDIT_LOG} - Initiator=w**************r Action=Get-User-Claim-Values Target=a***n Data={"Claims":{},"Profile":"default"} Outcome=Success
TID: [-1234] [2026-10-04 13:13:22,886]  INFO {AUDIT_LOG} - Initiator=w**************r Action=Get-User-Claim-Values Target=a***n Data={"Claims":{},"Profile":"default"} Outcome=Success
TID: [-1234] [2026-10-04 13:13:22,888]  INFO {AUDIT_LOG} - Initiator=w**************r Action=Get-Roles-of-User Target=a***n Data={"ServiceProviderName":"apim_publisher","Filter":"*","Roles":["Internal/subscriber","Internal/creator","Internal/publisher","Internal/everyone","Internal/devops","admin","Internal/analytics","Internal/observer","Internal/integration_dev"]} Outcome=Success
TID: [-1234] [2026-10-04 13:13:22,889]  INFO {AUDIT_LOG} - Initiator=w**************r Action=Get-User-Claim-Values Target=a***n Data={"ServiceProviderName":"apim_publisher","Claims":{"http://wso2.org/claims/username":"a***n","http://wso2.org/claims/userid":"3b0ad53a-aebd-42fa-b767-c60140e01226","http://wso2.org/claims/role":"I***********************************************************************************************************************************************************v","http://wso2.org/claims/userprincipal":"a***n"}} Outcome=Success
TID: [-1234] [2026-10-04 13:13:22,925]  INFO {AUDIT_LOG} - Initiator : 3b0ad53a-aebd-42fa-b767-c60140e01226 | Action : UpdateSession | Data : { {"traceId":"52b6cfdc-fc08-49ef-b529-e513d34ff5ff","RememberMe":true,"sessionContextId":"c4edeec5477cbd3d26d7787cea5f81dde0f78cabaf6cbbd0bad6f811c7f07c39","AuthenticatedUserTenantDomain":"carbon.super","AuthenticatedUser":"a***n","LastAccessedTimestamp":1791130402892} } | Result : Success 
TID: [-1234] [2026-10-04 13:13:22,926]  INFO {AUDIT_LOG} - Initiator : 3b0ad53a-aebd-42fa-b767-c60140e01226 | Action : Login | Target : ApplicationAuthenticationFramework | Data : { "ContextIdentifier" : "03f9aa4b-97a0-4a4a-a879-fbb6472defb4","AuthenticatedUser" : "a***n","AuthenticatedUserTenantDomain" : "carbon.super","ServiceProviderName" : "apim_publisher","RequestType" : "oidc","RelyingParty" : "lOKNtRmYnWO18JvYCYJANhTjS6sa","AuthenticatedIdPs" : "eyJ0eXAiOiJKV1QiLCJhbGciOiJIUzI1NiJ9.eyJpc3MiOiJ3c28yIiwiZXhwIjoxNzkxMTMwNDA1ODg3LCJpYXQiOjE3OTExMzA0MDI4ODcsImlkcHMiOlt7ImlkcCI6IkxPQ0FMIiwiYXV0aGVudGljYXRvciI6IkJhc2ljQXV0aGVudGljYXRvciJ9XX0.fGlO3vKlv9gGYz8sqy3QYjxb4AnTyLcj_itJZvylieo","User Agent" : "null","RemoteAddress" : "null","UserStoreDomain" : "PRIMARY" } | Result : Success 
TID: [-1234] [2026-10-04 13:13:23,020]  INFO {AUDIT_LOG} - Initiator=w**************r Action=Get-User-List Target=null Data={"Claim Value":"a***n","Users":["a***n"],"Claim":"http://wso2.org/claims/username"} Outcome=Success
TID: [-1234] [2026-10-04 13:13:23,022]  INFO {AUDIT_LOG} - Initiator=w**************r Action=Get-User-Claim-Values Target=a***n Data={"Claims":{},"Profile":"default"} Outcome=Success
TID: [-1234] [2026-10-04 13:13:23,022]  INFO {AUDIT_LOG} - Initiator=w**************r Action=Get-User-Claim-Values Target=a***n Data={"Claims":{},"Profile":"default"} Outcome=Success
TID: [-1234] [2026-10-04 13:13:23,023]  INFO {AUDIT_LOG} - Initiator=w**************r Action=Get-User-Claim-Values Target=a***n Data={"Claims":{},"Profile":"default"} Outcome=Success
TID: [-1234] [2026-10-04 13:13:23,571]  INFO {AUDIT_LOG} - Initiator=w**************r Action=Get-User-Claim-Value Target=a***n Data={"Claim":"http://wso2.org/claims/organization"} Outcome=Success
TID: [-1234] [2026-10-04 13:13:23,571]  INFO {AUDIT_LOG} - Initiator=w**************r Action=Get-User-Claim-Value Target=a***n Data={"Claim":"http://wso2.org/claims/organization"} Outcome=Success
TID: [-1234] [2026-10-04 13:13:23,571]  INFO {AUDIT_LOG} - GET /api/am/publisher/settings user: admin@carbon.super app: lOKNtRmYnWO18JvYCYJANhTjS6sa
TID: [-1234] [2026-10-04 13:13:23,571]  INFO {AUDIT_LOG} - GET /api/am/publisher/api-products?limit=5&offset=0 user: admin@carbon.super app: lOKNtRmYnWO18JvYCYJANhTjS6sa
TID: [-1234] [2026-10-04 13:13:23,576]  INFO {AUDIT_LOG} - GET /api/am/publisher/apis?limit=5&offset=0 user: admin@carbon.super app: lOKNtRmYnWO18JvYCYJANhTjS6sa
TID: [-1234] [2026-10-04 13:13:23,653]  INFO {AUDIT_LOG} - GET /api/am/publisher/api-products/64375b4b-7e17-41d3-87ca-81ca0b3494a3/thumbnail user: admin@carbon.super app: lOKNtRmYnWO18JvYCYJANhTjS6sa
TID: [-1234] [2026-10-04 13:13:23,744]  INFO {AUDIT_LOG} - GET /api/am/publisher/api-products?limit=5&offset=0 user: admin@carbon.super app: lOKNtRmYnWO18JvYCYJANhTjS6sa
TID: [-1234] [2026-10-04 13:13:23,744]  INFO {AUDIT_LOG} - GET /api/am/publisher/mcp-servers?limit=5&offset=0 user: admin@carbon.super app: lOKNtRmYnWO18JvYCYJANhTjS6sa
TID: [-1234] [2026-10-04 13:13:23,744]  INFO {AUDIT_LOG} - GET /api/am/publisher/apis?limit=5&offset=0 user: admin@carbon.super app: lOKNtRmYnWO18JvYCYJANhTjS6sa
TID: [-1234] [2026-10-04 13:13:23,787]  INFO {AUDIT_LOG} - GET /api/am/publisher/api-products/64375b4b-7e17-41d3-87ca-81ca0b3494a3/thumbnail user: admin@carbon.super app: lOKNtRmYnWO18JvYCYJANhTjS6sa
TID: [-1234] [2026-10-04 13:13:28,528]  INFO {AUDIT_LOG} - GET /api/am/publisher/mcp-servers?limit=10&offset=0 user: admin@carbon.super app: lOKNtRmYnWO18JvYCYJANhTjS6sa
TID: [-1234] [2026-10-04 13:13:28,557]  INFO {AUDIT_LOG} - GET /api/am/publisher/search?limit=1&offset=0&query=name%3APizzaShackServer%20version%3A1.0.0%20context%3Apizzashackserver%20type%3AMCP user: admin@carbon.super app: lOKNtRmYnWO18JvYCYJANhTjS6sa
TID: [-1234] [2026-10-04 13:13:29,282]  INFO {AUDIT_LOG} - GET /api/am/publisher/apis?limit=10&offset=0 user: admin@carbon.super app: lOKNtRmYnWO18JvYCYJANhTjS6sa
TID: [-1234] [2026-10-04 13:13:47,180]  INFO {AUDIT_LOG} - Initiator=w**************r Action=Get-User-Claim-Values Target=a***n Data={"Claims":{},"Profile":"default"} Outcome=Success
TID: [-1234] [2026-10-04 13:13:47,181]  INFO {AUDIT_LOG} - Initiator=w**************r Action=Get-User-Claim-Values Target=a***n Data={"Claims":{},"Profile":"default"} Outcome=Success
TID: [-1234] [2026-10-04 13:13:47,181]  INFO {AUDIT_LOG} - Initiator=w**************r Action=Get-User-Claim-Values Target=a***n Data={"Claims":{},"Profile":"default"} Outcome=Success
TID: [-1234] [2026-10-04 13:14:17,180]  INFO {AUDIT_LOG} - Initiator=w**************r Action=Get-User-Claim-Values Target=a***n Data={"Claims":{},"Profile":"default"} Outcome=Success
TID: [-1234] [2026-10-04 13:14:17,180]  INFO {AUDIT_LOG} - Initiator=w**************r Action=Get-User-Claim-Values Target=a***n Data={"Claims":{},"Profile":"default"} Outcome=Success
TID: [-1234] [2026-10-04 13:14:17,180]  INFO {AUDIT_LOG} - Initiator=w**************r Action=Get-User-Claim-Values Target=a***n Data={"Claims":{},"Profile":"default"} Outcome=Success
TID: [-1234] [2026-10-04 13:14:47,185]  INFO {AUDIT_LOG} - Initiator=w**************r Action=Get-User-Claim-Values Target=a***n Data={"Claims":{},"Profile":"default"} Outcome=Success
TID: [-1234] [2026-10-04 13:14:47,185]  INFO {AUDIT_LOG} - Initiator=w**************r Action=Get-User-Claim-Values Target=a***n Data={"Claims":{},"Profile":"default"} Outcome=Success
TID: [-1234] [2026-10-04 13:14:47,185]  INFO {AUDIT_LOG} - Initiator=w**************r Action=Get-User-Claim-Values Target=a***n Data={"Claims":{},"Profile":"default"} Outcome=Success
TID: [-1234] [2026-10-04 13:15:17,180]  INFO {AUDIT_LOG} - Initiator=w**************r Action=Get-User-Claim-Values Target=a***n Data={"Claims":{},"Profile":"default"} Outcome=Success
TID: [-1234] [2026-10-04 13:15:17,181]  INFO {AUDIT_LOG} - Initiator=w**************r Action=Get-User-Claim-Values Target=a***n Data={"Claims":{},"Profile":"default"} Outcome=Success
TID: [-1234] [2026-10-04 13:15:17,181]  INFO {AUDIT_LOG} - Initiator=w**************r Action=Get-User-Claim-Values Target=a***n Data={"Claims":{},"Profile":"default"} Outcome=Success
TID: [-1234] [2026-10-04 13:15:47,180]  INFO {AUDIT_LOG} - Initiator=w**************r Action=Get-User-Claim-Values Target=a***n Data={"Claims":{},"Profile":"default"} Outcome=Success
TID: [-1234] [2026-10-04 13:15:47,180]  INFO {AUDIT_LOG} - Initiator=w**************r Action=Get-User-Claim-Values Target=a***n Data={"Claims":{},"Profile":"default"} Outcome=Success
TID: [-1234] [2026-10-04 13:15:47,181]  INFO {AUDIT_LOG} - Initiator=w**************r Action=Get-User-Claim-Values Target=a***n Data={"Claims":{},"Profile":"default"} Outcome=Success
TID: [-1234] [2026-10-04 13:16:17,179]  INFO {AUDIT_LOG} - Initiator=w**************r Action=Get-User-Claim-Values Target=a***n Data={"Claims":{},"Profile":"default"} Outcome=Success
TID: [-1234] [2026-10-04 13:16:17,179]  INFO {AUDIT_LOG} - Initiator=w**************r Action=Get-User-Claim-Values Target=a***n Data={"Claims":{},"Profile":"default"} Outcome=Success
TID: [-1234] [2026-10-04 13:16:17,180]  INFO {AUDIT_LOG} - Initiator=w**************r Action=Get-User-Claim-Values Target=a***n Data={"Claims":{},"Profile":"default"} Outcome=Success
TID: [-1234] [2026-10-04 13:16:47,182]  INFO {AUDIT_LOG} - Initiator=w**************r Action=Get-User-Claim-Values Target=a***n Data={"Claims":{},"Profile":"default"} Outcome=Success
TID: [-1234] [2026-10-04 13:16:47,182]  INFO {AUDIT_LOG} - Initiator=w**************r Action=Get-User-Claim-Values Target=a***n Data={"Claims":{},"Profile":"default"} Outcome=Success
TID: [-1234] [2026-10-04 13:16:47,182]  INFO {AUDIT_LOG} - Initiator=w**************r Action=Get-User-Claim-Values Target=a***n Data={"Claims":{},"Profile":"default"} Outcome=Success
TID: [-1234] [2026-10-04 13:17:17,181]  INFO {AUDIT_LOG} - Initiator=w**************r Action=Get-User-Claim-Values Target=a***n Data={"Claims":{},"Profile":"default"} Outcome=Success
TID: [-1234] [2026-10-04 13:17:17,184]  INFO {AUDIT_LOG} - Initiator=w**************r Action=Get-User-Claim-Values Target=a***n Data={"Claims":{},"Profile":"default"} Outcome=Success
TID: [-1234] [2026-10-04 13:17:17,184]  INFO {AUDIT_LOG} - Initiator=w**************r Action=Get-User-Claim-Values Target=a***n Data={"Claims":{},"Profile":"default"} Outcome=Success
TID: [-1234] [2026-10-04 13:17:47,181]  INFO {AUDIT_LOG} - Initiator=w**************r Action=Get-User-Claim-Values Target=a***n Data={"Claims":{},"Profile":"default"} Outcome=Success
TID: [-1234] [2026-10-04 13:17:47,181]  INFO {AUDIT_LOG} - Initiator=w**************r Action=Get-User-Claim-Values Target=a***n Data={"Claims":{},"Profile":"default"} Outcome=Success
TID: [-1234] [2026-10-04 13:17:47,181]  INFO {AUDIT_LOG} - Initiator=w**************r Action=Get-User-Claim-Values Target=a***n Data={"Claims":{},"Profile":"default"} Outcome=Success
TID: [-1234] [2026-10-04 13:18:17,181]  INFO {AUDIT_LOG} - Initiator=w**************r Action=Get-User-Claim-Values Target=a***n Data={"Claims":{},"Profile":"default"} Outcome=Success
TID: [-1234] [2026-10-04 13:18:17,181]  INFO {AUDIT_LOG} - Initiator=w**************r Action=Get-User-Claim-Values Target=a***n Data={"Claims":{},"Profile":"default"} Outcome=Success
TID: [-1234] [2026-10-04 13:18:17,181]  INFO {AUDIT_LOG} - Initiator=w**************r Action=Get-User-Claim-Values Target=a***n Data={"Claims":{},"Profile":"default"} Outcome=Success
TID: [-1234] [2026-10-04 13:18:47,181]  INFO {AUDIT_LOG} - Initiator=w**************r Action=Get-User-Claim-Values Target=a***n Data={"Claims":{},"Profile":"default"} Outcome=Success
TID: [-1234] [2026-10-04 13:18:47,182]  INFO {AUDIT_LOG} - Initiator=w**************r Action=Get-User-Claim-Values Target=a***n Data={"Claims":{},"Profile":"default"} Outcome=Success
TID: [-1234] [2026-10-04 13:18:47,182]  INFO {AUDIT_LOG} - Initiator=w**************r Action=Get-User-Claim-Values Target=a***n Data={"Claims":{},"Profile":"default"} Outcome=Success
TID: [-1234] [2026-10-04 13:19:17,180]  INFO {AUDIT_LOG} - Initiator=w**************r Action=Get-User-Claim-Values Target=a***n Data={"Claims":{},"Profile":"default"} Outcome=Success
TID: [-1234] [2026-10-04 13:19:17,180]  INFO {AUDIT_LOG} - Initiator=w**************r Action=Get-User-Claim-Values Target=a***n Data={"Claims":{},"Profile":"default"} Outcome=Success
TID: [-1234] [2026-10-04 13:19:17,180]  INFO {AUDIT_LOG} - Initiator=w**************r Action=Get-User-Claim-Values Target=a***n Data={"Claims":{},"Profile":"default"} Outcome=Success
TID: [-1234] [2026-10-04 13:19:47,180]  INFO {AUDIT_LOG} - Initiator=w**************r Action=Get-User-Claim-Values Target=a***n Data={"Claims":{},"Profile":"default"} Outcome=Success
TID: [-1234] [2026-10-04 13:19:47,180]  INFO {AUDIT_LOG} - Initiator=w**************r Action=Get-User-Claim-Values Target=a***n Data={"Claims":{},"Profile":"default"} Outcome=Success
TID: [-1234] [2026-10-04 13:19:47,180]  INFO {AUDIT_LOG} - Initiator=w**************r Action=Get-User-Claim-Values Target=a***n Data={"Claims":{},"Profile":"default"} Outcome=Success
TID: [-1234] [2026-10-04 13:20:17,181]  INFO {AUDIT_LOG} - Initiator=w**************r Action=Get-User-Claim-Values Target=a***n Data={"Claims":{},"Profile":"default"} Outcome=Success
TID: [-1234] [2026-10-04 13:20:17,182]  INFO {AUDIT_LOG} - Initiator=w**************r Action=Get-User-Claim-Values Target=a***n Data={"Claims":{},"Profile":"default"} Outcome=Success
TID: [-1234] [2026-10-04 13:20:17,182]  INFO {AUDIT_LOG} - Initiator=w**************r Action=Get-User-Claim-Values Target=a***n Data={"Claims":{},"Profile":"default"} Outcome=Success
TID: [-1234] [2026-10-04 13:20:47,181]  INFO {AUDIT_LOG} - Initiator=w**************r Action=Get-User-Claim-Values Target=a***n Data={"Claims":{},"Profile":"default"} Outcome=Success
TID: [-1234] [2026-10-04 13:20:47,181]  INFO {AUDIT_LOG} - Initiator=w**************r Action=Get-User-Claim-Values Target=a***n Data={"Claims":{},"Profile":"default"} Outcome=Success
TID: [-1234] [2026-10-04 13:20:47,181]  INFO {AUDIT_LOG} - Initiator=w**************r Action=Get-User-Claim-Values Target=a***n Data={"Claims":{},"Profile":"default"} Outcome=Success
TID: [-1234] [2026-10-04 13:21:17,181]  INFO {AUDIT_LOG} - Initiator=w**************r Action=Get-User-Claim-Values Target=a***n Data={"Claims":{},"Profile":"default"} Outcome=Success
TID: [-1234] [2026-10-04 13:21:17,181]  INFO {AUDIT_LOG} - Initiator=w**************r Action=Get-User-Claim-Values Target=a***n Data={"Claims":{},"Profile":"default"} Outcome=Success
TID: [-1234] [2026-10-04 13:21:17,181]  INFO {AUDIT_LOG} - Initiator=w**************r Action=Get-User-Claim-Values Target=a***n Data={"Claims":{},"Profile":"default"} Outcome=Success
TID: [-1234] [2026-10-04 13:21:47,180]  INFO {AUDIT_LOG} - Initiator=w**************r Action=Get-User-Claim-Values Target=a***n Data={"Claims":{},"Profile":"default"} Outcome=Success
TID: [-1234] [2026-10-04 13:21:47,180]  INFO {AUDIT_LOG} - Initiator=w**************r Action=Get-User-Claim-Values Target=a***n Data={"Claims":{},"Profile":"default"} Outcome=Success
TID: [-1234] [2026-10-04 13:21:47,180]  INFO {AUDIT_LOG} - Initiator=w**************r Action=Get-User-Claim-Values Target=a***n Data={"Claims":{},"Profile":"default"} Outcome=Success
TID: [-1234] [2026-10-04 13:22:17,180]  INFO {AUDIT_LOG} - Initiator=w**************r Action=Get-User-Claim-Values Target=a***n Data={"Claims":{},"Profile":"default"} Outcome=Success
TID: [-1234] [2026-10-04 13:22:17,181]  INFO {AUDIT_LOG} - Initiator=w**************r Action=Get-User-Claim-Values Target=a***n Data={"Claims":{},"Profile":"default"} Outcome=Success
TID: [-1234] [2026-10-04 13:22:17,181]  INFO {AUDIT_LOG} - Initiator=w**************r Action=Get-User-Claim-Values Target=a***n Data={"Claims":{},"Profile":"default"} Outcome=Success
TID: [-1234] [2026-10-04 13:22:47,181]  INFO {AUDIT_LOG} - Initiator=w**************r Action=Get-User-Claim-Values Target=a***n Data={"Claims":{},"Profile":"default"} Outcome=Success
TID: [-1234] [2026-10-04 13:22:47,181]  INFO {AUDIT_LOG} - Initiator=w**************r Action=Get-User-Claim-Values Target=a***n Data={"Claims":{},"Profile":"default"} Outcome=Success
TID: [-1234] [2026-10-04 13:22:47,181]  INFO {AUDIT_LOG} - Initiator=w**************r Action=Get-User-Claim-Values Target=a***n Data={"Claims":{},"Profile":"default"} Outcome=Success
TID: [-1234] [2026-10-04 13:23:17,180]  INFO {AUDIT_LOG} - Initiator=w**************r Action=Get-User-Claim-Values Target=a***n Data={"Claims":{},"Profile":"default"} Outcome=Success
TID: [-1234] [2026-10-04 13:23:17,180]  INFO {AUDIT_LOG} - Initiator=w**************r Action=Get-User-Claim-Values Target=a***n Data={"Claims":{},"Profile":"default"} Outcome=Success
TID: [-1234] [2026-10-04 13:23:17,180]  INFO {AUDIT_LOG} - Initiator=w**************r Action=Get-User-Claim-Values Target=a***n Data={"Claims":{},"Profile":"default"} Outcome=Success
TID: [-1234] [2026-10-04 13:23:47,182]  INFO {AUDIT_LOG} - Initiator=w**************r Action=Get-User-Claim-Values Target=a***n Data={"Claims":{},"Profile":"default"} Outcome=Success
TID: [-1234] [2026-10-04 13:23:47,182]  INFO {AUDIT_LOG} - Initiator=w**************r Action=Get-User-Claim-Values Target=a***n Data={"Claims":{},"Profile":"default"} Outcome=Success
TID: [-1234] [2026-10-04 13:23:47,182]  INFO {AUDIT_LOG} - Initiator=w**************r Action=Get-User-Claim-Values Target=a***n Data={"Claims":{},"Profile":"default"} Outcome=Success
TID: [-1234] [2026-10-04 13:24:17,181]  INFO {AUDIT_LOG} - Initiator=w**************r Action=Get-User-Claim-Values Target=a***n Data={"Claims":{},"Profile":"default"} Outcome=Success
TID: [-1234] [2026-10-04 13:24:17,181]  INFO {AUDIT_LOG} - Initiator=w**************r Action=Get-User-Claim-Values Target=a***n Data={"Claims":{},"Profile":"default"} Outcome=Success
TID: [-1234] [2026-10-04 13:24:17,181]  INFO {AUDIT_LOG} - Initiator=w**************r Action=Get-User-Claim-Values Target=a***n Data={"Claims":{},"Profile":"default"} Outcome=Success
TID: [-1234] [2026-10-04 13:24:47,182]  INFO {AUDIT_LOG} - Initiator=w**************r Action=Get-User-Claim-Values Target=a***n Data={"Claims":{},"Profile":"default"} Outcome=Success
TID: [-1234] [2026-10-04 13:24:47,182]  INFO {AUDIT_LOG} - Initiator=w**************r Action=Get-User-Claim-Values Target=a***n Data={"Claims":{},"Profile":"default"} Outcome=Success
TID: [-1234] [2026-10-04 13:24:47,183]  INFO {AUDIT_LOG} - Initiator=w**************r Action=Get-User-Claim-Values Target=a***n Data={"Claims":{},"Profile":"default"} Outcome=Success
TID: [-1234] [2026-10-04 13:25:17,181]  INFO {AUDIT_LOG} - Initiator=w**************r Action=Get-User-Claim-Values Target=a***n Data={"Claims":{},"Profile":"default"} Outcome=Success
TID: [-1234] [2026-10-04 13:25:17,181]  INFO {AUDIT_LOG} - Initiator=w**************r Action=Get-User-Claim-Values Target=a***n Data={"Claims":{},"Profile":"default"} Outcome=Success
TID: [-1234] [2026-10-04 13:25:17,181]  INFO {AUDIT_LOG} - Initiator=w**************r Action=Get-User-Claim-Values Target=a***n Data={"Claims":{},"Profile":"default"} Outcome=Success
TID: [-1234] [2026-10-04 13:25:47,180]  INFO {AUDIT_LOG} - Initiator=w**************r Action=Get-User-Claim-Values Target=a***n Data={"Claims":{},"Profile":"default"} Outcome=Success
TID: [-1234] [2026-10-04 13:25:47,180]  INFO {AUDIT_LOG} - Initiator=w**************r Action=Get-User-Claim-Values Target=a***n Data={"Claims":{},"Profile":"default"} Outcome=Success
TID: [-1234] [2026-10-04 13:25:47,181]  INFO {AUDIT_LOG} - Initiator=w**************r Action=Get-User-Claim-Values Target=a***n Data={"Claims":{},"Profile":"default"} Outcome=Success
TID: [-1234] [2026-10-04 13:26:17,180]  INFO {AUDIT_LOG} - Initiator=w**************r Action=Get-User-Claim-Values Target=a***n Data={"Claims":{},"Profile":"default"} Outcome=Success
TID: [-1234] [2026-10-04 13:26:17,180]  INFO {AUDIT_LOG} - Initiator=w**************r Action=Get-User-Claim-Values Target=a***n Data={"Claims":{},"Profile":"default"} Outcome=Success
TID: [-1234] [2026-10-04 13:26:17,180]  INFO {AUDIT_LOG} - Initiator=w**************r Action=Get-User-Claim-Values Target=a***n Data={"Claims":{},"Profile":"default"} Outcome=Success
TID: [-1234] [2026-10-04 13:26:47,184]  INFO {AUDIT_LOG} - Initiator=w**************r Action=Get-User-Claim-Values Target=a***n Data={"Claims":{},"Profile":"default"} Outcome=Success
TID: [-1234] [2026-10-04 13:26:47,185]  INFO {AUDIT_LOG} - Initiator=w**************r Action=Get-User-Claim-Values Target=a***n Data={"Claims":{},"Profile":"default"} Outcome=Success
TID: [-1234] [2026-10-04 13:26:47,185]  INFO {AUDIT_LOG} - Initiator=w**************r Action=Get-User-Claim-Values Target=a***n Data={"Claims":{},"Profile":"default"} Outcome=Success
TID: [-1234] [2026-10-04 13:27:17,181]  INFO {AUDIT_LOG} - Initiator=w**************r Action=Get-User-Claim-Values Target=a***n Data={"Claims":{},"Profile":"default"} Outcome=Success
TID: [-1234] [2026-10-04 13:27:17,182]  INFO {AUDIT_LOG} - Initiator=w**************r Action=Get-User-Claim-Values Target=a***n Data={"Claims":{},"Profile":"default"} Outcome=Success
TID: [-1234] [2026-10-04 13:27:17,182]  INFO {AUDIT_LOG} - Initiator=w**************r Action=Get-User-Claim-Values Target=a***n Data={"Claims":{},"Profile":"default"} Outcome=Success
TID: [-1234] [2026-10-04 13:27:47,180]  INFO {AUDIT_LOG} - Initiator=w**************r Action=Get-User-Claim-Values Target=a***n Data={"Claims":{},"Profile":"default"} Outcome=Success
TID: [-1234] [2026-10-04 13:27:47,180]  INFO {AUDIT_LOG} - Initiator=w**************r Action=Get-User-Claim-Values Target=a***n Data={"Claims":{},"Profile":"default"} Outcome=Success
TID: [-1234] [2026-10-04 13:27:47,181]  INFO {AUDIT_LOG} - Initiator=w**************r Action=Get-User-Claim-Values Target=a***n Data={"Claims":{},"Profile":"default"} Outcome=Success
TID: [-1234] [2026-10-04 13:28:17,181]  INFO {AUDIT_LOG} - Initiator=w**************r Action=Get-User-Claim-Values Target=a***n Data={"Claims":{},"Profile":"default"} Outcome=Success
TID: [-1234] [2026-10-04 13:28:17,181]  INFO {AUDIT_LOG} - Initiator=w**************r Action=Get-User-Claim-Values Target=a***n Data={"Claims":{},"Profile":"default"} Outcome=Success
TID: [-1234] [2026-10-04 13:28:17,182]  INFO {AUDIT_LOG} - Initiator=w**************r Action=Get-User-Claim-Values Target=a***n Data={"Claims":{},"Profile":"default"} Outcome=Success
TID: [-1234] [2026-10-04 13:28:47,181]  INFO {AUDIT_LOG} - Initiator=w**************r Action=Get-User-Claim-Values Target=a***n Data={"Claims":{},"Profile":"default"} Outcome=Success
TID: [-1234] [2026-10-04 13:28:47,182]  INFO {AUDIT_LOG} - Initiator=w**************r Action=Get-User-Claim-Values Target=a***n Data={"Claims":{},"Profile":"default"} Outcome=Success
TID: [-1234] [2026-10-04 13:28:47,182]  INFO {AUDIT_LOG} - Initiator=w**************r Action=Get-User-Claim-Values Target=a***n Data={"Claims":{},"Profile":"default"} Outcome=Success
TID: [-1234] [2026-10-04 13:29:17,180]  INFO {AUDIT_LOG} - Initiator=w**************r Action=Get-User-Claim-Values Target=a***n Data={"Claims":{},"Profile":"default"} Outcome=Success
TID: [-1234] [2026-10-04 13:29:17,180]  INFO {AUDIT_LOG} - Initiator=w**************r Action=Get-User-Claim-Values Target=a***n Data={"Claims":{},"Profile":"default"} Outcome=Success
TID: [-1234] [2026-10-04 13:29:17,181]  INFO {AUDIT_LOG} - Initiator=w**************r Action=Get-User-Claim-Values Target=a***n Data={"Claims":{},"Profile":"default"} Outcome=Success
TID: [-1234] [2026-10-04 13:29:47,180]  INFO {AUDIT_LOG} - Initiator=w**************r Action=Get-User-Claim-Values Target=a***n Data={"Claims":{},"Profile":"default"} Outcome=Success
TID: [-1234] [2026-10-04 13:29:47,181]  INFO {AUDIT_LOG} - Initiator=w**************r Action=Get-User-Claim-Values Target=a***n Data={"Claims":{},"Profile":"default"} Outcome=Success
TID: [-1234] [2026-10-04 13:29:47,181]  INFO {AUDIT_LOG} - Initiator=w**************r Action=Get-User-Claim-Values Target=a***n Data={"Claims":{},"Profile":"default"} Outcome=Success
TID: [-1234] [2026-10-04 13:30:17,182]  INFO {AUDIT_LOG} - Initiator=w**************r Action=Get-User-Claim-Values Target=a***n Data={"Claims":{},"Profile":"default"} Outcome=Success
TID: [-1234] [2026-10-04 13:30:17,182]  INFO {AUDIT_LOG} - Initiator=w**************r Action=Get-User-Claim-Values Target=a***n Data={"Claims":{},"Profile":"default"} Outcome=Success
TID: [-1234] [2026-10-04 13:30:17,182]  INFO {AUDIT_LOG} - Initiator=w**************r Action=Get-User-Claim-Values Target=a***n Data={"Claims":{},"Profile":"default"} Outcome=Success
TID: [-1234] [2026-10-04 13:30:47,181]  INFO {AUDIT_LOG} - Initiator=w**************r Action=Get-User-Claim-Values Target=a***n Data={"Claims":{},"Profile":"default"} Outcome=Success
TID: [-1234] [2026-10-04 13:30:47,181]  INFO {AUDIT_LOG} - Initiator=w**************r Action=Get-User-Claim-Values Target=a***n Data={"Claims":{},"Profile":"default"} Outcome=Success
TID: [-1234] [2026-10-04 13:30:47,181]  INFO {AUDIT_LOG} - Initiator=w**************r Action=Get-User-Claim-Values Target=a***n Data={"Claims":{},"Profile":"default"} Outcome=Success
TID: [-1234] [2026-10-04 13:31:17,180]  INFO {AUDIT_LOG} - Initiator=w**************r Action=Get-User-Claim-Values Target=a***n Data={"Claims":{},"Profile":"default"} Outcome=Success
TID: [-1234] [2026-10-04 13:31:17,180]  INFO {AUDIT_LOG} - Initiator=w**************r Action=Get-User-Claim-Values Target=a***n Data={"Claims":{},"Profile":"default"} Outcome=Success
TID: [-1234] [2026-10-04 13:31:17,180]  INFO {AUDIT_LOG} - Initiator=w**************r Action=Get-User-Claim-Values Target=a***n Data={"Claims":{},"Profile":"default"} Outcome=Success
TID: [-1234] [2026-10-04 13:31:47,180]  INFO {AUDIT_LOG} - Initiator=w**************r Action=Get-User-Claim-Values Target=a***n Data={"Claims":{},"Profile":"default"} Outcome=Success
TID: [-1234] [2026-10-04 13:31:47,180]  INFO {AUDIT_LOG} - Initiator=w**************r Action=Get-User-Claim-Values Target=a***n Data={"Claims":{},"Profile":"default"} Outcome=Success
TID: [-1234] [2026-10-04 13:31:47,181]  INFO {AUDIT_LOG} - Initiator=w**************r Action=Get-User-Claim-Values Target=a***n Data={"Claims":{},"Profile":"default"} Outcome=Success
TID: [-1234] [2026-10-04 13:32:17,181]  INFO {AUDIT_LOG} - Initiator=w**************r Action=Get-User-Claim-Values Target=a***n Data={"Claims":{},"Profile":"default"} Outcome=Success
TID: [-1234] [2026-10-04 13:32:17,181]  INFO {AUDIT_LOG} - Initiator=w**************r Action=Get-User-Claim-Values Target=a***n Data={"Claims":{},"Profile":"default"} Outcome=Success
TID: [-1234] [2026-10-04 13:32:17,181]  INFO {AUDIT_LOG} - Initiator=w**************r Action=Get-User-Claim-Values Target=a***n Data={"Claims":{},"Profile":"default"} Outcome=Success
TID: [-1234] [2026-10-04 13:32:47,180]  INFO {AUDIT_LOG} - Initiator=w**************r Action=Get-User-Claim-Values Target=a***n Data={"Claims":{},"Profile":"default"} Outcome=Success
TID: [-1234] [2026-10-04 13:32:47,180]  INFO {AUDIT_LOG} - Initiator=w**************r Action=Get-User-Claim-Values Target=a***n Data={"Claims":{},"Profile":"default"} Outcome=Success
TID: [-1234] [2026-10-04 13:32:47,180]  INFO {AUDIT_LOG} - Initiator=w**************r Action=Get-User-Claim-Values Target=a***n Data={"Claims":{},"Profile":"default"} Outcome=Success
TID: [-1234] [2026-10-04 13:33:17,180]  INFO {AUDIT_LOG} - Initiator=w**************r Action=Get-User-Claim-Values Target=a***n Data={"Claims":{},"Profile":"default"} Outcome=Success
TID: [-1234] [2026-10-04 13:33:17,180]  INFO {AUDIT_LOG} - Initiator=w**************r Action=Get-User-Claim-Values Target=a***n Data={"Claims":{},"Profile":"default"} Outcome=Success
TID: [-1234] [2026-10-04 13:33:17,180]  INFO {AUDIT_LOG} - Initiator=w**************r Action=Get-User-Claim-Values Target=a***n Data={"Claims":{},"Profile":"default"} Outcome=Success
TID: [-1234] [2026-10-04 13:33:47,181]  INFO {AUDIT_LOG} - Initiator=w**************r Action=Get-User-Claim-Values Target=a***n Data={"Claims":{},"Profile":"default"} Outcome=Success
TID: [-1234] [2026-10-04 13:33:47,182]  INFO {AUDIT_LOG} - Initiator=w**************r Action=Get-User-Claim-Values Target=a***n Data={"Claims":{},"Profile":"default"} Outcome=Success
TID: [-1234] [2026-10-04 13:33:47,182]  INFO {AUDIT_LOG} - Initiator=w**************r Action=Get-User-Claim-Values Target=a***n Data={"Claims":{},"Profile":"default"} Outcome=Success
TID: [-1234] [2026-10-04 13:34:17,180]  INFO {AUDIT_LOG} - Initiator=w**************r Action=Get-User-Claim-Values Target=a***n Data={"Claims":{},"Profile":"default"} Outcome=Success
TID: [-1234] [2026-10-04 13:34:17,180]  INFO {AUDIT_LOG} - Initiator=w**************r Action=Get-User-Claim-Values Target=a***n Data={"Claims":{},"Profile":"default"} Outcome=Success
TID: [-1234] [2026-10-04 13:34:17,180]  INFO {AUDIT_LOG} - Initiator=w**************r Action=Get-User-Claim-Values Target=a***n Data={"Claims":{},"Profile":"default"} Outcome=Success
TID: [-1234] [2026-10-04 13:34:47,182]  INFO {AUDIT_LOG} - Initiator=w**************r Action=Get-User-Claim-Values Target=a***n Data={"Claims":{},"Profile":"default"} Outcome=Success
TID: [-1234] [2026-10-04 13:34:47,182]  INFO {AUDIT_LOG} - Initiator=w**************r Action=Get-User-Claim-Values Target=a***n Data={"Claims":{},"Profile":"default"} Outcome=Success
TID: [-1234] [2026-10-04 13:34:47,182]  INFO {AUDIT_LOG} - Initiator=w**************r Action=Get-User-Claim-Values Target=a***n Data={"Claims":{},"Profile":"default"} Outcome=Success
TID: [-1234] [2026-10-04 13:35:17,181]  INFO {AUDIT_LOG} - Initiator=w**************r Action=Get-User-Claim-Values Target=a***n Data={"Claims":{},"Profile":"default"} Outcome=Success
TID: [-1234] [2026-10-04 13:35:17,181]  INFO {AUDIT_LOG} - Initiator=w**************r Action=Get-User-Claim-Values Target=a***n Data={"Claims":{},"Profile":"default"} Outcome=Success
TID: [-1234] [2026-10-04 13:35:17,181]  INFO {AUDIT_LOG} - Initiator=w**************r Action=Get-User-Claim-Values Target=a***n Data={"Claims":{},"Profile":"default"} Outcome=Success
TID: [-1234] [2026-10-04 13:35:47,182]  INFO {AUDIT_LOG} - Initiator=w**************r Action=Get-User-Claim-Values Target=a***n Data={"Claims":{},"Profile":"default"} Outcome=Success
TID: [-1234] [2026-10-04 13:35:47,182]  INFO {AUDIT_LOG} - Initiator=w**************r Action=Get-User-Claim-Values Target=a***n Data={"Claims":{},"Profile":"default"} Outcome=Success
TID: [-1234] [2026-10-04 13:35:47,182]  INFO {AUDIT_LOG} - Initiator=w**************r Action=Get-User-Claim-Values Target=a***n Data={"Claims":{},"Profile":"default"} Outcome=Success
TID: [-1234] [2026-10-04 13:36:17,180]  INFO {AUDIT_LOG} - Initiator=w**************r Action=Get-User-Claim-Values Target=a***n Data={"Claims":{},"Profile":"default"} Outcome=Success
TID: [-1234] [2026-10-04 13:36:17,180]  INFO {AUDIT_LOG} - Initiator=w**************r Action=Get-User-Claim-Values Target=a***n Data={"Claims":{},"Profile":"default"} Outcome=Success
TID: [-1234] [2026-10-04 13:36:17,180]  INFO {AUDIT_LOG} - Initiator=w**************r Action=Get-User-Claim-Values Target=a***n Data={"Claims":{},"Profile":"default"} Outcome=Success
TID: [-1234] [2026-10-04 13:36:47,181]  INFO {AUDIT_LOG} - Initiator=w**************r Action=Get-User-Claim-Values Target=a***n Data={"Claims":{},"Profile":"default"} Outcome=Success
TID: [-1234] [2026-10-04 13:36:47,182]  INFO {AUDIT_LOG} - Initiator=w**************r Action=Get-User-Claim-Values Target=a***n Data={"Claims":{},"Profile":"default"} Outcome=Success
TID: [-1234] [2026-10-04 13:36:47,182]  INFO {AUDIT_LOG} - Initiator=w**************r Action=Get-User-Claim-Values Target=a***n Data={"Claims":{},"Profile":"default"} Outcome=Success
TID: [-1234] [2026-10-04 13:37:17,180]  INFO {AUDIT_LOG} - Initiator=w**************r Action=Get-User-Claim-Values Target=a***n Data={"Claims":{},"Profile":"default"} Outcome=Success
TID: [-1234] [2026-10-04 13:37:17,180]  INFO {AUDIT_LOG} - Initiator=w**************r Action=Get-User-Claim-Values Target=a***n Data={"Claims":{},"Profile":"default"} Outcome=Success
TID: [-1234] [2026-10-04 13:37:17,181]  INFO {AUDIT_LOG} - Initiator=w**************r Action=Get-User-Claim-Values Target=a***n Data={"Claims":{},"Profile":"default"} Outcome=Success
TID: [-1234] [2026-10-04 13:37:47,181]  INFO {AUDIT_LOG} - Initiator=w**************r Action=Get-User-Claim-Values Target=a***n Data={"Claims":{},"Profile":"default"} Outcome=Success
TID: [-1234] [2026-10-04 13:37:47,181]  INFO {AUDIT_LOG} - Initiator=w**************r Action=Get-User-Claim-Values Target=a***n Data={"Claims":{},"Profile":"default"} Outcome=Success
TID: [-1234] [2026-10-04 13:37:47,182]  INFO {AUDIT_LOG} - Initiator=w**************r Action=Get-User-Claim-Values Target=a***n Data={"Claims":{},"Profile":"default"} Outcome=Success
TID: [-1234] [2026-10-04 13:38:17,180]  INFO {AUDIT_LOG} - Initiator=w**************r Action=Get-User-Claim-Values Target=a***n Data={"Claims":{},"Profile":"default"} Outcome=Success
TID: [-1234] [2026-10-04 13:38:17,180]  INFO {AUDIT_LOG} - Initiator=w**************r Action=Get-User-Claim-Values Target=a***n Data={"Claims":{},"Profile":"default"} Outcome=Success
TID: [-1234] [2026-10-04 13:38:17,180]  INFO {AUDIT_LOG} - Initiator=w**************r Action=Get-User-Claim-Values Target=a***n Data={"Claims":{},"Profile":"default"} Outcome=Success
TID: [-1234] [2026-10-04 13:38:47,181]  INFO {AUDIT_LOG} - Initiator=w**************r Action=Get-User-Claim-Values Target=a***n Data={"Claims":{},"Profile":"default"} Outcome=Success
TID: [-1234] [2026-10-04 13:38:47,181]  INFO {AUDIT_LOG} - Initiator=w**************r Action=Get-User-Claim-Values Target=a***n Data={"Claims":{},"Profile":"default"} Outcome=Success
TID: [-1234] [2026-10-04 13:38:47,181]  INFO {AUDIT_LOG} - Initiator=w**************r Action=Get-User-Claim-Values Target=a***n Data={"Claims":{},"Profile":"default"} Outcome=Success
TID: [-1234] [2026-10-04 13:39:17,179]  INFO {AUDIT_LOG} - Initiator=w**************r Action=Get-User-Claim-Values Target=a***n Data={"Claims":{},"Profile":"default"} Outcome=Success
TID: [-1234] [2026-10-04 13:39:17,180]  INFO {AUDIT_LOG} - Initiator=w**************r Action=Get-User-Claim-Values Target=a***n Data={"Claims":{},"Profile":"default"} Outcome=Success
TID: [-1234] [2026-10-04 13:39:17,180]  INFO {AUDIT_LOG} - Initiator=w**************r Action=Get-User-Claim-Values Target=a***n Data={"Claims":{},"Profile":"default"} Outcome=Success
TID: [-1234] [2026-10-04 13:39:47,183]  INFO {AUDIT_LOG} - Initiator=w**************r Action=Get-User-Claim-Values Target=a***n Data={"Claims":{},"Profile":"default"} Outcome=Success
TID: [-1234] [2026-10-04 13:39:47,183]  INFO {AUDIT_LOG} - Initiator=w**************r Action=Get-User-Claim-Values Target=a***n Data={"Claims":{},"Profile":"default"} Outcome=Success
TID: [-1234] [2026-10-04 13:39:47,183]  INFO {AUDIT_LOG} - Initiator=w**************r Action=Get-User-Claim-Values Target=a***n Data={"Claims":{},"Profile":"default"} Outcome=Success
TID: [-1234] [2026-10-04 13:40:00,877]  INFO {AUDIT_LOG} - 'admin@rh.com [1]' logged in at [2026-10-04 13:40:00,877-0300]
TID: [-1234] [2026-10-04 13:40:01,187]  INFO {AUDIT_LOG} - Initiator=w**************r Action=Get-User-Claim-Values Target=a***n Data={"Claims":{},"Profile":"default"} Outcome=Success
TID: [-1234] [2026-10-04 13:40:01,187]  INFO {AUDIT_LOG} - Initiator=w**************r Action=Get-User-Claim-Values Target=a***n Data={"Claims":{},"Profile":"default"} Outcome=Success
TID: [-1234] [2026-10-04 13:40:01,187]  INFO {AUDIT_LOG} - Initiator=w**************r Action=Get-User-Claim-Values Target=a***n Data={"Claims":{},"Profile":"default"} Outcome=Success
TID: [-1234] [2026-10-04 13:40:01,875]  INFO {AUDIT_LOG} - Initiator=w**************r Action=Get-User-Claim-Values Target=a***n Data={"Claims":{},"Profile":"default"} Outcome=Success
TID: [-1234] [2026-10-04 13:40:01,875]  INFO {AUDIT_LOG} - Initiator=w**************r Action=Get-User-Claim-Values Target=a***n Data={"Claims":{},"Profile":"default"} Outcome=Success
TID: [-1234] [2026-10-04 13:40:01,876]  INFO {AUDIT_LOG} - Initiator=w**************r Action=Get-User-Claim-Values Target=a***n Data={"Claims":{},"Profile":"default"} Outcome=Success
TID: [-1234] [2026-10-04 13:40:01,876]  INFO {AUDIT_LOG} - Initiator=w**************r Action=Get-User-Claim-Values Target=a***n Data={"Claims":{},"Profile":"default"} Outcome=Success
TID: [-1234] [2026-10-04 13:40:01,876]  INFO {AUDIT_LOG} - Initiator=w**************r Action=Get-User-Claim-Values Target=a***n Data={"Claims":{},"Profile":"default"} Outcome=Success
TID: [-1234] [2026-10-04 13:40:01,876]  INFO {AUDIT_LOG} - Initiator=w**************r Action=Get-User-Claim-Values Target=a***n Data={"Claims":{},"Profile":"default"} Outcome=Success
TID: [-1234] [2026-10-04 13:40:01,876]  INFO {AUDIT_LOG} - Initiator=w**************r Action=Get-User-Claim-Values Target=a***n Data={"Claims":{},"Profile":"default"} Outcome=Success
TID: [-1234] [2026-10-04 13:40:01,876]  INFO {AUDIT_LOG} - Initiator=w**************r Action=Get-User-Claim-Values Target=a***n Data={"Claims":{},"Profile":"default"} Outcome=Success
TID: [-1234] [2026-10-04 13:40:01,876]  INFO {AUDIT_LOG} - Initiator=w**************r Action=Get-User-Claim-Values Target=a***n Data={"Claims":{},"Profile":"default"} Outcome=Success
TID: [-1234] [2026-10-04 13:40:01,876]  INFO {AUDIT_LOG} - Initiator=w**************r Action=Get-User-Claim-Values Target=a***n Data={"Claims":{},"Profile":"default"} Outcome=Success
TID: [-1234] [2026-10-04 13:40:01,876]  INFO {AUDIT_LOG} - Initiator=w**************r Action=Get-User-Claim-Values Target=a***n Data={"Claims":{},"Profile":"default"} Outcome=Success
TID: [-1234] [2026-10-04 13:40:01,877]  INFO {AUDIT_LOG} - Initiator=w**************r Action=Get-User-Claim-Values Target=a***n Data={"Claims":{},"Profile":"default"} Outcome=Success
TID: [-1234] [2026-10-04 13:40:01,877]  INFO {AUDIT_LOG} - Initiator=w**************r Action=Get-User-Claim-Values Target=a***n Data={"Claims":{},"Profile":"default"} Outcome=Success
TID: [-1234] [2026-10-04 13:40:01,882]  INFO {AUDIT_LOG} - Initiator=w**************r Action=Get-User-Claim-Values Target=a***n Data={"Claims":{},"Profile":"default"} Outcome=Success
TID: [-1234] [2026-10-04 13:40:01,883]  INFO {AUDIT_LOG} - Initiator=w**************r Action=Get-User-Claim-Values Target=a***n Data={"Claims":{},"Profile":"default"} Outcome=Success
TID: [-1234] [2026-10-04 13:40:01,911]  INFO {AUDIT_LOG} - Initiator=w**************r Action=Get-User-Claim-Values Target=a***n Data={"Claims":{},"Profile":"default"} Outcome=Success
TID: [-1234] [2026-10-04 13:40:01,912]  INFO {AUDIT_LOG} - Initiator=w**************r Action=Get-User-Claim-Values Target=a***n Data={"Claims":{},"Profile":"default"} Outcome=Success
TID: [-1234] [2026-10-04 13:40:01,912]  INFO {AUDIT_LOG} - Initiator=w**************r Action=Get-User-Claim-Values Target=a***n Data={"Claims":{},"Profile":"default"} Outcome=Success
TID: [-1234] [2026-10-04 13:40:01,982]  INFO {AUDIT_LOG} - {"performedBy":"SYSTEM: rh.com","action":"deployed","type":"API"}
TID: [-1234] [2026-10-04 13:40:02,014]  INFO {AUDIT_LOG} - Initiator=w**************r Action=Get-User-Claim-Values Target=a***n Data={"Claims":{},"Profile":"default"} Outcome=Success
TID: [-1234] [2026-10-04 13:40:02,014]  INFO {AUDIT_LOG} - Initiator=w**************r Action=Get-User-Claim-Values Target=a***n Data={"Claims":{},"Profile":"default"} Outcome=Success
TID: [-1234] [2026-10-04 13:40:02,015]  INFO {AUDIT_LOG} - Initiator=w**************r Action=Get-User-Claim-Values Target=a***n Data={"Claims":{},"Profile":"default"} Outcome=Success
TID: [-1234] [2026-10-04 13:40:02,878]  INFO {AUDIT_LOG} - Initiator=w**************r Action=Get-User-Claim-Values Target=a***n Data={"Claims":{},"Profile":"default"} Outcome=Success
TID: [-1234] [2026-10-04 13:40:02,878]  INFO {AUDIT_LOG} - Initiator=w**************r Action=Get-User-Claim-Values Target=a***n Data={"Claims":{},"Profile":"default"} Outcome=Success
TID: [-1234] [2026-10-04 13:40:02,878]  INFO {AUDIT_LOG} - Initiator=w**************r Action=Get-User-Claim-Values Target=a***n Data={"Claims":{},"Profile":"default"} Outcome=Success
TID: [-1234] [2026-10-04 13:40:02,878]  INFO {AUDIT_LOG} - Initiator=w**************r Action=Get-User-Claim-Values Target=a***n Data={"Claims":{},"Profile":"default"} Outcome=Success
TID: [-1234] [2026-10-04 13:40:02,878]  INFO {AUDIT_LOG} - Initiator=w**************r Action=Get-User-Claim-Values Target=a***n Data={"Claims":{},"Profile":"default"} Outcome=Success
TID: [-1234] [2026-10-04 13:40:02,878]  INFO {AUDIT_LOG} - Initiator=w**************r Action=Get-User-Claim-Values Target=a***n Data={"Claims":{},"Profile":"default"} Outcome=Success
TID: [-1234] [2026-10-04 13:40:02,878]  INFO {AUDIT_LOG} - Initiator=w**************r Action=Get-User-Claim-Values Target=a***n Data={"Claims":{},"Profile":"default"} Outcome=Success
TID: [-1234] [2026-10-04 13:40:02,878]  INFO {AUDIT_LOG} - Initiator=w**************r Action=Get-User-Claim-Values Target=a***n Data={"Claims":{},"Profile":"default"} Outcome=Success
TID: [-1234] [2026-10-04 13:40:02,879]  INFO {AUDIT_LOG} - Initiator=w**************r Action=Get-User-Claim-Values Target=a***n Data={"Claims":{},"Profile":"default"} Outcome=Success
TID: [-1234] [2026-10-04 13:40:02,879]  INFO {AUDIT_LOG} - Initiator=w**************r Action=Get-User-Claim-Values Target=a***n Data={"Claims":{},"Profile":"default"} Outcome=Success
TID: [-1234] [2026-10-04 13:40:02,879]  INFO {AUDIT_LOG} - Initiator=w**************r Action=Get-User-Claim-Values Target=a***n Data={"Claims":{},"Profile":"default"} Outcome=Success
TID: [-1234] [2026-10-04 13:40:02,879]  INFO {AUDIT_LOG} - Initiator=w**************r Action=Get-User-Claim-Values Target=a***n Data={"Claims":{},"Profile":"default"} Outcome=Success
TID: [-1234] [2026-10-04 13:40:02,879]  INFO {AUDIT_LOG} - Initiator=w**************r Action=Get-User-Claim-Values Target=a***n Data={"Claims":{},"Profile":"default"} Outcome=Success
TID: [-1234] [2026-10-04 13:40:02,879]  INFO {AUDIT_LOG} - Initiator=w**************r Action=Get-User-Claim-Values Target=a***n Data={"Claims":{},"Profile":"default"} Outcome=Success
TID: [-1234] [2026-10-04 13:40:02,879]  INFO {AUDIT_LOG} - Initiator=w**************r Action=Get-User-Claim-Values Target=a***n Data={"Claims":{},"Profile":"default"} Outcome=Success
TID: [-1234] [2026-10-04 13:40:02,881]  INFO {AUDIT_LOG} - Initiator=w**************r Action=Get-User-Claim-Values Target=a***n Data={"Claims":{},"Profile":"default"} Outcome=Success
TID: [-1234] [2026-10-04 13:40:02,881]  INFO {AUDIT_LOG} - Initiator=w**************r Action=Get-User-Claim-Values Target=a***n Data={"Claims":{},"Profile":"default"} Outcome=Success
TID: [-1234] [2026-10-04 13:40:02,881]  INFO {AUDIT_LOG} - Initiator=w**************r Action=Get-User-Claim-Values Target=a***n Data={"Claims":{},"Profile":"default"} Outcome=Success
TID: [-1234] [2026-10-04 13:40:02,881]  INFO {AUDIT_LOG} - Initiator=w**************r Action=Get-User-Claim-Values Target=a***n Data={"Claims":{},"Profile":"default"} Outcome=Success
TID: [-1234] [2026-10-04 13:40:02,881]  INFO {AUDIT_LOG} - Initiator=w**************r Action=Get-User-Claim-Values Target=a***n Data={"Claims":{},"Profile":"default"} Outcome=Success
TID: [-1234] [2026-10-04 13:40:02,881]  INFO {AUDIT_LOG} - Initiator=w**************r Action=Get-User-Claim-Values Target=a***n Data={"Claims":{},"Profile":"default"} Outcome=Success
TID: [-1234] [2026-10-04 13:40:02,891]  INFO {AUDIT_LOG} - Initiator=w**************r Action=Get-User-Claim-Values Target=a***n Data={"Claims":{},"Profile":"default"} Outcome=Success
TID: [-1234] [2026-10-04 13:40:02,891]  INFO {AUDIT_LOG} - Initiator=w**************r Action=Get-User-Claim-Values Target=a***n Data={"Claims":{},"Profile":"default"} Outcome=Success
TID: [-1234] [2026-10-04 13:40:02,891]  INFO {AUDIT_LOG} - Initiator=w**************r Action=Get-User-Claim-Values Target=a***n Data={"Claims":{},"Profile":"default"} Outcome=Success
TID: [1] [2026-10-04 13:40:12,675]  INFO {AUDIT_LOG} - 'admin@rh.com [1]' logged out at [2026-10-04 13:40:12,0675]
TID: [-1234] [2026-10-04 13:40:17,181]  INFO {AUDIT_LOG} - Initiator=w**************r Action=Get-User-Claim-Values Target=a***n Data={"Claims":{},"Profile":"default"} Outcome=Success
TID: [-1234] [2026-10-04 13:40:17,181]  INFO {AUDIT_LOG} - Initiator=w**************r Action=Get-User-Claim-Values Target=a***n Data={"Claims":{},"Profile":"default"} Outcome=Success
TID: [-1234] [2026-10-04 13:40:17,181]  INFO {AUDIT_LOG} - Initiator=w**************r Action=Get-User-Claim-Values Target=a***n Data={"Claims":{},"Profile":"default"} Outcome=Success
TID: [-1234] [2026-10-04 13:40:47,181]  INFO {AUDIT_LOG} - Initiator=w**************r Action=Get-User-Claim-Values Target=a***n Data={"Claims":{},"Profile":"default"} Outcome=Success
TID: [-1234] [2026-10-04 13:40:47,182]  INFO {AUDIT_LOG} - Initiator=w**************r Action=Get-User-Claim-Values Target=a***n Data={"Claims":{},"Profile":"default"} Outcome=Success
TID: [-1234] [2026-10-04 13:40:47,182]  INFO {AUDIT_LOG} - Initiator=w**************r Action=Get-User-Claim-Values Target=a***n Data={"Claims":{},"Profile":"default"} Outcome=Success
TID: [-1234] [2026-10-04 13:40:47,367]  INFO {AUDIT_LOG} - Initiator=w**************r Action=Get-Roles-of-User Target=a***n Data={"ServiceProviderName":"apim_devportal","Filter":"*","Roles":["Internal/subscriber","Internal/creator","Internal/publisher","Internal/everyone","Internal/devops","admin","Internal/analytics","Internal/observer","Internal/integration_dev"]} Outcome=Success
TID: [-1234] [2026-10-04 13:40:47,367]  INFO {AUDIT_LOG} - Initiator=w**************r Action=Get-User-Claim-Values Target=a***n Data={"ServiceProviderName":"apim_devportal","Claims":{"http://wso2.org/claims/username":"a***n","http://wso2.org/claims/userid":"3b0ad53a-aebd-42fa-b767-c60140e01226","http://wso2.org/claims/role":"I***********************************************************************************************************************************************************v","http://wso2.org/claims/userprincipal":"a***n"}} Outcome=Success
TID: [-1234] [2026-10-04 13:40:47,374]  INFO {AUDIT_LOG} - Initiator : 3b0ad53a-aebd-42fa-b767-c60140e01226 | Action : UpdateSession | Data : { {"traceId":"3321a5a1-041a-46f2-a4ee-3f32177b66a3","RememberMe":true,"sessionContextId":"c4edeec5477cbd3d26d7787cea5f81dde0f78cabaf6cbbd0bad6f811c7f07c39","AuthenticatedUserTenantDomain":"carbon.super","AuthenticatedUser":"a***n","LastAccessedTimestamp":1791132047371} } | Result : Success 
TID: [-1234] [2026-10-04 13:40:47,375]  INFO {AUDIT_LOG} - Initiator : 3b0ad53a-aebd-42fa-b767-c60140e01226 | Action : Login | Target : ApplicationAuthenticationFramework | Data : { "ContextIdentifier" : "871faa91-c0ef-48ac-b80d-3e6f25a2d894","AuthenticatedUser" : "a***n","AuthenticatedUserTenantDomain" : "carbon.super","ServiceProviderName" : "apim_devportal","RequestType" : "oidc","RelyingParty" : "Hp1lf8qAkn_jqObR7ieIrs0YhXYa","AuthenticatedIdPs" : "eyJ0eXAiOiJKV1QiLCJhbGciOiJIUzI1NiJ9.eyJpc3MiOiJ3c28yIiwiZXhwIjoxNzkxMTMyMDUwMzYzLCJpYXQiOjE3OTExMzIwNDczNjMsImlkcHMiOlt7ImlkcCI6IkxPQ0FMIiwiYXV0aGVudGljYXRvciI6IkJhc2ljQXV0aGVudGljYXRvciJ9XX0.TfRy-xO5OmKrRkSYIsP-BEx2EJzVFqsivz1eTOM44NY","User Agent" : "null","RemoteAddress" : "null","UserStoreDomain" : "PRIMARY" } | Result : Success 
TID: [-1234] [2026-10-04 13:40:47,694]  INFO {AUDIT_LOG} - Initiator=w**************r Action=Get-User-List Target=null Data={"Claim Value":"a***n","Users":["a***n"],"Claim":"http://wso2.org/claims/username"} Outcome=Success
TID: [-1234] [2026-10-04 13:40:47,695]  INFO {AUDIT_LOG} - Initiator=w**************r Action=Get-User-Claim-Values Target=a***n Data={"Claims":{},"Profile":"default"} Outcome=Success
TID: [-1234] [2026-10-04 13:40:47,695]  INFO {AUDIT_LOG} - Initiator=w**************r Action=Get-User-Claim-Values Target=a***n Data={"Claims":{},"Profile":"default"} Outcome=Success
TID: [-1234] [2026-10-04 13:40:47,695]  INFO {AUDIT_LOG} - Initiator=w**************r Action=Get-User-Claim-Values Target=a***n Data={"Claims":{},"Profile":"default"} Outcome=Success
TID: [-1234] [2026-10-04 13:40:47,710]  INFO {AUDIT_LOG} - Initiator=w**************r Action=Get-User-Claim-Value Target=a***n Data={"Claim":"http://wso2.org/claims/organization"} Outcome=Success
TID: [-1234] [2026-10-04 13:40:47,876]  INFO {AUDIT_LOG} - GET /api/am/devportal/me/organization-information user: admin@carbon.super app: Hp1lf8qAkn_jqObR7ieIrs0YhXYa
TID: [-1234] [2026-10-04 13:40:47,876]  INFO {AUDIT_LOG} - GET /api/am/devportal/settings user: admin@carbon.super app: Hp1lf8qAkn_jqObR7ieIrs0YhXYa
TID: [-1234] [2026-10-04 13:40:47,911]  INFO {AUDIT_LOG} - GET /api/am/devportal/api-categories user: admin@carbon.super app: Hp1lf8qAkn_jqObR7ieIrs0YhXYa
TID: [-1234] [2026-10-04 13:40:47,911]  INFO {AUDIT_LOG} - GET /api/am/devportal/apis?limit=10&offset=0 user: admin@carbon.super app: Hp1lf8qAkn_jqObR7ieIrs0YhXYa
TID: [-1234] [2026-10-04 13:40:47,915]  INFO {AUDIT_LOG} - GET /api/am/devportal/tags?limit=-1 user: admin@carbon.super app: Hp1lf8qAkn_jqObR7ieIrs0YhXYa
TID: [-1234] [2026-10-04 13:40:47,919]  INFO {AUDIT_LOG} - Initiator=2f224ec3-ccf9-46dc-b66f-7e659bcf171c Action=Get-Roles-of-User Target=a***n Data={"Filter":"*","Roles":["Internal/subscriber","Internal/creator","Internal/publisher","Internal/everyone","Internal/devops","admin","Internal/analytics","Internal/observer","Internal/integration_dev"]} Outcome=Success
TID: [-1234] [2026-10-04 13:40:48,045]  INFO {AUDIT_LOG} - Initiator=w**************r Action=Get-User-Claim-Values Target=a***n Data={"Claims":{},"Profile":"default"} Outcome=Success
TID: [-1234] [2026-10-04 13:40:48,048]  INFO {AUDIT_LOG} - Initiator=w**************r Action=Get-User-Claim-Values Target=a***n Data={"ServiceProviderName":"apim_publisher","Claims":{"http://wso2.org/claims/username":"a***n","http://wso2.org/claims/userid":"3b0ad53a-aebd-42fa-b767-c60140e01226","http://wso2.org/claims/role":"I***********************************************************************************************************************************************************v","http://wso2.org/claims/userprincipal":"a***n"}} Outcome=Success
TID: [-1234] [2026-10-04 13:40:48,052]  INFO {AUDIT_LOG} - Initiator : 3b0ad53a-aebd-42fa-b767-c60140e01226 | Action : UpdateSession | Data : { {"traceId":"33291209-d783-4b43-9d0c-7b0e5f15b530","RememberMe":true,"sessionContextId":"c4edeec5477cbd3d26d7787cea5f81dde0f78cabaf6cbbd0bad6f811c7f07c39","AuthenticatedUserTenantDomain":"carbon.super","AuthenticatedUser":"a***n","LastAccessedTimestamp":1791132048049} } | Result : Success 
TID: [-1234] [2026-10-04 13:40:48,053]  INFO {AUDIT_LOG} - Initiator : 3b0ad53a-aebd-42fa-b767-c60140e01226 | Action : Login | Target : ApplicationAuthenticationFramework | Data : { "ContextIdentifier" : "c7425ec4-62d0-413f-bb9d-f897b7522751","AuthenticatedUser" : "a***n","AuthenticatedUserTenantDomain" : "carbon.super","ServiceProviderName" : "apim_publisher","RequestType" : "oidc","RelyingParty" : "lOKNtRmYnWO18JvYCYJANhTjS6sa","AuthenticatedIdPs" : "eyJ0eXAiOiJKV1QiLCJhbGciOiJIUzI1NiJ9.eyJpc3MiOiJ3c28yIiwiZXhwIjoxNzkxMTMyMDUxMDQ2LCJpYXQiOjE3OTExMzIwNDgwNDYsImlkcHMiOlt7ImlkcCI6IkxPQ0FMIiwiYXV0aGVudGljYXRvciI6IkJhc2ljQXV0aGVudGljYXRvciJ9XX0.6Hpk9yTUHtPQXwyRWGNY0hvvcZMn1mv1PYKupa-De1o","User Agent" : "null","RemoteAddress" : "null","UserStoreDomain" : "PRIMARY" } | Result : Success 
TID: [-1234] [2026-10-04 13:40:48,951]  INFO {AUDIT_LOG} - Initiator=w**************r Action=Get-User-Claim-Value Target=a***n Data={"Claim":"http://wso2.org/claims/organization"} Outcome=Success
TID: [-1234] [2026-10-04 13:40:48,951]  INFO {AUDIT_LOG} - Initiator=w**************r Action=Get-User-Claim-Value Target=a***n Data={"Claim":"http://wso2.org/claims/organization"} Outcome=Success
TID: [-1234] [2026-10-04 13:40:48,952]  INFO {AUDIT_LOG} - GET /api/am/publisher/settings user: admin@carbon.super app: lOKNtRmYnWO18JvYCYJANhTjS6sa
TID: [-1234] [2026-10-04 13:40:48,952]  INFO {AUDIT_LOG} - GET /api/am/publisher/apis?limit=10&offset=0 user: admin@carbon.super app: lOKNtRmYnWO18JvYCYJANhTjS6sa
TID: [-1234] [2026-10-04 13:40:52,430]  INFO {AUDIT_LOG} - Initiator=w**************r Action=Get-User-Claim-Values Target=a***n Data={"Claims":{},"Profile":"default"} Outcome=Success
TID: [-1234] [2026-10-04 13:40:52,431]  INFO {AUDIT_LOG} - Initiator : 3b0ad53a-aebd-42fa-b767-c60140e01226 | Action : Logout | Target : null | Data : { "ContextIdentifier" : "5e421faa-3ae6-4087-8418-e84e2c1cc0b1","LoggedOutUser" : "a***n","LoggedOutUserTenantDomain" : "carbon.super","ServiceProviderName" : "apim_devportal","RequestType" : "oidc","RelyingParty" : "Hp1lf8qAkn_jqObR7ieIrs0YhXYa","AuthenticatedIdPs" : "eyJ0eXAiOiJKV1QiLCJhbGciOiJIUzI1NiJ9.eyJpc3MiOiJ3c28yIiwiZXhwIjoxNzkxMTMyMDUwMzYzLCJpYXQiOjE3OTExMzIwNDczNjMsImlkcHMiOlt7ImlkcCI6IkxPQ0FMIiwiYXV0aGVudGljYXRvciI6IkJhc2ljQXV0aGVudGljYXRvciJ9XX0.TfRy-xO5OmKrRkSYIsP-BEx2EJzVFqsivz1eTOM44NY","User Agent" : "null","RemoteAddress" : "null" } | Result : Success 
TID: [-1234] [2026-10-04 13:41:07,276]  INFO {AUDIT_LOG} - Initiator=w**************r Action=Get-User-List Target=null Data={"ServiceProviderName":"apim_devportal","Claim Value":"m**********a","Users":["D***************a"],"Claim":"http://wso2.org/claims/username"} Outcome=Success
TID: [-1234] [2026-10-04 13:41:07,286]  INFO {AUDIT_LOG} - Initiator=w**************r Action=Get-User-Claim-Values Target=D***************a Data={"ServiceProviderName":"apim_devportal","Claims":{},"Profile":"default"} Outcome=Success
TID: [-1234] [2026-10-04 13:41:07,289]  INFO {AUDIT_LOG} - Initiator=w**************r Action=Get-User-Claim-Values Target=D***************a Data={"ServiceProviderName":"apim_devportal","Claims":{},"Profile":"default"} Outcome=Success
TID: [-1234] [2026-10-04 13:41:07,290]  INFO {AUDIT_LOG} - Initiator : m**********a | Action : LoginStepSuccess | Target : ApplicationAuthenticationFramework | Data : { "ContextIdentifier" : "cc1ed2e2-feb9-4b05-a3ad-57b195a377b8","AuthenticatedUser" : "m**********a","AuthenticatedUserTenantDomain" : "rh.com","ServiceProviderName" : "apim_devportal","RequestType" : "oidc","RelyingParty" : "Hp1lf8qAkn_jqObR7ieIrs0YhXYa","AuthenticatedIdP" : "LOCAL","User Agent" : "null","RemoteAddress" : "null","UserStoreDomain" : "DBLD" } | Result : Success 
TID: [-1234] [2026-10-04 13:41:07,291]  INFO {AUDIT_LOG} - Initiator : D**********************m | Action : Authenticate | Target : ApplicationAuthenticationFramework | Data : { Step: 1, IDP: LOCAL, Authenticator:BasicAuthenticator } | Result : Success 
TID: [-1234] [2026-10-04 13:41:07,300]  INFO {AUDIT_LOG} - Initiator=w**************r Action=Get-Roles-of-User Target=D***************a Data={"ServiceProviderName":"apim_devportal","Filter":"*","Roles":["Internal/subscriber","DBLD/operators","Internal/creator","Internal/system","Internal/publisher","Internal/everyone","Internal/devops","Internal/analytics","Internal/observer","Internal/integration_dev"]} Outcome=Success
TID: [-1234] [2026-10-04 13:41:07,300]  INFO {AUDIT_LOG} - Initiator=w**************r Action=Get-User-Claim-Values Target=D***************a Data={"ServiceProviderName":"apim_devportal","Claims":{"http://wso2.org/claims/username":"m**********a","http://wso2.org/claims/role":"I************************************************************************************************************************************************************************************v","http://wso2.org/claims/fullname":"M***********************a","http://wso2.org/claims/emailaddress":"m**********************m","http://wso2.org/claims/lastname":"S***a","http://wso2.org/claims/givenname":"M****s","http://wso2.org/claims/userprincipal":"m**********a"}} Outcome=Success
TID: [-1234] [2026-10-04 13:41:07,302]  INFO {AUDIT_LOG} - Initiator : m**********a | Action : StoreSession | Data : { {"traceId":"028bf198-bce9-4736-917a-41a673a05ddd","RememberMe":false,"sessionContextId":"376f167a186fffbe7c4048ce1fbc97783d1b073220981177a426b1fb4493dba6","AuthenticatedUserTenantDomain":"rh.com","AuthenticatedUser":"m**********a","LastAccessedTimestamp":1791132067301} } | Result : Success 
TID: [-1234] [2026-10-04 13:41:07,304]  INFO {AUDIT_LOG} - Initiator : m**********a | Action : Login | Target : ApplicationAuthenticationFramework | Data : { "ContextIdentifier" : "cc1ed2e2-feb9-4b05-a3ad-57b195a377b8","AuthenticatedUser" : "m**********a","AuthenticatedUserTenantDomain" : "rh.com","ServiceProviderName" : "apim_devportal","RequestType" : "oidc","RelyingParty" : "Hp1lf8qAkn_jqObR7ieIrs0YhXYa","AuthenticatedIdPs" : "eyJ0eXAiOiJKV1QiLCJhbGciOiJIUzI1NiJ9.eyJpc3MiOiJ3c28yIiwiZXhwIjoxNzkxMTMyMDcwMjkxLCJpYXQiOjE3OTExMzIwNjcyOTEsImlkcHMiOlt7ImlkcCI6IkxPQ0FMIiwiYXV0aGVudGljYXRvciI6IkJhc2ljQXV0aGVudGljYXRvciJ9XX0.vvzPix76HLFT5Z-2TpMdbBgPA76zNdB-KnPKKGKrC3Q","User Agent" : "null","RemoteAddress" : "null","UserStoreDomain" : "DBLD" } | Result : Success 
TID: [-1234] [2026-10-04 13:41:07,317]  INFO {AUDIT_LOG} - Initiator=w**************r Action=Get-Roles-of-User Target=D***************a Data={"Filter":"*","Roles":["Internal/subscriber","DBLD/operators","Internal/creator","Internal/system","Internal/publisher","Internal/everyone","Internal/devops","Internal/analytics","Internal/observer","Internal/integration_dev"]} Outcome=Success
TID: [-1234] [2026-10-04 13:41:07,321]  INFO {AUDIT_LOG} - Initiator=w**************r Action=Get-Roles-of-User Target=D***************a Data={"Filter":"*","Roles":["Internal/subscriber","DBLD/operators","Internal/creator","Internal/system","Internal/publisher","Internal/everyone","Internal/devops","Internal/analytics","Internal/observer","Internal/integration_dev"]} Outcome=Success
TID: [-1234] [2026-10-04 13:41:07,514]  INFO {AUDIT_LOG} - Initiator=w**************r Action=Get-User-List Target=null Data={"Claim Value":"a***n","Users":["a***n"],"Claim":"http://wso2.org/claims/username"} Outcome=Success
TID: [-1234] [2026-10-04 13:41:07,516]  INFO {AUDIT_LOG} - Initiator=w**************r Action=Get-User-Claim-Values Target=a***n Data={"Claims":{},"Profile":"default"} Outcome=Success
TID: [-1234] [2026-10-04 13:41:07,516]  INFO {AUDIT_LOG} - Initiator=w**************r Action=Get-User-Claim-Values Target=a***n Data={"Claims":{},"Profile":"default"} Outcome=Success
TID: [-1234] [2026-10-04 13:41:07,516]  INFO {AUDIT_LOG} - Initiator=w**************r Action=Get-User-Claim-Values Target=a***n Data={"Claims":{},"Profile":"default"} Outcome=Success
TID: [-1234] [2026-10-04 13:41:07,532]  INFO {AUDIT_LOG} - Initiator=w**************r Action=Get-User-Claim-Value Target=D***************a Data={"Claim":"http://wso2.org/claims/organization"} Outcome=Success
TID: [-1234] [2026-10-04 13:41:07,539]  INFO {AUDIT_LOG} - GET /api/am/devportal/settings user: DBLD/marcos.silva@rh.com app: Hp1lf8qAkn_jqObR7ieIrs0YhXYa
TID: [-1234] [2026-10-04 13:41:07,551]  INFO {AUDIT_LOG} - GET /api/am/devportal/me/organization-information user: DBLD/marcos.silva@rh.com app: Hp1lf8qAkn_jqObR7ieIrs0YhXYa
TID: [-1234] [2026-10-04 13:41:07,577]  INFO {AUDIT_LOG} - GET /api/am/devportal/apis?limit=10&offset=0 user: DBLD/marcos.silva@rh.com app: Hp1lf8qAkn_jqObR7ieIrs0YhXYa
TID: [-1234] [2026-10-04 13:41:07,577]  INFO {AUDIT_LOG} - GET /api/am/devportal/tags?limit=-1 user: DBLD/marcos.silva@rh.com app: Hp1lf8qAkn_jqObR7ieIrs0YhXYa
TID: [-1234] [2026-10-04 13:41:07,577]  INFO {AUDIT_LOG} - GET /api/am/devportal/api-categories user: DBLD/marcos.silva@rh.com app: Hp1lf8qAkn_jqObR7ieIrs0YhXYa
TID: [-1234] [2026-10-04 13:41:07,584]  INFO {AUDIT_LOG} - Initiator=D*****************************m Action=Get-Roles-of-User Target=D***************a Data={"Filter":"*","Roles":["Internal/subscriber","DBLD/operators","Internal/creator","Internal/system","Internal/publisher","Internal/everyone","Internal/devops","Internal/analytics","Internal/observer","Internal/integration_dev"]} Outcome=Success
TID: [-1234] [2026-10-04 13:41:07,589]  INFO {AUDIT_LOG} - Initiator=marcos.silva Action=Get-Roles-of-User Target=D***************a Data={"Filter":"*","Roles":["Internal/subscriber","DBLD/operators","Internal/creator","Internal/system","Internal/publisher","Internal/everyone","Internal/devops","Internal/analytics","Internal/observer","Internal/integration_dev"]} Outcome=Success
TID: [-1234] [2026-10-04 13:41:07,594]  INFO {AUDIT_LOG} - Initiator=D*****************************m Action=Get-Roles-of-User Target=D***************a Data={"Filter":"*","Roles":["Internal/subscriber","DBLD/operators","Internal/creator","Internal/system","Internal/publisher","Internal/everyone","Internal/devops","Internal/analytics","Internal/observer","Internal/integration_dev"]} Outcome=Success
TID: [-1234] [2026-10-04 13:41:07,597]  INFO {AUDIT_LOG} - Initiator=marcos.silva Action=Get-Roles-of-User Target=D***************a Data={"Filter":"*","Roles":["Internal/subscriber","DBLD/operators","Internal/creator","Internal/system","Internal/publisher","Internal/everyone","Internal/devops","Internal/analytics","Internal/observer","Internal/integration_dev"]} Outcome=Success
TID: [-1234] [2026-10-04 13:41:07,598]  INFO {AUDIT_LOG} - Initiator=marcos.silva Action=Get-Roles-of-User Target=D***************a Data={"Filter":"*","Roles":["Internal/subscriber","DBLD/operators","Internal/creator","Internal/system","Internal/publisher","Internal/everyone","Internal/devops","Internal/analytics","Internal/observer","Internal/integration_dev"]} Outcome=Success
TID: [-1234] [2026-10-04 13:41:10,321]  INFO {AUDIT_LOG} - Initiator=w**************r Action=Get-User-Claim-Values Target=D***************a Data={"Claims":{},"Profile":"default"} Outcome=Success
TID: [-1234] [2026-10-04 13:41:10,322]  INFO {AUDIT_LOG} - Initiator : m**********a | Action : Logout | Target : null | Data : { "ContextIdentifier" : "fbf178eb-e2c7-41f0-870d-961fa93f0c63","LoggedOutUser" : "m**********a","LoggedOutUserTenantDomain" : "rh.com","ServiceProviderName" : "apim_devportal","RequestType" : "oidc","RelyingParty" : "Hp1lf8qAkn_jqObR7ieIrs0YhXYa","AuthenticatedIdPs" : "eyJ0eXAiOiJKV1QiLCJhbGciOiJIUzI1NiJ9.eyJpc3MiOiJ3c28yIiwiZXhwIjoxNzkxMTMyMDcwMjkxLCJpYXQiOjE3OTExMzIwNjcyOTEsImlkcHMiOlt7ImlkcCI6IkxPQ0FMIiwiYXV0aGVudGljYXRvciI6IkJhc2ljQXV0aGVudGljYXRvciJ9XX0.vvzPix76HLFT5Z-2TpMdbBgPA76zNdB-KnPKKGKrC3Q","User Agent" : "null","RemoteAddress" : "null" } | Result : Success 
TID: [-1234] [2026-10-04 13:41:17,181]  INFO {AUDIT_LOG} - Initiator=w**************r Action=Get-User-Claim-Values Target=a***n Data={"Claims":{},"Profile":"default"} Outcome=Success
TID: [-1234] [2026-10-04 13:41:17,181]  INFO {AUDIT_LOG} - Initiator=w**************r Action=Get-User-Claim-Values Target=a***n Data={"Claims":{},"Profile":"default"} Outcome=Success
TID: [-1234] [2026-10-04 13:41:17,181]  INFO {AUDIT_LOG} - Initiator=w**************r Action=Get-User-Claim-Values Target=a***n Data={"Claims":{},"Profile":"default"} Outcome=Success
TID: [-1234] [2026-10-04 13:41:47,180]  INFO {AUDIT_LOG} - Initiator=w**************r Action=Get-User-Claim-Values Target=a***n Data={"Claims":{},"Profile":"default"} Outcome=Success
TID: [-1234] [2026-10-04 13:41:47,180]  INFO {AUDIT_LOG} - Initiator=w**************r Action=Get-User-Claim-Values Target=a***n Data={"Claims":{},"Profile":"default"} Outcome=Success
TID: [-1234] [2026-10-04 13:41:47,180]  INFO {AUDIT_LOG} - Initiator=w**************r Action=Get-User-Claim-Values Target=a***n Data={"Claims":{},"Profile":"default"} Outcome=Success
TID: [-1234] [2026-10-04 13:42:10,252]  INFO {AUDIT_LOG} - Initiator=w**************r Action=Get-User-List Target=null Data={"ServiceProviderName":"apim_devportal","Claim Value":"c************l","Users":["D*****************l"],"Claim":"http://wso2.org/claims/username"} Outcome=Success
TID: [-1234] [2026-10-04 13:42:10,259]  INFO {AUDIT_LOG} - Initiator=w**************r Action=Get-User-Claim-Values Target=D*****************l Data={"ServiceProviderName":"apim_devportal","Claims":{},"Profile":"default"} Outcome=Success
TID: [-1234] [2026-10-04 13:42:10,262]  INFO {AUDIT_LOG} - Initiator=w**************r Action=Get-User-Claim-Values Target=D*****************l Data={"ServiceProviderName":"apim_devportal","Claims":{},"Profile":"default"} Outcome=Success
TID: [-1234] [2026-10-04 13:42:10,263]  INFO {AUDIT_LOG} - Initiator : c************l | Action : LoginStepSuccess | Target : ApplicationAuthenticationFramework | Data : { "ContextIdentifier" : "b1d132db-b77f-4ab9-9443-e3bf81a40a98","AuthenticatedUser" : "c************l","AuthenticatedUserTenantDomain" : "rh.com","ServiceProviderName" : "apim_devportal","RequestType" : "oidc","RelyingParty" : "Hp1lf8qAkn_jqObR7ieIrs0YhXYa","AuthenticatedIdP" : "LOCAL","User Agent" : "null","RemoteAddress" : "null","UserStoreDomain" : "DBLD" } | Result : Success 
TID: [-1234] [2026-10-04 13:42:10,263]  INFO {AUDIT_LOG} - Initiator : D************************m | Action : Authenticate | Target : ApplicationAuthenticationFramework | Data : { Step: 1, IDP: LOCAL, Authenticator:BasicAuthenticator } | Result : Success 
TID: [-1234] [2026-10-04 13:42:10,271]  INFO {AUDIT_LOG} - Initiator=w**************r Action=Get-Roles-of-User Target=D*****************l Data={"ServiceProviderName":"apim_devportal","Filter":"*","Roles":["Internal/everyone"]} Outcome=Success
TID: [-1234] [2026-10-04 13:42:10,271]  INFO {AUDIT_LOG} - Initiator=w**************r Action=Get-User-Claim-Values Target=D*****************l Data={"ServiceProviderName":"apim_devportal","Claims":{"http://wso2.org/claims/username":"c************l","http://wso2.org/claims/role":"I***************e","http://wso2.org/claims/fullname":"C***************************l","http://wso2.org/claims/emailaddress":"c************************m","http://wso2.org/claims/lastname":"G*****l","http://wso2.org/claims/givenname":"C****s","http://wso2.org/claims/userprincipal":"c************l"}} Outcome=Success
TID: [-1234] [2026-10-04 13:42:10,272]  INFO {AUDIT_LOG} - Initiator : c************l | Action : StoreSession | Data : { {"traceId":"d77cb930-8130-48b2-875c-b5cee4e5e706","RememberMe":false,"sessionContextId":"f49e9f4102236db4e79145695d5a8df8f165de6f5b0620e8791eff258680e979","AuthenticatedUserTenantDomain":"rh.com","AuthenticatedUser":"c************l","LastAccessedTimestamp":1791132130272} } | Result : Success 
TID: [-1234] [2026-10-04 13:42:10,272]  INFO {AUDIT_LOG} - Initiator : c************l | Action : Login | Target : ApplicationAuthenticationFramework | Data : { "ContextIdentifier" : "b1d132db-b77f-4ab9-9443-e3bf81a40a98","AuthenticatedUser" : "c************l","AuthenticatedUserTenantDomain" : "rh.com","ServiceProviderName" : "apim_devportal","RequestType" : "oidc","RelyingParty" : "Hp1lf8qAkn_jqObR7ieIrs0YhXYa","AuthenticatedIdPs" : "eyJ0eXAiOiJKV1QiLCJhbGciOiJIUzI1NiJ9.eyJpc3MiOiJ3c28yIiwiZXhwIjoxNzkxMTMyMTMzMjYzLCJpYXQiOjE3OTExMzIxMzAyNjMsImlkcHMiOlt7ImlkcCI6IkxPQ0FMIiwiYXV0aGVudGljYXRvciI6IkJhc2ljQXV0aGVudGljYXRvciJ9XX0.477ZjZao8GyeZ8i2jO4rAzCfWZZY0bX7eVt4EO4gX-Y","User Agent" : "null","RemoteAddress" : "null","UserStoreDomain" : "DBLD" } | Result : Success 
TID: [-1234] [2026-10-04 13:42:10,289]  INFO {AUDIT_LOG} - Initiator=w**************r Action=Get-Roles-of-User Target=D*****************l Data={"Filter":"*","Roles":["Internal/everyone"]} Outcome=Success
TID: [-1234] [2026-10-04 13:42:10,293]  INFO {AUDIT_LOG} - Initiator=w**************r Action=Get-Roles-of-User Target=D*****************l Data={"Filter":"*","Roles":["Internal/everyone"]} Outcome=Success
TID: [-1234] [2026-10-04 13:42:10,531]  INFO {AUDIT_LOG} - Initiator=w**************r Action=Get-User-List Target=null Data={"Claim Value":"a***n","Users":["a***n"],"Claim":"http://wso2.org/claims/username"} Outcome=Success
TID: [-1234] [2026-10-04 13:42:10,532]  INFO {AUDIT_LOG} - Initiator=w**************r Action=Get-User-Claim-Values Target=a***n Data={"Claims":{},"Profile":"default"} Outcome=Success
TID: [-1234] [2026-10-04 13:42:10,532]  INFO {AUDIT_LOG} - Initiator=w**************r Action=Get-User-Claim-Values Target=a***n Data={"Claims":{},"Profile":"default"} Outcome=Success
TID: [-1234] [2026-10-04 13:42:10,532]  INFO {AUDIT_LOG} - Initiator=w**************r Action=Get-User-Claim-Values Target=a***n Data={"Claims":{},"Profile":"default"} Outcome=Success
TID: [-1234] [2026-10-04 13:42:17,182]  INFO {AUDIT_LOG} - Initiator=w**************r Action=Get-User-Claim-Values Target=a***n Data={"Claims":{},"Profile":"default"} Outcome=Success
TID: [-1234] [2026-10-04 13:42:17,182]  INFO {AUDIT_LOG} - Initiator=w**************r Action=Get-User-Claim-Values Target=a***n Data={"Claims":{},"Profile":"default"} Outcome=Success
TID: [-1234] [2026-10-04 13:42:17,182]  INFO {AUDIT_LOG} - Initiator=w**************r Action=Get-User-Claim-Values Target=a***n Data={"Claims":{},"Profile":"default"} Outcome=Success
