TID: [] [2026-10-01 14:17:05,104]  INFO {AUDIT_LOG} - Initiator=w**************r Action=Get-User-Claim-Values Target=a***n Data={"Claims":{},"Profile":"default"} Outcome=Success
TID: [] [2026-10-01 14:17:05,104]  INFO {AUDIT_LOG} - Initiator=w**************r Action=Get-User-Claim-Values Target=a***n Data={"Claims":{},"Profile":"default"} Outcome=Success
TID: [] [2026-10-01 14:17:05,108]  INFO {AUDIT_LOG} - Initiator=w**************r Action=Get-User-Claim-Values Target=a***n Data={"Claims":{},"Profile":"default"} Outcome=Success
TID: [] [2026-10-01 14:17:05,108]  INFO {AUDIT_LOG} - Initiator=w**************r Action=Get-User-Claim-Values Target=a***n Data={"Claims":{},"Profile":"default"} Outcome=Success
TID: [] [2026-10-01 14:17:05,108]  INFO {AUDIT_LOG} - Initiator=w**************r Action=Get-User-Claim-Values Target=a***n Data={"Claims":{},"Profile":"default"} Outcome=Success
TID: [] [2026-10-01 14:17:05,108]  INFO {AUDIT_LOG} - Initiator=w**************r Action=Get-User-Claim-Values Target=a***n Data={"Claims":{},"Profile":"default"} Outcome=Success
TID: [] [2026-10-01 14:17:05,147]  INFO {AUDIT_LOG} - Initiator=w**************r Action=Get-User-Claim-Values Target=a***n Data={"Claims":{},"Profile":"default"} Outcome=Success
TID: [] [2026-10-01 14:17:05,148]  INFO {AUDIT_LOG} - Initiator=w**************r Action=Get-User-Claim-Values Target=a***n Data={"Claims":{},"Profile":"default"} Outcome=Success
TID: [] [2026-10-01 14:17:05,148]  INFO {AUDIT_LOG} - Initiator=w**************r Action=Get-User-Claim-Values Target=a***n Data={"Claims":{},"Profile":"default"} Outcome=Success
TID: [] [2026-10-01 14:17:05,212]  INFO {AUDIT_LOG} - Initiator=w**************r Action=Get-Roles-of-User Target=a***n Data={"Filter":"*","Roles":["Internal/subscriber","Internal/creator","Internal/publisher","Internal/everyone","Internal/devops","admin","Internal/analytics","Internal/observer","Internal/integration_dev"]} Outcome=Success
TID: [] [2026-10-01 14:17:05,265]  INFO {AUDIT_LOG} - Initiator=w**************r Action=Get-User-Claim-Values Target=a***n Data={"Claims":{},"Profile":"default"} Outcome=Success
TID: [] [2026-10-01 14:17:05,265]  INFO {AUDIT_LOG} - Initiator=w**************r Action=Get-User-Claim-Values Target=a***n Data={"Claims":{},"Profile":"default"} Outcome=Success
TID: [] [2026-10-01 14:17:05,265]  INFO {AUDIT_LOG} - Initiator=w**************r Action=Get-User-Claim-Values Target=a***n Data={"Claims":{},"Profile":"default"} Outcome=Success
TID: [] [2026-10-01 14:17:05,266]  INFO {AUDIT_LOG} - Initiator=w**************r Action=Get-User-Claim-Values Target=a***n Data={"Claims":{},"Profile":"default"} Outcome=Success
TID: [] [2026-10-01 14:17:05,268]  INFO {AUDIT_LOG} - Initiator=w**************r Action=Get-User-Claim-Values Target=a***n Data={"Claims":{},"Profile":"default"} Outcome=Success
TID: [] [2026-10-01 14:17:05,268]  INFO {AUDIT_LOG} - Initiator=w**************r Action=Get-User-Claim-Values Target=a***n Data={"Claims":{},"Profile":"default"} Outcome=Success
TID: [] [2026-10-01 14:17:05,269]  INFO {AUDIT_LOG} - Initiator=w**************r Action=Get-User-Claim-Values Target=a***n Data={"Claims":{},"Profile":"default"} Outcome=Success
TID: [] [2026-10-01 14:17:05,269]  INFO {AUDIT_LOG} - Initiator=w**************r Action=Get-User-Claim-Values Target=a***n Data={"Claims":{},"Profile":"default"} Outcome=Success
TID: [] [2026-10-01 14:17:05,269]  INFO {AUDIT_LOG} - Initiator=w**************r Action=Get-User-Claim-Values Target=a***n Data={"Claims":{},"Profile":"default"} Outcome=Success
TID: [] [2026-10-01 14:17:05,270]  INFO {AUDIT_LOG} - Initiator=w**************r Action=Get-User-Claim-Values Target=a***n Data={"Claims":{},"Profile":"default"} Outcome=Success
TID: [] [2026-10-01 14:17:05,270]  INFO {AUDIT_LOG} - Initiator=w**************r Action=Get-User-Claim-Values Target=a***n Data={"Claims":{},"Profile":"default"} Outcome=Success
TID: [] [2026-10-01 14:17:05,270]  INFO {AUDIT_LOG} - Initiator=w**************r Action=Get-User-Claim-Values Target=a***n Data={"Claims":{},"Profile":"default"} Outcome=Success
TID: [] [2026-10-01 14:17:05,276]  INFO {AUDIT_LOG} - Initiator=w**************r Action=Get-User-Claim-Values Target=a***n Data={"Claims":{},"Profile":"default"} Outcome=Success
TID: [] [2026-10-01 14:17:05,277]  INFO {AUDIT_LOG} - Initiator=w**************r Action=Get-User-Claim-Values Target=a***n Data={"Claims":{},"Profile":"default"} Outcome=Success
TID: [] [2026-10-01 14:17:05,277]  INFO {AUDIT_LOG} - Initiator=w**************r Action=Get-User-Claim-Values Target=a***n Data={"Claims":{},"Profile":"default"} Outcome=Success
TID: [] [2026-10-01 14:17:05,282]  INFO {AUDIT_LOG} - Initiator=w**************r Action=Get-User-Claim-Values Target=a***n Data={"Claims":{},"Profile":"default"} Outcome=Success
TID: [] [2026-10-01 14:17:05,283]  INFO {AUDIT_LOG} - Initiator=w**************r Action=Get-User-Claim-Values Target=a***n Data={"Claims":{},"Profile":"default"} Outcome=Success
TID: [] [2026-10-01 14:17:05,283]  INFO {AUDIT_LOG} - Initiator=w**************r Action=Get-User-Claim-Values Target=a***n Data={"Claims":{},"Profile":"default"} Outcome=Success
TID: [-1234] [2026-10-01 14:17:05,385]  INFO {AUDIT_LOG} - Initiator=w**************r Action=Get-User-Claim-Values Target=a***n Data={"Claims":{},"Profile":"default"} Outcome=Success
TID: [-1234] [2026-10-01 14:17:05,385]  INFO {AUDIT_LOG} - Initiator=w**************r Action=Get-User-Claim-Values Target=a***n Data={"Claims":{},"Profile":"default"} Outcome=Success
TID: [-1234] [2026-10-01 14:17:05,385]  INFO {AUDIT_LOG} - Initiator=w**************r Action=Get-User-Claim-Values Target=a***n Data={"Claims":{},"Profile":"default"} Outcome=Success
TID: [-1234] [2026-10-01 14:17:05,385]  INFO {AUDIT_LOG} - Initiator=w**************r Action=Get-User-Claim-Values Target=a***n Data={"Claims":{},"Profile":"default"} Outcome=Success
TID: [-1234] [2026-10-01 14:17:05,385]  INFO {AUDIT_LOG} - Initiator=w**************r Action=Get-User-Claim-Values Target=a***n Data={"Claims":{},"Profile":"default"} Outcome=Success
TID: [-1234] [2026-10-01 14:17:05,386]  INFO {AUDIT_LOG} - Initiator=w**************r Action=Get-User-Claim-Values Target=a***n Data={"Claims":{},"Profile":"default"} Outcome=Success
TID: [-1234] [2026-10-01 14:17:05,386]  INFO {AUDIT_LOG} - Initiator=w**************r Action=Get-User-Claim-Values Target=a***n Data={"Claims":{},"Profile":"default"} Outcome=Success
TID: [-1234] [2026-10-01 14:17:05,386]  INFO {AUDIT_LOG} - Initiator=w**************r Action=Get-User-Claim-Values Target=a***n Data={"Claims":{},"Profile":"default"} Outcome=Success
TID: [-1234] [2026-10-01 14:17:05,386]  INFO {AUDIT_LOG} - Initiator=w**************r Action=Get-User-Claim-Values Target=a***n Data={"Claims":{},"Profile":"default"} Outcome=Success
TID: [-1234] [2026-10-01 14:17:05,386]  INFO {AUDIT_LOG} - Initiator=w**************r Action=Get-User-Claim-Values Target=a***n Data={"Claims":{},"Profile":"default"} Outcome=Success
TID: [-1234] [2026-10-01 14:17:05,386]  INFO {AUDIT_LOG} - Initiator=w**************r Action=Get-User-Claim-Values Target=a***n Data={"Claims":{},"Profile":"default"} Outcome=Success
TID: [-1234] [2026-10-01 14:17:05,386]  INFO {AUDIT_LOG} - Initiator=w**************r Action=Get-User-Claim-Values Target=a***n Data={"Claims":{},"Profile":"default"} Outcome=Success
TID: [-1234] [2026-10-01 14:17:05,387]  INFO {AUDIT_LOG} - Initiator=w**************r Action=Get-User-Claim-Values Target=a***n Data={"Claims":{},"Profile":"default"} Outcome=Success
TID: [-1234] [2026-10-01 14:17:05,387]  INFO {AUDIT_LOG} - Initiator=w**************r Action=Get-User-Claim-Values Target=a***n Data={"Claims":{},"Profile":"default"} Outcome=Success
TID: [-1234] [2026-10-01 14:17:05,387]  INFO {AUDIT_LOG} - Initiator=w**************r Action=Get-User-Claim-Values Target=a***n Data={"Claims":{},"Profile":"default"} Outcome=Success
TID: [-1234] [2026-10-01 14:17:05,387]  INFO {AUDIT_LOG} - Initiator=w**************r Action=Get-User-Claim-Values Target=a***n Data={"Claims":{},"Profile":"default"} Outcome=Success
TID: [-1234] [2026-10-01 14:17:05,387]  INFO {AUDIT_LOG} - Initiator=w**************r Action=Get-User-Claim-Values Target=a***n Data={"Claims":{},"Profile":"default"} Outcome=Success
TID: [-1234] [2026-10-01 14:17:05,387]  INFO {AUDIT_LOG} - Initiator=w**************r Action=Get-User-Claim-Values Target=a***n Data={"Claims":{},"Profile":"default"} Outcome=Success
TID: [-1234] [2026-10-01 14:17:05,387]  INFO {AUDIT_LOG} - Initiator=w**************r Action=Get-User-Claim-Values Target=a***n Data={"Claims":{},"Profile":"default"} Outcome=Success
TID: [-1234] [2026-10-01 14:17:05,388]  INFO {AUDIT_LOG} - Initiator=w**************r Action=Get-User-Claim-Values Target=a***n Data={"Claims":{},"Profile":"default"} Outcome=Success
TID: [-1234] [2026-10-01 14:17:05,388]  INFO {AUDIT_LOG} - Initiator=w**************r Action=Get-User-Claim-Values Target=a***n Data={"Claims":{},"Profile":"default"} Outcome=Success
TID: [-1234] [2026-10-01 14:17:05,388]  INFO {AUDIT_LOG} - Initiator=w**************r Action=Get-User-Claim-Values Target=a***n Data={"Claims":{},"Profile":"default"} Outcome=Success
TID: [-1234] [2026-10-01 14:17:05,389]  INFO {AUDIT_LOG} - Initiator=w**************r Action=Get-User-Claim-Values Target=a***n Data={"Claims":{},"Profile":"default"} Outcome=Success
TID: [-1234] [2026-10-01 14:17:05,389]  INFO {AUDIT_LOG} - Initiator=w**************r Action=Get-User-Claim-Values Target=a***n Data={"Claims":{},"Profile":"default"} Outcome=Success
TID: [] [2026-10-01 14:17:05,515]  INFO {AUDIT_LOG} - Initiator=w**************r Action=Get-User-Claim-Values Target=a***n Data={"Claims":{},"Profile":"default"} Outcome=Success
TID: [] [2026-10-01 14:17:05,515]  INFO {AUDIT_LOG} - Initiator=w**************r Action=Get-User-Claim-Values Target=a***n Data={"Claims":{},"Profile":"default"} Outcome=Success
TID: [] [2026-10-01 14:17:05,515]  INFO {AUDIT_LOG} - Initiator=w**************r Action=Get-User-Claim-Values Target=a***n Data={"Claims":{},"Profile":"default"} Outcome=Success
TID: [] [2026-10-01 14:17:05,516]  INFO {AUDIT_LOG} - Initiator=w**************r Action=Get-User-Claim-Values Target=a***n Data={"Claims":{},"Profile":"default"} Outcome=Success
TID: [] [2026-10-01 14:17:05,516]  INFO {AUDIT_LOG} - Initiator=w**************r Action=Get-User-Claim-Values Target=a***n Data={"Claims":{},"Profile":"default"} Outcome=Success
TID: [] [2026-10-01 14:17:05,516]  INFO {AUDIT_LOG} - Initiator=w**************r Action=Get-User-Claim-Values Target=a***n Data={"Claims":{},"Profile":"default"} Outcome=Success
TID: [] [2026-10-01 14:17:05,516]  INFO {AUDIT_LOG} - Initiator=w**************r Action=Get-User-Claim-Values Target=a***n Data={"Claims":{},"Profile":"default"} Outcome=Success
TID: [] [2026-10-01 14:17:05,516]  INFO {AUDIT_LOG} - Initiator=w**************r Action=Get-User-Claim-Values Target=a***n Data={"Claims":{},"Profile":"default"} Outcome=Success
TID: [-1234] [2026-10-01 14:17:05,516]  INFO {AUDIT_LOG} - Initiator=w**************r Action=Get-User-Claim-Values Target=a***n Data={"Claims":{},"Profile":"default"} Outcome=Success
TID: [] [2026-10-01 14:17:05,517]  INFO {AUDIT_LOG} - Initiator=w**************r Action=Get-User-Claim-Values Target=a***n Data={"Claims":{},"Profile":"default"} Outcome=Success
TID: [] [2026-10-01 14:17:05,517]  INFO {AUDIT_LOG} - Initiator=w**************r Action=Get-User-Claim-Values Target=a***n Data={"Claims":{},"Profile":"default"} Outcome=Success
TID: [-1234] [2026-10-01 14:17:05,517]  INFO {AUDIT_LOG} - Initiator=w**************r Action=Get-User-Claim-Values Target=a***n Data={"Claims":{},"Profile":"default"} Outcome=Success
TID: [] [2026-10-01 14:17:05,517]  INFO {AUDIT_LOG} - Initiator=w**************r Action=Get-User-Claim-Values Target=a***n Data={"Claims":{},"Profile":"default"} Outcome=Success
TID: [-1234] [2026-10-01 14:17:05,517]  INFO {AUDIT_LOG} - Initiator=w**************r Action=Get-User-Claim-Values Target=a***n Data={"Claims":{},"Profile":"default"} Outcome=Success
TID: [] [2026-10-01 14:17:05,517]  INFO {AUDIT_LOG} - Initiator=w**************r Action=Get-User-Claim-Values Target=a***n Data={"Claims":{},"Profile":"default"} Outcome=Success
TID: [-1234] [2026-10-01 14:17:05,524]  INFO {AUDIT_LOG} - Initiator=w**************r Action=Get-User-Claim-Values Target=a***n Data={"Claims":{},"Profile":"default"} Outcome=Success
TID: [-1234] [2026-10-01 14:17:05,525]  INFO {AUDIT_LOG} - Initiator=w**************r Action=Get-User-Claim-Values Target=a***n Data={"Claims":{},"Profile":"default"} Outcome=Success
TID: [-1234] [2026-10-01 14:17:05,525]  INFO {AUDIT_LOG} - Initiator=w**************r Action=Get-User-Claim-Values Target=a***n Data={"Claims":{},"Profile":"default"} Outcome=Success
TID: [] [2026-10-01 14:17:05,533]  INFO {AUDIT_LOG} - Initiator=w**************r Action=Get-User-Claim-Values Target=a***n Data={"Claims":{},"Profile":"default"} Outcome=Success
TID: [] [2026-10-01 14:17:05,533]  INFO {AUDIT_LOG} - Initiator=w**************r Action=Get-User-Claim-Values Target=a***n Data={"Claims":{},"Profile":"default"} Outcome=Success
TID: [] [2026-10-01 14:17:05,534]  INFO {AUDIT_LOG} - Initiator=w**************r Action=Get-User-Claim-Values Target=a***n Data={"Claims":{},"Profile":"default"} Outcome=Success
TID: [] [2026-10-01 14:17:05,536]  INFO {AUDIT_LOG} - Initiator=w**************r Action=Get-User-Claim-Values Target=a***n Data={"Claims":{},"Profile":"default"} Outcome=Success
TID: [] [2026-10-01 14:17:05,536]  INFO {AUDIT_LOG} - Initiator=w**************r Action=Get-User-Claim-Values Target=a***n Data={"Claims":{},"Profile":"default"} Outcome=Success
TID: [] [2026-10-01 14:17:05,537]  INFO {AUDIT_LOG} - Initiator=w**************r Action=Get-User-Claim-Values Target=a***n Data={"Claims":{},"Profile":"default"} Outcome=Success
TID: [] [2026-10-01 14:17:05,537]  INFO {AUDIT_LOG} - Initiator=w**************r Action=Get-User-Claim-Values Target=a***n Data={"Claims":{},"Profile":"default"} Outcome=Success
TID: [] [2026-10-01 14:17:05,537]  INFO {AUDIT_LOG} - Initiator=w**************r Action=Get-User-Claim-Values Target=a***n Data={"Claims":{},"Profile":"default"} Outcome=Success
TID: [] [2026-10-01 14:17:05,537]  INFO {AUDIT_LOG} - Initiator=w**************r Action=Get-User-Claim-Values Target=a***n Data={"Claims":{},"Profile":"default"} Outcome=Success
TID: [] [2026-10-01 14:17:05,538]  INFO {AUDIT_LOG} - Initiator=w**************r Action=Get-User-Claim-Values Target=a***n Data={"Claims":{},"Profile":"default"} Outcome=Success
TID: [] [2026-10-01 14:17:05,538]  INFO {AUDIT_LOG} - Initiator=w**************r Action=Get-User-Claim-Values Target=a***n Data={"Claims":{},"Profile":"default"} Outcome=Success
TID: [] [2026-10-01 14:17:05,538]  INFO {AUDIT_LOG} - Initiator=w**************r Action=Get-User-Claim-Values Target=a***n Data={"Claims":{},"Profile":"default"} Outcome=Success
TID: [] [2026-10-01 14:17:05,613]  WARN {AUDIT_LOG} - Initiator=w**************r Action=Add-User Target=a****************r Data={"Claims":{"http://wso2.org/claims/username":"a****************r","http://wso2.org/claims/userid":"b1ae3b23-2599-453d-a2c3-81b6053d4bd0"},"Roles":["internal/everyone"],"Profile":"apim_reserved_user"} Outcome=Success
TID: [] [2026-10-01 14:17:05,616]  INFO {AUDIT_LOG} - Initiator=w**************r Action=Get-Roles-of-User Target=a****************r Data={"Filter":"*","Roles":["Internal/everyone"]} Outcome=Success
TID: [] [2026-10-01 14:17:05,625]  INFO {AUDIT_LOG} - Initiator=w**************r Action=Get-User-Claim-Values Target=a***n Data={"Claims":{},"Profile":"default"} Outcome=Success
TID: [] [2026-10-01 14:17:05,626]  INFO {AUDIT_LOG} - Initiator=w**************r Action=Get-User-Claim-Values Target=a***n Data={"Claims":{},"Profile":"default"} Outcome=Success
TID: [] [2026-10-01 14:17:05,626]  INFO {AUDIT_LOG} - Initiator=w**************r Action=Get-User-Claim-Values Target=a***n Data={"Claims":{},"Profile":"default"} Outcome=Success
TID: [-1234] [2026-10-01 14:17:05,635]  INFO {AUDIT_LOG} - Initiator=w**************r Action=Get-User-Claim-Values Target=a***n Data={"Claims":{},"Profile":"default"} Outcome=Success
TID: [-1234] [2026-10-01 14:17:05,636]  INFO {AUDIT_LOG} - Initiator=w**************r Action=Get-User-Claim-Values Target=a***n Data={"Claims":{},"Profile":"default"} Outcome=Success
TID: [-1234] [2026-10-01 14:17:05,636]  INFO {AUDIT_LOG} - Initiator=w**************r Action=Get-User-Claim-Values Target=a***n Data={"Claims":{},"Profile":"default"} Outcome=Success
TID: [-1234] [2026-10-01 14:17:05,651]  INFO {AUDIT_LOG} - Initiator=w**************r Action=Get-User-Claim-Values Target=a***n Data={"Claims":{},"Profile":"default"} Outcome=Success
TID: [-1234] [2026-10-01 14:17:05,652]  INFO {AUDIT_LOG} - Initiator=w**************r Action=Get-User-Claim-Values Target=a***n Data={"Claims":{},"Profile":"default"} Outcome=Success
TID: [-1234] [2026-10-01 14:17:05,652]  INFO {AUDIT_LOG} - Initiator=w**************r Action=Get-User-Claim-Values Target=a***n Data={"Claims":{},"Profile":"default"} Outcome=Success
TID: [] [2026-10-01 14:17:05,653]  INFO {AUDIT_LOG} - {"performedBy":"SYSTEM: carbon.super","action":"deployed","type":"API"}
TID: [-1234] [2026-10-01 14:17:05,656]  INFO {AUDIT_LOG} - Initiator=w**************r Action=Get-User-Claim-Values Target=a***n Data={"Claims":{},"Profile":"default"} Outcome=Success
TID: [-1234] [2026-10-01 14:17:05,657]  INFO {AUDIT_LOG} - Initiator=w**************r Action=Get-User-Claim-Values Target=a***n Data={"Claims":{},"Profile":"default"} Outcome=Success
TID: [-1234] [2026-10-01 14:17:05,657]  INFO {AUDIT_LOG} - Initiator=w**************r Action=Get-User-Claim-Values Target=a***n Data={"Claims":{},"Profile":"default"} Outcome=Success
TID: [] [2026-10-01 14:17:05,662]  INFO {AUDIT_LOG} - {"performedBy":"SYSTEM: carbon.super","action":"deployed","type":"API"}
TID: [] [2026-10-01 14:17:05,666]  INFO {AUDIT_LOG} - Initiator=w**************r Action=Get-User-Claim-Values Target=a***n Data={"Claims":{},"Profile":"default"} Outcome=Success
TID: [] [2026-10-01 14:17:05,666]  INFO {AUDIT_LOG} - Initiator=w**************r Action=Get-User-Claim-Values Target=a***n Data={"Claims":{},"Profile":"default"} Outcome=Success
TID: [] [2026-10-01 14:17:05,666]  INFO {AUDIT_LOG} - Initiator=w**************r Action=Get-User-Claim-Values Target=a***n Data={"Claims":{},"Profile":"default"} Outcome=Success
TID: [] [2026-10-01 14:17:05,667]  INFO {AUDIT_LOG} - Initiator=w**************r Action=Get-User-Claim-Values Target=a***n Data={"Claims":{},"Profile":"default"} Outcome=Success
TID: [] [2026-10-01 14:17:05,669]  INFO {AUDIT_LOG} - Initiator=w**************r Action=Get-User-Claim-Values Target=a***n Data={"Claims":{},"Profile":"default"} Outcome=Success
TID: [] [2026-10-01 14:17:05,669]  INFO {AUDIT_LOG} - Initiator=w**************r Action=Get-User-Claim-Values Target=a***n Data={"Claims":{},"Profile":"default"} Outcome=Success
TID: [-1234] [2026-10-01 14:17:05,673]  INFO {AUDIT_LOG} - Initiator=w**************r Action=Get-User-Claim-Values Target=a***n Data={"Claims":{},"Profile":"default"} Outcome=Success
TID: [-1234] [2026-10-01 14:17:05,674]  INFO {AUDIT_LOG} - Initiator=w**************r Action=Get-User-Claim-Values Target=a***n Data={"Claims":{},"Profile":"default"} Outcome=Success
TID: [-1234] [2026-10-01 14:17:05,674]  INFO {AUDIT_LOG} - Initiator=w**************r Action=Get-User-Claim-Values Target=a***n Data={"Claims":{},"Profile":"default"} Outcome=Success
TID: [] [2026-10-01 14:17:05,674]  INFO {AUDIT_LOG} - Initiator=w**************r Action=Get-User-Claim-Values Target=a***n Data={"Claims":{},"Profile":"default"} Outcome=Success
TID: [] [2026-10-01 14:17:05,674]  INFO {AUDIT_LOG} - Initiator=w**************r Action=Get-User-Claim-Values Target=a***n Data={"Claims":{},"Profile":"default"} Outcome=Success
TID: [] [2026-10-01 14:17:05,675]  INFO {AUDIT_LOG} - Initiator=w**************r Action=Get-User-Claim-Values Target=a***n Data={"Claims":{},"Profile":"default"} Outcome=Success
TID: [-1234] [2026-10-01 14:17:05,678]  INFO {AUDIT_LOG} - Initiator=w**************r Action=Get-User-Claim-Values Target=a***n Data={"Claims":{},"Profile":"default"} Outcome=Success
TID: [-1234] [2026-10-01 14:17:05,678]  INFO {AUDIT_LOG} - Initiator=w**************r Action=Get-User-Claim-Values Target=a***n Data={"Claims":{},"Profile":"default"} Outcome=Success
TID: [-1234] [2026-10-01 14:17:05,678]  INFO {AUDIT_LOG} - Initiator=w**************r Action=Get-User-Claim-Values Target=a***n Data={"Claims":{},"Profile":"default"} Outcome=Success
TID: [] [2026-10-01 14:17:05,681]  INFO {AUDIT_LOG} - Initiator=w**************r Action=Get-User-Claim-Values Target=a***n Data={"Claims":{},"Profile":"default"} Outcome=Success
TID: [] [2026-10-01 14:17:05,682]  INFO {AUDIT_LOG} - Initiator=w**************r Action=Get-User-Claim-Values Target=a***n Data={"Claims":{},"Profile":"default"} Outcome=Success
TID: [] [2026-10-01 14:17:05,682]  INFO {AUDIT_LOG} - Initiator=w**************r Action=Get-User-Claim-Values Target=a***n Data={"Claims":{},"Profile":"default"} Outcome=Success
TID: [] [2026-10-01 14:17:05,682]  INFO {AUDIT_LOG} - Initiator=w**************r Action=Get-User-Claim-Values Target=a***n Data={"Claims":{},"Profile":"default"} Outcome=Success
TID: [] [2026-10-01 14:17:05,682]  INFO {AUDIT_LOG} - Initiator=w**************r Action=Get-User-Claim-Values Target=a***n Data={"Claims":{},"Profile":"default"} Outcome=Success
TID: [] [2026-10-01 14:17:05,682]  INFO {AUDIT_LOG} - Initiator=w**************r Action=Get-User-Claim-Values Target=a***n Data={"Claims":{},"Profile":"default"} Outcome=Success
TID: [] [2026-10-01 14:17:05,682]  INFO {AUDIT_LOG} - Initiator=w**************r Action=Get-User-Claim-Values Target=a***n Data={"Claims":{},"Profile":"default"} Outcome=Success
TID: [] [2026-10-01 14:17:05,682]  INFO {AUDIT_LOG} - Initiator=w**************r Action=Get-User-Claim-Values Target=a***n Data={"Claims":{},"Profile":"default"} Outcome=Success
TID: [] [2026-10-01 14:17:05,683]  INFO {AUDIT_LOG} - Initiator=w**************r Action=Get-User-Claim-Values Target=a***n Data={"Claims":{},"Profile":"default"} Outcome=Success
TID: [] [2026-10-01 14:17:05,687]  INFO {AUDIT_LOG} - Initiator=w**************r Action=Get-User-Claim-Values Target=a***n Data={"Claims":{},"Profile":"default"} Outcome=Success
TID: [] [2026-10-01 14:17:05,688]  INFO {AUDIT_LOG} - Initiator=w**************r Action=Get-User-Claim-Values Target=a***n Data={"Claims":{},"Profile":"default"} Outcome=Success
TID: [] [2026-10-01 14:17:05,689]  INFO {AUDIT_LOG} - Initiator=w**************r Action=Get-User-Claim-Values Target=a***n Data={"Claims":{},"Profile":"default"} Outcome=Success
TID: [] [2026-10-01 14:17:05,690]  INFO {AUDIT_LOG} - Initiator=w**************r Action=Get-User-Claim-Values Target=a***n Data={"Claims":{},"Profile":"default"} Outcome=Success
TID: [-1234] [2026-10-01 14:17:05,691]  INFO {AUDIT_LOG} - Initiator=w**************r Action=Get-User-Claim-Values Target=a***n Data={"Claims":{},"Profile":"default"} Outcome=Success
TID: [-1234] [2026-10-01 14:17:05,691]  INFO {AUDIT_LOG} - Initiator=w**************r Action=Get-User-Claim-Values Target=a***n Data={"Claims":{},"Profile":"default"} Outcome=Success
TID: [] [2026-10-01 14:17:05,691]  INFO {AUDIT_LOG} - Initiator=w**************r Action=Get-User-Claim-Values Target=a***n Data={"Claims":{},"Profile":"default"} Outcome=Success
TID: [-1234] [2026-10-01 14:17:05,691]  INFO {AUDIT_LOG} - Initiator=w**************r Action=Get-User-Claim-Values Target=a***n Data={"Claims":{},"Profile":"default"} Outcome=Success
TID: [] [2026-10-01 14:17:05,692]  INFO {AUDIT_LOG} - Initiator=w**************r Action=Get-User-Claim-Values Target=a***n Data={"Claims":{},"Profile":"default"} Outcome=Success
TID: [-1234] [2026-10-01 14:17:05,693]  INFO {AUDIT_LOG} - Initiator=w**************r Action=Get-User-Claim-Values Target=a***n Data={"Claims":{},"Profile":"default"} Outcome=Success
TID: [-1234] [2026-10-01 14:17:05,693]  INFO {AUDIT_LOG} - Initiator=w**************r Action=Get-User-Claim-Values Target=a***n Data={"Claims":{},"Profile":"default"} Outcome=Success
TID: [-1234] [2026-10-01 14:17:05,694]  INFO {AUDIT_LOG} - Initiator=w**************r Action=Get-User-Claim-Values Target=a***n Data={"Claims":{},"Profile":"default"} Outcome=Success
TID: [] [2026-10-01 14:17:05,695]  INFO {AUDIT_LOG} - Initiator=w**************r Action=Get-User-Claim-Values Target=a***n Data={"Claims":{},"Profile":"default"} Outcome=Success
TID: [] [2026-10-01 14:17:05,696]  INFO {AUDIT_LOG} - Initiator=w**************r Action=Get-User-Claim-Values Target=a***n Data={"Claims":{},"Profile":"default"} Outcome=Success
TID: [] [2026-10-01 14:17:05,696]  INFO {AUDIT_LOG} - Initiator=w**************r Action=Get-User-Claim-Values Target=a***n Data={"Claims":{},"Profile":"default"} Outcome=Success
TID: [] [2026-10-01 14:17:05,701]  INFO {AUDIT_LOG} - Initiator=w**************r Action=Get-User-Claim-Values Target=a***n Data={"Claims":{},"Profile":"default"} Outcome=Success
TID: [] [2026-10-01 14:17:05,702]  INFO {AUDIT_LOG} - Initiator=w**************r Action=Get-User-Claim-Values Target=a***n Data={"Claims":{},"Profile":"default"} Outcome=Success
TID: [] [2026-10-01 14:17:05,702]  INFO {AUDIT_LOG} - Initiator=w**************r Action=Get-User-Claim-Values Target=a***n Data={"Claims":{},"Profile":"default"} Outcome=Success
TID: [] [2026-10-01 14:17:05,707]  INFO {AUDIT_LOG} - Initiator=w**************r Action=Get-User-Claim-Values Target=a***n Data={"Claims":{},"Profile":"default"} Outcome=Success
TID: [] [2026-10-01 14:17:05,708]  INFO {AUDIT_LOG} - Initiator=w**************r Action=Get-User-Claim-Values Target=a***n Data={"Claims":{},"Profile":"default"} Outcome=Success
TID: [] [2026-10-01 14:17:05,708]  INFO {AUDIT_LOG} - Initiator=w**************r Action=Get-User-Claim-Values Target=a***n Data={"Claims":{},"Profile":"default"} Outcome=Success
TID: [] [2026-10-01 14:17:05,708]  INFO {AUDIT_LOG} - Initiator=w**************r Action=Get-User-Claim-Values Target=a***n Data={"Claims":{},"Profile":"default"} Outcome=Success
TID: [] [2026-10-01 14:17:05,708]  INFO {AUDIT_LOG} - Initiator=w**************r Action=Get-User-Claim-Values Target=a***n Data={"Claims":{},"Profile":"default"} Outcome=Success
TID: [] [2026-10-01 14:17:05,708]  INFO {AUDIT_LOG} - Initiator=w**************r Action=Get-User-Claim-Values Target=a***n Data={"Claims":{},"Profile":"default"} Outcome=Success
TID: [] [2026-10-01 14:17:05,709]  INFO {AUDIT_LOG} - Initiator=w**************r Action=Get-User-Claim-Values Target=a***n Data={"Claims":{},"Profile":"default"} Outcome=Success
TID: [] [2026-10-01 14:17:05,709]  INFO {AUDIT_LOG} - Initiator=w**************r Action=Get-User-Claim-Values Target=a***n Data={"Claims":{},"Profile":"default"} Outcome=Success
TID: [] [2026-10-01 14:17:05,709]  INFO {AUDIT_LOG} - Initiator=w**************r Action=Get-User-Claim-Values Target=a***n Data={"Claims":{},"Profile":"default"} Outcome=Success
TID: [] [2026-10-01 14:17:05,887]  INFO {AUDIT_LOG} - Initiator=w**************r Action=Get-User-Claim-Values Target=a***n Data={"Claims":{},"Profile":"default"} Outcome=Success
TID: [] [2026-10-01 14:17:05,888]  INFO {AUDIT_LOG} - Initiator=w**************r Action=Get-User-Claim-Values Target=a***n Data={"Claims":{},"Profile":"default"} Outcome=Success
TID: [] [2026-10-01 14:17:05,888]  INFO {AUDIT_LOG} - Initiator=w**************r Action=Get-User-Claim-Values Target=a***n Data={"Claims":{},"Profile":"default"} Outcome=Success
TID: [-1234] [2026-10-01 14:17:06,277]  INFO {AUDIT_LOG} - Initiator=w**************r Action=Get-User-Claim-Values Target=a***n Data={"Claims":{},"Profile":"default"} Outcome=Success
TID: [-1234] [2026-10-01 14:17:06,278]  INFO {AUDIT_LOG} - Initiator=w**************r Action=Get-User-Claim-Values Target=a***n Data={"Claims":{},"Profile":"default"} Outcome=Success
TID: [-1234] [2026-10-01 14:17:06,278]  INFO {AUDIT_LOG} - Initiator=w**************r Action=Get-User-Claim-Values Target=a***n Data={"Claims":{},"Profile":"default"} Outcome=Success
TID: [-1234] [2026-10-01 14:17:06,315]  INFO {AUDIT_LOG} - Initiator=w**************r Action=Get-User-Claim-Values Target=a***n Data={"Claims":{},"Profile":"default"} Outcome=Success
TID: [-1234] [2026-10-01 14:17:06,315]  INFO {AUDIT_LOG} - Initiator=w**************r Action=Get-User-Claim-Values Target=a***n Data={"Claims":{},"Profile":"default"} Outcome=Success
TID: [-1234] [2026-10-01 14:17:06,315]  INFO {AUDIT_LOG} - Initiator=w**************r Action=Get-User-Claim-Values Target=a***n Data={"Claims":{},"Profile":"default"} Outcome=Success
TID: [-1234] [2026-10-01 14:17:06,330]  INFO {AUDIT_LOG} - Initiator=w**************r Action=Get-User-Claim-Values Target=a***n Data={"Claims":{},"Profile":"default"} Outcome=Success
TID: [-1234] [2026-10-01 14:17:06,331]  INFO {AUDIT_LOG} - Initiator=w**************r Action=Get-User-Claim-Values Target=a***n Data={"Claims":{},"Profile":"default"} Outcome=Success
TID: [-1234] [2026-10-01 14:17:06,331]  INFO {AUDIT_LOG} - Initiator=w**************r Action=Get-User-Claim-Values Target=a***n Data={"Claims":{},"Profile":"default"} Outcome=Success
TID: [-1234] [2026-10-01 14:17:06,346]  INFO {AUDIT_LOG} - Initiator=w**************r Action=Get-User-Claim-Values Target=a***n Data={"Claims":{},"Profile":"default"} Outcome=Success
TID: [-1234] [2026-10-01 14:17:06,346]  INFO {AUDIT_LOG} - Initiator=w**************r Action=Get-User-Claim-Values Target=a***n Data={"Claims":{},"Profile":"default"} Outcome=Success
TID: [-1234] [2026-10-01 14:17:06,346]  INFO {AUDIT_LOG} - Initiator=w**************r Action=Get-User-Claim-Values Target=a***n Data={"Claims":{},"Profile":"default"} Outcome=Success
TID: [-1234] [2026-10-01 14:17:06,347]  INFO {AUDIT_LOG} - Initiator=w**************r Action=Get-User-Claim-Values Target=a***n Data={"Claims":{},"Profile":"default"} Outcome=Success
TID: [-1234] [2026-10-01 14:17:06,347]  INFO {AUDIT_LOG} - Initiator=w**************r Action=Get-User-Claim-Values Target=a***n Data={"Claims":{},"Profile":"default"} Outcome=Success
TID: [-1234] [2026-10-01 14:17:06,347]  INFO {AUDIT_LOG} - Initiator=w**************r Action=Get-User-Claim-Values Target=a***n Data={"Claims":{},"Profile":"default"} Outcome=Success
TID: [-1234] [2026-10-01 14:17:06,366]  INFO {AUDIT_LOG} - Initiator=w**************r Action=Get-User-Claim-Values Target=a***n Data={"Claims":{},"Profile":"default"} Outcome=Success
TID: [-1234] [2026-10-01 14:17:06,366]  INFO {AUDIT_LOG} - Initiator=w**************r Action=Get-User-Claim-Values Target=a***n Data={"Claims":{},"Profile":"default"} Outcome=Success
TID: [-1234] [2026-10-01 14:17:06,367]  INFO {AUDIT_LOG} - Initiator=w**************r Action=Get-User-Claim-Values Target=a***n Data={"Claims":{},"Profile":"default"} Outcome=Success
TID: [-1234] [2026-10-01 14:17:06,662]  INFO {AUDIT_LOG} - Initiator=w**************r Action=Get-User-Claim-Values Target=a***n Data={"Claims":{},"Profile":"default"} Outcome=Success
TID: [-1234] [2026-10-01 14:17:06,662]  INFO {AUDIT_LOG} - Initiator=w**************r Action=Get-User-Claim-Values Target=a***n Data={"Claims":{},"Profile":"default"} Outcome=Success
TID: [-1234] [2026-10-01 14:17:06,662]  INFO {AUDIT_LOG} - Initiator=w**************r Action=Get-User-Claim-Values Target=a***n Data={"Claims":{},"Profile":"default"} Outcome=Success
TID: [-1234] [2026-10-01 14:17:06,662]  INFO {AUDIT_LOG} - Initiator=w**************r Action=Get-User-Claim-Values Target=a***n Data={"Claims":{},"Profile":"default"} Outcome=Success
TID: [-1234] [2026-10-01 14:17:06,662]  INFO {AUDIT_LOG} - Initiator=w**************r Action=Get-User-Claim-Values Target=a***n Data={"Claims":{},"Profile":"default"} Outcome=Success
TID: [-1234] [2026-10-01 14:17:06,662]  INFO {AUDIT_LOG} - Initiator=w**************r Action=Get-User-Claim-Values Target=a***n Data={"Claims":{},"Profile":"default"} Outcome=Success
TID: [-1234] [2026-10-01 14:17:06,665]  INFO {AUDIT_LOG} - Initiator=w**************r Action=Get-User-Claim-Values Target=a***n Data={"Claims":{},"Profile":"default"} Outcome=Success
TID: [-1234] [2026-10-01 14:17:06,666]  INFO {AUDIT_LOG} - Initiator=w**************r Action=Get-User-Claim-Values Target=a***n Data={"Claims":{},"Profile":"default"} Outcome=Success
TID: [-1234] [2026-10-01 14:17:06,666]  INFO {AUDIT_LOG} - Initiator=w**************r Action=Get-User-Claim-Values Target=a***n Data={"Claims":{},"Profile":"default"} Outcome=Success
TID: [-1234] [2026-10-01 14:17:35,650]  INFO {AUDIT_LOG} - Initiator=w**************r Action=Get-User-Claim-Values Target=a***n Data={"Claims":{},"Profile":"default"} Outcome=Success
TID: [-1234] [2026-10-01 14:17:35,650]  INFO {AUDIT_LOG} - Initiator=w**************r Action=Get-User-Claim-Values Target=a***n Data={"Claims":{},"Profile":"default"} Outcome=Success
TID: [-1234] [2026-10-01 14:17:35,650]  INFO {AUDIT_LOG} - Initiator=w**************r Action=Get-User-Claim-Values Target=a***n Data={"Claims":{},"Profile":"default"} Outcome=Success
TID: [-1234] [2026-10-01 14:18:05,649]  INFO {AUDIT_LOG} - Initiator=w**************r Action=Get-User-Claim-Values Target=a***n Data={"Claims":{},"Profile":"default"} Outcome=Success
TID: [-1234] [2026-10-01 14:18:05,650]  INFO {AUDIT_LOG} - Initiator=w**************r Action=Get-User-Claim-Values Target=a***n Data={"Claims":{},"Profile":"default"} Outcome=Success
TID: [-1234] [2026-10-01 14:18:05,650]  INFO {AUDIT_LOG} - Initiator=w**************r Action=Get-User-Claim-Values Target=a***n Data={"Claims":{},"Profile":"default"} Outcome=Success
TID: [-1234] [2026-10-01 14:18:35,649]  INFO {AUDIT_LOG} - Initiator=w**************r Action=Get-User-Claim-Values Target=a***n Data={"Claims":{},"Profile":"default"} Outcome=Success
TID: [-1234] [2026-10-01 14:18:35,649]  INFO {AUDIT_LOG} - Initiator=w**************r Action=Get-User-Claim-Values Target=a***n Data={"Claims":{},"Profile":"default"} Outcome=Success
TID: [-1234] [2026-10-01 14:18:35,649]  INFO {AUDIT_LOG} - Initiator=w**************r Action=Get-User-Claim-Values Target=a***n Data={"Claims":{},"Profile":"default"} Outcome=Success
TID: [-1234] [2026-10-01 14:19:05,649]  INFO {AUDIT_LOG} - Initiator=w**************r Action=Get-User-Claim-Values Target=a***n Data={"Claims":{},"Profile":"default"} Outcome=Success
TID: [-1234] [2026-10-01 14:19:05,649]  INFO {AUDIT_LOG} - Initiator=w**************r Action=Get-User-Claim-Values Target=a***n Data={"Claims":{},"Profile":"default"} Outcome=Success
TID: [-1234] [2026-10-01 14:19:05,650]  INFO {AUDIT_LOG} - Initiator=w**************r Action=Get-User-Claim-Values Target=a***n Data={"Claims":{},"Profile":"default"} Outcome=Success
TID: [-1234] [2026-10-01 14:19:32,856]  INFO {AUDIT_LOG} - Initiator=w**************r Action=Get-User-Claim-Values Target=a***n Data={"Claims":{},"Profile":"default"} Outcome=Success
TID: [-1234] [2026-10-01 14:19:32,857]  INFO {AUDIT_LOG} - Initiator=w**************r Action=Get-User-Claim-Values Target=a***n Data={"Claims":{},"Profile":"default"} Outcome=Success
TID: [-1234] [2026-10-01 14:19:32,857]  INFO {AUDIT_LOG} - Initiator=w**************r Action=Get-User-Claim-Values Target=a***n Data={"Claims":{},"Profile":"default"} Outcome=Success
TID: [-1234] [2026-10-01 14:19:32,869]  INFO {AUDIT_LOG} - 'admin@carbon.super [-1234]' logged in at [2026-10-01 14:19:32,869-0300]
TID: [-1234] [2026-10-01 14:19:35,650]  INFO {AUDIT_LOG} - Initiator=w**************r Action=Get-User-Claim-Values Target=a***n Data={"Claims":{},"Profile":"default"} Outcome=Success
TID: [-1234] [2026-10-01 14:19:35,650]  INFO {AUDIT_LOG} - Initiator=w**************r Action=Get-User-Claim-Values Target=a***n Data={"Claims":{},"Profile":"default"} Outcome=Success
TID: [-1234] [2026-10-01 14:19:35,650]  INFO {AUDIT_LOG} - Initiator=w**************r Action=Get-User-Claim-Values Target=a***n Data={"Claims":{},"Profile":"default"} Outcome=Success
TID: [-1234] [2026-10-01 14:20:05,649]  INFO {AUDIT_LOG} - Initiator=w**************r Action=Get-User-Claim-Values Target=a***n Data={"Claims":{},"Profile":"default"} Outcome=Success
TID: [-1234] [2026-10-01 14:20:05,649]  INFO {AUDIT_LOG} - Initiator=w**************r Action=Get-User-Claim-Values Target=a***n Data={"Claims":{},"Profile":"default"} Outcome=Success
TID: [-1234] [2026-10-01 14:20:05,649]  INFO {AUDIT_LOG} - Initiator=w**************r Action=Get-User-Claim-Values Target=a***n Data={"Claims":{},"Profile":"default"} Outcome=Success
TID: [-1234] [2026-10-01 14:20:35,648]  INFO {AUDIT_LOG} - Initiator=w**************r Action=Get-User-Claim-Values Target=a***n Data={"Claims":{},"Profile":"default"} Outcome=Success
TID: [-1234] [2026-10-01 14:20:35,649]  INFO {AUDIT_LOG} - Initiator=w**************r Action=Get-User-Claim-Values Target=a***n Data={"Claims":{},"Profile":"default"} Outcome=Success
TID: [-1234] [2026-10-01 14:20:35,649]  INFO {AUDIT_LOG} - Initiator=w**************r Action=Get-User-Claim-Values Target=a***n Data={"Claims":{},"Profile":"default"} Outcome=Success
TID: [-1234] [2026-10-01 14:21:05,648]  INFO {AUDIT_LOG} - Initiator=w**************r Action=Get-User-Claim-Values Target=a***n Data={"Claims":{},"Profile":"default"} Outcome=Success
TID: [-1234] [2026-10-01 14:21:05,648]  INFO {AUDIT_LOG} - Initiator=w**************r Action=Get-User-Claim-Values Target=a***n Data={"Claims":{},"Profile":"default"} Outcome=Success
TID: [-1234] [2026-10-01 14:21:05,649]  INFO {AUDIT_LOG} - Initiator=w**************r Action=Get-User-Claim-Values Target=a***n Data={"Claims":{},"Profile":"default"} Outcome=Success
TID: [-1234] [2026-10-01 14:21:35,650]  INFO {AUDIT_LOG} - Initiator=w**************r Action=Get-User-Claim-Values Target=a***n Data={"Claims":{},"Profile":"default"} Outcome=Success
TID: [-1234] [2026-10-01 14:21:35,650]  INFO {AUDIT_LOG} - Initiator=w**************r Action=Get-User-Claim-Values Target=a***n Data={"Claims":{},"Profile":"default"} Outcome=Success
TID: [-1234] [2026-10-01 14:21:35,651]  INFO {AUDIT_LOG} - Initiator=w**************r Action=Get-User-Claim-Values Target=a***n Data={"Claims":{},"Profile":"default"} Outcome=Success
TID: [-1234] [2026-10-01 14:22:05,648]  INFO {AUDIT_LOG} - Initiator=w**************r Action=Get-User-Claim-Values Target=a***n Data={"Claims":{},"Profile":"default"} Outcome=Success
TID: [-1234] [2026-10-01 14:22:05,649]  INFO {AUDIT_LOG} - Initiator=w**************r Action=Get-User-Claim-Values Target=a***n Data={"Claims":{},"Profile":"default"} Outcome=Success
TID: [-1234] [2026-10-01 14:22:05,649]  INFO {AUDIT_LOG} - Initiator=w**************r Action=Get-User-Claim-Values Target=a***n Data={"Claims":{},"Profile":"default"} Outcome=Success
TID: [-1234] [2026-10-01 14:22:26,463]  INFO {AUDIT_LOG} - Initiator=w**************r Action=Get-User-Claim-Values Target=a***n Data={"Claims":{},"Profile":"default"} Outcome=Success
TID: [-1234] [2026-10-01 14:22:26,464]  INFO {AUDIT_LOG} - Initiator=w**************r Action=Get-User-Claim-Values Target=a***n Data={"Claims":{},"Profile":"default"} Outcome=Success
TID: [-1234] [2026-10-01 14:22:26,464]  INFO {AUDIT_LOG} - Initiator=w**************r Action=Get-User-Claim-Values Target=a***n Data={"Claims":{},"Profile":"default"} Outcome=Success
TID: [-1234] [2026-10-01 14:22:26,574]  INFO {AUDIT_LOG} - Initiator : 3b0ad53a-aebd-42fa-b767-c60140e01226 | Action : Add-Application | Target : 9ac0842f-fc31-487b-813f-5cd4f196c410 | Data : { Changed-State : { Name:apim_publisher, Description:Service Provider for application apim_publisher, Resource ID:9ac0842f-fc31-487b-813f-5cd4f196c410, Access URL:null, Is Discoverable:false, Is SaaS:true, , Service Provider Properties:[{useUserIdForDefaultSubject:true}, {isManagementApp:false}, {TokenType:DEFAULT}, {skipLogoutConsent:true}, {DisplayName:apim_publisher}, {skipConsent:true}, {jwksURI:}, {templateId:}, {orgId:carbon.super}] } } | Result : Success 
TID: [-1234] [2026-10-01 14:22:26,663]  INFO {AUDIT_LOG} - Initiator : 3b0ad53a-aebd-42fa-b767-c60140e01226 | Action : Update-Application | Target : 9ac0842f-fc31-487b-813f-5cd4f196c410 | Data : { Changed-State : { Name:apim_publisher, Description:Service Provider for application apim_publisher, Resource ID:9ac0842f-fc31-487b-813f-5cd4f196c410, Access URL:null, Is Discoverable:false, Is SaaS:true, Inbound Authentication Configs:[{Auth Key:l**************************a, Auth Type:oauth2, Config Type:null, Inbound configuration:nullProperties:[{oauthConsumerSecret:o**************************a}]}], Local and Outbound Configuration:{Auth Type:default}, Claim Configuration:{User Claim URI:null, Role Claim URI:null}, Inbound Provisioning Configuration:{Provisioning Userstore:null, Is Dumb Mode:false}, Outbound Provisioning Configuration:{}, Service Provider Properties:[{isManagementApp:false}, {TokenType:DEFAULT}, {skipLogoutConsent:true}, {USE_DOMAIN_IN_ROLES:true}, {DisplayName:apim_publisher}, {skipConsent:true}, {jwksURI:}, {templateId:}, {orgId:carbon.super}] } } | Result : Success 
TID: [-1234] [2026-10-01 14:22:35,648]  INFO {AUDIT_LOG} - Initiator=w**************r Action=Get-User-Claim-Values Target=a***n Data={"Claims":{},"Profile":"default"} Outcome=Success
TID: [-1234] [2026-10-01 14:22:35,648]  INFO {AUDIT_LOG} - Initiator=w**************r Action=Get-User-Claim-Values Target=a***n Data={"Claims":{},"Profile":"default"} Outcome=Success
TID: [-1234] [2026-10-01 14:22:35,649]  INFO {AUDIT_LOG} - Initiator=w**************r Action=Get-User-Claim-Values Target=a***n Data={"Claims":{},"Profile":"default"} Outcome=Success
TID: [-1234] [2026-10-01 14:22:42,810]  INFO {AUDIT_LOG} - Initiator=w**************r Action=Get-User-List Target=null Data={"ServiceProviderName":"apim_publisher","Claim Value":"a***n","Users":["a***n"],"Claim":"http://wso2.org/claims/username"} Outcome=Success
TID: [-1234] [2026-10-01 14:22:42,812]  INFO {AUDIT_LOG} - Initiator=w**************r Action=Get-User-Claim-Values Target=a***n Data={"ServiceProviderName":"apim_publisher","Claims":{},"Profile":"default"} Outcome=Success
TID: [-1234] [2026-10-01 14:22:42,813]  INFO {AUDIT_LOG} - Initiator=w**************r Action=Get-User-Claim-Values Target=a***n Data={"ServiceProviderName":"apim_publisher","Claims":{},"Profile":"default"} Outcome=Success
TID: [-1234] [2026-10-01 14:22:42,813]  INFO {AUDIT_LOG} - Initiator=w**************r Action=Get-User-Claim-Values Target=a***n Data={"ServiceProviderName":"apim_publisher","Claims":{},"Profile":"default"} Outcome=Success
TID: [-1234] [2026-10-01 14:22:42,816]  INFO {AUDIT_LOG} - Initiator : a***n | Action : LoginStepSuccess | Target : ApplicationAuthenticationFramework | Data : { "ContextIdentifier" : "bf2ddd52-25bb-41c7-b2e7-7ac3e433f489","AuthenticatedUser" : "a***n","AuthenticatedUserTenantDomain" : "carbon.super","ServiceProviderName" : "apim_publisher","RequestType" : "oidc","RelyingParty" : "lOKNtRmYnWO18JvYCYJANhTjS6sa","AuthenticatedIdP" : "LOCAL","User Agent" : "null","RemoteAddress" : "null","UserStoreDomain" : "PRIMARY" } | Result : Success 
TID: [-1234] [2026-10-01 14:22:42,818]  INFO {AUDIT_LOG} - Initiator : a****************r | Action : Authenticate | Target : ApplicationAuthenticationFramework | Data : { Step: 1, IDP: LOCAL, Authenticator:BasicAuthenticator } | Result : Success 
TID: [-1234] [2026-10-01 14:22:42,820]  INFO {AUDIT_LOG} - Initiator=w**************r Action=Get-User-Claim-Values Target=a***n Data={"ServiceProviderName":"apim_publisher","Claims":{"http://wso2.org/claims/username":"a***n","http://wso2.org/claims/userid":"3b0ad53a-aebd-42fa-b767-c60140e01226","http://wso2.org/claims/role":"I***********************************************************************************************************************************************************v","http://wso2.org/claims/userprincipal":"a***n"}} Outcome=Success
TID: [-1234] [2026-10-01 14:22:42,889]  INFO {AUDIT_LOG} - Initiator : 3b0ad53a-aebd-42fa-b767-c60140e01226 | Action : StoreSession | Data : { {"traceId":"f3cce8cc-f724-4ad2-b0da-8c10d707df21","RememberMe":false,"sessionContextId":"e8ed8675695f88cc02bf93b28ee17342ca3a3d9db0f38bc84f9e76874bd3625e","AuthenticatedUserTenantDomain":"carbon.super","AuthenticatedUser":"a***n","LastAccessedTimestamp":1790875362824} } | Result : Success 
TID: [-1234] [2026-10-01 14:22:42,908]  INFO {AUDIT_LOG} - Initiator : 3b0ad53a-aebd-42fa-b767-c60140e01226 | Action : Login | Target : ApplicationAuthenticationFramework | Data : { "ContextIdentifier" : "bf2ddd52-25bb-41c7-b2e7-7ac3e433f489","AuthenticatedUser" : "a***n","AuthenticatedUserTenantDomain" : "carbon.super","ServiceProviderName" : "apim_publisher","RequestType" : "oidc","RelyingParty" : "lOKNtRmYnWO18JvYCYJANhTjS6sa","AuthenticatedIdPs" : "eyJ0eXAiOiJKV1QiLCJhbGciOiJIUzI1NiJ9.eyJpc3MiOiJ3c28yIiwiZXhwIjoxNzkwODc1MzY1ODE4LCJpYXQiOjE3OTA4NzUzNjI4MTgsImlkcHMiOlt7ImlkcCI6IkxPQ0FMIiwiYXV0aGVudGljYXRvciI6IkJhc2ljQXV0aGVudGljYXRvciJ9XX0.pCNk_8ZADC3FmUazvxFZF59QZCmEUX821Q1PBXGh-Y0","User Agent" : "null","RemoteAddress" : "null","UserStoreDomain" : "PRIMARY" } | Result : Success 
TID: [-1234] [2026-10-01 14:22:43,287]  INFO {AUDIT_LOG} - Initiator=w**************r Action=Get-User-List Target=null Data={"Claim Value":"a***n","Users":["a***n"],"Claim":"http://wso2.org/claims/username"} Outcome=Success
TID: [-1234] [2026-10-01 14:22:43,288]  INFO {AUDIT_LOG} - Initiator=w**************r Action=Get-User-Claim-Values Target=a***n Data={"Claims":{},"Profile":"default"} Outcome=Success
TID: [-1234] [2026-10-01 14:22:43,288]  INFO {AUDIT_LOG} - Initiator=w**************r Action=Get-User-Claim-Values Target=a***n Data={"Claims":{},"Profile":"default"} Outcome=Success
TID: [-1234] [2026-10-01 14:22:43,288]  INFO {AUDIT_LOG} - Initiator=w**************r Action=Get-User-Claim-Values Target=a***n Data={"Claims":{},"Profile":"default"} Outcome=Success
TID: [-1234] [2026-10-01 14:22:44,404]  INFO {AUDIT_LOG} - Initiator=w**************r Action=Get-User-Claim-Value Target=a***n Data={"Claim":"http://wso2.org/claims/organization"} Outcome=Success
TID: [-1234] [2026-10-01 14:22:44,404]  INFO {AUDIT_LOG} - Initiator=w**************r Action=Get-User-Claim-Value Target=a***n Data={"Claim":"http://wso2.org/claims/organization"} Outcome=Success
TID: [-1234] [2026-10-01 14:22:44,404]  INFO {AUDIT_LOG} - Initiator=w**************r Action=Get-User-Claim-Value Target=a***n Data={"Claim":"http://wso2.org/claims/organization"} Outcome=Success
TID: [-1234] [2026-10-01 14:22:44,697]  INFO {AUDIT_LOG} - GET /api/am/publisher/api-products?limit=5&offset=0 user: admin@carbon.super app: lOKNtRmYnWO18JvYCYJANhTjS6sa
TID: [-1234] [2026-10-01 14:22:44,698]  INFO {AUDIT_LOG} - GET /api/am/publisher/settings user: admin@carbon.super app: lOKNtRmYnWO18JvYCYJANhTjS6sa
TID: [-1234] [2026-10-01 14:22:44,702]  INFO {AUDIT_LOG} - GET /api/am/publisher/apis?limit=5&offset=0 user: admin@carbon.super app: lOKNtRmYnWO18JvYCYJANhTjS6sa
TID: [-1234] [2026-10-01 14:22:44,949]  INFO {AUDIT_LOG} - GET /api/am/publisher/mcp-servers?limit=5&offset=0 user: admin@carbon.super app: lOKNtRmYnWO18JvYCYJANhTjS6sa
TID: [-1234] [2026-10-01 14:22:44,949]  INFO {AUDIT_LOG} - GET /api/am/publisher/apis?limit=5&offset=0 user: admin@carbon.super app: lOKNtRmYnWO18JvYCYJANhTjS6sa
TID: [-1234] [2026-10-01 14:22:44,949]  INFO {AUDIT_LOG} - GET /api/am/publisher/api-products?limit=5&offset=0 user: admin@carbon.super app: lOKNtRmYnWO18JvYCYJANhTjS6sa
TID: [-1234] [2026-10-01 14:22:45,031]  INFO {AUDIT_LOG} - GET /api/am/publisher/search?limit=1&offset=0&query=name%3APizzaShackAPI%20version%3A1.0%20context%3Apizzashack user: admin@carbon.super app: lOKNtRmYnWO18JvYCYJANhTjS6sa
TID: [-1234] [2026-10-01 14:22:57,153]  INFO {AUDIT_LOG} - POST /api/am/publisher/apis/validate?query=name%3Aapi%20exemplo&limit=10&offset=0 user: admin@carbon.super app: lOKNtRmYnWO18JvYCYJANhTjS6sa
TID: [-1234] [2026-10-01 14:23:02,006]  INFO {AUDIT_LOG} - POST /api/am/publisher/apis/validate?query=context%3A%2Fteste&limit=10&offset=0 user: admin@carbon.super app: lOKNtRmYnWO18JvYCYJANhTjS6sa
TID: [-1234] [2026-10-01 14:23:05,647]  INFO {AUDIT_LOG} - Initiator=w**************r Action=Get-User-Claim-Values Target=a***n Data={"Claims":{},"Profile":"default"} Outcome=Success
TID: [-1234] [2026-10-01 14:23:05,648]  INFO {AUDIT_LOG} - Initiator=w**************r Action=Get-User-Claim-Values Target=a***n Data={"Claims":{},"Profile":"default"} Outcome=Success
TID: [-1234] [2026-10-01 14:23:05,648]  INFO {AUDIT_LOG} - Initiator=w**************r Action=Get-User-Claim-Values Target=a***n Data={"Claims":{},"Profile":"default"} Outcome=Success
TID: [-1234] [2026-10-01 14:23:20,109]  INFO {AUDIT_LOG} - POST /api/am/publisher/apis/validate?query=context%3A%2Fteste&limit=10&offset=0 user: admin@carbon.super app: lOKNtRmYnWO18JvYCYJANhTjS6sa
TID: [-1234] [2026-10-01 14:23:35,649]  INFO {AUDIT_LOG} - Initiator=w**************r Action=Get-User-Claim-Values Target=a***n Data={"Claims":{},"Profile":"default"} Outcome=Success
TID: [-1234] [2026-10-01 14:23:35,649]  INFO {AUDIT_LOG} - Initiator=w**************r Action=Get-User-Claim-Values Target=a***n Data={"Claims":{},"Profile":"default"} Outcome=Success
TID: [-1234] [2026-10-01 14:23:35,649]  INFO {AUDIT_LOG} - Initiator=w**************r Action=Get-User-Claim-Values Target=a***n Data={"Claims":{},"Profile":"default"} Outcome=Success
TID: [-1234] [2026-10-01 14:23:52,881]  INFO {AUDIT_LOG} - GET /api/am/publisher/throttling-policies/subscription user: admin@carbon.super app: lOKNtRmYnWO18JvYCYJANhTjS6sa
TID: [-1234] [2026-10-01 14:23:53,032]  INFO {AUDIT_LOG} - POST /api/am/publisher/apis?openAPIVersion=v3 user: admin@carbon.super app: lOKNtRmYnWO18JvYCYJANhTjS6sa
TID: [-1234] [2026-10-01 14:24:00,096]  INFO {AUDIT_LOG} - GET /api/am/publisher/throttling-policies/subscription user: admin@carbon.super app: lOKNtRmYnWO18JvYCYJANhTjS6sa
TID: [-1234] [2026-10-01 14:24:00,118]  INFO {AUDIT_LOG} - POST /api/am/publisher/apis?openAPIVersion=v3 user: admin@carbon.super app: lOKNtRmYnWO18JvYCYJANhTjS6sa
TID: [-1234] [2026-10-01 14:24:05,649]  INFO {AUDIT_LOG} - Initiator=w**************r Action=Get-User-Claim-Values Target=a***n Data={"Claims":{},"Profile":"default"} Outcome=Success
TID: [-1234] [2026-10-01 14:24:05,650]  INFO {AUDIT_LOG} - Initiator=w**************r Action=Get-User-Claim-Values Target=a***n Data={"Claims":{},"Profile":"default"} Outcome=Success
TID: [-1234] [2026-10-01 14:24:05,650]  INFO {AUDIT_LOG} - Initiator=w**************r Action=Get-User-Claim-Values Target=a***n Data={"Claims":{},"Profile":"default"} Outcome=Success
TID: [-1234] [2026-10-01 14:24:06,023]  INFO {AUDIT_LOG} - GET /api/am/publisher/throttling-policies/subscription user: admin@carbon.super app: lOKNtRmYnWO18JvYCYJANhTjS6sa
TID: [-1234] [2026-10-01 14:24:06,046]  INFO {AUDIT_LOG} - POST /api/am/publisher/apis?openAPIVersion=v3 user: admin@carbon.super app: lOKNtRmYnWO18JvYCYJANhTjS6sa
TID: [-1234] [2026-10-01 14:24:06,261]  INFO {AUDIT_LOG} - {"performedBy":"admin","action":"created","type":"API","info":{"provider":"admin","name":"Api Exemplo","context":"/teste/0.1","version":"0.1"}}
TID: [] [2026-10-01 14:24:06,268]  INFO {AUDIT_LOG} - Initiator=w**************r Action=Get-User-Claim-Values Target=a***n Data={"Claims":{},"Profile":"default"} Outcome=Success
TID: [] [2026-10-01 14:24:06,268]  INFO {AUDIT_LOG} - Initiator=w**************r Action=Get-User-Claim-Values Target=a***n Data={"Claims":{},"Profile":"default"} Outcome=Success
TID: [] [2026-10-01 14:24:06,268]  INFO {AUDIT_LOG} - Initiator=w**************r Action=Get-User-Claim-Values Target=a***n Data={"Claims":{},"Profile":"default"} Outcome=Success
TID: [-1234] [2026-10-01 14:24:06,331]  INFO {AUDIT_LOG} - POST /api/am/publisher/apis/e2751bd4-70e9-4e96-9c39-c0d334d80213/revisions user: admin@carbon.super app: lOKNtRmYnWO18JvYCYJANhTjS6sa
TID: [-1234] [2026-10-01 14:24:06,543]  INFO {AUDIT_LOG} - POST /api/am/publisher/apis/e2751bd4-70e9-4e96-9c39-c0d334d80213/deploy-revision?revisionId=0cbae379-50cf-44e8-8037-8598f984b66a user: admin@carbon.super app: lOKNtRmYnWO18JvYCYJANhTjS6sa
TID: [-1234] [2026-10-01 14:24:06,656]  INFO {AUDIT_LOG} - POST /api/am/publisher/apis/change-lifecycle?action=Publish&apiId=e2751bd4-70e9-4e96-9c39-c0d334d80213 user: admin@carbon.super app: lOKNtRmYnWO18JvYCYJANhTjS6sa
TID: [-1234] [2026-10-01 14:24:06,753]  INFO {AUDIT_LOG} - {"performedBy":"admin","action":"lifecycle-changed","type":"API","info":{"provider":"admin","name":"Api Exemplo","context":"/teste/0.1","version":"0.1"}}
TID: [-1234] [2026-10-01 14:24:06,883]  INFO {AUDIT_LOG} - Initiator=w**************r Action=Get-User-Claim-Values Target=a***n Data={"Claims":{},"Profile":"default"} Outcome=Success
TID: [-1234] [2026-10-01 14:24:06,883]  INFO {AUDIT_LOG} - Initiator=w**************r Action=Get-User-Claim-Values Target=a***n Data={"Claims":{},"Profile":"default"} Outcome=Success
TID: [-1234] [2026-10-01 14:24:06,883]  INFO {AUDIT_LOG} - Initiator=w**************r Action=Get-User-Claim-Values Target=a***n Data={"Claims":{},"Profile":"default"} Outcome=Success
TID: [-1234] [2026-10-01 14:24:06,883]  INFO {AUDIT_LOG} - Initiator=w**************r Action=Get-User-Claim-Values Target=a***n Data={"Claims":{},"Profile":"default"} Outcome=Success
TID: [-1234] [2026-10-01 14:24:06,883]  INFO {AUDIT_LOG} - Initiator=w**************r Action=Get-User-Claim-Values Target=a***n Data={"Claims":{},"Profile":"default"} Outcome=Success
TID: [-1234] [2026-10-01 14:24:06,883]  INFO {AUDIT_LOG} - Initiator=w**************r Action=Get-User-Claim-Values Target=a***n Data={"Claims":{},"Profile":"default"} Outcome=Success
TID: [-1234] [2026-10-01 14:24:07,272]  INFO {AUDIT_LOG} - GET /api/am/publisher/apis/e2751bd4-70e9-4e96-9c39-c0d334d80213 user: admin@carbon.super app: lOKNtRmYnWO18JvYCYJANhTjS6sa
TID: [-1234] [2026-10-01 14:24:07,272]  INFO {AUDIT_LOG} - GET /api/am/publisher/tenants?state=active user: admin@carbon.super app: lOKNtRmYnWO18JvYCYJANhTjS6sa
TID: [-1234] [2026-10-01 14:24:07,441]  INFO {AUDIT_LOG} - GET /api/am/publisher/settings user: admin@carbon.super app: lOKNtRmYnWO18JvYCYJANhTjS6sa
TID: [-1234] [2026-10-01 14:24:07,446]  INFO {AUDIT_LOG} - GET /api/am/publisher/apis/e2751bd4-70e9-4e96-9c39-c0d334d80213/swagger user: admin@carbon.super app: lOKNtRmYnWO18JvYCYJANhTjS6sa
TID: [-1234] [2026-10-01 14:24:07,455]  INFO {AUDIT_LOG} - GET /api/am/publisher/apis/e2751bd4-70e9-4e96-9c39-c0d334d80213/revisions?query=deployed%3Atrue user: admin@carbon.super app: lOKNtRmYnWO18JvYCYJANhTjS6sa
TID: [-1234] [2026-10-01 14:24:07,455]  INFO {AUDIT_LOG} - GET /api/am/publisher/apis/e2751bd4-70e9-4e96-9c39-c0d334d80213/revisions user: admin@carbon.super app: lOKNtRmYnWO18JvYCYJANhTjS6sa
TID: [-1234] [2026-10-01 14:24:07,455]  INFO {AUDIT_LOG} - GET /api/am/publisher/me/organization-information user: admin@carbon.super app: lOKNtRmYnWO18JvYCYJANhTjS6sa
TID: [-1234] [2026-10-01 14:24:07,465]  INFO {AUDIT_LOG} - GET /api/am/publisher/apis/e2751bd4-70e9-4e96-9c39-c0d334d80213/revisions?query=deployed%3Atrue user: admin@carbon.super app: lOKNtRmYnWO18JvYCYJANhTjS6sa
TID: [-1234] [2026-10-01 14:24:11,917]  INFO {AUDIT_LOG} - Initiator=w**************r Action=Get-User-Claim-Values Target=a***n Data={"Claims":{},"Profile":"default"} Outcome=Success
TID: [-1234] [2026-10-01 14:24:11,918]  INFO {AUDIT_LOG} - Initiator=w**************r Action=Get-User-Claim-Values Target=a***n Data={"Claims":{},"Profile":"default"} Outcome=Success
TID: [-1234] [2026-10-01 14:24:11,918]  INFO {AUDIT_LOG} - Initiator=w**************r Action=Get-User-Claim-Values Target=a***n Data={"Claims":{},"Profile":"default"} Outcome=Success
TID: [] [2026-10-01 14:24:12,267]  INFO {AUDIT_LOG} - {"performedBy":"SYSTEM: carbon.super","action":"deployed","type":"API","info":"e2751bd4-70e9-4e96-9c39-c0d334d80213"}
TID: [-1234] [2026-10-01 14:24:12,278]  INFO {AUDIT_LOG} - Initiator=w**************r Action=Get-User-Claim-Values Target=a***n Data={"Claims":{},"Profile":"default"} Outcome=Success
TID: [-1234] [2026-10-01 14:24:12,278]  INFO {AUDIT_LOG} - Initiator=w**************r Action=Get-User-Claim-Values Target=a***n Data={"Claims":{},"Profile":"default"} Outcome=Success
TID: [-1234] [2026-10-01 14:24:12,278]  INFO {AUDIT_LOG} - Initiator=w**************r Action=Get-User-Claim-Values Target=a***n Data={"Claims":{},"Profile":"default"} Outcome=Success
TID: [-1234] [2026-10-01 14:24:12,899]  INFO {AUDIT_LOG} - Initiator=w**************r Action=Get-User-Claim-Values Target=a***n Data={"Claims":{},"Profile":"default"} Outcome=Success
TID: [-1234] [2026-10-01 14:24:12,899]  INFO {AUDIT_LOG} - Initiator=w**************r Action=Get-User-Claim-Values Target=a***n Data={"Claims":{},"Profile":"default"} Outcome=Success
TID: [-1234] [2026-10-01 14:24:12,899]  INFO {AUDIT_LOG} - Initiator=w**************r Action=Get-User-Claim-Values Target=a***n Data={"Claims":{},"Profile":"default"} Outcome=Success
TID: [-1234] [2026-10-01 14:24:15,750]  INFO {AUDIT_LOG} - GET /api/am/publisher/key-managers user: admin@carbon.super app: lOKNtRmYnWO18JvYCYJANhTjS6sa
TID: [-1234] [2026-10-01 14:24:15,834]  INFO {AUDIT_LOG} - GET /api/am/publisher/key-managers user: admin@carbon.super app: lOKNtRmYnWO18JvYCYJANhTjS6sa
TID: [-1234] [2026-10-01 14:24:15,835]  INFO {AUDIT_LOG} - GET /api/am/publisher/apis/e2751bd4-70e9-4e96-9c39-c0d334d80213/client-certs/PRODUCTION user: admin@carbon.super app: lOKNtRmYnWO18JvYCYJANhTjS6sa
TID: [-1234] [2026-10-01 14:24:15,835]  INFO {AUDIT_LOG} - GET /api/am/publisher/apis/e2751bd4-70e9-4e96-9c39-c0d334d80213/client-certs/SANDBOX user: admin@carbon.super app: lOKNtRmYnWO18JvYCYJANhTjS6sa
TID: [-1234] [2026-10-01 14:24:15,877]  INFO {AUDIT_LOG} - GET /api/am/publisher/key-managers user: admin@carbon.super app: lOKNtRmYnWO18JvYCYJANhTjS6sa
TID: [-1234] [2026-10-01 14:24:16,643]  INFO {AUDIT_LOG} - GET /api/am/publisher/apis/e2751bd4-70e9-4e96-9c39-c0d334d80213/swagger user: admin@carbon.super app: lOKNtRmYnWO18JvYCYJANhTjS6sa
TID: [-1234] [2026-10-01 14:24:16,643]  INFO {AUDIT_LOG} - GET /api/am/publisher/throttling-policies/api?limit=80 user: admin@carbon.super app: lOKNtRmYnWO18JvYCYJANhTjS6sa
TID: [-1234] [2026-10-01 14:24:16,643]  INFO {AUDIT_LOG} - GET /api/am/publisher/apis/e2751bd4-70e9-4e96-9c39-c0d334d80213/amznResourceNames user: admin@carbon.super app: lOKNtRmYnWO18JvYCYJANhTjS6sa
TID: [-1234] [2026-10-01 14:24:16,643]  INFO {AUDIT_LOG} - GET /api/am/publisher/scopes?limit=2000&offset=0 user: admin@carbon.super app: lOKNtRmYnWO18JvYCYJANhTjS6sa
TID: [-1234] [2026-10-01 14:24:19,463]  INFO {AUDIT_LOG} - GET /api/am/publisher/apis/e2751bd4-70e9-4e96-9c39-c0d334d80213/swagger user: admin@carbon.super app: lOKNtRmYnWO18JvYCYJANhTjS6sa
TID: [-1234] [2026-10-01 14:24:20,507]  INFO {AUDIT_LOG} - GET /api/am/publisher/apis/e2751bd4-70e9-4e96-9c39-c0d334d80213/swagger user: admin@carbon.super app: lOKNtRmYnWO18JvYCYJANhTjS6sa
TID: [-1234] [2026-10-01 14:24:20,527]  INFO {AUDIT_LOG} - GET /api/am/publisher/endpoint-certificates?endpoint=https%3A%2F%2Flocalhost%3A9443%2Fpublisher%2Fapis%2Fcreate%2Frest user: admin@carbon.super app: lOKNtRmYnWO18JvYCYJANhTjS6sa
TID: [-1234] [2026-10-01 14:24:23,326]  INFO {AUDIT_LOG} - GET /api/am/publisher/api-products?limit=5&offset=0 user: admin@carbon.super app: lOKNtRmYnWO18JvYCYJANhTjS6sa
TID: [-1234] [2026-10-01 14:24:23,326]  INFO {AUDIT_LOG} - GET /api/am/publisher/apis?limit=5&offset=0 user: admin@carbon.super app: lOKNtRmYnWO18JvYCYJANhTjS6sa
TID: [-1234] [2026-10-01 14:24:23,326]  INFO {AUDIT_LOG} - GET /api/am/publisher/mcp-servers?limit=5&offset=0 user: admin@carbon.super app: lOKNtRmYnWO18JvYCYJANhTjS6sa
TID: [-1234] [2026-10-01 14:24:23,339]  INFO {AUDIT_LOG} - GET /api/am/publisher/api-products?limit=5&offset=0 user: admin@carbon.super app: lOKNtRmYnWO18JvYCYJANhTjS6sa
TID: [-1234] [2026-10-01 14:24:23,365]  INFO {AUDIT_LOG} - GET /api/am/publisher/apis?limit=5&offset=0 user: admin@carbon.super app: lOKNtRmYnWO18JvYCYJANhTjS6sa
TID: [-1234] [2026-10-01 14:24:30,951]  INFO {AUDIT_LOG} - GET /api/am/publisher/mcp-servers?limit=10&offset=0 user: admin@carbon.super app: lOKNtRmYnWO18JvYCYJANhTjS6sa
TID: [-1234] [2026-10-01 14:24:31,000]  INFO {AUDIT_LOG} - GET /api/am/publisher/search?limit=1&offset=0&query=name%3APizzaShackServer%20version%3A1.0.0%20context%3Apizzashackserver%20type%3AMCP user: admin@carbon.super app: lOKNtRmYnWO18JvYCYJANhTjS6sa
TID: [-1234] [2026-10-01 14:24:35,651]  INFO {AUDIT_LOG} - Initiator=w**************r Action=Get-User-Claim-Values Target=a***n Data={"Claims":{},"Profile":"default"} Outcome=Success
TID: [-1234] [2026-10-01 14:24:35,651]  INFO {AUDIT_LOG} - Initiator=w**************r Action=Get-User-Claim-Values Target=a***n Data={"Claims":{},"Profile":"default"} Outcome=Success
TID: [-1234] [2026-10-01 14:24:35,651]  INFO {AUDIT_LOG} - Initiator=w**************r Action=Get-User-Claim-Values Target=a***n Data={"Claims":{},"Profile":"default"} Outcome=Success
TID: [-1234] [2026-10-01 14:24:37,334]  INFO {AUDIT_LOG} - GET /api/am/publisher/api-products?limit=10&offset=0 user: admin@carbon.super app: lOKNtRmYnWO18JvYCYJANhTjS6sa
TID: [-1234] [2026-10-01 14:24:38,134]  INFO {AUDIT_LOG} - GET /api/am/service-catalog/v1/services?limit=10&offset=0 user: admin@carbon.super app: lOKNtRmYnWO18JvYCYJANhTjS6sa
TID: [-1234] [2026-10-01 14:24:41,279]  INFO {AUDIT_LOG} - GET /api/am/publisher/scopes?limit=2000&offset=0 user: admin@carbon.super app: lOKNtRmYnWO18JvYCYJANhTjS6sa
TID: [-1234] [2026-10-01 14:24:45,467]  INFO {AUDIT_LOG} - GET /api/am/publisher/operation-policies?limit=500 user: admin@carbon.super app: lOKNtRmYnWO18JvYCYJANhTjS6sa
TID: [-1234] [2026-10-01 14:25:05,648]  INFO {AUDIT_LOG} - Initiator=w**************r Action=Get-User-Claim-Values Target=a***n Data={"Claims":{},"Profile":"default"} Outcome=Success
TID: [-1234] [2026-10-01 14:25:05,648]  INFO {AUDIT_LOG} - Initiator=w**************r Action=Get-User-Claim-Values Target=a***n Data={"Claims":{},"Profile":"default"} Outcome=Success
TID: [-1234] [2026-10-01 14:25:05,648]  INFO {AUDIT_LOG} - Initiator=w**************r Action=Get-User-Claim-Values Target=a***n Data={"Claims":{},"Profile":"default"} Outcome=Success
TID: [-1234] [2026-10-01 14:25:14,733]  INFO {AUDIT_LOG} - GET /api/am/publisher/gateway-policies?offset=0 user: admin@carbon.super app: lOKNtRmYnWO18JvYCYJANhTjS6sa
TID: [-1234] [2026-10-01 14:25:14,733]  INFO {AUDIT_LOG} - GET /api/am/publisher/settings user: admin@carbon.super app: lOKNtRmYnWO18JvYCYJANhTjS6sa
TID: [-1234] [2026-10-01 14:25:16,300]  INFO {AUDIT_LOG} - GET /api/am/publisher/workflows?limit=30&workflowType=AM_SUBSCRIPTION_CREATION user: admin@carbon.super app: lOKNtRmYnWO18JvYCYJANhTjS6sa
TID: [-1234] [2026-10-01 14:25:35,647]  INFO {AUDIT_LOG} - Initiator=w**************r Action=Get-User-Claim-Values Target=a***n Data={"Claims":{},"Profile":"default"} Outcome=Success
TID: [-1234] [2026-10-01 14:25:35,647]  INFO {AUDIT_LOG} - Initiator=w**************r Action=Get-User-Claim-Values Target=a***n Data={"Claims":{},"Profile":"default"} Outcome=Success
TID: [-1234] [2026-10-01 14:25:35,647]  INFO {AUDIT_LOG} - Initiator=w**************r Action=Get-User-Claim-Values Target=a***n Data={"Claims":{},"Profile":"default"} Outcome=Success
TID: [-1234] [2026-10-01 14:25:38,516]  INFO {AUDIT_LOG} - GET /api/am/publisher/mcp-servers?limit=10&offset=0 user: admin@carbon.super app: lOKNtRmYnWO18JvYCYJANhTjS6sa
TID: [-1234] [2026-10-01 14:25:38,548]  INFO {AUDIT_LOG} - GET /api/am/publisher/search?limit=1&offset=0&query=name%3APizzaShackServer%20version%3A1.0.0%20context%3Apizzashackserver%20type%3AMCP user: admin@carbon.super app: lOKNtRmYnWO18JvYCYJANhTjS6sa
TID: [-1234] [2026-10-01 14:25:39,514]  INFO {AUDIT_LOG} - GET /api/am/publisher/api-products?limit=10&offset=0 user: admin@carbon.super app: lOKNtRmYnWO18JvYCYJANhTjS6sa
TID: [-1234] [2026-10-01 14:25:40,542]  INFO {AUDIT_LOG} - GET /api/am/service-catalog/v1/services?limit=10&offset=0 user: admin@carbon.super app: lOKNtRmYnWO18JvYCYJANhTjS6sa
TID: [-1234] [2026-10-01 14:25:41,307]  INFO {AUDIT_LOG} - GET /api/am/service-catalog/v1/services?limit=10&offset=0 user: admin@carbon.super app: lOKNtRmYnWO18JvYCYJANhTjS6sa
TID: [-1234] [2026-10-01 14:25:42,093]  INFO {AUDIT_LOG} - GET /api/am/publisher/scopes?limit=2000&offset=0 user: admin@carbon.super app: lOKNtRmYnWO18JvYCYJANhTjS6sa
TID: [-1234] [2026-10-01 14:25:42,721]  INFO {AUDIT_LOG} - GET /api/am/publisher/operation-policies?limit=500 user: admin@carbon.super app: lOKNtRmYnWO18JvYCYJANhTjS6sa
TID: [-1234] [2026-10-01 14:25:43,550]  INFO {AUDIT_LOG} - GET /api/am/publisher/mcp-servers?limit=10&offset=0 user: admin@carbon.super app: lOKNtRmYnWO18JvYCYJANhTjS6sa
TID: [-1234] [2026-10-01 14:25:43,577]  INFO {AUDIT_LOG} - GET /api/am/publisher/search?limit=1&offset=0&query=name%3APizzaShackServer%20version%3A1.0.0%20context%3Apizzashackserver%20type%3AMCP user: admin@carbon.super app: lOKNtRmYnWO18JvYCYJANhTjS6sa
TID: [-1234] [2026-10-01 14:25:44,141]  INFO {AUDIT_LOG} - GET /api/am/publisher/apis?limit=10&offset=0 user: admin@carbon.super app: lOKNtRmYnWO18JvYCYJANhTjS6sa
TID: [-1234] [2026-10-01 14:25:45,669]  INFO {AUDIT_LOG} - GET /api/am/publisher/tenants?state=active user: admin@carbon.super app: lOKNtRmYnWO18JvYCYJANhTjS6sa
TID: [-1234] [2026-10-01 14:25:45,669]  INFO {AUDIT_LOG} - GET /api/am/publisher/apis/e2751bd4-70e9-4e96-9c39-c0d334d80213 user: admin@carbon.super app: lOKNtRmYnWO18JvYCYJANhTjS6sa
TID: [-1234] [2026-10-01 14:25:45,825]  INFO {AUDIT_LOG} - GET /api/am/publisher/settings user: admin@carbon.super app: lOKNtRmYnWO18JvYCYJANhTjS6sa
TID: [-1234] [2026-10-01 14:25:45,829]  INFO {AUDIT_LOG} - GET /api/am/publisher/apis/e2751bd4-70e9-4e96-9c39-c0d334d80213/revisions user: admin@carbon.super app: lOKNtRmYnWO18JvYCYJANhTjS6sa
TID: [-1234] [2026-10-01 14:25:45,829]  INFO {AUDIT_LOG} - GET /api/am/publisher/apis/e2751bd4-70e9-4e96-9c39-c0d334d80213/swagger user: admin@carbon.super app: lOKNtRmYnWO18JvYCYJANhTjS6sa
TID: [-1234] [2026-10-01 14:25:45,838]  INFO {AUDIT_LOG} - GET /api/am/publisher/apis/e2751bd4-70e9-4e96-9c39-c0d334d80213/revisions?query=deployed%3Atrue user: admin@carbon.super app: lOKNtRmYnWO18JvYCYJANhTjS6sa
TID: [-1234] [2026-10-01 14:25:45,839]  INFO {AUDIT_LOG} - GET /api/am/publisher/me/organization-information user: admin@carbon.super app: lOKNtRmYnWO18JvYCYJANhTjS6sa
TID: [-1234] [2026-10-01 14:25:45,847]  INFO {AUDIT_LOG} - GET /api/am/publisher/apis/e2751bd4-70e9-4e96-9c39-c0d334d80213/revisions?query=deployed%3Atrue user: admin@carbon.super app: lOKNtRmYnWO18JvYCYJANhTjS6sa
TID: [] [2026-10-01 14:27:31,074]  INFO {AUDIT_LOG} - {"performedBy":"SYSTEM: carbon.super","action":"deployed","type":"API"}
TID: [] [2026-10-01 14:27:31,082]  INFO {AUDIT_LOG} - {"performedBy":"SYSTEM: carbon.super","action":"deployed","type":"API"}
TID: [] [2026-10-01 14:27:31,441]  INFO {AUDIT_LOG} - Initiator=w**************r Action=Get-User-Claim-Values Target=a***n Data={"Claims":{},"Profile":"default"} Outcome=Success
TID: [] [2026-10-01 14:27:31,441]  INFO {AUDIT_LOG} - Initiator=w**************r Action=Get-User-Claim-Values Target=a***n Data={"Claims":{},"Profile":"default"} Outcome=Success
TID: [] [2026-10-01 14:27:31,441]  INFO {AUDIT_LOG} - Initiator=w**************r Action=Get-User-Claim-Values Target=a***n Data={"Claims":{},"Profile":"default"} Outcome=Success
TID: [] [2026-10-01 14:27:31,441]  INFO {AUDIT_LOG} - Initiator=w**************r Action=Get-User-Claim-Values Target=a***n Data={"Claims":{},"Profile":"default"} Outcome=Success
TID: [] [2026-10-01 14:27:31,441]  INFO {AUDIT_LOG} - Initiator=w**************r Action=Get-User-Claim-Values Target=a***n Data={"Claims":{},"Profile":"default"} Outcome=Success
TID: [] [2026-10-01 14:27:31,441]  INFO {AUDIT_LOG} - Initiator=w**************r Action=Get-User-Claim-Values Target=a***n Data={"Claims":{},"Profile":"default"} Outcome=Success
TID: [] [2026-10-01 14:27:31,441]  INFO {AUDIT_LOG} - Initiator=w**************r Action=Get-User-Claim-Values Target=a***n Data={"Claims":{},"Profile":"default"} Outcome=Success
TID: [] [2026-10-01 14:27:31,441]  INFO {AUDIT_LOG} - Initiator=w**************r Action=Get-User-Claim-Values Target=a***n Data={"Claims":{},"Profile":"default"} Outcome=Success
TID: [] [2026-10-01 14:27:31,441]  INFO {AUDIT_LOG} - Initiator=w**************r Action=Get-User-Claim-Values Target=a***n Data={"Claims":{},"Profile":"default"} Outcome=Success
TID: [] [2026-10-01 14:27:31,441]  INFO {AUDIT_LOG} - Initiator=w**************r Action=Get-User-Claim-Values Target=a***n Data={"Claims":{},"Profile":"default"} Outcome=Success
TID: [] [2026-10-01 14:27:31,441]  INFO {AUDIT_LOG} - Initiator=w**************r Action=Get-User-Claim-Values Target=a***n Data={"Claims":{},"Profile":"default"} Outcome=Success
TID: [] [2026-10-01 14:27:31,441]  INFO {AUDIT_LOG} - Initiator=w**************r Action=Get-User-Claim-Values Target=a***n Data={"Claims":{},"Profile":"default"} Outcome=Success
TID: [] [2026-10-01 14:27:31,447]  INFO {AUDIT_LOG} - Initiator=w**************r Action=Get-User-Claim-Values Target=a***n Data={"Claims":{},"Profile":"default"} Outcome=Success
TID: [] [2026-10-01 14:27:31,447]  INFO {AUDIT_LOG} - Initiator=w**************r Action=Get-User-Claim-Values Target=a***n Data={"Claims":{},"Profile":"default"} Outcome=Success
TID: [] [2026-10-01 14:27:31,447]  INFO {AUDIT_LOG} - Initiator=w**************r Action=Get-User-Claim-Values Target=a***n Data={"Claims":{},"Profile":"default"} Outcome=Success
TID: [] [2026-10-01 14:27:31,448]  INFO {AUDIT_LOG} - Initiator=w**************r Action=Get-User-Claim-Values Target=a***n Data={"Claims":{},"Profile":"default"} Outcome=Success
TID: [] [2026-10-01 14:27:31,448]  INFO {AUDIT_LOG} - Initiator=w**************r Action=Get-User-Claim-Values Target=a***n Data={"Claims":{},"Profile":"default"} Outcome=Success
TID: [] [2026-10-01 14:27:31,448]  INFO {AUDIT_LOG} - Initiator=w**************r Action=Get-User-Claim-Values Target=a***n Data={"Claims":{},"Profile":"default"} Outcome=Success
TID: [] [2026-10-01 14:27:31,448]  INFO {AUDIT_LOG} - Initiator=w**************r Action=Get-User-Claim-Values Target=a***n Data={"Claims":{},"Profile":"default"} Outcome=Success
TID: [] [2026-10-01 14:27:31,448]  INFO {AUDIT_LOG} - Initiator=w**************r Action=Get-User-Claim-Values Target=a***n Data={"Claims":{},"Profile":"default"} Outcome=Success
TID: [] [2026-10-01 14:27:31,448]  INFO {AUDIT_LOG} - Initiator=w**************r Action=Get-User-Claim-Values Target=a***n Data={"Claims":{},"Profile":"default"} Outcome=Success
TID: [] [2026-10-01 14:27:31,448]  INFO {AUDIT_LOG} - Initiator=w**************r Action=Get-User-Claim-Values Target=a***n Data={"Claims":{},"Profile":"default"} Outcome=Success
TID: [] [2026-10-01 14:27:31,448]  INFO {AUDIT_LOG} - Initiator=w**************r Action=Get-User-Claim-Values Target=a***n Data={"Claims":{},"Profile":"default"} Outcome=Success
TID: [] [2026-10-01 14:27:31,448]  INFO {AUDIT_LOG} - Initiator=w**************r Action=Get-User-Claim-Values Target=a***n Data={"Claims":{},"Profile":"default"} Outcome=Success
TID: [] [2026-10-01 14:27:31,448]  INFO {AUDIT_LOG} - Initiator=w**************r Action=Get-User-Claim-Values Target=a***n Data={"Claims":{},"Profile":"default"} Outcome=Success
TID: [] [2026-10-01 14:27:31,448]  INFO {AUDIT_LOG} - Initiator=w**************r Action=Get-User-Claim-Values Target=a***n Data={"Claims":{},"Profile":"default"} Outcome=Success
TID: [] [2026-10-01 14:27:31,448]  INFO {AUDIT_LOG} - Initiator=w**************r Action=Get-User-Claim-Values Target=a***n Data={"Claims":{},"Profile":"default"} Outcome=Success
TID: [] [2026-10-01 14:27:31,448]  INFO {AUDIT_LOG} - Initiator=w**************r Action=Get-User-Claim-Values Target=a***n Data={"Claims":{},"Profile":"default"} Outcome=Success
TID: [] [2026-10-01 14:27:31,448]  INFO {AUDIT_LOG} - Initiator=w**************r Action=Get-User-Claim-Values Target=a***n Data={"Claims":{},"Profile":"default"} Outcome=Success
TID: [] [2026-10-01 14:27:31,448]  INFO {AUDIT_LOG} - Initiator=w**************r Action=Get-User-Claim-Values Target=a***n Data={"Claims":{},"Profile":"default"} Outcome=Success
TID: [] [2026-10-01 14:27:31,448]  INFO {AUDIT_LOG} - Initiator=w**************r Action=Get-User-Claim-Values Target=a***n Data={"Claims":{},"Profile":"default"} Outcome=Success
TID: [] [2026-10-01 14:27:31,448]  INFO {AUDIT_LOG} - Initiator=w**************r Action=Get-User-Claim-Values Target=a***n Data={"Claims":{},"Profile":"default"} Outcome=Success
TID: [] [2026-10-01 14:27:31,448]  INFO {AUDIT_LOG} - Initiator=w**************r Action=Get-User-Claim-Values Target=a***n Data={"Claims":{},"Profile":"default"} Outcome=Success
TID: [] [2026-10-01 14:27:31,448]  INFO {AUDIT_LOG} - Initiator=w**************r Action=Get-User-Claim-Values Target=a***n Data={"Claims":{},"Profile":"default"} Outcome=Success
TID: [] [2026-10-01 14:27:31,449]  INFO {AUDIT_LOG} - Initiator=w**************r Action=Get-User-Claim-Values Target=a***n Data={"Claims":{},"Profile":"default"} Outcome=Success
TID: [] [2026-10-01 14:27:31,450]  INFO {AUDIT_LOG} - Initiator=w**************r Action=Get-User-Claim-Values Target=a***n Data={"Claims":{},"Profile":"default"} Outcome=Success
TID: [] [2026-10-01 14:27:31,494]  INFO {AUDIT_LOG} - Initiator=w**************r Action=Get-User-Claim-Values Target=a***n Data={"Claims":{},"Profile":"default"} Outcome=Success
TID: [] [2026-10-01 14:27:31,494]  INFO {AUDIT_LOG} - Initiator=w**************r Action=Get-User-Claim-Values Target=a***n Data={"Claims":{},"Profile":"default"} Outcome=Success
TID: [] [2026-10-01 14:27:31,495]  INFO {AUDIT_LOG} - Initiator=w**************r Action=Get-User-Claim-Values Target=a***n Data={"Claims":{},"Profile":"default"} Outcome=Success
TID: [] [2026-10-01 14:27:31,495]  INFO {AUDIT_LOG} - Initiator=w**************r Action=Get-User-Claim-Values Target=a***n Data={"Claims":{},"Profile":"default"} Outcome=Success
TID: [] [2026-10-01 14:27:31,495]  INFO {AUDIT_LOG} - Initiator=w**************r Action=Get-User-Claim-Values Target=a***n Data={"Claims":{},"Profile":"default"} Outcome=Success
TID: [] [2026-10-01 14:27:31,496]  INFO {AUDIT_LOG} - Initiator=w**************r Action=Get-User-Claim-Values Target=a***n Data={"Claims":{},"Profile":"default"} Outcome=Success
TID: [] [2026-10-01 14:27:31,496]  INFO {AUDIT_LOG} - Initiator=w**************r Action=Get-User-Claim-Values Target=a***n Data={"Claims":{},"Profile":"default"} Outcome=Success
TID: [] [2026-10-01 14:27:31,496]  INFO {AUDIT_LOG} - Initiator=w**************r Action=Get-User-Claim-Values Target=a***n Data={"Claims":{},"Profile":"default"} Outcome=Success
TID: [] [2026-10-01 14:27:31,496]  INFO {AUDIT_LOG} - Initiator=w**************r Action=Get-User-Claim-Values Target=a***n Data={"Claims":{},"Profile":"default"} Outcome=Success
TID: [] [2026-10-01 14:27:31,496]  INFO {AUDIT_LOG} - Initiator=w**************r Action=Get-User-Claim-Values Target=a***n Data={"Claims":{},"Profile":"default"} Outcome=Success
TID: [] [2026-10-01 14:27:31,496]  INFO {AUDIT_LOG} - Initiator=w**************r Action=Get-User-Claim-Values Target=a***n Data={"Claims":{},"Profile":"default"} Outcome=Success
TID: [] [2026-10-01 14:27:31,496]  INFO {AUDIT_LOG} - Initiator=w**************r Action=Get-User-Claim-Values Target=a***n Data={"Claims":{},"Profile":"default"} Outcome=Success
TID: [] [2026-10-01 14:27:31,497]  INFO {AUDIT_LOG} - Initiator=w**************r Action=Get-User-Claim-Values Target=a***n Data={"Claims":{},"Profile":"default"} Outcome=Success
TID: [] [2026-10-01 14:27:31,498]  INFO {AUDIT_LOG} - Initiator=w**************r Action=Get-User-Claim-Values Target=a***n Data={"Claims":{},"Profile":"default"} Outcome=Success
TID: [] [2026-10-01 14:27:31,498]  INFO {AUDIT_LOG} - Initiator=w**************r Action=Get-User-Claim-Values Target=a***n Data={"Claims":{},"Profile":"default"} Outcome=Success
TID: [] [2026-10-01 14:27:31,498]  INFO {AUDIT_LOG} - Initiator=w**************r Action=Get-User-Claim-Values Target=a***n Data={"Claims":{},"Profile":"default"} Outcome=Success
TID: [] [2026-10-01 14:27:31,499]  INFO {AUDIT_LOG} - Initiator=w**************r Action=Get-User-Claim-Values Target=a***n Data={"Claims":{},"Profile":"default"} Outcome=Success
TID: [] [2026-10-01 14:27:31,499]  INFO {AUDIT_LOG} - Initiator=w**************r Action=Get-User-Claim-Values Target=a***n Data={"Claims":{},"Profile":"default"} Outcome=Success
TID: [] [2026-10-01 14:27:31,501]  INFO {AUDIT_LOG} - Initiator=w**************r Action=Get-User-Claim-Values Target=a***n Data={"Claims":{},"Profile":"default"} Outcome=Success
TID: [] [2026-10-01 14:27:31,502]  INFO {AUDIT_LOG} - Initiator=w**************r Action=Get-User-Claim-Values Target=a***n Data={"Claims":{},"Profile":"default"} Outcome=Success
TID: [] [2026-10-01 14:27:31,503]  INFO {AUDIT_LOG} - Initiator=w**************r Action=Get-User-Claim-Values Target=a***n Data={"Claims":{},"Profile":"default"} Outcome=Success
TID: [] [2026-10-01 14:27:31,504]  INFO {AUDIT_LOG} - Initiator=w**************r Action=Get-User-Claim-Values Target=a***n Data={"Claims":{},"Profile":"default"} Outcome=Success
TID: [] [2026-10-01 14:27:31,504]  INFO {AUDIT_LOG} - Initiator=w**************r Action=Get-User-Claim-Values Target=a***n Data={"Claims":{},"Profile":"default"} Outcome=Success
TID: [] [2026-10-01 14:27:31,504]  INFO {AUDIT_LOG} - Initiator=w**************r Action=Get-User-Claim-Values Target=a***n Data={"Claims":{},"Profile":"default"} Outcome=Success
TID: [] [2026-10-01 14:27:31,505]  INFO {AUDIT_LOG} - Initiator=w**************r Action=Get-User-Claim-Values Target=a***n Data={"Claims":{},"Profile":"default"} Outcome=Success
TID: [] [2026-10-01 14:27:31,507]  INFO {AUDIT_LOG} - Initiator=w**************r Action=Get-User-Claim-Values Target=a***n Data={"Claims":{},"Profile":"default"} Outcome=Success
TID: [] [2026-10-01 14:27:31,508]  INFO {AUDIT_LOG} - Initiator=w**************r Action=Get-User-Claim-Values Target=a***n Data={"Claims":{},"Profile":"default"} Outcome=Success
TID: [] [2026-10-01 14:27:31,508]  INFO {AUDIT_LOG} - Initiator=w**************r Action=Get-User-Claim-Values Target=a***n Data={"Claims":{},"Profile":"default"} Outcome=Success
TID: [] [2026-10-01 14:27:31,508]  INFO {AUDIT_LOG} - Initiator=w**************r Action=Get-User-Claim-Values Target=a***n Data={"Claims":{},"Profile":"default"} Outcome=Success
TID: [] [2026-10-01 14:27:31,508]  INFO {AUDIT_LOG} - Initiator=w**************r Action=Get-User-Claim-Values Target=a***n Data={"Claims":{},"Profile":"default"} Outcome=Success
TID: [] [2026-10-01 14:27:31,510]  INFO {AUDIT_LOG} - Initiator=w**************r Action=Get-User-Claim-Values Target=a***n Data={"Claims":{},"Profile":"default"} Outcome=Success
TID: [] [2026-10-01 14:27:31,511]  INFO {AUDIT_LOG} - Initiator=w**************r Action=Get-User-Claim-Values Target=a***n Data={"Claims":{},"Profile":"default"} Outcome=Success
TID: [] [2026-10-01 14:27:31,512]  INFO {AUDIT_LOG} - Initiator=w**************r Action=Get-User-Claim-Values Target=a***n Data={"Claims":{},"Profile":"default"} Outcome=Success
TID: [] [2026-10-01 14:27:31,571]  INFO {AUDIT_LOG} - Initiator=w**************r Action=Get-Roles-of-User Target=a***n Data={"Filter":"*","Roles":["Internal/subscriber","Internal/creator","Internal/publisher","Internal/everyone","Internal/devops","admin","Internal/analytics","Internal/observer","Internal/integration_dev"]} Outcome=Success
TID: [-1234] [2026-10-01 14:27:31,707]  INFO {AUDIT_LOG} - Initiator=w**************r Action=Get-User-Claim-Values Target=a***n Data={"Claims":{},"Profile":"default"} Outcome=Success
TID: [-1234] [2026-10-01 14:27:31,708]  INFO {AUDIT_LOG} - Initiator=w**************r Action=Get-User-Claim-Values Target=a***n Data={"Claims":{},"Profile":"default"} Outcome=Success
TID: [-1234] [2026-10-01 14:27:31,708]  INFO {AUDIT_LOG} - Initiator=w**************r Action=Get-User-Claim-Values Target=a***n Data={"Claims":{},"Profile":"default"} Outcome=Success
TID: [-1234] [2026-10-01 14:27:31,708]  INFO {AUDIT_LOG} - Initiator=w**************r Action=Get-User-Claim-Values Target=a***n Data={"Claims":{},"Profile":"default"} Outcome=Success
TID: [-1234] [2026-10-01 14:27:31,708]  INFO {AUDIT_LOG} - Initiator=w**************r Action=Get-User-Claim-Values Target=a***n Data={"Claims":{},"Profile":"default"} Outcome=Success
TID: [-1234] [2026-10-01 14:27:31,708]  INFO {AUDIT_LOG} - Initiator=w**************r Action=Get-User-Claim-Values Target=a***n Data={"Claims":{},"Profile":"default"} Outcome=Success
TID: [-1234] [2026-10-01 14:27:31,708]  INFO {AUDIT_LOG} - Initiator=w**************r Action=Get-User-Claim-Values Target=a***n Data={"Claims":{},"Profile":"default"} Outcome=Success
TID: [-1234] [2026-10-01 14:27:31,708]  INFO {AUDIT_LOG} - Initiator=w**************r Action=Get-User-Claim-Values Target=a***n Data={"Claims":{},"Profile":"default"} Outcome=Success
TID: [-1234] [2026-10-01 14:27:31,709]  INFO {AUDIT_LOG} - Initiator=w**************r Action=Get-User-Claim-Values Target=a***n Data={"Claims":{},"Profile":"default"} Outcome=Success
TID: [-1234] [2026-10-01 14:27:31,709]  INFO {AUDIT_LOG} - Initiator=w**************r Action=Get-User-Claim-Values Target=a***n Data={"Claims":{},"Profile":"default"} Outcome=Success
TID: [-1234] [2026-10-01 14:27:31,709]  INFO {AUDIT_LOG} - Initiator=w**************r Action=Get-User-Claim-Values Target=a***n Data={"Claims":{},"Profile":"default"} Outcome=Success
TID: [-1234] [2026-10-01 14:27:31,709]  INFO {AUDIT_LOG} - Initiator=w**************r Action=Get-User-Claim-Values Target=a***n Data={"Claims":{},"Profile":"default"} Outcome=Success
TID: [-1234] [2026-10-01 14:27:31,710]  INFO {AUDIT_LOG} - Initiator=w**************r Action=Get-User-Claim-Values Target=a***n Data={"Claims":{},"Profile":"default"} Outcome=Success
TID: [-1234] [2026-10-01 14:27:31,710]  INFO {AUDIT_LOG} - Initiator=w**************r Action=Get-User-Claim-Values Target=a***n Data={"Claims":{},"Profile":"default"} Outcome=Success
TID: [-1234] [2026-10-01 14:27:31,710]  INFO {AUDIT_LOG} - Initiator=w**************r Action=Get-User-Claim-Values Target=a***n Data={"Claims":{},"Profile":"default"} Outcome=Success
TID: [-1234] [2026-10-01 14:27:31,710]  INFO {AUDIT_LOG} - Initiator=w**************r Action=Get-User-Claim-Values Target=a***n Data={"Claims":{},"Profile":"default"} Outcome=Success
TID: [-1234] [2026-10-01 14:27:31,710]  INFO {AUDIT_LOG} - Initiator=w**************r Action=Get-User-Claim-Values Target=a***n Data={"Claims":{},"Profile":"default"} Outcome=Success
TID: [-1234] [2026-10-01 14:27:31,710]  INFO {AUDIT_LOG} - Initiator=w**************r Action=Get-User-Claim-Values Target=a***n Data={"Claims":{},"Profile":"default"} Outcome=Success
TID: [-1234] [2026-10-01 14:27:31,712]  INFO {AUDIT_LOG} - Initiator=w**************r Action=Get-User-Claim-Values Target=a***n Data={"Claims":{},"Profile":"default"} Outcome=Success
TID: [-1234] [2026-10-01 14:27:31,712]  INFO {AUDIT_LOG} - Initiator=w**************r Action=Get-User-Claim-Values Target=a***n Data={"Claims":{},"Profile":"default"} Outcome=Success
TID: [-1234] [2026-10-01 14:27:31,712]  INFO {AUDIT_LOG} - Initiator=w**************r Action=Get-User-Claim-Values Target=a***n Data={"Claims":{},"Profile":"default"} Outcome=Success
TID: [-1234] [2026-10-01 14:27:31,713]  INFO {AUDIT_LOG} - Initiator=w**************r Action=Get-User-Claim-Values Target=a***n Data={"Claims":{},"Profile":"default"} Outcome=Success
TID: [-1234] [2026-10-01 14:27:31,714]  INFO {AUDIT_LOG} - Initiator=w**************r Action=Get-User-Claim-Values Target=a***n Data={"Claims":{},"Profile":"default"} Outcome=Success
TID: [-1234] [2026-10-01 14:27:31,714]  INFO {AUDIT_LOG} - Initiator=w**************r Action=Get-User-Claim-Values Target=a***n Data={"Claims":{},"Profile":"default"} Outcome=Success
TID: [-1234] [2026-10-01 14:27:31,714]  INFO {AUDIT_LOG} - Initiator=w**************r Action=Get-User-Claim-Values Target=a***n Data={"Claims":{},"Profile":"default"} Outcome=Success
TID: [-1234] [2026-10-01 14:27:31,714]  INFO {AUDIT_LOG} - Initiator=w**************r Action=Get-User-Claim-Values Target=a***n Data={"Claims":{},"Profile":"default"} Outcome=Success
TID: [-1234] [2026-10-01 14:27:31,715]  INFO {AUDIT_LOG} - Initiator=w**************r Action=Get-User-Claim-Values Target=a***n Data={"Claims":{},"Profile":"default"} Outcome=Success
TID: [-1234] [2026-10-01 14:27:31,715]  INFO {AUDIT_LOG} - Initiator=w**************r Action=Get-User-Claim-Values Target=a***n Data={"Claims":{},"Profile":"default"} Outcome=Success
TID: [-1234] [2026-10-01 14:27:31,715]  INFO {AUDIT_LOG} - Initiator=w**************r Action=Get-User-Claim-Values Target=a***n Data={"Claims":{},"Profile":"default"} Outcome=Success
TID: [-1234] [2026-10-01 14:27:31,715]  INFO {AUDIT_LOG} - Initiator=w**************r Action=Get-User-Claim-Values Target=a***n Data={"Claims":{},"Profile":"default"} Outcome=Success
TID: [-1234] [2026-10-01 14:27:31,715]  INFO {AUDIT_LOG} - Initiator=w**************r Action=Get-User-Claim-Values Target=a***n Data={"Claims":{},"Profile":"default"} Outcome=Success
TID: [-1234] [2026-10-01 14:27:31,716]  INFO {AUDIT_LOG} - Initiator=w**************r Action=Get-User-Claim-Values Target=a***n Data={"Claims":{},"Profile":"default"} Outcome=Success
TID: [-1234] [2026-10-01 14:27:31,716]  INFO {AUDIT_LOG} - Initiator=w**************r Action=Get-User-Claim-Values Target=a***n Data={"Claims":{},"Profile":"default"} Outcome=Success
TID: [-1234] [2026-10-01 14:27:31,716]  INFO {AUDIT_LOG} - Initiator=w**************r Action=Get-User-Claim-Values Target=a***n Data={"Claims":{},"Profile":"default"} Outcome=Success
TID: [-1234] [2026-10-01 14:27:31,716]  INFO {AUDIT_LOG} - Initiator=w**************r Action=Get-User-Claim-Values Target=a***n Data={"Claims":{},"Profile":"default"} Outcome=Success
TID: [-1234] [2026-10-01 14:27:31,717]  INFO {AUDIT_LOG} - Initiator=w**************r Action=Get-User-Claim-Values Target=a***n Data={"Claims":{},"Profile":"default"} Outcome=Success
TID: [-1234] [2026-10-01 14:27:31,719]  INFO {AUDIT_LOG} - Initiator=w**************r Action=Get-User-Claim-Values Target=a***n Data={"Claims":{},"Profile":"default"} Outcome=Success
TID: [-1234] [2026-10-01 14:27:31,719]  INFO {AUDIT_LOG} - Initiator=w**************r Action=Get-User-Claim-Values Target=a***n Data={"Claims":{},"Profile":"default"} Outcome=Success
TID: [-1234] [2026-10-01 14:27:31,719]  INFO {AUDIT_LOG} - Initiator=w**************r Action=Get-User-Claim-Values Target=a***n Data={"Claims":{},"Profile":"default"} Outcome=Success
TID: [-1234] [2026-10-01 14:27:31,720]  INFO {AUDIT_LOG} - Initiator=w**************r Action=Get-User-Claim-Values Target=a***n Data={"Claims":{},"Profile":"default"} Outcome=Success
TID: [-1234] [2026-10-01 14:27:31,720]  INFO {AUDIT_LOG} - Initiator=w**************r Action=Get-User-Claim-Values Target=a***n Data={"Claims":{},"Profile":"default"} Outcome=Success
TID: [-1234] [2026-10-01 14:27:31,720]  INFO {AUDIT_LOG} - Initiator=w**************r Action=Get-User-Claim-Values Target=a***n Data={"Claims":{},"Profile":"default"} Outcome=Success
TID: [-1234] [2026-10-01 14:27:31,720]  INFO {AUDIT_LOG} - Initiator=w**************r Action=Get-User-Claim-Values Target=a***n Data={"Claims":{},"Profile":"default"} Outcome=Success
TID: [-1234] [2026-10-01 14:27:31,720]  INFO {AUDIT_LOG} - Initiator=w**************r Action=Get-User-Claim-Values Target=a***n Data={"Claims":{},"Profile":"default"} Outcome=Success
TID: [-1234] [2026-10-01 14:27:31,720]  INFO {AUDIT_LOG} - Initiator=w**************r Action=Get-User-Claim-Values Target=a***n Data={"Claims":{},"Profile":"default"} Outcome=Success
TID: [-1234] [2026-10-01 14:27:31,736]  INFO {AUDIT_LOG} - Initiator=w**************r Action=Get-User-Claim-Values Target=a***n Data={"Claims":{},"Profile":"default"} Outcome=Success
TID: [-1234] [2026-10-01 14:27:31,736]  INFO {AUDIT_LOG} - Initiator=w**************r Action=Get-User-Claim-Values Target=a***n Data={"Claims":{},"Profile":"default"} Outcome=Success
TID: [-1234] [2026-10-01 14:27:31,737]  INFO {AUDIT_LOG} - Initiator=w**************r Action=Get-User-Claim-Values Target=a***n Data={"Claims":{},"Profile":"default"} Outcome=Success
TID: [-1234] [2026-10-01 14:27:31,737]  INFO {AUDIT_LOG} - Initiator=w**************r Action=Get-User-Claim-Values Target=a***n Data={"Claims":{},"Profile":"default"} Outcome=Success
TID: [-1234] [2026-10-01 14:27:31,737]  INFO {AUDIT_LOG} - Initiator=w**************r Action=Get-User-Claim-Values Target=a***n Data={"Claims":{},"Profile":"default"} Outcome=Success
TID: [-1234] [2026-10-01 14:27:31,737]  INFO {AUDIT_LOG} - Initiator=w**************r Action=Get-User-Claim-Values Target=a***n Data={"Claims":{},"Profile":"default"} Outcome=Success
TID: [-1234] [2026-10-01 14:27:32,078]  INFO {AUDIT_LOG} - Initiator=w**************r Action=Get-User-Claim-Values Target=a***n Data={"Claims":{},"Profile":"default"} Outcome=Success
TID: [-1234] [2026-10-01 14:27:32,078]  INFO {AUDIT_LOG} - Initiator=w**************r Action=Get-User-Claim-Values Target=a***n Data={"Claims":{},"Profile":"default"} Outcome=Success
TID: [-1234] [2026-10-01 14:27:32,079]  INFO {AUDIT_LOG} - Initiator=w**************r Action=Get-User-Claim-Values Target=a***n Data={"Claims":{},"Profile":"default"} Outcome=Success
TID: [-1234] [2026-10-01 14:27:32,079]  INFO {AUDIT_LOG} - Initiator=w**************r Action=Get-User-Claim-Values Target=a***n Data={"Claims":{},"Profile":"default"} Outcome=Success
TID: [-1234] [2026-10-01 14:27:32,079]  INFO {AUDIT_LOG} - Initiator=w**************r Action=Get-User-Claim-Values Target=a***n Data={"Claims":{},"Profile":"default"} Outcome=Success
TID: [-1234] [2026-10-01 14:27:32,079]  INFO {AUDIT_LOG} - Initiator=w**************r Action=Get-User-Claim-Values Target=a***n Data={"Claims":{},"Profile":"default"} Outcome=Success
TID: [-1234] [2026-10-01 14:27:32,079]  INFO {AUDIT_LOG} - Initiator=w**************r Action=Get-User-Claim-Values Target=a***n Data={"Claims":{},"Profile":"default"} Outcome=Success
TID: [-1234] [2026-10-01 14:27:32,079]  INFO {AUDIT_LOG} - Initiator=w**************r Action=Get-User-Claim-Values Target=a***n Data={"Claims":{},"Profile":"default"} Outcome=Success
TID: [-1234] [2026-10-01 14:27:32,080]  INFO {AUDIT_LOG} - Initiator=w**************r Action=Get-User-Claim-Values Target=a***n Data={"Claims":{},"Profile":"default"} Outcome=Success
TID: [-1234] [2026-10-01 14:27:32,607]  INFO {AUDIT_LOG} - Initiator=w**************r Action=Get-User-Claim-Values Target=a***n Data={"Claims":{},"Profile":"default"} Outcome=Success
TID: [-1234] [2026-10-01 14:27:32,608]  INFO {AUDIT_LOG} - Initiator=w**************r Action=Get-User-Claim-Values Target=a***n Data={"Claims":{},"Profile":"default"} Outcome=Success
TID: [-1234] [2026-10-01 14:27:32,609]  INFO {AUDIT_LOG} - Initiator=w**************r Action=Get-User-Claim-Values Target=a***n Data={"Claims":{},"Profile":"default"} Outcome=Success
TID: [-1234] [2026-10-01 14:27:32,622]  INFO {AUDIT_LOG} - Initiator=w**************r Action=Get-User-Claim-Values Target=a***n Data={"Claims":{},"Profile":"default"} Outcome=Success
TID: [-1234] [2026-10-01 14:27:32,623]  INFO {AUDIT_LOG} - Initiator=w**************r Action=Get-User-Claim-Values Target=a***n Data={"Claims":{},"Profile":"default"} Outcome=Success
TID: [-1234] [2026-10-01 14:27:32,623]  INFO {AUDIT_LOG} - Initiator=w**************r Action=Get-User-Claim-Values Target=a***n Data={"Claims":{},"Profile":"default"} Outcome=Success
TID: [-1234] [2026-10-01 14:27:32,641]  INFO {AUDIT_LOG} - Initiator=w**************r Action=Get-User-Claim-Values Target=a***n Data={"Claims":{},"Profile":"default"} Outcome=Success
TID: [-1234] [2026-10-01 14:27:32,642]  INFO {AUDIT_LOG} - Initiator=w**************r Action=Get-User-Claim-Values Target=a***n Data={"Claims":{},"Profile":"default"} Outcome=Success
TID: [-1234] [2026-10-01 14:27:32,643]  INFO {AUDIT_LOG} - Initiator=w**************r Action=Get-User-Claim-Values Target=a***n Data={"Claims":{},"Profile":"default"} Outcome=Success
TID: [-1234] [2026-10-01 14:27:32,659]  INFO {AUDIT_LOG} - Initiator=w**************r Action=Get-User-Claim-Values Target=a***n Data={"Claims":{},"Profile":"default"} Outcome=Success
TID: [-1234] [2026-10-01 14:27:32,660]  INFO {AUDIT_LOG} - Initiator=w**************r Action=Get-User-Claim-Values Target=a***n Data={"Claims":{},"Profile":"default"} Outcome=Success
TID: [-1234] [2026-10-01 14:27:32,660]  INFO {AUDIT_LOG} - Initiator=w**************r Action=Get-User-Claim-Values Target=a***n Data={"Claims":{},"Profile":"default"} Outcome=Success
TID: [-1234] [2026-10-01 14:27:32,676]  INFO {AUDIT_LOG} - Initiator=w**************r Action=Get-User-Claim-Values Target=a***n Data={"Claims":{},"Profile":"default"} Outcome=Success
TID: [-1234] [2026-10-01 14:27:32,677]  INFO {AUDIT_LOG} - Initiator=w**************r Action=Get-User-Claim-Values Target=a***n Data={"Claims":{},"Profile":"default"} Outcome=Success
TID: [-1234] [2026-10-01 14:27:32,677]  INFO {AUDIT_LOG} - Initiator=w**************r Action=Get-User-Claim-Values Target=a***n Data={"Claims":{},"Profile":"default"} Outcome=Success
TID: [-1234] [2026-10-01 14:27:32,678]  INFO {AUDIT_LOG} - Initiator=w**************r Action=Get-User-Claim-Values Target=a***n Data={"Claims":{},"Profile":"default"} Outcome=Success
TID: [-1234] [2026-10-01 14:27:32,678]  INFO {AUDIT_LOG} - Initiator=w**************r Action=Get-User-Claim-Values Target=a***n Data={"Claims":{},"Profile":"default"} Outcome=Success
TID: [-1234] [2026-10-01 14:27:32,679]  INFO {AUDIT_LOG} - Initiator=w**************r Action=Get-User-Claim-Values Target=a***n Data={"Claims":{},"Profile":"default"} Outcome=Success
TID: [] [2026-10-01 14:27:32,868]  INFO {AUDIT_LOG} - {"performedBy":"SYSTEM: carbon.super","action":"deployed","type":"API","info":"e2751bd4-70e9-4e96-9c39-c0d334d80213"}
TID: [-1234] [2026-10-01 14:27:33,815]  INFO {AUDIT_LOG} - Initiator=w**************r Action=Get-User-Claim-Values Target=a***n Data={"Claims":{},"Profile":"default"} Outcome=Success
TID: [-1234] [2026-10-01 14:27:33,815]  INFO {AUDIT_LOG} - Initiator=w**************r Action=Get-User-Claim-Values Target=a***n Data={"Claims":{},"Profile":"default"} Outcome=Success
TID: [-1234] [2026-10-01 14:27:33,816]  INFO {AUDIT_LOG} - Initiator=w**************r Action=Get-User-Claim-Values Target=a***n Data={"Claims":{},"Profile":"default"} Outcome=Success
TID: [-1234] [2026-10-01 14:27:38,610]  INFO {AUDIT_LOG} - Initiator=w**************r Action=Get-User-Claim-Value Target=a***n Data={"Claim":"http://wso2.org/claims/organization"} Outcome=Success
TID: [-1234] [2026-10-01 14:27:38,610]  INFO {AUDIT_LOG} - Initiator=w**************r Action=Get-User-Claim-Value Target=a***n Data={"Claim":"http://wso2.org/claims/organization"} Outcome=Success
TID: [-1234] [2026-10-01 14:27:38,610]  INFO {AUDIT_LOG} - Initiator=w**************r Action=Get-User-Claim-Value Target=a***n Data={"Claim":"http://wso2.org/claims/organization"} Outcome=Success
TID: [-1234] [2026-10-01 14:27:39,140]  INFO {AUDIT_LOG} - GET /api/am/publisher/tenants?state=active user: admin@carbon.super app: lOKNtRmYnWO18JvYCYJANhTjS6sa
TID: [-1234] [2026-10-01 14:27:39,140]  INFO {AUDIT_LOG} - GET /api/am/publisher/settings user: admin@carbon.super app: lOKNtRmYnWO18JvYCYJANhTjS6sa
TID: [-1234] [2026-10-01 14:27:39,140]  INFO {AUDIT_LOG} - GET /api/am/publisher/apis/e2751bd4-70e9-4e96-9c39-c0d334d80213 user: admin@carbon.super app: lOKNtRmYnWO18JvYCYJANhTjS6sa
TID: [-1234] [2026-10-01 14:27:39,805]  INFO {AUDIT_LOG} - GET /api/am/publisher/apis/e2751bd4-70e9-4e96-9c39-c0d334d80213/revisions user: admin@carbon.super app: lOKNtRmYnWO18JvYCYJANhTjS6sa
TID: [-1234] [2026-10-01 14:27:39,805]  INFO {AUDIT_LOG} - GET /api/am/publisher/apis/e2751bd4-70e9-4e96-9c39-c0d334d80213/revisions?query=deployed%3Atrue user: admin@carbon.super app: lOKNtRmYnWO18JvYCYJANhTjS6sa
TID: [-1234] [2026-10-01 14:27:39,947]  INFO {AUDIT_LOG} - GET /api/am/publisher/apis/e2751bd4-70e9-4e96-9c39-c0d334d80213/swagger user: admin@carbon.super app: lOKNtRmYnWO18JvYCYJANhTjS6sa
TID: [-1234] [2026-10-01 14:27:39,947]  INFO {AUDIT_LOG} - GET /api/am/publisher/apis/e2751bd4-70e9-4e96-9c39-c0d334d80213/revisions?query=deployed%3Atrue user: admin@carbon.super app: lOKNtRmYnWO18JvYCYJANhTjS6sa
TID: [-1234] [2026-10-01 14:27:39,947]  INFO {AUDIT_LOG} - GET /api/am/publisher/me/organization-information user: admin@carbon.super app: lOKNtRmYnWO18JvYCYJANhTjS6sa
TID: [-1234] [2026-10-01 14:27:39,947]  INFO {AUDIT_LOG} - GET /api/am/publisher/settings user: admin@carbon.super app: lOKNtRmYnWO18JvYCYJANhTjS6sa
TID: [-1234] [2026-10-01 14:27:44,698]  INFO {AUDIT_LOG} - GET /api/am/publisher/apis?limit=5&offset=0 user: admin@carbon.super app: lOKNtRmYnWO18JvYCYJANhTjS6sa
TID: [-1234] [2026-10-01 14:27:44,700]  INFO {AUDIT_LOG} - GET /api/am/publisher/mcp-servers?limit=5&offset=0 user: admin@carbon.super app: lOKNtRmYnWO18JvYCYJANhTjS6sa
TID: [-1234] [2026-10-01 14:27:44,700]  INFO {AUDIT_LOG} - GET /api/am/publisher/api-products?limit=5&offset=0 user: admin@carbon.super app: lOKNtRmYnWO18JvYCYJANhTjS6sa
TID: [-1234] [2026-10-01 14:27:44,763]  INFO {AUDIT_LOG} - GET /api/am/publisher/api-products?limit=5&offset=0 user: admin@carbon.super app: lOKNtRmYnWO18JvYCYJANhTjS6sa
TID: [-1234] [2026-10-01 14:27:44,772]  INFO {AUDIT_LOG} - GET /api/am/publisher/apis?limit=5&offset=0 user: admin@carbon.super app: lOKNtRmYnWO18JvYCYJANhTjS6sa
TID: [-1234] [2026-10-01 14:28:01,053]  INFO {AUDIT_LOG} - Initiator=w**************r Action=Get-User-Claim-Values Target=a***n Data={"Claims":{},"Profile":"default"} Outcome=Success
TID: [-1234] [2026-10-01 14:28:01,054]  INFO {AUDIT_LOG} - Initiator=w**************r Action=Get-User-Claim-Values Target=a***n Data={"Claims":{},"Profile":"default"} Outcome=Success
TID: [-1234] [2026-10-01 14:28:01,054]  INFO {AUDIT_LOG} - Initiator=w**************r Action=Get-User-Claim-Values Target=a***n Data={"Claims":{},"Profile":"default"} Outcome=Success
TID: [-1234] [2026-10-01 14:28:31,052]  INFO {AUDIT_LOG} - Initiator=w**************r Action=Get-User-Claim-Values Target=a***n Data={"Claims":{},"Profile":"default"} Outcome=Success
TID: [-1234] [2026-10-01 14:28:31,053]  INFO {AUDIT_LOG} - Initiator=w**************r Action=Get-User-Claim-Values Target=a***n Data={"Claims":{},"Profile":"default"} Outcome=Success
TID: [-1234] [2026-10-01 14:28:31,053]  INFO {AUDIT_LOG} - Initiator=w**************r Action=Get-User-Claim-Values Target=a***n Data={"Claims":{},"Profile":"default"} Outcome=Success
TID: [-1234] [2026-10-01 14:29:01,056]  INFO {AUDIT_LOG} - Initiator=w**************r Action=Get-User-Claim-Values Target=a***n Data={"Claims":{},"Profile":"default"} Outcome=Success
TID: [-1234] [2026-10-01 14:29:01,056]  INFO {AUDIT_LOG} - Initiator=w**************r Action=Get-User-Claim-Values Target=a***n Data={"Claims":{},"Profile":"default"} Outcome=Success
TID: [-1234] [2026-10-01 14:29:01,056]  INFO {AUDIT_LOG} - Initiator=w**************r Action=Get-User-Claim-Values Target=a***n Data={"Claims":{},"Profile":"default"} Outcome=Success
TID: [-1234] [2026-10-01 14:29:31,052]  INFO {AUDIT_LOG} - Initiator=w**************r Action=Get-User-Claim-Values Target=a***n Data={"Claims":{},"Profile":"default"} Outcome=Success
TID: [-1234] [2026-10-01 14:29:31,052]  INFO {AUDIT_LOG} - Initiator=w**************r Action=Get-User-Claim-Values Target=a***n Data={"Claims":{},"Profile":"default"} Outcome=Success
TID: [-1234] [2026-10-01 14:29:31,052]  INFO {AUDIT_LOG} - Initiator=w**************r Action=Get-User-Claim-Values Target=a***n Data={"Claims":{},"Profile":"default"} Outcome=Success
TID: [-1234] [2026-10-01 14:30:01,052]  INFO {AUDIT_LOG} - Initiator=w**************r Action=Get-User-Claim-Values Target=a***n Data={"Claims":{},"Profile":"default"} Outcome=Success
TID: [-1234] [2026-10-01 14:30:01,053]  INFO {AUDIT_LOG} - Initiator=w**************r Action=Get-User-Claim-Values Target=a***n Data={"Claims":{},"Profile":"default"} Outcome=Success
TID: [-1234] [2026-10-01 14:30:01,053]  INFO {AUDIT_LOG} - Initiator=w**************r Action=Get-User-Claim-Values Target=a***n Data={"Claims":{},"Profile":"default"} Outcome=Success
TID: [-1234] [2026-10-01 14:30:31,054]  INFO {AUDIT_LOG} - Initiator=w**************r Action=Get-User-Claim-Values Target=a***n Data={"Claims":{},"Profile":"default"} Outcome=Success
TID: [-1234] [2026-10-01 14:30:31,054]  INFO {AUDIT_LOG} - Initiator=w**************r Action=Get-User-Claim-Values Target=a***n Data={"Claims":{},"Profile":"default"} Outcome=Success
TID: [-1234] [2026-10-01 14:30:31,054]  INFO {AUDIT_LOG} - Initiator=w**************r Action=Get-User-Claim-Values Target=a***n Data={"Claims":{},"Profile":"default"} Outcome=Success
TID: [-1234] [2026-10-01 14:31:01,053]  INFO {AUDIT_LOG} - Initiator=w**************r Action=Get-User-Claim-Values Target=a***n Data={"Claims":{},"Profile":"default"} Outcome=Success
TID: [-1234] [2026-10-01 14:31:01,053]  INFO {AUDIT_LOG} - Initiator=w**************r Action=Get-User-Claim-Values Target=a***n Data={"Claims":{},"Profile":"default"} Outcome=Success
TID: [-1234] [2026-10-01 14:31:01,053]  INFO {AUDIT_LOG} - Initiator=w**************r Action=Get-User-Claim-Values Target=a***n Data={"Claims":{},"Profile":"default"} Outcome=Success
TID: [-1234] [2026-10-01 14:31:31,053]  INFO {AUDIT_LOG} - Initiator=w**************r Action=Get-User-Claim-Values Target=a***n Data={"Claims":{},"Profile":"default"} Outcome=Success
TID: [-1234] [2026-10-01 14:31:31,054]  INFO {AUDIT_LOG} - Initiator=w**************r Action=Get-User-Claim-Values Target=a***n Data={"Claims":{},"Profile":"default"} Outcome=Success
TID: [-1234] [2026-10-01 14:31:31,054]  INFO {AUDIT_LOG} - Initiator=w**************r Action=Get-User-Claim-Values Target=a***n Data={"Claims":{},"Profile":"default"} Outcome=Success
TID: [-1234] [2026-10-01 14:32:01,054]  INFO {AUDIT_LOG} - Initiator=w**************r Action=Get-User-Claim-Values Target=a***n Data={"Claims":{},"Profile":"default"} Outcome=Success
TID: [-1234] [2026-10-01 14:32:01,054]  INFO {AUDIT_LOG} - Initiator=w**************r Action=Get-User-Claim-Values Target=a***n Data={"Claims":{},"Profile":"default"} Outcome=Success
TID: [-1234] [2026-10-01 14:32:01,054]  INFO {AUDIT_LOG} - Initiator=w**************r Action=Get-User-Claim-Values Target=a***n Data={"Claims":{},"Profile":"default"} Outcome=Success
TID: [-1234] [2026-10-01 14:32:31,052]  INFO {AUDIT_LOG} - Initiator=w**************r Action=Get-User-Claim-Values Target=a***n Data={"Claims":{},"Profile":"default"} Outcome=Success
TID: [-1234] [2026-10-01 14:32:31,052]  INFO {AUDIT_LOG} - Initiator=w**************r Action=Get-User-Claim-Values Target=a***n Data={"Claims":{},"Profile":"default"} Outcome=Success
TID: [-1234] [2026-10-01 14:32:31,052]  INFO {AUDIT_LOG} - Initiator=w**************r Action=Get-User-Claim-Values Target=a***n Data={"Claims":{},"Profile":"default"} Outcome=Success
TID: [-1234] [2026-10-01 14:33:01,053]  INFO {AUDIT_LOG} - Initiator=w**************r Action=Get-User-Claim-Values Target=a***n Data={"Claims":{},"Profile":"default"} Outcome=Success
TID: [-1234] [2026-10-01 14:33:01,053]  INFO {AUDIT_LOG} - Initiator=w**************r Action=Get-User-Claim-Values Target=a***n Data={"Claims":{},"Profile":"default"} Outcome=Success
TID: [-1234] [2026-10-01 14:33:01,053]  INFO {AUDIT_LOG} - Initiator=w**************r Action=Get-User-Claim-Values Target=a***n Data={"Claims":{},"Profile":"default"} Outcome=Success
TID: [-1234] [2026-10-01 14:33:31,054]  INFO {AUDIT_LOG} - Initiator=w**************r Action=Get-User-Claim-Values Target=a***n Data={"Claims":{},"Profile":"default"} Outcome=Success
TID: [-1234] [2026-10-01 14:33:31,054]  INFO {AUDIT_LOG} - Initiator=w**************r Action=Get-User-Claim-Values Target=a***n Data={"Claims":{},"Profile":"default"} Outcome=Success
TID: [-1234] [2026-10-01 14:33:31,054]  INFO {AUDIT_LOG} - Initiator=w**************r Action=Get-User-Claim-Values Target=a***n Data={"Claims":{},"Profile":"default"} Outcome=Success
TID: [-1234] [2026-10-01 14:34:01,054]  INFO {AUDIT_LOG} - Initiator=w**************r Action=Get-User-Claim-Values Target=a***n Data={"Claims":{},"Profile":"default"} Outcome=Success
TID: [-1234] [2026-10-01 14:34:01,054]  INFO {AUDIT_LOG} - Initiator=w**************r Action=Get-User-Claim-Values Target=a***n Data={"Claims":{},"Profile":"default"} Outcome=Success
TID: [-1234] [2026-10-01 14:34:01,054]  INFO {AUDIT_LOG} - Initiator=w**************r Action=Get-User-Claim-Values Target=a***n Data={"Claims":{},"Profile":"default"} Outcome=Success
TID: [-1234] [2026-10-01 14:34:31,051]  INFO {AUDIT_LOG} - Initiator=w**************r Action=Get-User-Claim-Values Target=a***n Data={"Claims":{},"Profile":"default"} Outcome=Success
TID: [-1234] [2026-10-01 14:34:31,052]  INFO {AUDIT_LOG} - Initiator=w**************r Action=Get-User-Claim-Values Target=a***n Data={"Claims":{},"Profile":"default"} Outcome=Success
TID: [-1234] [2026-10-01 14:34:31,052]  INFO {AUDIT_LOG} - Initiator=w**************r Action=Get-User-Claim-Values Target=a***n Data={"Claims":{},"Profile":"default"} Outcome=Success
TID: [-1234] [2026-10-01 14:35:01,053]  INFO {AUDIT_LOG} - Initiator=w**************r Action=Get-User-Claim-Values Target=a***n Data={"Claims":{},"Profile":"default"} Outcome=Success
TID: [-1234] [2026-10-01 14:35:01,054]  INFO {AUDIT_LOG} - Initiator=w**************r Action=Get-User-Claim-Values Target=a***n Data={"Claims":{},"Profile":"default"} Outcome=Success
TID: [-1234] [2026-10-01 14:35:01,054]  INFO {AUDIT_LOG} - Initiator=w**************r Action=Get-User-Claim-Values Target=a***n Data={"Claims":{},"Profile":"default"} Outcome=Success
TID: [-1234] [2026-10-01 14:35:31,053]  INFO {AUDIT_LOG} - Initiator=w**************r Action=Get-User-Claim-Values Target=a***n Data={"Claims":{},"Profile":"default"} Outcome=Success
TID: [-1234] [2026-10-01 14:35:31,053]  INFO {AUDIT_LOG} - Initiator=w**************r Action=Get-User-Claim-Values Target=a***n Data={"Claims":{},"Profile":"default"} Outcome=Success
TID: [-1234] [2026-10-01 14:35:31,053]  INFO {AUDIT_LOG} - Initiator=w**************r Action=Get-User-Claim-Values Target=a***n Data={"Claims":{},"Profile":"default"} Outcome=Success
TID: [-1234] [2026-10-01 14:36:01,052]  INFO {AUDIT_LOG} - Initiator=w**************r Action=Get-User-Claim-Values Target=a***n Data={"Claims":{},"Profile":"default"} Outcome=Success
TID: [-1234] [2026-10-01 14:36:01,052]  INFO {AUDIT_LOG} - Initiator=w**************r Action=Get-User-Claim-Values Target=a***n Data={"Claims":{},"Profile":"default"} Outcome=Success
TID: [-1234] [2026-10-01 14:36:01,052]  INFO {AUDIT_LOG} - Initiator=w**************r Action=Get-User-Claim-Values Target=a***n Data={"Claims":{},"Profile":"default"} Outcome=Success
TID: [-1234] [2026-10-01 14:36:31,051]  INFO {AUDIT_LOG} - Initiator=w**************r Action=Get-User-Claim-Values Target=a***n Data={"Claims":{},"Profile":"default"} Outcome=Success
TID: [-1234] [2026-10-01 14:36:31,052]  INFO {AUDIT_LOG} - Initiator=w**************r Action=Get-User-Claim-Values Target=a***n Data={"Claims":{},"Profile":"default"} Outcome=Success
TID: [-1234] [2026-10-01 14:36:31,052]  INFO {AUDIT_LOG} - Initiator=w**************r Action=Get-User-Claim-Values Target=a***n Data={"Claims":{},"Profile":"default"} Outcome=Success
TID: [-1234] [2026-10-01 14:37:01,054]  INFO {AUDIT_LOG} - Initiator=w**************r Action=Get-User-Claim-Values Target=a***n Data={"Claims":{},"Profile":"default"} Outcome=Success
TID: [-1234] [2026-10-01 14:37:01,055]  INFO {AUDIT_LOG} - Initiator=w**************r Action=Get-User-Claim-Values Target=a***n Data={"Claims":{},"Profile":"default"} Outcome=Success
TID: [-1234] [2026-10-01 14:37:01,055]  INFO {AUDIT_LOG} - Initiator=w**************r Action=Get-User-Claim-Values Target=a***n Data={"Claims":{},"Profile":"default"} Outcome=Success
TID: [-1234] [2026-10-01 14:37:31,053]  INFO {AUDIT_LOG} - Initiator=w**************r Action=Get-User-Claim-Values Target=a***n Data={"Claims":{},"Profile":"default"} Outcome=Success
TID: [-1234] [2026-10-01 14:37:31,053]  INFO {AUDIT_LOG} - Initiator=w**************r Action=Get-User-Claim-Values Target=a***n Data={"Claims":{},"Profile":"default"} Outcome=Success
TID: [-1234] [2026-10-01 14:37:31,053]  INFO {AUDIT_LOG} - Initiator=w**************r Action=Get-User-Claim-Values Target=a***n Data={"Claims":{},"Profile":"default"} Outcome=Success
TID: [-1234] [2026-10-01 14:38:01,054]  INFO {AUDIT_LOG} - Initiator=w**************r Action=Get-User-Claim-Values Target=a***n Data={"Claims":{},"Profile":"default"} Outcome=Success
TID: [-1234] [2026-10-01 14:38:01,054]  INFO {AUDIT_LOG} - Initiator=w**************r Action=Get-User-Claim-Values Target=a***n Data={"Claims":{},"Profile":"default"} Outcome=Success
TID: [-1234] [2026-10-01 14:38:01,054]  INFO {AUDIT_LOG} - Initiator=w**************r Action=Get-User-Claim-Values Target=a***n Data={"Claims":{},"Profile":"default"} Outcome=Success
TID: [-1234] [2026-10-01 14:38:31,053]  INFO {AUDIT_LOG} - Initiator=w**************r Action=Get-User-Claim-Values Target=a***n Data={"Claims":{},"Profile":"default"} Outcome=Success
TID: [-1234] [2026-10-01 14:38:31,053]  INFO {AUDIT_LOG} - Initiator=w**************r Action=Get-User-Claim-Values Target=a***n Data={"Claims":{},"Profile":"default"} Outcome=Success
TID: [-1234] [2026-10-01 14:38:31,053]  INFO {AUDIT_LOG} - Initiator=w**************r Action=Get-User-Claim-Values Target=a***n Data={"Claims":{},"Profile":"default"} Outcome=Success
TID: [-1234] [2026-10-01 14:39:01,051]  INFO {AUDIT_LOG} - Initiator=w**************r Action=Get-User-Claim-Values Target=a***n Data={"Claims":{},"Profile":"default"} Outcome=Success
TID: [-1234] [2026-10-01 14:39:01,052]  INFO {AUDIT_LOG} - Initiator=w**************r Action=Get-User-Claim-Values Target=a***n Data={"Claims":{},"Profile":"default"} Outcome=Success
TID: [-1234] [2026-10-01 14:39:01,052]  INFO {AUDIT_LOG} - Initiator=w**************r Action=Get-User-Claim-Values Target=a***n Data={"Claims":{},"Profile":"default"} Outcome=Success
TID: [-1234] [2026-10-01 14:39:31,053]  INFO {AUDIT_LOG} - Initiator=w**************r Action=Get-User-Claim-Values Target=a***n Data={"Claims":{},"Profile":"default"} Outcome=Success
TID: [-1234] [2026-10-01 14:39:31,054]  INFO {AUDIT_LOG} - Initiator=w**************r Action=Get-User-Claim-Values Target=a***n Data={"Claims":{},"Profile":"default"} Outcome=Success
TID: [-1234] [2026-10-01 14:39:31,054]  INFO {AUDIT_LOG} - Initiator=w**************r Action=Get-User-Claim-Values Target=a***n Data={"Claims":{},"Profile":"default"} Outcome=Success
TID: [-1234] [2026-10-01 14:40:01,059]  INFO {AUDIT_LOG} - Initiator=w**************r Action=Get-User-Claim-Values Target=a***n Data={"Claims":{},"Profile":"default"} Outcome=Success
TID: [-1234] [2026-10-01 14:40:01,060]  INFO {AUDIT_LOG} - Initiator=w**************r Action=Get-User-Claim-Values Target=a***n Data={"Claims":{},"Profile":"default"} Outcome=Success
TID: [-1234] [2026-10-01 14:40:01,060]  INFO {AUDIT_LOG} - Initiator=w**************r Action=Get-User-Claim-Values Target=a***n Data={"Claims":{},"Profile":"default"} Outcome=Success
TID: [-1234] [2026-10-01 14:40:31,053]  INFO {AUDIT_LOG} - Initiator=w**************r Action=Get-User-Claim-Values Target=a***n Data={"Claims":{},"Profile":"default"} Outcome=Success
TID: [-1234] [2026-10-01 14:40:31,053]  INFO {AUDIT_LOG} - Initiator=w**************r Action=Get-User-Claim-Values Target=a***n Data={"Claims":{},"Profile":"default"} Outcome=Success
TID: [-1234] [2026-10-01 14:40:31,054]  INFO {AUDIT_LOG} - Initiator=w**************r Action=Get-User-Claim-Values Target=a***n Data={"Claims":{},"Profile":"default"} Outcome=Success
TID: [-1234] [2026-10-01 14:41:01,051]  INFO {AUDIT_LOG} - Initiator=w**************r Action=Get-User-Claim-Values Target=a***n Data={"Claims":{},"Profile":"default"} Outcome=Success
TID: [-1234] [2026-10-01 14:41:01,052]  INFO {AUDIT_LOG} - Initiator=w**************r Action=Get-User-Claim-Values Target=a***n Data={"Claims":{},"Profile":"default"} Outcome=Success
TID: [-1234] [2026-10-01 14:41:01,052]  INFO {AUDIT_LOG} - Initiator=w**************r Action=Get-User-Claim-Values Target=a***n Data={"Claims":{},"Profile":"default"} Outcome=Success
TID: [-1234] [2026-10-01 14:41:31,054]  INFO {AUDIT_LOG} - Initiator=w**************r Action=Get-User-Claim-Values Target=a***n Data={"Claims":{},"Profile":"default"} Outcome=Success
TID: [-1234] [2026-10-01 14:41:31,054]  INFO {AUDIT_LOG} - Initiator=w**************r Action=Get-User-Claim-Values Target=a***n Data={"Claims":{},"Profile":"default"} Outcome=Success
TID: [-1234] [2026-10-01 14:41:31,054]  INFO {AUDIT_LOG} - Initiator=w**************r Action=Get-User-Claim-Values Target=a***n Data={"Claims":{},"Profile":"default"} Outcome=Success
TID: [-1234] [2026-10-01 14:42:01,051]  INFO {AUDIT_LOG} - Initiator=w**************r Action=Get-User-Claim-Values Target=a***n Data={"Claims":{},"Profile":"default"} Outcome=Success
TID: [-1234] [2026-10-01 14:42:01,052]  INFO {AUDIT_LOG} - Initiator=w**************r Action=Get-User-Claim-Values Target=a***n Data={"Claims":{},"Profile":"default"} Outcome=Success
TID: [-1234] [2026-10-01 14:42:01,052]  INFO {AUDIT_LOG} - Initiator=w**************r Action=Get-User-Claim-Values Target=a***n Data={"Claims":{},"Profile":"default"} Outcome=Success
TID: [-1234] [2026-10-01 14:42:31,053]  INFO {AUDIT_LOG} - Initiator=w**************r Action=Get-User-Claim-Values Target=a***n Data={"Claims":{},"Profile":"default"} Outcome=Success
TID: [-1234] [2026-10-01 14:42:31,053]  INFO {AUDIT_LOG} - Initiator=w**************r Action=Get-User-Claim-Values Target=a***n Data={"Claims":{},"Profile":"default"} Outcome=Success
TID: [-1234] [2026-10-01 14:42:31,053]  INFO {AUDIT_LOG} - Initiator=w**************r Action=Get-User-Claim-Values Target=a***n Data={"Claims":{},"Profile":"default"} Outcome=Success
TID: [-1234] [2026-10-01 14:43:01,055]  INFO {AUDIT_LOG} - Initiator=w**************r Action=Get-User-Claim-Values Target=a***n Data={"Claims":{},"Profile":"default"} Outcome=Success
TID: [-1234] [2026-10-01 14:43:01,056]  INFO {AUDIT_LOG} - Initiator=w**************r Action=Get-User-Claim-Values Target=a***n Data={"Claims":{},"Profile":"default"} Outcome=Success
TID: [-1234] [2026-10-01 14:43:01,056]  INFO {AUDIT_LOG} - Initiator=w**************r Action=Get-User-Claim-Values Target=a***n Data={"Claims":{},"Profile":"default"} Outcome=Success
TID: [-1234] [2026-10-01 14:43:31,052]  INFO {AUDIT_LOG} - Initiator=w**************r Action=Get-User-Claim-Values Target=a***n Data={"Claims":{},"Profile":"default"} Outcome=Success
TID: [-1234] [2026-10-01 14:43:31,052]  INFO {AUDIT_LOG} - Initiator=w**************r Action=Get-User-Claim-Values Target=a***n Data={"Claims":{},"Profile":"default"} Outcome=Success
TID: [-1234] [2026-10-01 14:43:31,053]  INFO {AUDIT_LOG} - Initiator=w**************r Action=Get-User-Claim-Values Target=a***n Data={"Claims":{},"Profile":"default"} Outcome=Success
TID: [-1234] [2026-10-01 14:44:01,051]  INFO {AUDIT_LOG} - Initiator=w**************r Action=Get-User-Claim-Values Target=a***n Data={"Claims":{},"Profile":"default"} Outcome=Success
TID: [-1234] [2026-10-01 14:44:01,051]  INFO {AUDIT_LOG} - Initiator=w**************r Action=Get-User-Claim-Values Target=a***n Data={"Claims":{},"Profile":"default"} Outcome=Success
TID: [-1234] [2026-10-01 14:44:01,052]  INFO {AUDIT_LOG} - Initiator=w**************r Action=Get-User-Claim-Values Target=a***n Data={"Claims":{},"Profile":"default"} Outcome=Success
TID: [-1234] [2026-10-01 14:44:31,051]  INFO {AUDIT_LOG} - Initiator=w**************r Action=Get-User-Claim-Values Target=a***n Data={"Claims":{},"Profile":"default"} Outcome=Success
TID: [-1234] [2026-10-01 14:44:31,052]  INFO {AUDIT_LOG} - Initiator=w**************r Action=Get-User-Claim-Values Target=a***n Data={"Claims":{},"Profile":"default"} Outcome=Success
TID: [-1234] [2026-10-01 14:44:31,052]  INFO {AUDIT_LOG} - Initiator=w**************r Action=Get-User-Claim-Values Target=a***n Data={"Claims":{},"Profile":"default"} Outcome=Success
TID: [-1234] [2026-10-01 14:44:34,596]  INFO {AUDIT_LOG} - Initiator=w**************r Action=Get-User-Claim-Values Target=a***n Data={"Claims":{},"Profile":"default"} Outcome=Success
TID: [-1234] [2026-10-01 14:44:34,596]  INFO {AUDIT_LOG} - Initiator=w**************r Action=Get-User-Claim-Values Target=a***n Data={"Claims":{},"Profile":"default"} Outcome=Success
TID: [-1234] [2026-10-01 14:44:34,596]  INFO {AUDIT_LOG} - Initiator=w**************r Action=Get-User-Claim-Values Target=a***n Data={"Claims":{},"Profile":"default"} Outcome=Success
TID: [-1234] [2026-10-01 14:44:34,603]  INFO {AUDIT_LOG} - Initiator=w**************r Action=Get-Roles-of-User Target=a***n Data={"Filter":"*","Roles":["Internal/subscriber","Internal/creator","Internal/publisher","Internal/everyone","Internal/devops","admin","Internal/analytics","Internal/observer","Internal/integration_dev"]} Outcome=Success
TID: [-1234] [2026-10-01 14:44:34,687]  INFO {AUDIT_LOG} - Initiator : 3b0ad53a-aebd-42fa-b767-c60140e01226 | Action : Add-Application | Target : 22e0fbac-4ed3-4702-8884-e6bfa5606c72 | Data : { Changed-State : { Name:apim_devportal, Description:Service Provider for application apim_devportal, Resource ID:22e0fbac-4ed3-4702-8884-e6bfa5606c72, Access URL:null, Is Discoverable:false, Is SaaS:true, , Service Provider Properties:[{useUserIdForDefaultSubject:true}, {isManagementApp:false}, {TokenType:DEFAULT}, {skipLogoutConsent:true}, {DisplayName:apim_devportal}, {skipConsent:true}, {jwksURI:}, {templateId:}, {orgId:carbon.super}] } } | Result : Success 
TID: [-1234] [2026-10-01 14:44:34,782]  INFO {AUDIT_LOG} - Initiator : 3b0ad53a-aebd-42fa-b767-c60140e01226 | Action : Update-Application | Target : 22e0fbac-4ed3-4702-8884-e6bfa5606c72 | Data : { Changed-State : { Name:apim_devportal, Description:Service Provider for application apim_devportal, Resource ID:22e0fbac-4ed3-4702-8884-e6bfa5606c72, Access URL:null, Is Discoverable:false, Is SaaS:true, Inbound Authentication Configs:[{Auth Key:H**************************a, Auth Type:oauth2, Config Type:null, Inbound configuration:nullProperties:[{oauthConsumerSecret:2**************************a}]}], Local and Outbound Configuration:{Auth Type:default}, Claim Configuration:{User Claim URI:null, Role Claim URI:null}, Inbound Provisioning Configuration:{Provisioning Userstore:null, Is Dumb Mode:false}, Outbound Provisioning Configuration:{}, Service Provider Properties:[{isManagementApp:false}, {TokenType:DEFAULT}, {skipLogoutConsent:true}, {USE_DOMAIN_IN_ROLES:true}, {DisplayName:apim_devportal}, {skipConsent:true}, {jwksURI:}, {templateId:}, {orgId:carbon.super}] } } | Result : Success 
TID: [-1234] [2026-10-01 14:45:01,053]  INFO {AUDIT_LOG} - Initiator=w**************r Action=Get-User-Claim-Values Target=a***n Data={"Claims":{},"Profile":"default"} Outcome=Success
TID: [-1234] [2026-10-01 14:45:01,053]  INFO {AUDIT_LOG} - Initiator=w**************r Action=Get-User-Claim-Values Target=a***n Data={"Claims":{},"Profile":"default"} Outcome=Success
TID: [-1234] [2026-10-01 14:45:01,053]  INFO {AUDIT_LOG} - Initiator=w**************r Action=Get-User-Claim-Values Target=a***n Data={"Claims":{},"Profile":"default"} Outcome=Success
TID: [-1234] [2026-10-01 14:45:31,053]  INFO {AUDIT_LOG} - Initiator=w**************r Action=Get-User-Claim-Values Target=a***n Data={"Claims":{},"Profile":"default"} Outcome=Success
TID: [-1234] [2026-10-01 14:45:31,053]  INFO {AUDIT_LOG} - Initiator=w**************r Action=Get-User-Claim-Values Target=a***n Data={"Claims":{},"Profile":"default"} Outcome=Success
TID: [-1234] [2026-10-01 14:45:31,053]  INFO {AUDIT_LOG} - Initiator=w**************r Action=Get-User-Claim-Values Target=a***n Data={"Claims":{},"Profile":"default"} Outcome=Success
TID: [-1234] [2026-10-01 14:46:01,052]  INFO {AUDIT_LOG} - Initiator=w**************r Action=Get-User-Claim-Values Target=a***n Data={"Claims":{},"Profile":"default"} Outcome=Success
TID: [-1234] [2026-10-01 14:46:01,053]  INFO {AUDIT_LOG} - Initiator=w**************r Action=Get-User-Claim-Values Target=a***n Data={"Claims":{},"Profile":"default"} Outcome=Success
TID: [-1234] [2026-10-01 14:46:01,053]  INFO {AUDIT_LOG} - Initiator=w**************r Action=Get-User-Claim-Values Target=a***n Data={"Claims":{},"Profile":"default"} Outcome=Success
TID: [-1234] [2026-10-01 14:46:31,051]  INFO {AUDIT_LOG} - Initiator=w**************r Action=Get-User-Claim-Values Target=a***n Data={"Claims":{},"Profile":"default"} Outcome=Success
TID: [-1234] [2026-10-01 14:46:31,051]  INFO {AUDIT_LOG} - Initiator=w**************r Action=Get-User-Claim-Values Target=a***n Data={"Claims":{},"Profile":"default"} Outcome=Success
TID: [-1234] [2026-10-01 14:46:31,051]  INFO {AUDIT_LOG} - Initiator=w**************r Action=Get-User-Claim-Values Target=a***n Data={"Claims":{},"Profile":"default"} Outcome=Success
TID: [-1234] [2026-10-01 14:47:01,053]  INFO {AUDIT_LOG} - Initiator=w**************r Action=Get-User-Claim-Values Target=a***n Data={"Claims":{},"Profile":"default"} Outcome=Success
TID: [-1234] [2026-10-01 14:47:01,053]  INFO {AUDIT_LOG} - Initiator=w**************r Action=Get-User-Claim-Values Target=a***n Data={"Claims":{},"Profile":"default"} Outcome=Success
TID: [-1234] [2026-10-01 14:47:01,053]  INFO {AUDIT_LOG} - Initiator=w**************r Action=Get-User-Claim-Values Target=a***n Data={"Claims":{},"Profile":"default"} Outcome=Success
TID: [-1234] [2026-10-01 14:47:31,052]  INFO {AUDIT_LOG} - Initiator=w**************r Action=Get-User-Claim-Values Target=a***n Data={"Claims":{},"Profile":"default"} Outcome=Success
TID: [-1234] [2026-10-01 14:47:31,052]  INFO {AUDIT_LOG} - Initiator=w**************r Action=Get-User-Claim-Values Target=a***n Data={"Claims":{},"Profile":"default"} Outcome=Success
TID: [-1234] [2026-10-01 14:47:31,052]  INFO {AUDIT_LOG} - Initiator=w**************r Action=Get-User-Claim-Values Target=a***n Data={"Claims":{},"Profile":"default"} Outcome=Success
TID: [-1234] [2026-10-01 14:48:01,053]  INFO {AUDIT_LOG} - Initiator=w**************r Action=Get-User-Claim-Values Target=a***n Data={"Claims":{},"Profile":"default"} Outcome=Success
TID: [-1234] [2026-10-01 14:48:01,053]  INFO {AUDIT_LOG} - Initiator=w**************r Action=Get-User-Claim-Values Target=a***n Data={"Claims":{},"Profile":"default"} Outcome=Success
TID: [-1234] [2026-10-01 14:48:01,053]  INFO {AUDIT_LOG} - Initiator=w**************r Action=Get-User-Claim-Values Target=a***n Data={"Claims":{},"Profile":"default"} Outcome=Success
TID: [-1234] [2026-10-01 14:48:31,052]  INFO {AUDIT_LOG} - Initiator=w**************r Action=Get-User-Claim-Values Target=a***n Data={"Claims":{},"Profile":"default"} Outcome=Success
TID: [-1234] [2026-10-01 14:48:31,052]  INFO {AUDIT_LOG} - Initiator=w**************r Action=Get-User-Claim-Values Target=a***n Data={"Claims":{},"Profile":"default"} Outcome=Success
TID: [-1234] [2026-10-01 14:48:31,052]  INFO {AUDIT_LOG} - Initiator=w**************r Action=Get-User-Claim-Values Target=a***n Data={"Claims":{},"Profile":"default"} Outcome=Success
TID: [-1234] [2026-10-01 14:49:01,052]  INFO {AUDIT_LOG} - Initiator=w**************r Action=Get-User-Claim-Values Target=a***n Data={"Claims":{},"Profile":"default"} Outcome=Success
TID: [-1234] [2026-10-01 14:49:01,052]  INFO {AUDIT_LOG} - Initiator=w**************r Action=Get-User-Claim-Values Target=a***n Data={"Claims":{},"Profile":"default"} Outcome=Success
TID: [-1234] [2026-10-01 14:49:01,052]  INFO {AUDIT_LOG} - Initiator=w**************r Action=Get-User-Claim-Values Target=a***n Data={"Claims":{},"Profile":"default"} Outcome=Success
TID: [-1234] [2026-10-01 14:49:31,051]  INFO {AUDIT_LOG} - Initiator=w**************r Action=Get-User-Claim-Values Target=a***n Data={"Claims":{},"Profile":"default"} Outcome=Success
TID: [-1234] [2026-10-01 14:49:31,052]  INFO {AUDIT_LOG} - Initiator=w**************r Action=Get-User-Claim-Values Target=a***n Data={"Claims":{},"Profile":"default"} Outcome=Success
TID: [-1234] [2026-10-01 14:49:31,052]  INFO {AUDIT_LOG} - Initiator=w**************r Action=Get-User-Claim-Values Target=a***n Data={"Claims":{},"Profile":"default"} Outcome=Success
TID: [-1234] [2026-10-01 14:50:01,052]  INFO {AUDIT_LOG} - Initiator=w**************r Action=Get-User-Claim-Values Target=a***n Data={"Claims":{},"Profile":"default"} Outcome=Success
TID: [-1234] [2026-10-01 14:50:01,052]  INFO {AUDIT_LOG} - Initiator=w**************r Action=Get-User-Claim-Values Target=a***n Data={"Claims":{},"Profile":"default"} Outcome=Success
TID: [-1234] [2026-10-01 14:50:01,052]  INFO {AUDIT_LOG} - Initiator=w**************r Action=Get-User-Claim-Values Target=a***n Data={"Claims":{},"Profile":"default"} Outcome=Success
TID: [-1234] [2026-10-01 14:50:31,051]  INFO {AUDIT_LOG} - Initiator=w**************r Action=Get-User-Claim-Values Target=a***n Data={"Claims":{},"Profile":"default"} Outcome=Success
TID: [-1234] [2026-10-01 14:50:31,051]  INFO {AUDIT_LOG} - Initiator=w**************r Action=Get-User-Claim-Values Target=a***n Data={"Claims":{},"Profile":"default"} Outcome=Success
TID: [-1234] [2026-10-01 14:50:31,051]  INFO {AUDIT_LOG} - Initiator=w**************r Action=Get-User-Claim-Values Target=a***n Data={"Claims":{},"Profile":"default"} Outcome=Success
TID: [-1234] [2026-10-01 14:51:01,052]  INFO {AUDIT_LOG} - Initiator=w**************r Action=Get-User-Claim-Values Target=a***n Data={"Claims":{},"Profile":"default"} Outcome=Success
TID: [-1234] [2026-10-01 14:51:01,052]  INFO {AUDIT_LOG} - Initiator=w**************r Action=Get-User-Claim-Values Target=a***n Data={"Claims":{},"Profile":"default"} Outcome=Success
TID: [-1234] [2026-10-01 14:51:01,052]  INFO {AUDIT_LOG} - Initiator=w**************r Action=Get-User-Claim-Values Target=a***n Data={"Claims":{},"Profile":"default"} Outcome=Success
TID: [-1234] [2026-10-01 14:51:31,053]  INFO {AUDIT_LOG} - Initiator=w**************r Action=Get-User-Claim-Values Target=a***n Data={"Claims":{},"Profile":"default"} Outcome=Success
TID: [-1234] [2026-10-01 14:51:31,053]  INFO {AUDIT_LOG} - Initiator=w**************r Action=Get-User-Claim-Values Target=a***n Data={"Claims":{},"Profile":"default"} Outcome=Success
TID: [-1234] [2026-10-01 14:51:31,053]  INFO {AUDIT_LOG} - Initiator=w**************r Action=Get-User-Claim-Values Target=a***n Data={"Claims":{},"Profile":"default"} Outcome=Success
TID: [-1234] [2026-10-01 14:52:01,052]  INFO {AUDIT_LOG} - Initiator=w**************r Action=Get-User-Claim-Values Target=a***n Data={"Claims":{},"Profile":"default"} Outcome=Success
TID: [-1234] [2026-10-01 14:52:01,052]  INFO {AUDIT_LOG} - Initiator=w**************r Action=Get-User-Claim-Values Target=a***n Data={"Claims":{},"Profile":"default"} Outcome=Success
TID: [-1234] [2026-10-01 14:52:01,052]  INFO {AUDIT_LOG} - Initiator=w**************r Action=Get-User-Claim-Values Target=a***n Data={"Claims":{},"Profile":"default"} Outcome=Success
TID: [-1234] [2026-10-01 14:52:31,052]  INFO {AUDIT_LOG} - Initiator=w**************r Action=Get-User-Claim-Values Target=a***n Data={"Claims":{},"Profile":"default"} Outcome=Success
TID: [-1234] [2026-10-01 14:52:31,052]  INFO {AUDIT_LOG} - Initiator=w**************r Action=Get-User-Claim-Values Target=a***n Data={"Claims":{},"Profile":"default"} Outcome=Success
TID: [-1234] [2026-10-01 14:52:31,052]  INFO {AUDIT_LOG} - Initiator=w**************r Action=Get-User-Claim-Values Target=a***n Data={"Claims":{},"Profile":"default"} Outcome=Success
TID: [-1234] [2026-10-01 14:53:01,052]  INFO {AUDIT_LOG} - Initiator=w**************r Action=Get-User-Claim-Values Target=a***n Data={"Claims":{},"Profile":"default"} Outcome=Success
TID: [-1234] [2026-10-01 14:53:01,052]  INFO {AUDIT_LOG} - Initiator=w**************r Action=Get-User-Claim-Values Target=a***n Data={"Claims":{},"Profile":"default"} Outcome=Success
TID: [-1234] [2026-10-01 14:53:01,052]  INFO {AUDIT_LOG} - Initiator=w**************r Action=Get-User-Claim-Values Target=a***n Data={"Claims":{},"Profile":"default"} Outcome=Success
TID: [-1234] [2026-10-01 14:53:31,053]  INFO {AUDIT_LOG} - Initiator=w**************r Action=Get-User-Claim-Values Target=a***n Data={"Claims":{},"Profile":"default"} Outcome=Success
TID: [-1234] [2026-10-01 14:53:31,053]  INFO {AUDIT_LOG} - Initiator=w**************r Action=Get-User-Claim-Values Target=a***n Data={"Claims":{},"Profile":"default"} Outcome=Success
TID: [-1234] [2026-10-01 14:53:31,053]  INFO {AUDIT_LOG} - Initiator=w**************r Action=Get-User-Claim-Values Target=a***n Data={"Claims":{},"Profile":"default"} Outcome=Success
TID: [-1234] [2026-10-01 14:54:01,052]  INFO {AUDIT_LOG} - Initiator=w**************r Action=Get-User-Claim-Values Target=a***n Data={"Claims":{},"Profile":"default"} Outcome=Success
TID: [-1234] [2026-10-01 14:54:01,053]  INFO {AUDIT_LOG} - Initiator=w**************r Action=Get-User-Claim-Values Target=a***n Data={"Claims":{},"Profile":"default"} Outcome=Success
TID: [-1234] [2026-10-01 14:54:01,053]  INFO {AUDIT_LOG} - Initiator=w**************r Action=Get-User-Claim-Values Target=a***n Data={"Claims":{},"Profile":"default"} Outcome=Success
TID: [-1234] [2026-10-01 14:54:31,051]  INFO {AUDIT_LOG} - Initiator=w**************r Action=Get-User-Claim-Values Target=a***n Data={"Claims":{},"Profile":"default"} Outcome=Success
TID: [-1234] [2026-10-01 14:54:31,051]  INFO {AUDIT_LOG} - Initiator=w**************r Action=Get-User-Claim-Values Target=a***n Data={"Claims":{},"Profile":"default"} Outcome=Success
TID: [-1234] [2026-10-01 14:54:31,051]  INFO {AUDIT_LOG} - Initiator=w**************r Action=Get-User-Claim-Values Target=a***n Data={"Claims":{},"Profile":"default"} Outcome=Success
TID: [-1234] [2026-10-01 14:55:01,053]  INFO {AUDIT_LOG} - Initiator=w**************r Action=Get-User-Claim-Values Target=a***n Data={"Claims":{},"Profile":"default"} Outcome=Success
TID: [-1234] [2026-10-01 14:55:01,053]  INFO {AUDIT_LOG} - Initiator=w**************r Action=Get-User-Claim-Values Target=a***n Data={"Claims":{},"Profile":"default"} Outcome=Success
TID: [-1234] [2026-10-01 14:55:01,053]  INFO {AUDIT_LOG} - Initiator=w**************r Action=Get-User-Claim-Values Target=a***n Data={"Claims":{},"Profile":"default"} Outcome=Success
TID: [-1234] [2026-10-01 14:55:31,051]  INFO {AUDIT_LOG} - Initiator=w**************r Action=Get-User-Claim-Values Target=a***n Data={"Claims":{},"Profile":"default"} Outcome=Success
TID: [-1234] [2026-10-01 14:55:31,051]  INFO {AUDIT_LOG} - Initiator=w**************r Action=Get-User-Claim-Values Target=a***n Data={"Claims":{},"Profile":"default"} Outcome=Success
TID: [-1234] [2026-10-01 14:55:31,051]  INFO {AUDIT_LOG} - Initiator=w**************r Action=Get-User-Claim-Values Target=a***n Data={"Claims":{},"Profile":"default"} Outcome=Success
TID: [-1234] [2026-10-01 14:56:01,053]  INFO {AUDIT_LOG} - Initiator=w**************r Action=Get-User-Claim-Values Target=a***n Data={"Claims":{},"Profile":"default"} Outcome=Success
TID: [-1234] [2026-10-01 14:56:01,053]  INFO {AUDIT_LOG} - Initiator=w**************r Action=Get-User-Claim-Values Target=a***n Data={"Claims":{},"Profile":"default"} Outcome=Success
TID: [-1234] [2026-10-01 14:56:01,053]  INFO {AUDIT_LOG} - Initiator=w**************r Action=Get-User-Claim-Values Target=a***n Data={"Claims":{},"Profile":"default"} Outcome=Success
TID: [-1234] [2026-10-01 14:56:31,051]  INFO {AUDIT_LOG} - Initiator=w**************r Action=Get-User-Claim-Values Target=a***n Data={"Claims":{},"Profile":"default"} Outcome=Success
TID: [-1234] [2026-10-01 14:56:31,051]  INFO {AUDIT_LOG} - Initiator=w**************r Action=Get-User-Claim-Values Target=a***n Data={"Claims":{},"Profile":"default"} Outcome=Success
TID: [-1234] [2026-10-01 14:56:31,051]  INFO {AUDIT_LOG} - Initiator=w**************r Action=Get-User-Claim-Values Target=a***n Data={"Claims":{},"Profile":"default"} Outcome=Success
TID: [-1234] [2026-10-01 14:57:01,052]  INFO {AUDIT_LOG} - Initiator=w**************r Action=Get-User-Claim-Values Target=a***n Data={"Claims":{},"Profile":"default"} Outcome=Success
TID: [-1234] [2026-10-01 14:57:01,052]  INFO {AUDIT_LOG} - Initiator=w**************r Action=Get-User-Claim-Values Target=a***n Data={"Claims":{},"Profile":"default"} Outcome=Success
TID: [-1234] [2026-10-01 14:57:01,053]  INFO {AUDIT_LOG} - Initiator=w**************r Action=Get-User-Claim-Values Target=a***n Data={"Claims":{},"Profile":"default"} Outcome=Success
TID: [-1234] [2026-10-01 14:57:31,051]  INFO {AUDIT_LOG} - Initiator=w**************r Action=Get-User-Claim-Values Target=a***n Data={"Claims":{},"Profile":"default"} Outcome=Success
TID: [-1234] [2026-10-01 14:57:31,052]  INFO {AUDIT_LOG} - Initiator=w**************r Action=Get-User-Claim-Values Target=a***n Data={"Claims":{},"Profile":"default"} Outcome=Success
TID: [-1234] [2026-10-01 14:57:31,052]  INFO {AUDIT_LOG} - Initiator=w**************r Action=Get-User-Claim-Values Target=a***n Data={"Claims":{},"Profile":"default"} Outcome=Success
TID: [-1234] [2026-10-01 14:58:01,051]  INFO {AUDIT_LOG} - Initiator=w**************r Action=Get-User-Claim-Values Target=a***n Data={"Claims":{},"Profile":"default"} Outcome=Success
TID: [-1234] [2026-10-01 14:58:01,052]  INFO {AUDIT_LOG} - Initiator=w**************r Action=Get-User-Claim-Values Target=a***n Data={"Claims":{},"Profile":"default"} Outcome=Success
TID: [-1234] [2026-10-01 14:58:01,052]  INFO {AUDIT_LOG} - Initiator=w**************r Action=Get-User-Claim-Values Target=a***n Data={"Claims":{},"Profile":"default"} Outcome=Success
TID: [-1234] [2026-10-01 14:58:31,060]  INFO {AUDIT_LOG} - Initiator=w**************r Action=Get-User-Claim-Values Target=a***n Data={"Claims":{},"Profile":"default"} Outcome=Success
TID: [-1234] [2026-10-01 14:58:31,060]  INFO {AUDIT_LOG} - Initiator=w**************r Action=Get-User-Claim-Values Target=a***n Data={"Claims":{},"Profile":"default"} Outcome=Success
TID: [-1234] [2026-10-01 14:58:31,060]  INFO {AUDIT_LOG} - Initiator=w**************r Action=Get-User-Claim-Values Target=a***n Data={"Claims":{},"Profile":"default"} Outcome=Success
TID: [-1234] [2026-10-01 14:59:01,053]  INFO {AUDIT_LOG} - Initiator=w**************r Action=Get-User-Claim-Values Target=a***n Data={"Claims":{},"Profile":"default"} Outcome=Success
TID: [-1234] [2026-10-01 14:59:01,053]  INFO {AUDIT_LOG} - Initiator=w**************r Action=Get-User-Claim-Values Target=a***n Data={"Claims":{},"Profile":"default"} Outcome=Success
TID: [-1234] [2026-10-01 14:59:01,053]  INFO {AUDIT_LOG} - Initiator=w**************r Action=Get-User-Claim-Values Target=a***n Data={"Claims":{},"Profile":"default"} Outcome=Success
TID: [-1234] [2026-10-01 14:59:31,052]  INFO {AUDIT_LOG} - Initiator=w**************r Action=Get-User-Claim-Values Target=a***n Data={"Claims":{},"Profile":"default"} Outcome=Success
TID: [-1234] [2026-10-01 14:59:31,053]  INFO {AUDIT_LOG} - Initiator=w**************r Action=Get-User-Claim-Values Target=a***n Data={"Claims":{},"Profile":"default"} Outcome=Success
TID: [-1234] [2026-10-01 14:59:31,053]  INFO {AUDIT_LOG} - Initiator=w**************r Action=Get-User-Claim-Values Target=a***n Data={"Claims":{},"Profile":"default"} Outcome=Success
TID: [-1234] [2026-10-01 15:00:01,051]  INFO {AUDIT_LOG} - Initiator=w**************r Action=Get-User-Claim-Values Target=a***n Data={"Claims":{},"Profile":"default"} Outcome=Success
TID: [-1234] [2026-10-01 15:00:01,052]  INFO {AUDIT_LOG} - Initiator=w**************r Action=Get-User-Claim-Values Target=a***n Data={"Claims":{},"Profile":"default"} Outcome=Success
TID: [-1234] [2026-10-01 15:00:01,052]  INFO {AUDIT_LOG} - Initiator=w**************r Action=Get-User-Claim-Values Target=a***n Data={"Claims":{},"Profile":"default"} Outcome=Success
TID: [-1234] [2026-10-01 15:00:31,053]  INFO {AUDIT_LOG} - Initiator=w**************r Action=Get-User-Claim-Values Target=a***n Data={"Claims":{},"Profile":"default"} Outcome=Success
TID: [-1234] [2026-10-01 15:00:31,053]  INFO {AUDIT_LOG} - Initiator=w**************r Action=Get-User-Claim-Values Target=a***n Data={"Claims":{},"Profile":"default"} Outcome=Success
TID: [-1234] [2026-10-01 15:00:31,053]  INFO {AUDIT_LOG} - Initiator=w**************r Action=Get-User-Claim-Values Target=a***n Data={"Claims":{},"Profile":"default"} Outcome=Success
TID: [-1234] [2026-10-01 15:01:01,053]  INFO {AUDIT_LOG} - Initiator=w**************r Action=Get-User-Claim-Values Target=a***n Data={"Claims":{},"Profile":"default"} Outcome=Success
TID: [-1234] [2026-10-01 15:01:01,053]  INFO {AUDIT_LOG} - Initiator=w**************r Action=Get-User-Claim-Values Target=a***n Data={"Claims":{},"Profile":"default"} Outcome=Success
TID: [-1234] [2026-10-01 15:01:01,054]  INFO {AUDIT_LOG} - Initiator=w**************r Action=Get-User-Claim-Values Target=a***n Data={"Claims":{},"Profile":"default"} Outcome=Success
TID: [-1234] [2026-10-01 15:01:31,052]  INFO {AUDIT_LOG} - Initiator=w**************r Action=Get-User-Claim-Values Target=a***n Data={"Claims":{},"Profile":"default"} Outcome=Success
TID: [-1234] [2026-10-01 15:01:31,052]  INFO {AUDIT_LOG} - Initiator=w**************r Action=Get-User-Claim-Values Target=a***n Data={"Claims":{},"Profile":"default"} Outcome=Success
TID: [-1234] [2026-10-01 15:01:31,052]  INFO {AUDIT_LOG} - Initiator=w**************r Action=Get-User-Claim-Values Target=a***n Data={"Claims":{},"Profile":"default"} Outcome=Success
TID: [-1234] [2026-10-01 15:02:01,051]  INFO {AUDIT_LOG} - Initiator=w**************r Action=Get-User-Claim-Values Target=a***n Data={"Claims":{},"Profile":"default"} Outcome=Success
TID: [-1234] [2026-10-01 15:02:01,052]  INFO {AUDIT_LOG} - Initiator=w**************r Action=Get-User-Claim-Values Target=a***n Data={"Claims":{},"Profile":"default"} Outcome=Success
TID: [-1234] [2026-10-01 15:02:01,052]  INFO {AUDIT_LOG} - Initiator=w**************r Action=Get-User-Claim-Values Target=a***n Data={"Claims":{},"Profile":"default"} Outcome=Success
TID: [-1234] [2026-10-01 15:02:31,052]  INFO {AUDIT_LOG} - Initiator=w**************r Action=Get-User-Claim-Values Target=a***n Data={"Claims":{},"Profile":"default"} Outcome=Success
TID: [-1234] [2026-10-01 15:02:31,052]  INFO {AUDIT_LOG} - Initiator=w**************r Action=Get-User-Claim-Values Target=a***n Data={"Claims":{},"Profile":"default"} Outcome=Success
TID: [-1234] [2026-10-01 15:02:31,052]  INFO {AUDIT_LOG} - Initiator=w**************r Action=Get-User-Claim-Values Target=a***n Data={"Claims":{},"Profile":"default"} Outcome=Success
TID: [-1234] [2026-10-01 15:03:01,051]  INFO {AUDIT_LOG} - Initiator=w**************r Action=Get-User-Claim-Values Target=a***n Data={"Claims":{},"Profile":"default"} Outcome=Success
TID: [-1234] [2026-10-01 15:03:01,051]  INFO {AUDIT_LOG} - Initiator=w**************r Action=Get-User-Claim-Values Target=a***n Data={"Claims":{},"Profile":"default"} Outcome=Success
TID: [-1234] [2026-10-01 15:03:01,051]  INFO {AUDIT_LOG} - Initiator=w**************r Action=Get-User-Claim-Values Target=a***n Data={"Claims":{},"Profile":"default"} Outcome=Success
TID: [-1234] [2026-10-01 15:03:31,052]  INFO {AUDIT_LOG} - Initiator=w**************r Action=Get-User-Claim-Values Target=a***n Data={"Claims":{},"Profile":"default"} Outcome=Success
TID: [-1234] [2026-10-01 15:03:31,052]  INFO {AUDIT_LOG} - Initiator=w**************r Action=Get-User-Claim-Values Target=a***n Data={"Claims":{},"Profile":"default"} Outcome=Success
TID: [-1234] [2026-10-01 15:03:31,052]  INFO {AUDIT_LOG} - Initiator=w**************r Action=Get-User-Claim-Values Target=a***n Data={"Claims":{},"Profile":"default"} Outcome=Success
TID: [-1234] [2026-10-01 15:04:01,051]  INFO {AUDIT_LOG} - Initiator=w**************r Action=Get-User-Claim-Values Target=a***n Data={"Claims":{},"Profile":"default"} Outcome=Success
TID: [-1234] [2026-10-01 15:04:01,051]  INFO {AUDIT_LOG} - Initiator=w**************r Action=Get-User-Claim-Values Target=a***n Data={"Claims":{},"Profile":"default"} Outcome=Success
TID: [-1234] [2026-10-01 15:04:01,051]  INFO {AUDIT_LOG} - Initiator=w**************r Action=Get-User-Claim-Values Target=a***n Data={"Claims":{},"Profile":"default"} Outcome=Success
TID: [-1234] [2026-10-01 15:04:31,052]  INFO {AUDIT_LOG} - Initiator=w**************r Action=Get-User-Claim-Values Target=a***n Data={"Claims":{},"Profile":"default"} Outcome=Success
TID: [-1234] [2026-10-01 15:04:31,052]  INFO {AUDIT_LOG} - Initiator=w**************r Action=Get-User-Claim-Values Target=a***n Data={"Claims":{},"Profile":"default"} Outcome=Success
TID: [-1234] [2026-10-01 15:04:31,052]  INFO {AUDIT_LOG} - Initiator=w**************r Action=Get-User-Claim-Values Target=a***n Data={"Claims":{},"Profile":"default"} Outcome=Success
TID: [-1234] [2026-10-01 15:05:01,051]  INFO {AUDIT_LOG} - Initiator=w**************r Action=Get-User-Claim-Values Target=a***n Data={"Claims":{},"Profile":"default"} Outcome=Success
TID: [-1234] [2026-10-01 15:05:01,051]  INFO {AUDIT_LOG} - Initiator=w**************r Action=Get-User-Claim-Values Target=a***n Data={"Claims":{},"Profile":"default"} Outcome=Success
TID: [-1234] [2026-10-01 15:05:01,051]  INFO {AUDIT_LOG} - Initiator=w**************r Action=Get-User-Claim-Values Target=a***n Data={"Claims":{},"Profile":"default"} Outcome=Success
TID: [-1234] [2026-10-01 15:05:31,052]  INFO {AUDIT_LOG} - Initiator=w**************r Action=Get-User-Claim-Values Target=a***n Data={"Claims":{},"Profile":"default"} Outcome=Success
TID: [-1234] [2026-10-01 15:05:31,052]  INFO {AUDIT_LOG} - Initiator=w**************r Action=Get-User-Claim-Values Target=a***n Data={"Claims":{},"Profile":"default"} Outcome=Success
TID: [-1234] [2026-10-01 15:05:31,052]  INFO {AUDIT_LOG} - Initiator=w**************r Action=Get-User-Claim-Values Target=a***n Data={"Claims":{},"Profile":"default"} Outcome=Success
TID: [-1234] [2026-10-01 15:06:01,050]  INFO {AUDIT_LOG} - Initiator=w**************r Action=Get-User-Claim-Values Target=a***n Data={"Claims":{},"Profile":"default"} Outcome=Success
TID: [-1234] [2026-10-01 15:06:01,050]  INFO {AUDIT_LOG} - Initiator=w**************r Action=Get-User-Claim-Values Target=a***n Data={"Claims":{},"Profile":"default"} Outcome=Success
TID: [-1234] [2026-10-01 15:06:01,051]  INFO {AUDIT_LOG} - Initiator=w**************r Action=Get-User-Claim-Values Target=a***n Data={"Claims":{},"Profile":"default"} Outcome=Success
TID: [-1234] [2026-10-01 15:06:31,052]  INFO {AUDIT_LOG} - Initiator=w**************r Action=Get-User-Claim-Values Target=a***n Data={"Claims":{},"Profile":"default"} Outcome=Success
TID: [-1234] [2026-10-01 15:06:31,052]  INFO {AUDIT_LOG} - Initiator=w**************r Action=Get-User-Claim-Values Target=a***n Data={"Claims":{},"Profile":"default"} Outcome=Success
TID: [-1234] [2026-10-01 15:06:31,052]  INFO {AUDIT_LOG} - Initiator=w**************r Action=Get-User-Claim-Values Target=a***n Data={"Claims":{},"Profile":"default"} Outcome=Success
TID: [-1234] [2026-10-01 15:07:01,051]  INFO {AUDIT_LOG} - Initiator=w**************r Action=Get-User-Claim-Values Target=a***n Data={"Claims":{},"Profile":"default"} Outcome=Success
TID: [-1234] [2026-10-01 15:07:01,051]  INFO {AUDIT_LOG} - Initiator=w**************r Action=Get-User-Claim-Values Target=a***n Data={"Claims":{},"Profile":"default"} Outcome=Success
TID: [-1234] [2026-10-01 15:07:01,051]  INFO {AUDIT_LOG} - Initiator=w**************r Action=Get-User-Claim-Values Target=a***n Data={"Claims":{},"Profile":"default"} Outcome=Success
TID: [-1234] [2026-10-01 15:07:31,052]  INFO {AUDIT_LOG} - Initiator=w**************r Action=Get-User-Claim-Values Target=a***n Data={"Claims":{},"Profile":"default"} Outcome=Success
TID: [-1234] [2026-10-01 15:07:31,052]  INFO {AUDIT_LOG} - Initiator=w**************r Action=Get-User-Claim-Values Target=a***n Data={"Claims":{},"Profile":"default"} Outcome=Success
TID: [-1234] [2026-10-01 15:07:31,052]  INFO {AUDIT_LOG} - Initiator=w**************r Action=Get-User-Claim-Values Target=a***n Data={"Claims":{},"Profile":"default"} Outcome=Success
TID: [-1234] [2026-10-01 15:08:01,051]  INFO {AUDIT_LOG} - Initiator=w**************r Action=Get-User-Claim-Values Target=a***n Data={"Claims":{},"Profile":"default"} Outcome=Success
TID: [-1234] [2026-10-01 15:08:01,051]  INFO {AUDIT_LOG} - Initiator=w**************r Action=Get-User-Claim-Values Target=a***n Data={"Claims":{},"Profile":"default"} Outcome=Success
TID: [-1234] [2026-10-01 15:08:01,051]  INFO {AUDIT_LOG} - Initiator=w**************r Action=Get-User-Claim-Values Target=a***n Data={"Claims":{},"Profile":"default"} Outcome=Success
TID: [-1234] [2026-10-01 15:08:31,050]  INFO {AUDIT_LOG} - Initiator=w**************r Action=Get-User-Claim-Values Target=a***n Data={"Claims":{},"Profile":"default"} Outcome=Success
TID: [-1234] [2026-10-01 15:08:31,050]  INFO {AUDIT_LOG} - Initiator=w**************r Action=Get-User-Claim-Values Target=a***n Data={"Claims":{},"Profile":"default"} Outcome=Success
TID: [-1234] [2026-10-01 15:08:31,051]  INFO {AUDIT_LOG} - Initiator=w**************r Action=Get-User-Claim-Values Target=a***n Data={"Claims":{},"Profile":"default"} Outcome=Success
TID: [-1234] [2026-10-01 15:09:01,053]  INFO {AUDIT_LOG} - Initiator=w**************r Action=Get-User-Claim-Values Target=a***n Data={"Claims":{},"Profile":"default"} Outcome=Success
TID: [-1234] [2026-10-01 15:09:01,053]  INFO {AUDIT_LOG} - Initiator=w**************r Action=Get-User-Claim-Values Target=a***n Data={"Claims":{},"Profile":"default"} Outcome=Success
TID: [-1234] [2026-10-01 15:09:01,053]  INFO {AUDIT_LOG} - Initiator=w**************r Action=Get-User-Claim-Values Target=a***n Data={"Claims":{},"Profile":"default"} Outcome=Success
TID: [-1234] [2026-10-01 15:09:31,051]  INFO {AUDIT_LOG} - Initiator=w**************r Action=Get-User-Claim-Values Target=a***n Data={"Claims":{},"Profile":"default"} Outcome=Success
TID: [-1234] [2026-10-01 15:09:31,051]  INFO {AUDIT_LOG} - Initiator=w**************r Action=Get-User-Claim-Values Target=a***n Data={"Claims":{},"Profile":"default"} Outcome=Success
TID: [-1234] [2026-10-01 15:09:31,051]  INFO {AUDIT_LOG} - Initiator=w**************r Action=Get-User-Claim-Values Target=a***n Data={"Claims":{},"Profile":"default"} Outcome=Success
TID: [-1234] [2026-10-01 15:10:01,051]  INFO {AUDIT_LOG} - Initiator=w**************r Action=Get-User-Claim-Values Target=a***n Data={"Claims":{},"Profile":"default"} Outcome=Success
TID: [-1234] [2026-10-01 15:10:01,051]  INFO {AUDIT_LOG} - Initiator=w**************r Action=Get-User-Claim-Values Target=a***n Data={"Claims":{},"Profile":"default"} Outcome=Success
TID: [-1234] [2026-10-01 15:10:01,051]  INFO {AUDIT_LOG} - Initiator=w**************r Action=Get-User-Claim-Values Target=a***n Data={"Claims":{},"Profile":"default"} Outcome=Success
TID: [-1234] [2026-10-01 15:10:31,052]  INFO {AUDIT_LOG} - Initiator=w**************r Action=Get-User-Claim-Values Target=a***n Data={"Claims":{},"Profile":"default"} Outcome=Success
TID: [-1234] [2026-10-01 15:10:31,052]  INFO {AUDIT_LOG} - Initiator=w**************r Action=Get-User-Claim-Values Target=a***n Data={"Claims":{},"Profile":"default"} Outcome=Success
TID: [-1234] [2026-10-01 15:10:31,052]  INFO {AUDIT_LOG} - Initiator=w**************r Action=Get-User-Claim-Values Target=a***n Data={"Claims":{},"Profile":"default"} Outcome=Success
TID: [-1234] [2026-10-01 15:11:01,051]  INFO {AUDIT_LOG} - Initiator=w**************r Action=Get-User-Claim-Values Target=a***n Data={"Claims":{},"Profile":"default"} Outcome=Success
TID: [-1234] [2026-10-01 15:11:01,051]  INFO {AUDIT_LOG} - Initiator=w**************r Action=Get-User-Claim-Values Target=a***n Data={"Claims":{},"Profile":"default"} Outcome=Success
TID: [-1234] [2026-10-01 15:11:01,051]  INFO {AUDIT_LOG} - Initiator=w**************r Action=Get-User-Claim-Values Target=a***n Data={"Claims":{},"Profile":"default"} Outcome=Success
TID: [-1234] [2026-10-01 15:11:31,052]  INFO {AUDIT_LOG} - Initiator=w**************r Action=Get-User-Claim-Values Target=a***n Data={"Claims":{},"Profile":"default"} Outcome=Success
TID: [-1234] [2026-10-01 15:11:31,052]  INFO {AUDIT_LOG} - Initiator=w**************r Action=Get-User-Claim-Values Target=a***n Data={"Claims":{},"Profile":"default"} Outcome=Success
TID: [-1234] [2026-10-01 15:11:31,052]  INFO {AUDIT_LOG} - Initiator=w**************r Action=Get-User-Claim-Values Target=a***n Data={"Claims":{},"Profile":"default"} Outcome=Success
TID: [-1234] [2026-10-01 15:12:01,052]  INFO {AUDIT_LOG} - Initiator=w**************r Action=Get-User-Claim-Values Target=a***n Data={"Claims":{},"Profile":"default"} Outcome=Success
TID: [-1234] [2026-10-01 15:12:01,052]  INFO {AUDIT_LOG} - Initiator=w**************r Action=Get-User-Claim-Values Target=a***n Data={"Claims":{},"Profile":"default"} Outcome=Success
TID: [-1234] [2026-10-01 15:12:01,052]  INFO {AUDIT_LOG} - Initiator=w**************r Action=Get-User-Claim-Values Target=a***n Data={"Claims":{},"Profile":"default"} Outcome=Success
TID: [-1234] [2026-10-01 15:12:31,051]  INFO {AUDIT_LOG} - Initiator=w**************r Action=Get-User-Claim-Values Target=a***n Data={"Claims":{},"Profile":"default"} Outcome=Success
TID: [-1234] [2026-10-01 15:12:31,051]  INFO {AUDIT_LOG} - Initiator=w**************r Action=Get-User-Claim-Values Target=a***n Data={"Claims":{},"Profile":"default"} Outcome=Success
TID: [-1234] [2026-10-01 15:12:31,051]  INFO {AUDIT_LOG} - Initiator=w**************r Action=Get-User-Claim-Values Target=a***n Data={"Claims":{},"Profile":"default"} Outcome=Success
TID: [-1234] [2026-10-01 15:13:01,051]  INFO {AUDIT_LOG} - Initiator=w**************r Action=Get-User-Claim-Values Target=a***n Data={"Claims":{},"Profile":"default"} Outcome=Success
TID: [-1234] [2026-10-01 15:13:01,051]  INFO {AUDIT_LOG} - Initiator=w**************r Action=Get-User-Claim-Values Target=a***n Data={"Claims":{},"Profile":"default"} Outcome=Success
TID: [-1234] [2026-10-01 15:13:01,051]  INFO {AUDIT_LOG} - Initiator=w**************r Action=Get-User-Claim-Values Target=a***n Data={"Claims":{},"Profile":"default"} Outcome=Success
TID: [-1234] [2026-10-01 15:13:31,052]  INFO {AUDIT_LOG} - Initiator=w**************r Action=Get-User-Claim-Values Target=a***n Data={"Claims":{},"Profile":"default"} Outcome=Success
TID: [-1234] [2026-10-01 15:13:31,052]  INFO {AUDIT_LOG} - Initiator=w**************r Action=Get-User-Claim-Values Target=a***n Data={"Claims":{},"Profile":"default"} Outcome=Success
TID: [-1234] [2026-10-01 15:13:31,052]  INFO {AUDIT_LOG} - Initiator=w**************r Action=Get-User-Claim-Values Target=a***n Data={"Claims":{},"Profile":"default"} Outcome=Success
TID: [-1234] [2026-10-01 15:14:01,053]  INFO {AUDIT_LOG} - Initiator=w**************r Action=Get-User-Claim-Values Target=a***n Data={"Claims":{},"Profile":"default"} Outcome=Success
TID: [-1234] [2026-10-01 15:14:01,054]  INFO {AUDIT_LOG} - Initiator=w**************r Action=Get-User-Claim-Values Target=a***n Data={"Claims":{},"Profile":"default"} Outcome=Success
TID: [-1234] [2026-10-01 15:14:01,054]  INFO {AUDIT_LOG} - Initiator=w**************r Action=Get-User-Claim-Values Target=a***n Data={"Claims":{},"Profile":"default"} Outcome=Success
TID: [-1234] [2026-10-01 15:14:31,051]  INFO {AUDIT_LOG} - Initiator=w**************r Action=Get-User-Claim-Values Target=a***n Data={"Claims":{},"Profile":"default"} Outcome=Success
TID: [-1234] [2026-10-01 15:14:31,051]  INFO {AUDIT_LOG} - Initiator=w**************r Action=Get-User-Claim-Values Target=a***n Data={"Claims":{},"Profile":"default"} Outcome=Success
TID: [-1234] [2026-10-01 15:14:31,051]  INFO {AUDIT_LOG} - Initiator=w**************r Action=Get-User-Claim-Values Target=a***n Data={"Claims":{},"Profile":"default"} Outcome=Success
TID: [-1234] [2026-10-01 15:15:01,052]  INFO {AUDIT_LOG} - Initiator=w**************r Action=Get-User-Claim-Values Target=a***n Data={"Claims":{},"Profile":"default"} Outcome=Success
TID: [-1234] [2026-10-01 15:15:01,052]  INFO {AUDIT_LOG} - Initiator=w**************r Action=Get-User-Claim-Values Target=a***n Data={"Claims":{},"Profile":"default"} Outcome=Success
TID: [-1234] [2026-10-01 15:15:01,052]  INFO {AUDIT_LOG} - Initiator=w**************r Action=Get-User-Claim-Values Target=a***n Data={"Claims":{},"Profile":"default"} Outcome=Success
TID: [-1234] [2026-10-01 15:15:31,052]  INFO {AUDIT_LOG} - Initiator=w**************r Action=Get-User-Claim-Values Target=a***n Data={"Claims":{},"Profile":"default"} Outcome=Success
TID: [-1234] [2026-10-01 15:15:31,052]  INFO {AUDIT_LOG} - Initiator=w**************r Action=Get-User-Claim-Values Target=a***n Data={"Claims":{},"Profile":"default"} Outcome=Success
TID: [-1234] [2026-10-01 15:15:31,052]  INFO {AUDIT_LOG} - Initiator=w**************r Action=Get-User-Claim-Values Target=a***n Data={"Claims":{},"Profile":"default"} Outcome=Success
TID: [-1234] [2026-10-01 15:16:01,052]  INFO {AUDIT_LOG} - Initiator=w**************r Action=Get-User-Claim-Values Target=a***n Data={"Claims":{},"Profile":"default"} Outcome=Success
TID: [-1234] [2026-10-01 15:16:01,052]  INFO {AUDIT_LOG} - Initiator=w**************r Action=Get-User-Claim-Values Target=a***n Data={"Claims":{},"Profile":"default"} Outcome=Success
TID: [-1234] [2026-10-01 15:16:01,052]  INFO {AUDIT_LOG} - Initiator=w**************r Action=Get-User-Claim-Values Target=a***n Data={"Claims":{},"Profile":"default"} Outcome=Success
TID: [] [2026-10-01 15:16:01,668]  INFO {AUDIT_LOG} - Initiator=w**************r Action=Get-Roles-of-User Target=a***n Data={"Filter":"*","Roles":["Internal/subscriber","Internal/creator","Internal/publisher","Internal/everyone","Internal/devops","admin","Internal/analytics","Internal/observer","Internal/integration_dev"]} Outcome=Success
TID: [] [2026-10-01 16:58:46,513]  INFO {AUDIT_LOG} - {"performedBy":"SYSTEM: carbon.super","action":"deployed","type":"API"}
TID: [] [2026-10-01 16:58:46,519]  INFO {AUDIT_LOG} - {"performedBy":"SYSTEM: carbon.super","action":"deployed","type":"API"}
TID: [] [2026-10-01 16:58:46,973]  INFO {AUDIT_LOG} - Initiator=w**************r Action=Get-User-Claim-Values Target=a***n Data={"Claims":{},"Profile":"default"} Outcome=Success
TID: [] [2026-10-01 16:58:46,973]  INFO {AUDIT_LOG} - Initiator=w**************r Action=Get-User-Claim-Values Target=a***n Data={"Claims":{},"Profile":"default"} Outcome=Success
TID: [] [2026-10-01 16:58:46,973]  INFO {AUDIT_LOG} - Initiator=w**************r Action=Get-User-Claim-Values Target=a***n Data={"Claims":{},"Profile":"default"} Outcome=Success
TID: [] [2026-10-01 16:58:46,973]  INFO {AUDIT_LOG} - Initiator=w**************r Action=Get-User-Claim-Values Target=a***n Data={"Claims":{},"Profile":"default"} Outcome=Success
TID: [] [2026-10-01 16:58:46,973]  INFO {AUDIT_LOG} - Initiator=w**************r Action=Get-User-Claim-Values Target=a***n Data={"Claims":{},"Profile":"default"} Outcome=Success
TID: [] [2026-10-01 16:58:46,973]  INFO {AUDIT_LOG} - Initiator=w**************r Action=Get-User-Claim-Values Target=a***n Data={"Claims":{},"Profile":"default"} Outcome=Success
TID: [] [2026-10-01 16:58:46,974]  INFO {AUDIT_LOG} - Initiator=w**************r Action=Get-User-Claim-Values Target=a***n Data={"Claims":{},"Profile":"default"} Outcome=Success
TID: [] [2026-10-01 16:58:46,974]  INFO {AUDIT_LOG} - Initiator=w**************r Action=Get-User-Claim-Values Target=a***n Data={"Claims":{},"Profile":"default"} Outcome=Success
TID: [] [2026-10-01 16:58:46,974]  INFO {AUDIT_LOG} - Initiator=w**************r Action=Get-User-Claim-Values Target=a***n Data={"Claims":{},"Profile":"default"} Outcome=Success
TID: [] [2026-10-01 16:58:46,974]  INFO {AUDIT_LOG} - Initiator=w**************r Action=Get-User-Claim-Values Target=a***n Data={"Claims":{},"Profile":"default"} Outcome=Success
TID: [] [2026-10-01 16:58:46,974]  INFO {AUDIT_LOG} - Initiator=w**************r Action=Get-User-Claim-Values Target=a***n Data={"Claims":{},"Profile":"default"} Outcome=Success
TID: [] [2026-10-01 16:58:46,974]  INFO {AUDIT_LOG} - Initiator=w**************r Action=Get-User-Claim-Values Target=a***n Data={"Claims":{},"Profile":"default"} Outcome=Success
TID: [] [2026-10-01 16:58:46,978]  INFO {AUDIT_LOG} - Initiator=w**************r Action=Get-User-Claim-Values Target=a***n Data={"Claims":{},"Profile":"default"} Outcome=Success
TID: [] [2026-10-01 16:58:46,978]  INFO {AUDIT_LOG} - Initiator=w**************r Action=Get-User-Claim-Values Target=a***n Data={"Claims":{},"Profile":"default"} Outcome=Success
TID: [] [2026-10-01 16:58:46,978]  INFO {AUDIT_LOG} - Initiator=w**************r Action=Get-User-Claim-Values Target=a***n Data={"Claims":{},"Profile":"default"} Outcome=Success
TID: [] [2026-10-01 16:58:46,978]  INFO {AUDIT_LOG} - Initiator=w**************r Action=Get-User-Claim-Values Target=a***n Data={"Claims":{},"Profile":"default"} Outcome=Success
TID: [] [2026-10-01 16:58:46,978]  INFO {AUDIT_LOG} - Initiator=w**************r Action=Get-User-Claim-Values Target=a***n Data={"Claims":{},"Profile":"default"} Outcome=Success
TID: [] [2026-10-01 16:58:46,978]  INFO {AUDIT_LOG} - Initiator=w**************r Action=Get-User-Claim-Values Target=a***n Data={"Claims":{},"Profile":"default"} Outcome=Success
TID: [] [2026-10-01 16:58:46,978]  INFO {AUDIT_LOG} - Initiator=w**************r Action=Get-User-Claim-Values Target=a***n Data={"Claims":{},"Profile":"default"} Outcome=Success
TID: [] [2026-10-01 16:58:46,978]  INFO {AUDIT_LOG} - Initiator=w**************r Action=Get-User-Claim-Values Target=a***n Data={"Claims":{},"Profile":"default"} Outcome=Success
TID: [] [2026-10-01 16:58:46,978]  INFO {AUDIT_LOG} - Initiator=w**************r Action=Get-User-Claim-Values Target=a***n Data={"Claims":{},"Profile":"default"} Outcome=Success
TID: [] [2026-10-01 16:58:46,978]  INFO {AUDIT_LOG} - Initiator=w**************r Action=Get-User-Claim-Values Target=a***n Data={"Claims":{},"Profile":"default"} Outcome=Success
TID: [] [2026-10-01 16:58:46,979]  INFO {AUDIT_LOG} - Initiator=w**************r Action=Get-User-Claim-Values Target=a***n Data={"Claims":{},"Profile":"default"} Outcome=Success
TID: [] [2026-10-01 16:58:46,979]  INFO {AUDIT_LOG} - Initiator=w**************r Action=Get-User-Claim-Values Target=a***n Data={"Claims":{},"Profile":"default"} Outcome=Success
TID: [] [2026-10-01 16:58:46,979]  INFO {AUDIT_LOG} - Initiator=w**************r Action=Get-User-Claim-Values Target=a***n Data={"Claims":{},"Profile":"default"} Outcome=Success
TID: [] [2026-10-01 16:58:46,979]  INFO {AUDIT_LOG} - Initiator=w**************r Action=Get-User-Claim-Values Target=a***n Data={"Claims":{},"Profile":"default"} Outcome=Success
TID: [] [2026-10-01 16:58:46,979]  INFO {AUDIT_LOG} - Initiator=w**************r Action=Get-User-Claim-Values Target=a***n Data={"Claims":{},"Profile":"default"} Outcome=Success
TID: [] [2026-10-01 16:58:46,979]  INFO {AUDIT_LOG} - Initiator=w**************r Action=Get-User-Claim-Values Target=a***n Data={"Claims":{},"Profile":"default"} Outcome=Success
TID: [] [2026-10-01 16:58:46,979]  INFO {AUDIT_LOG} - Initiator=w**************r Action=Get-User-Claim-Values Target=a***n Data={"Claims":{},"Profile":"default"} Outcome=Success
TID: [] [2026-10-01 16:58:46,979]  INFO {AUDIT_LOG} - Initiator=w**************r Action=Get-User-Claim-Values Target=a***n Data={"Claims":{},"Profile":"default"} Outcome=Success
TID: [] [2026-10-01 16:58:46,979]  INFO {AUDIT_LOG} - Initiator=w**************r Action=Get-User-Claim-Values Target=a***n Data={"Claims":{},"Profile":"default"} Outcome=Success
TID: [] [2026-10-01 16:58:46,980]  INFO {AUDIT_LOG} - Initiator=w**************r Action=Get-User-Claim-Values Target=a***n Data={"Claims":{},"Profile":"default"} Outcome=Success
TID: [] [2026-10-01 16:58:46,980]  INFO {AUDIT_LOG} - Initiator=w**************r Action=Get-User-Claim-Values Target=a***n Data={"Claims":{},"Profile":"default"} Outcome=Success
TID: [] [2026-10-01 16:58:46,980]  INFO {AUDIT_LOG} - Initiator=w**************r Action=Get-User-Claim-Values Target=a***n Data={"Claims":{},"Profile":"default"} Outcome=Success
TID: [] [2026-10-01 16:58:46,981]  INFO {AUDIT_LOG} - Initiator=w**************r Action=Get-User-Claim-Values Target=a***n Data={"Claims":{},"Profile":"default"} Outcome=Success
TID: [] [2026-10-01 16:58:46,982]  INFO {AUDIT_LOG} - Initiator=w**************r Action=Get-User-Claim-Values Target=a***n Data={"Claims":{},"Profile":"default"} Outcome=Success
TID: [] [2026-10-01 16:58:47,035]  INFO {AUDIT_LOG} - Initiator=w**************r Action=Get-User-Claim-Values Target=a***n Data={"Claims":{},"Profile":"default"} Outcome=Success
TID: [] [2026-10-01 16:58:47,035]  INFO {AUDIT_LOG} - Initiator=w**************r Action=Get-User-Claim-Values Target=a***n Data={"Claims":{},"Profile":"default"} Outcome=Success
TID: [] [2026-10-01 16:58:47,035]  INFO {AUDIT_LOG} - Initiator=w**************r Action=Get-User-Claim-Values Target=a***n Data={"Claims":{},"Profile":"default"} Outcome=Success
TID: [] [2026-10-01 16:58:47,036]  INFO {AUDIT_LOG} - Initiator=w**************r Action=Get-User-Claim-Values Target=a***n Data={"Claims":{},"Profile":"default"} Outcome=Success
TID: [] [2026-10-01 16:58:47,036]  INFO {AUDIT_LOG} - Initiator=w**************r Action=Get-User-Claim-Values Target=a***n Data={"Claims":{},"Profile":"default"} Outcome=Success
TID: [] [2026-10-01 16:58:47,036]  INFO {AUDIT_LOG} - Initiator=w**************r Action=Get-User-Claim-Values Target=a***n Data={"Claims":{},"Profile":"default"} Outcome=Success
TID: [] [2026-10-01 16:58:47,036]  INFO {AUDIT_LOG} - Initiator=w**************r Action=Get-User-Claim-Values Target=a***n Data={"Claims":{},"Profile":"default"} Outcome=Success
TID: [] [2026-10-01 16:58:47,038]  INFO {AUDIT_LOG} - Initiator=w**************r Action=Get-User-Claim-Values Target=a***n Data={"Claims":{},"Profile":"default"} Outcome=Success
TID: [] [2026-10-01 16:58:47,038]  INFO {AUDIT_LOG} - Initiator=w**************r Action=Get-User-Claim-Values Target=a***n Data={"Claims":{},"Profile":"default"} Outcome=Success
TID: [] [2026-10-01 16:58:47,042]  INFO {AUDIT_LOG} - Initiator=w**************r Action=Get-User-Claim-Values Target=a***n Data={"Claims":{},"Profile":"default"} Outcome=Success
TID: [] [2026-10-01 16:58:47,042]  INFO {AUDIT_LOG} - Initiator=w**************r Action=Get-User-Claim-Values Target=a***n Data={"Claims":{},"Profile":"default"} Outcome=Success
TID: [] [2026-10-01 16:58:47,042]  INFO {AUDIT_LOG} - Initiator=w**************r Action=Get-User-Claim-Values Target=a***n Data={"Claims":{},"Profile":"default"} Outcome=Success
TID: [] [2026-10-01 16:58:47,043]  INFO {AUDIT_LOG} - Initiator=w**************r Action=Get-User-Claim-Values Target=a***n Data={"Claims":{},"Profile":"default"} Outcome=Success
TID: [] [2026-10-01 16:58:47,043]  INFO {AUDIT_LOG} - Initiator=w**************r Action=Get-User-Claim-Values Target=a***n Data={"Claims":{},"Profile":"default"} Outcome=Success
TID: [] [2026-10-01 16:58:47,043]  INFO {AUDIT_LOG} - Initiator=w**************r Action=Get-User-Claim-Values Target=a***n Data={"Claims":{},"Profile":"default"} Outcome=Success
TID: [] [2026-10-01 16:58:47,043]  INFO {AUDIT_LOG} - Initiator=w**************r Action=Get-User-Claim-Values Target=a***n Data={"Claims":{},"Profile":"default"} Outcome=Success
TID: [] [2026-10-01 16:58:47,043]  INFO {AUDIT_LOG} - Initiator=w**************r Action=Get-User-Claim-Values Target=a***n Data={"Claims":{},"Profile":"default"} Outcome=Success
TID: [] [2026-10-01 16:58:47,043]  INFO {AUDIT_LOG} - Initiator=w**************r Action=Get-User-Claim-Values Target=a***n Data={"Claims":{},"Profile":"default"} Outcome=Success
TID: [] [2026-10-01 16:58:47,043]  INFO {AUDIT_LOG} - Initiator=w**************r Action=Get-User-Claim-Values Target=a***n Data={"Claims":{},"Profile":"default"} Outcome=Success
TID: [] [2026-10-01 16:58:47,043]  INFO {AUDIT_LOG} - Initiator=w**************r Action=Get-User-Claim-Values Target=a***n Data={"Claims":{},"Profile":"default"} Outcome=Success
TID: [] [2026-10-01 16:58:47,044]  INFO {AUDIT_LOG} - Initiator=w**************r Action=Get-User-Claim-Values Target=a***n Data={"Claims":{},"Profile":"default"} Outcome=Success
TID: [] [2026-10-01 16:58:47,044]  INFO {AUDIT_LOG} - Initiator=w**************r Action=Get-User-Claim-Values Target=a***n Data={"Claims":{},"Profile":"default"} Outcome=Success
TID: [] [2026-10-01 16:58:47,045]  INFO {AUDIT_LOG} - Initiator=w**************r Action=Get-User-Claim-Values Target=a***n Data={"Claims":{},"Profile":"default"} Outcome=Success
TID: [] [2026-10-01 16:58:47,045]  INFO {AUDIT_LOG} - Initiator=w**************r Action=Get-User-Claim-Values Target=a***n Data={"Claims":{},"Profile":"default"} Outcome=Success
TID: [] [2026-10-01 16:58:47,046]  INFO {AUDIT_LOG} - Initiator=w**************r Action=Get-User-Claim-Values Target=a***n Data={"Claims":{},"Profile":"default"} Outcome=Success
TID: [] [2026-10-01 16:58:47,046]  INFO {AUDIT_LOG} - Initiator=w**************r Action=Get-User-Claim-Values Target=a***n Data={"Claims":{},"Profile":"default"} Outcome=Success
TID: [] [2026-10-01 16:58:47,047]  INFO {AUDIT_LOG} - Initiator=w**************r Action=Get-User-Claim-Values Target=a***n Data={"Claims":{},"Profile":"default"} Outcome=Success
TID: [] [2026-10-01 16:58:47,047]  INFO {AUDIT_LOG} - Initiator=w**************r Action=Get-User-Claim-Values Target=a***n Data={"Claims":{},"Profile":"default"} Outcome=Success
TID: [] [2026-10-01 16:58:47,047]  INFO {AUDIT_LOG} - Initiator=w**************r Action=Get-User-Claim-Values Target=a***n Data={"Claims":{},"Profile":"default"} Outcome=Success
TID: [] [2026-10-01 16:58:47,048]  INFO {AUDIT_LOG} - Initiator=w**************r Action=Get-User-Claim-Values Target=a***n Data={"Claims":{},"Profile":"default"} Outcome=Success
TID: [] [2026-10-01 16:58:47,048]  INFO {AUDIT_LOG} - Initiator=w**************r Action=Get-User-Claim-Values Target=a***n Data={"Claims":{},"Profile":"default"} Outcome=Success
TID: [] [2026-10-01 16:58:47,048]  INFO {AUDIT_LOG} - Initiator=w**************r Action=Get-User-Claim-Values Target=a***n Data={"Claims":{},"Profile":"default"} Outcome=Success
TID: [] [2026-10-01 16:58:47,049]  INFO {AUDIT_LOG} - Initiator=w**************r Action=Get-User-Claim-Values Target=a***n Data={"Claims":{},"Profile":"default"} Outcome=Success
TID: [] [2026-10-01 16:58:47,098]  INFO {AUDIT_LOG} - Initiator=w**************r Action=Get-Roles-of-User Target=a***n Data={"Filter":"*","Roles":["Internal/subscriber","Internal/creator","Internal/publisher","Internal/everyone","Internal/devops","admin","Internal/analytics","Internal/observer","Internal/integration_dev"]} Outcome=Success
TID: [-1234] [2026-10-01 16:58:47,183]  INFO {AUDIT_LOG} - Initiator=w**************r Action=Get-User-Claim-Values Target=a***n Data={"Claims":{},"Profile":"default"} Outcome=Success
TID: [-1234] [2026-10-01 16:58:47,183]  INFO {AUDIT_LOG} - Initiator=w**************r Action=Get-User-Claim-Values Target=a***n Data={"Claims":{},"Profile":"default"} Outcome=Success
TID: [-1234] [2026-10-01 16:58:47,183]  INFO {AUDIT_LOG} - Initiator=w**************r Action=Get-User-Claim-Values Target=a***n Data={"Claims":{},"Profile":"default"} Outcome=Success
TID: [-1234] [2026-10-01 16:58:47,183]  INFO {AUDIT_LOG} - Initiator=w**************r Action=Get-User-Claim-Values Target=a***n Data={"Claims":{},"Profile":"default"} Outcome=Success
TID: [-1234] [2026-10-01 16:58:47,183]  INFO {AUDIT_LOG} - Initiator=w**************r Action=Get-User-Claim-Values Target=a***n Data={"Claims":{},"Profile":"default"} Outcome=Success
TID: [-1234] [2026-10-01 16:58:47,183]  INFO {AUDIT_LOG} - Initiator=w**************r Action=Get-User-Claim-Values Target=a***n Data={"Claims":{},"Profile":"default"} Outcome=Success
TID: [-1234] [2026-10-01 16:58:47,183]  INFO {AUDIT_LOG} - Initiator=w**************r Action=Get-User-Claim-Values Target=a***n Data={"Claims":{},"Profile":"default"} Outcome=Success
TID: [-1234] [2026-10-01 16:58:47,183]  INFO {AUDIT_LOG} - Initiator=w**************r Action=Get-User-Claim-Values Target=a***n Data={"Claims":{},"Profile":"default"} Outcome=Success
TID: [-1234] [2026-10-01 16:58:47,183]  INFO {AUDIT_LOG} - Initiator=w**************r Action=Get-User-Claim-Values Target=a***n Data={"Claims":{},"Profile":"default"} Outcome=Success
TID: [-1234] [2026-10-01 16:58:47,183]  INFO {AUDIT_LOG} - Initiator=w**************r Action=Get-User-Claim-Values Target=a***n Data={"Claims":{},"Profile":"default"} Outcome=Success
TID: [-1234] [2026-10-01 16:58:47,183]  INFO {AUDIT_LOG} - Initiator=w**************r Action=Get-User-Claim-Values Target=a***n Data={"Claims":{},"Profile":"default"} Outcome=Success
TID: [-1234] [2026-10-01 16:58:47,184]  INFO {AUDIT_LOG} - Initiator=w**************r Action=Get-User-Claim-Values Target=a***n Data={"Claims":{},"Profile":"default"} Outcome=Success
TID: [-1234] [2026-10-01 16:58:47,184]  INFO {AUDIT_LOG} - Initiator=w**************r Action=Get-User-Claim-Values Target=a***n Data={"Claims":{},"Profile":"default"} Outcome=Success
TID: [-1234] [2026-10-01 16:58:47,184]  INFO {AUDIT_LOG} - Initiator=w**************r Action=Get-User-Claim-Values Target=a***n Data={"Claims":{},"Profile":"default"} Outcome=Success
TID: [-1234] [2026-10-01 16:58:47,184]  INFO {AUDIT_LOG} - Initiator=w**************r Action=Get-User-Claim-Values Target=a***n Data={"Claims":{},"Profile":"default"} Outcome=Success
TID: [-1234] [2026-10-01 16:58:47,184]  INFO {AUDIT_LOG} - Initiator=w**************r Action=Get-User-Claim-Values Target=a***n Data={"Claims":{},"Profile":"default"} Outcome=Success
TID: [-1234] [2026-10-01 16:58:47,184]  INFO {AUDIT_LOG} - Initiator=w**************r Action=Get-User-Claim-Values Target=a***n Data={"Claims":{},"Profile":"default"} Outcome=Success
TID: [-1234] [2026-10-01 16:58:47,184]  INFO {AUDIT_LOG} - Initiator=w**************r Action=Get-User-Claim-Values Target=a***n Data={"Claims":{},"Profile":"default"} Outcome=Success
TID: [-1234] [2026-10-01 16:58:47,184]  INFO {AUDIT_LOG} - Initiator=w**************r Action=Get-User-Claim-Values Target=a***n Data={"Claims":{},"Profile":"default"} Outcome=Success
TID: [-1234] [2026-10-01 16:58:47,185]  INFO {AUDIT_LOG} - Initiator=w**************r Action=Get-User-Claim-Values Target=a***n Data={"Claims":{},"Profile":"default"} Outcome=Success
TID: [-1234] [2026-10-01 16:58:47,185]  INFO {AUDIT_LOG} - Initiator=w**************r Action=Get-User-Claim-Values Target=a***n Data={"Claims":{},"Profile":"default"} Outcome=Success
TID: [-1234] [2026-10-01 16:58:47,185]  INFO {AUDIT_LOG} - Initiator=w**************r Action=Get-User-Claim-Values Target=a***n Data={"Claims":{},"Profile":"default"} Outcome=Success
TID: [-1234] [2026-10-01 16:58:47,187]  INFO {AUDIT_LOG} - Initiator=w**************r Action=Get-User-Claim-Values Target=a***n Data={"Claims":{},"Profile":"default"} Outcome=Success
TID: [-1234] [2026-10-01 16:58:47,187]  INFO {AUDIT_LOG} - Initiator=w**************r Action=Get-User-Claim-Values Target=a***n Data={"Claims":{},"Profile":"default"} Outcome=Success
TID: [-1234] [2026-10-01 16:58:47,187]  INFO {AUDIT_LOG} - Initiator=w**************r Action=Get-User-Claim-Values Target=a***n Data={"Claims":{},"Profile":"default"} Outcome=Success
TID: [-1234] [2026-10-01 16:58:47,188]  INFO {AUDIT_LOG} - Initiator=w**************r Action=Get-User-Claim-Values Target=a***n Data={"Claims":{},"Profile":"default"} Outcome=Success
TID: [-1234] [2026-10-01 16:58:47,188]  INFO {AUDIT_LOG} - Initiator=w**************r Action=Get-User-Claim-Values Target=a***n Data={"Claims":{},"Profile":"default"} Outcome=Success
TID: [-1234] [2026-10-01 16:58:47,189]  INFO {AUDIT_LOG} - Initiator=w**************r Action=Get-User-Claim-Values Target=a***n Data={"Claims":{},"Profile":"default"} Outcome=Success
TID: [-1234] [2026-10-01 16:58:47,189]  INFO {AUDIT_LOG} - Initiator=w**************r Action=Get-User-Claim-Values Target=a***n Data={"Claims":{},"Profile":"default"} Outcome=Success
TID: [-1234] [2026-10-01 16:58:47,189]  INFO {AUDIT_LOG} - Initiator=w**************r Action=Get-User-Claim-Values Target=a***n Data={"Claims":{},"Profile":"default"} Outcome=Success
TID: [-1234] [2026-10-01 16:58:47,189]  INFO {AUDIT_LOG} - Initiator=w**************r Action=Get-User-Claim-Values Target=a***n Data={"Claims":{},"Profile":"default"} Outcome=Success
TID: [-1234] [2026-10-01 16:58:47,189]  INFO {AUDIT_LOG} - Initiator=w**************r Action=Get-User-Claim-Values Target=a***n Data={"Claims":{},"Profile":"default"} Outcome=Success
TID: [-1234] [2026-10-01 16:58:47,189]  INFO {AUDIT_LOG} - Initiator=w**************r Action=Get-User-Claim-Values Target=a***n Data={"Claims":{},"Profile":"default"} Outcome=Success
TID: [-1234] [2026-10-01 16:58:47,189]  INFO {AUDIT_LOG} - Initiator=w**************r Action=Get-User-Claim-Values Target=a***n Data={"Claims":{},"Profile":"default"} Outcome=Success
TID: [-1234] [2026-10-01 16:58:47,189]  INFO {AUDIT_LOG} - Initiator=w**************r Action=Get-User-Claim-Values Target=a***n Data={"Claims":{},"Profile":"default"} Outcome=Success
TID: [-1234] [2026-10-01 16:58:47,190]  INFO {AUDIT_LOG} - Initiator=w**************r Action=Get-User-Claim-Values Target=a***n Data={"Claims":{},"Profile":"default"} Outcome=Success
TID: [-1234] [2026-10-01 16:58:47,190]  INFO {AUDIT_LOG} - Initiator=w**************r Action=Get-User-Claim-Values Target=a***n Data={"Claims":{},"Profile":"default"} Outcome=Success
TID: [-1234] [2026-10-01 16:58:47,191]  INFO {AUDIT_LOG} - Initiator=w**************r Action=Get-User-Claim-Values Target=a***n Data={"Claims":{},"Profile":"default"} Outcome=Success
TID: [-1234] [2026-10-01 16:58:47,191]  INFO {AUDIT_LOG} - Initiator=w**************r Action=Get-User-Claim-Values Target=a***n Data={"Claims":{},"Profile":"default"} Outcome=Success
TID: [-1234] [2026-10-01 16:58:47,198]  INFO {AUDIT_LOG} - Initiator=w**************r Action=Get-User-Claim-Values Target=a***n Data={"Claims":{},"Profile":"default"} Outcome=Success
TID: [-1234] [2026-10-01 16:58:47,200]  INFO {AUDIT_LOG} - Initiator=w**************r Action=Get-User-Claim-Values Target=a***n Data={"Claims":{},"Profile":"default"} Outcome=Success
TID: [-1234] [2026-10-01 16:58:47,200]  INFO {AUDIT_LOG} - Initiator=w**************r Action=Get-User-Claim-Values Target=a***n Data={"Claims":{},"Profile":"default"} Outcome=Success
TID: [-1234] [2026-10-01 16:58:47,340]  INFO {AUDIT_LOG} - Initiator=w**************r Action=Get-User-Claim-Values Target=a***n Data={"Claims":{},"Profile":"default"} Outcome=Success
TID: [-1234] [2026-10-01 16:58:47,341]  INFO {AUDIT_LOG} - Initiator=w**************r Action=Get-User-Claim-Values Target=a***n Data={"Claims":{},"Profile":"default"} Outcome=Success
TID: [-1234] [2026-10-01 16:58:47,341]  INFO {AUDIT_LOG} - Initiator=w**************r Action=Get-User-Claim-Values Target=a***n Data={"Claims":{},"Profile":"default"} Outcome=Success
TID: [-1234] [2026-10-01 16:58:47,406]  INFO {AUDIT_LOG} - Initiator=w**************r Action=Get-User-Claim-Values Target=a***n Data={"Claims":{},"Profile":"default"} Outcome=Success
TID: [-1234] [2026-10-01 16:58:47,406]  INFO {AUDIT_LOG} - Initiator=w**************r Action=Get-User-Claim-Values Target=a***n Data={"Claims":{},"Profile":"default"} Outcome=Success
TID: [-1234] [2026-10-01 16:58:47,407]  INFO {AUDIT_LOG} - Initiator=w**************r Action=Get-User-Claim-Values Target=a***n Data={"Claims":{},"Profile":"default"} Outcome=Success
TID: [-1234] [2026-10-01 16:58:47,407]  INFO {AUDIT_LOG} - Initiator=w**************r Action=Get-User-Claim-Values Target=a***n Data={"Claims":{},"Profile":"default"} Outcome=Success
TID: [-1234] [2026-10-01 16:58:47,407]  INFO {AUDIT_LOG} - Initiator=w**************r Action=Get-User-Claim-Values Target=a***n Data={"Claims":{},"Profile":"default"} Outcome=Success
TID: [-1234] [2026-10-01 16:58:47,408]  INFO {AUDIT_LOG} - Initiator=w**************r Action=Get-User-Claim-Values Target=a***n Data={"Claims":{},"Profile":"default"} Outcome=Success
TID: [-1234] [2026-10-01 16:58:47,516]  INFO {AUDIT_LOG} - Initiator=w**************r Action=Get-User-Claim-Values Target=a***n Data={"Claims":{},"Profile":"default"} Outcome=Success
TID: [-1234] [2026-10-01 16:58:47,517]  INFO {AUDIT_LOG} - Initiator=w**************r Action=Get-User-Claim-Values Target=a***n Data={"Claims":{},"Profile":"default"} Outcome=Success
TID: [-1234] [2026-10-01 16:58:47,517]  INFO {AUDIT_LOG} - Initiator=w**************r Action=Get-User-Claim-Values Target=a***n Data={"Claims":{},"Profile":"default"} Outcome=Success
TID: [-1234] [2026-10-01 16:58:47,517]  INFO {AUDIT_LOG} - Initiator=w**************r Action=Get-User-Claim-Values Target=a***n Data={"Claims":{},"Profile":"default"} Outcome=Success
TID: [-1234] [2026-10-01 16:58:47,518]  INFO {AUDIT_LOG} - Initiator=w**************r Action=Get-User-Claim-Values Target=a***n Data={"Claims":{},"Profile":"default"} Outcome=Success
TID: [-1234] [2026-10-01 16:58:47,518]  INFO {AUDIT_LOG} - Initiator=w**************r Action=Get-User-Claim-Values Target=a***n Data={"Claims":{},"Profile":"default"} Outcome=Success
TID: [-1234] [2026-10-01 16:58:47,521]  INFO {AUDIT_LOG} - Initiator=w**************r Action=Get-User-Claim-Values Target=a***n Data={"Claims":{},"Profile":"default"} Outcome=Success
TID: [-1234] [2026-10-01 16:58:47,521]  INFO {AUDIT_LOG} - Initiator=w**************r Action=Get-User-Claim-Values Target=a***n Data={"Claims":{},"Profile":"default"} Outcome=Success
TID: [-1234] [2026-10-01 16:58:47,522]  INFO {AUDIT_LOG} - Initiator=w**************r Action=Get-User-Claim-Values Target=a***n Data={"Claims":{},"Profile":"default"} Outcome=Success
TID: [-1234] [2026-10-01 16:58:48,252]  INFO {AUDIT_LOG} - Initiator=w**************r Action=Get-User-Claim-Values Target=a***n Data={"Claims":{},"Profile":"default"} Outcome=Success
TID: [-1234] [2026-10-01 16:58:48,253]  INFO {AUDIT_LOG} - Initiator=w**************r Action=Get-User-Claim-Values Target=a***n Data={"Claims":{},"Profile":"default"} Outcome=Success
TID: [-1234] [2026-10-01 16:58:48,253]  INFO {AUDIT_LOG} - Initiator=w**************r Action=Get-User-Claim-Values Target=a***n Data={"Claims":{},"Profile":"default"} Outcome=Success
TID: [-1234] [2026-10-01 16:58:48,271]  INFO {AUDIT_LOG} - Initiator=w**************r Action=Get-User-Claim-Values Target=a***n Data={"Claims":{},"Profile":"default"} Outcome=Success
TID: [-1234] [2026-10-01 16:58:48,274]  INFO {AUDIT_LOG} - Initiator=w**************r Action=Get-User-Claim-Values Target=a***n Data={"Claims":{},"Profile":"default"} Outcome=Success
TID: [-1234] [2026-10-01 16:58:48,274]  INFO {AUDIT_LOG} - Initiator=w**************r Action=Get-User-Claim-Values Target=a***n Data={"Claims":{},"Profile":"default"} Outcome=Success
TID: [-1234] [2026-10-01 16:58:48,286]  INFO {AUDIT_LOG} - Initiator=w**************r Action=Get-User-Claim-Values Target=a***n Data={"Claims":{},"Profile":"default"} Outcome=Success
TID: [-1234] [2026-10-01 16:58:48,287]  INFO {AUDIT_LOG} - Initiator=w**************r Action=Get-User-Claim-Values Target=a***n Data={"Claims":{},"Profile":"default"} Outcome=Success
TID: [-1234] [2026-10-01 16:58:48,287]  INFO {AUDIT_LOG} - Initiator=w**************r Action=Get-User-Claim-Values Target=a***n Data={"Claims":{},"Profile":"default"} Outcome=Success
TID: [-1234] [2026-10-01 16:58:48,312]  INFO {AUDIT_LOG} - Initiator=w**************r Action=Get-User-Claim-Values Target=a***n Data={"Claims":{},"Profile":"default"} Outcome=Success
TID: [-1234] [2026-10-01 16:58:48,313]  INFO {AUDIT_LOG} - Initiator=w**************r Action=Get-User-Claim-Values Target=a***n Data={"Claims":{},"Profile":"default"} Outcome=Success
TID: [-1234] [2026-10-01 16:58:48,313]  INFO {AUDIT_LOG} - Initiator=w**************r Action=Get-User-Claim-Values Target=a***n Data={"Claims":{},"Profile":"default"} Outcome=Success
TID: [-1234] [2026-10-01 16:58:48,322]  INFO {AUDIT_LOG} - Initiator=w**************r Action=Get-User-Claim-Values Target=a***n Data={"Claims":{},"Profile":"default"} Outcome=Success
TID: [-1234] [2026-10-01 16:58:48,323]  INFO {AUDIT_LOG} - Initiator=w**************r Action=Get-User-Claim-Values Target=a***n Data={"Claims":{},"Profile":"default"} Outcome=Success
TID: [-1234] [2026-10-01 16:58:48,323]  INFO {AUDIT_LOG} - Initiator=w**************r Action=Get-User-Claim-Values Target=a***n Data={"Claims":{},"Profile":"default"} Outcome=Success
TID: [-1234] [2026-10-01 16:58:48,334]  INFO {AUDIT_LOG} - Initiator=w**************r Action=Get-User-Claim-Values Target=a***n Data={"Claims":{},"Profile":"default"} Outcome=Success
TID: [-1234] [2026-10-01 16:58:48,335]  INFO {AUDIT_LOG} - Initiator=w**************r Action=Get-User-Claim-Values Target=a***n Data={"Claims":{},"Profile":"default"} Outcome=Success
TID: [-1234] [2026-10-01 16:58:48,335]  INFO {AUDIT_LOG} - Initiator=w**************r Action=Get-User-Claim-Values Target=a***n Data={"Claims":{},"Profile":"default"} Outcome=Success
TID: [] [2026-10-01 16:58:48,561]  INFO {AUDIT_LOG} - {"performedBy":"SYSTEM: carbon.super","action":"deployed","type":"API","info":"e2751bd4-70e9-4e96-9c39-c0d334d80213"}
TID: [-1234] [2026-10-01 16:58:50,546]  INFO {AUDIT_LOG} - Initiator=w**************r Action=Get-User-Claim-Values Target=a***n Data={"Claims":{},"Profile":"default"} Outcome=Success
TID: [-1234] [2026-10-01 16:58:50,546]  INFO {AUDIT_LOG} - Initiator=w**************r Action=Get-User-Claim-Values Target=a***n Data={"Claims":{},"Profile":"default"} Outcome=Success
TID: [-1234] [2026-10-01 16:58:50,546]  INFO {AUDIT_LOG} - Initiator=w**************r Action=Get-User-Claim-Values Target=a***n Data={"Claims":{},"Profile":"default"} Outcome=Success
TID: [-1234] [2026-10-01 16:59:16,501]  INFO {AUDIT_LOG} - Initiator=w**************r Action=Get-User-Claim-Values Target=a***n Data={"Claims":{},"Profile":"default"} Outcome=Success
TID: [-1234] [2026-10-01 16:59:16,501]  INFO {AUDIT_LOG} - Initiator=w**************r Action=Get-User-Claim-Values Target=a***n Data={"Claims":{},"Profile":"default"} Outcome=Success
TID: [-1234] [2026-10-01 16:59:16,501]  INFO {AUDIT_LOG} - Initiator=w**************r Action=Get-User-Claim-Values Target=a***n Data={"Claims":{},"Profile":"default"} Outcome=Success
TID: [-1234] [2026-10-01 16:59:46,499]  INFO {AUDIT_LOG} - Initiator=w**************r Action=Get-User-Claim-Values Target=a***n Data={"Claims":{},"Profile":"default"} Outcome=Success
TID: [-1234] [2026-10-01 16:59:46,500]  INFO {AUDIT_LOG} - Initiator=w**************r Action=Get-User-Claim-Values Target=a***n Data={"Claims":{},"Profile":"default"} Outcome=Success
TID: [-1234] [2026-10-01 16:59:46,500]  INFO {AUDIT_LOG} - Initiator=w**************r Action=Get-User-Claim-Values Target=a***n Data={"Claims":{},"Profile":"default"} Outcome=Success
TID: [-1234] [2026-10-01 17:00:16,501]  INFO {AUDIT_LOG} - Initiator=w**************r Action=Get-User-Claim-Values Target=a***n Data={"Claims":{},"Profile":"default"} Outcome=Success
TID: [-1234] [2026-10-01 17:00:16,501]  INFO {AUDIT_LOG} - Initiator=w**************r Action=Get-User-Claim-Values Target=a***n Data={"Claims":{},"Profile":"default"} Outcome=Success
TID: [-1234] [2026-10-01 17:00:16,501]  INFO {AUDIT_LOG} - Initiator=w**************r Action=Get-User-Claim-Values Target=a***n Data={"Claims":{},"Profile":"default"} Outcome=Success
TID: [-1234] [2026-10-01 17:00:46,500]  INFO {AUDIT_LOG} - Initiator=w**************r Action=Get-User-Claim-Values Target=a***n Data={"Claims":{},"Profile":"default"} Outcome=Success
TID: [-1234] [2026-10-01 17:00:46,500]  INFO {AUDIT_LOG} - Initiator=w**************r Action=Get-User-Claim-Values Target=a***n Data={"Claims":{},"Profile":"default"} Outcome=Success
TID: [-1234] [2026-10-01 17:00:46,500]  INFO {AUDIT_LOG} - Initiator=w**************r Action=Get-User-Claim-Values Target=a***n Data={"Claims":{},"Profile":"default"} Outcome=Success
TID: [-1234] [2026-10-01 17:01:16,499]  INFO {AUDIT_LOG} - Initiator=w**************r Action=Get-User-Claim-Values Target=a***n Data={"Claims":{},"Profile":"default"} Outcome=Success
TID: [-1234] [2026-10-01 17:01:16,499]  INFO {AUDIT_LOG} - Initiator=w**************r Action=Get-User-Claim-Values Target=a***n Data={"Claims":{},"Profile":"default"} Outcome=Success
TID: [-1234] [2026-10-01 17:01:16,499]  INFO {AUDIT_LOG} - Initiator=w**************r Action=Get-User-Claim-Values Target=a***n Data={"Claims":{},"Profile":"default"} Outcome=Success
TID: [-1234] [2026-10-01 17:01:46,502]  INFO {AUDIT_LOG} - Initiator=w**************r Action=Get-User-Claim-Values Target=a***n Data={"Claims":{},"Profile":"default"} Outcome=Success
TID: [-1234] [2026-10-01 17:01:46,502]  INFO {AUDIT_LOG} - Initiator=w**************r Action=Get-User-Claim-Values Target=a***n Data={"Claims":{},"Profile":"default"} Outcome=Success
TID: [-1234] [2026-10-01 17:01:46,502]  INFO {AUDIT_LOG} - Initiator=w**************r Action=Get-User-Claim-Values Target=a***n Data={"Claims":{},"Profile":"default"} Outcome=Success
TID: [-1234] [2026-10-01 17:02:16,499]  INFO {AUDIT_LOG} - Initiator=w**************r Action=Get-User-Claim-Values Target=a***n Data={"Claims":{},"Profile":"default"} Outcome=Success
TID: [-1234] [2026-10-01 17:02:16,500]  INFO {AUDIT_LOG} - Initiator=w**************r Action=Get-User-Claim-Values Target=a***n Data={"Claims":{},"Profile":"default"} Outcome=Success
TID: [-1234] [2026-10-01 17:02:16,500]  INFO {AUDIT_LOG} - Initiator=w**************r Action=Get-User-Claim-Values Target=a***n Data={"Claims":{},"Profile":"default"} Outcome=Success
TID: [-1234] [2026-10-01 17:02:46,499]  INFO {AUDIT_LOG} - Initiator=w**************r Action=Get-User-Claim-Values Target=a***n Data={"Claims":{},"Profile":"default"} Outcome=Success
TID: [-1234] [2026-10-01 17:02:46,499]  INFO {AUDIT_LOG} - Initiator=w**************r Action=Get-User-Claim-Values Target=a***n Data={"Claims":{},"Profile":"default"} Outcome=Success
TID: [-1234] [2026-10-01 17:02:46,499]  INFO {AUDIT_LOG} - Initiator=w**************r Action=Get-User-Claim-Values Target=a***n Data={"Claims":{},"Profile":"default"} Outcome=Success
TID: [-1234] [2026-10-01 17:03:16,499]  INFO {AUDIT_LOG} - Initiator=w**************r Action=Get-User-Claim-Values Target=a***n Data={"Claims":{},"Profile":"default"} Outcome=Success
TID: [-1234] [2026-10-01 17:03:16,499]  INFO {AUDIT_LOG} - Initiator=w**************r Action=Get-User-Claim-Values Target=a***n Data={"Claims":{},"Profile":"default"} Outcome=Success
TID: [-1234] [2026-10-01 17:03:16,499]  INFO {AUDIT_LOG} - Initiator=w**************r Action=Get-User-Claim-Values Target=a***n Data={"Claims":{},"Profile":"default"} Outcome=Success
TID: [-1234] [2026-10-01 17:03:46,499]  INFO {AUDIT_LOG} - Initiator=w**************r Action=Get-User-Claim-Values Target=a***n Data={"Claims":{},"Profile":"default"} Outcome=Success
TID: [-1234] [2026-10-01 17:03:46,499]  INFO {AUDIT_LOG} - Initiator=w**************r Action=Get-User-Claim-Values Target=a***n Data={"Claims":{},"Profile":"default"} Outcome=Success
TID: [-1234] [2026-10-01 17:03:46,499]  INFO {AUDIT_LOG} - Initiator=w**************r Action=Get-User-Claim-Values Target=a***n Data={"Claims":{},"Profile":"default"} Outcome=Success
TID: [-1234] [2026-10-01 17:04:16,500]  INFO {AUDIT_LOG} - Initiator=w**************r Action=Get-User-Claim-Values Target=a***n Data={"Claims":{},"Profile":"default"} Outcome=Success
TID: [-1234] [2026-10-01 17:04:16,501]  INFO {AUDIT_LOG} - Initiator=w**************r Action=Get-User-Claim-Values Target=a***n Data={"Claims":{},"Profile":"default"} Outcome=Success
TID: [-1234] [2026-10-01 17:04:16,501]  INFO {AUDIT_LOG} - Initiator=w**************r Action=Get-User-Claim-Values Target=a***n Data={"Claims":{},"Profile":"default"} Outcome=Success
TID: [-1234] [2026-10-01 17:04:46,504]  INFO {AUDIT_LOG} - Initiator=w**************r Action=Get-User-Claim-Values Target=a***n Data={"Claims":{},"Profile":"default"} Outcome=Success
TID: [-1234] [2026-10-01 17:04:46,504]  INFO {AUDIT_LOG} - Initiator=w**************r Action=Get-User-Claim-Values Target=a***n Data={"Claims":{},"Profile":"default"} Outcome=Success
TID: [-1234] [2026-10-01 17:04:46,505]  INFO {AUDIT_LOG} - Initiator=w**************r Action=Get-User-Claim-Values Target=a***n Data={"Claims":{},"Profile":"default"} Outcome=Success
TID: [-1234] [2026-10-01 17:05:16,500]  INFO {AUDIT_LOG} - Initiator=w**************r Action=Get-User-Claim-Values Target=a***n Data={"Claims":{},"Profile":"default"} Outcome=Success
TID: [-1234] [2026-10-01 17:05:16,500]  INFO {AUDIT_LOG} - Initiator=w**************r Action=Get-User-Claim-Values Target=a***n Data={"Claims":{},"Profile":"default"} Outcome=Success
TID: [-1234] [2026-10-01 17:05:16,500]  INFO {AUDIT_LOG} - Initiator=w**************r Action=Get-User-Claim-Values Target=a***n Data={"Claims":{},"Profile":"default"} Outcome=Success
TID: [-1234] [2026-10-01 17:05:46,498]  INFO {AUDIT_LOG} - Initiator=w**************r Action=Get-User-Claim-Values Target=a***n Data={"Claims":{},"Profile":"default"} Outcome=Success
TID: [-1234] [2026-10-01 17:05:46,499]  INFO {AUDIT_LOG} - Initiator=w**************r Action=Get-User-Claim-Values Target=a***n Data={"Claims":{},"Profile":"default"} Outcome=Success
TID: [-1234] [2026-10-01 17:05:46,499]  INFO {AUDIT_LOG} - Initiator=w**************r Action=Get-User-Claim-Values Target=a***n Data={"Claims":{},"Profile":"default"} Outcome=Success
TID: [-1234] [2026-10-01 17:06:16,500]  INFO {AUDIT_LOG} - Initiator=w**************r Action=Get-User-Claim-Values Target=a***n Data={"Claims":{},"Profile":"default"} Outcome=Success
TID: [-1234] [2026-10-01 17:06:16,501]  INFO {AUDIT_LOG} - Initiator=w**************r Action=Get-User-Claim-Values Target=a***n Data={"Claims":{},"Profile":"default"} Outcome=Success
TID: [-1234] [2026-10-01 17:06:16,501]  INFO {AUDIT_LOG} - Initiator=w**************r Action=Get-User-Claim-Values Target=a***n Data={"Claims":{},"Profile":"default"} Outcome=Success
TID: [-1234] [2026-10-01 17:06:46,499]  INFO {AUDIT_LOG} - Initiator=w**************r Action=Get-User-Claim-Values Target=a***n Data={"Claims":{},"Profile":"default"} Outcome=Success
TID: [-1234] [2026-10-01 17:06:46,500]  INFO {AUDIT_LOG} - Initiator=w**************r Action=Get-User-Claim-Values Target=a***n Data={"Claims":{},"Profile":"default"} Outcome=Success
TID: [-1234] [2026-10-01 17:06:46,500]  INFO {AUDIT_LOG} - Initiator=w**************r Action=Get-User-Claim-Values Target=a***n Data={"Claims":{},"Profile":"default"} Outcome=Success
TID: [-1234] [2026-10-01 17:07:16,499]  INFO {AUDIT_LOG} - Initiator=w**************r Action=Get-User-Claim-Values Target=a***n Data={"Claims":{},"Profile":"default"} Outcome=Success
TID: [-1234] [2026-10-01 17:07:16,500]  INFO {AUDIT_LOG} - Initiator=w**************r Action=Get-User-Claim-Values Target=a***n Data={"Claims":{},"Profile":"default"} Outcome=Success
TID: [-1234] [2026-10-01 17:07:16,500]  INFO {AUDIT_LOG} - Initiator=w**************r Action=Get-User-Claim-Values Target=a***n Data={"Claims":{},"Profile":"default"} Outcome=Success
TID: [-1234] [2026-10-01 17:07:46,500]  INFO {AUDIT_LOG} - Initiator=w**************r Action=Get-User-Claim-Values Target=a***n Data={"Claims":{},"Profile":"default"} Outcome=Success
TID: [-1234] [2026-10-01 17:07:46,500]  INFO {AUDIT_LOG} - Initiator=w**************r Action=Get-User-Claim-Values Target=a***n Data={"Claims":{},"Profile":"default"} Outcome=Success
TID: [-1234] [2026-10-01 17:07:46,500]  INFO {AUDIT_LOG} - Initiator=w**************r Action=Get-User-Claim-Values Target=a***n Data={"Claims":{},"Profile":"default"} Outcome=Success
TID: [-1234] [2026-10-01 17:08:16,497]  INFO {AUDIT_LOG} - Initiator=w**************r Action=Get-User-Claim-Values Target=a***n Data={"Claims":{},"Profile":"default"} Outcome=Success
TID: [-1234] [2026-10-01 17:08:16,499]  INFO {AUDIT_LOG} - Initiator=w**************r Action=Get-User-Claim-Values Target=a***n Data={"Claims":{},"Profile":"default"} Outcome=Success
TID: [-1234] [2026-10-01 17:08:16,499]  INFO {AUDIT_LOG} - Initiator=w**************r Action=Get-User-Claim-Values Target=a***n Data={"Claims":{},"Profile":"default"} Outcome=Success
TID: [-1234] [2026-10-01 17:08:46,498]  INFO {AUDIT_LOG} - Initiator=w**************r Action=Get-User-Claim-Values Target=a***n Data={"Claims":{},"Profile":"default"} Outcome=Success
TID: [-1234] [2026-10-01 17:08:46,499]  INFO {AUDIT_LOG} - Initiator=w**************r Action=Get-User-Claim-Values Target=a***n Data={"Claims":{},"Profile":"default"} Outcome=Success
TID: [-1234] [2026-10-01 17:08:46,499]  INFO {AUDIT_LOG} - Initiator=w**************r Action=Get-User-Claim-Values Target=a***n Data={"Claims":{},"Profile":"default"} Outcome=Success
TID: [-1234] [2026-10-01 17:09:16,498]  INFO {AUDIT_LOG} - Initiator=w**************r Action=Get-User-Claim-Values Target=a***n Data={"Claims":{},"Profile":"default"} Outcome=Success
TID: [-1234] [2026-10-01 17:09:16,499]  INFO {AUDIT_LOG} - Initiator=w**************r Action=Get-User-Claim-Values Target=a***n Data={"Claims":{},"Profile":"default"} Outcome=Success
TID: [-1234] [2026-10-01 17:09:16,499]  INFO {AUDIT_LOG} - Initiator=w**************r Action=Get-User-Claim-Values Target=a***n Data={"Claims":{},"Profile":"default"} Outcome=Success
TID: [-1234] [2026-10-01 17:09:46,503]  INFO {AUDIT_LOG} - Initiator=w**************r Action=Get-User-Claim-Values Target=a***n Data={"Claims":{},"Profile":"default"} Outcome=Success
TID: [-1234] [2026-10-01 17:09:46,504]  INFO {AUDIT_LOG} - Initiator=w**************r Action=Get-User-Claim-Values Target=a***n Data={"Claims":{},"Profile":"default"} Outcome=Success
TID: [-1234] [2026-10-01 17:09:46,504]  INFO {AUDIT_LOG} - Initiator=w**************r Action=Get-User-Claim-Values Target=a***n Data={"Claims":{},"Profile":"default"} Outcome=Success
TID: [-1234] [2026-10-01 17:10:16,498]  INFO {AUDIT_LOG} - Initiator=w**************r Action=Get-User-Claim-Values Target=a***n Data={"Claims":{},"Profile":"default"} Outcome=Success
TID: [-1234] [2026-10-01 17:10:16,498]  INFO {AUDIT_LOG} - Initiator=w**************r Action=Get-User-Claim-Values Target=a***n Data={"Claims":{},"Profile":"default"} Outcome=Success
TID: [-1234] [2026-10-01 17:10:16,499]  INFO {AUDIT_LOG} - Initiator=w**************r Action=Get-User-Claim-Values Target=a***n Data={"Claims":{},"Profile":"default"} Outcome=Success
TID: [-1234] [2026-10-01 17:10:46,498]  INFO {AUDIT_LOG} - Initiator=w**************r Action=Get-User-Claim-Values Target=a***n Data={"Claims":{},"Profile":"default"} Outcome=Success
TID: [-1234] [2026-10-01 17:10:46,499]  INFO {AUDIT_LOG} - Initiator=w**************r Action=Get-User-Claim-Values Target=a***n Data={"Claims":{},"Profile":"default"} Outcome=Success
TID: [-1234] [2026-10-01 17:10:46,499]  INFO {AUDIT_LOG} - Initiator=w**************r Action=Get-User-Claim-Values Target=a***n Data={"Claims":{},"Profile":"default"} Outcome=Success
TID: [-1234] [2026-10-01 17:11:16,498]  INFO {AUDIT_LOG} - Initiator=w**************r Action=Get-User-Claim-Values Target=a***n Data={"Claims":{},"Profile":"default"} Outcome=Success
TID: [-1234] [2026-10-01 17:11:16,499]  INFO {AUDIT_LOG} - Initiator=w**************r Action=Get-User-Claim-Values Target=a***n Data={"Claims":{},"Profile":"default"} Outcome=Success
TID: [-1234] [2026-10-01 17:11:16,499]  INFO {AUDIT_LOG} - Initiator=w**************r Action=Get-User-Claim-Values Target=a***n Data={"Claims":{},"Profile":"default"} Outcome=Success
TID: [-1234] [2026-10-01 17:11:46,499]  INFO {AUDIT_LOG} - Initiator=w**************r Action=Get-User-Claim-Values Target=a***n Data={"Claims":{},"Profile":"default"} Outcome=Success
TID: [-1234] [2026-10-01 17:11:46,500]  INFO {AUDIT_LOG} - Initiator=w**************r Action=Get-User-Claim-Values Target=a***n Data={"Claims":{},"Profile":"default"} Outcome=Success
TID: [-1234] [2026-10-01 17:11:46,500]  INFO {AUDIT_LOG} - Initiator=w**************r Action=Get-User-Claim-Values Target=a***n Data={"Claims":{},"Profile":"default"} Outcome=Success
TID: [-1234] [2026-10-01 17:12:16,499]  INFO {AUDIT_LOG} - Initiator=w**************r Action=Get-User-Claim-Values Target=a***n Data={"Claims":{},"Profile":"default"} Outcome=Success
TID: [-1234] [2026-10-01 17:12:16,499]  INFO {AUDIT_LOG} - Initiator=w**************r Action=Get-User-Claim-Values Target=a***n Data={"Claims":{},"Profile":"default"} Outcome=Success
TID: [-1234] [2026-10-01 17:12:16,499]  INFO {AUDIT_LOG} - Initiator=w**************r Action=Get-User-Claim-Values Target=a***n Data={"Claims":{},"Profile":"default"} Outcome=Success
TID: [-1234] [2026-10-01 17:12:46,498]  INFO {AUDIT_LOG} - Initiator=w**************r Action=Get-User-Claim-Values Target=a***n Data={"Claims":{},"Profile":"default"} Outcome=Success
TID: [-1234] [2026-10-01 17:12:46,499]  INFO {AUDIT_LOG} - Initiator=w**************r Action=Get-User-Claim-Values Target=a***n Data={"Claims":{},"Profile":"default"} Outcome=Success
TID: [-1234] [2026-10-01 17:12:46,499]  INFO {AUDIT_LOG} - Initiator=w**************r Action=Get-User-Claim-Values Target=a***n Data={"Claims":{},"Profile":"default"} Outcome=Success
TID: [-1234] [2026-10-01 17:13:16,499]  INFO {AUDIT_LOG} - Initiator=w**************r Action=Get-User-Claim-Values Target=a***n Data={"Claims":{},"Profile":"default"} Outcome=Success
TID: [-1234] [2026-10-01 17:13:16,500]  INFO {AUDIT_LOG} - Initiator=w**************r Action=Get-User-Claim-Values Target=a***n Data={"Claims":{},"Profile":"default"} Outcome=Success
TID: [-1234] [2026-10-01 17:13:16,500]  INFO {AUDIT_LOG} - Initiator=w**************r Action=Get-User-Claim-Values Target=a***n Data={"Claims":{},"Profile":"default"} Outcome=Success
TID: [-1234] [2026-10-01 17:13:46,499]  INFO {AUDIT_LOG} - Initiator=w**************r Action=Get-User-Claim-Values Target=a***n Data={"Claims":{},"Profile":"default"} Outcome=Success
TID: [-1234] [2026-10-01 17:13:46,499]  INFO {AUDIT_LOG} - Initiator=w**************r Action=Get-User-Claim-Values Target=a***n Data={"Claims":{},"Profile":"default"} Outcome=Success
TID: [-1234] [2026-10-01 17:13:46,499]  INFO {AUDIT_LOG} - Initiator=w**************r Action=Get-User-Claim-Values Target=a***n Data={"Claims":{},"Profile":"default"} Outcome=Success
TID: [-1234] [2026-10-01 17:14:16,502]  INFO {AUDIT_LOG} - Initiator=w**************r Action=Get-User-Claim-Values Target=a***n Data={"Claims":{},"Profile":"default"} Outcome=Success
TID: [-1234] [2026-10-01 17:14:16,503]  INFO {AUDIT_LOG} - Initiator=w**************r Action=Get-User-Claim-Values Target=a***n Data={"Claims":{},"Profile":"default"} Outcome=Success
TID: [-1234] [2026-10-01 17:14:16,503]  INFO {AUDIT_LOG} - Initiator=w**************r Action=Get-User-Claim-Values Target=a***n Data={"Claims":{},"Profile":"default"} Outcome=Success
TID: [-1234] [2026-10-01 17:14:46,498]  INFO {AUDIT_LOG} - Initiator=w**************r Action=Get-User-Claim-Values Target=a***n Data={"Claims":{},"Profile":"default"} Outcome=Success
TID: [-1234] [2026-10-01 17:14:46,499]  INFO {AUDIT_LOG} - Initiator=w**************r Action=Get-User-Claim-Values Target=a***n Data={"Claims":{},"Profile":"default"} Outcome=Success
TID: [-1234] [2026-10-01 17:14:46,499]  INFO {AUDIT_LOG} - Initiator=w**************r Action=Get-User-Claim-Values Target=a***n Data={"Claims":{},"Profile":"default"} Outcome=Success
TID: [-1234] [2026-10-01 17:15:16,499]  INFO {AUDIT_LOG} - Initiator=w**************r Action=Get-User-Claim-Values Target=a***n Data={"Claims":{},"Profile":"default"} Outcome=Success
TID: [-1234] [2026-10-01 17:15:16,500]  INFO {AUDIT_LOG} - Initiator=w**************r Action=Get-User-Claim-Values Target=a***n Data={"Claims":{},"Profile":"default"} Outcome=Success
TID: [-1234] [2026-10-01 17:15:16,500]  INFO {AUDIT_LOG} - Initiator=w**************r Action=Get-User-Claim-Values Target=a***n Data={"Claims":{},"Profile":"default"} Outcome=Success
TID: [-1234] [2026-10-01 17:15:46,498]  INFO {AUDIT_LOG} - Initiator=w**************r Action=Get-User-Claim-Values Target=a***n Data={"Claims":{},"Profile":"default"} Outcome=Success
TID: [-1234] [2026-10-01 17:15:46,498]  INFO {AUDIT_LOG} - Initiator=w**************r Action=Get-User-Claim-Values Target=a***n Data={"Claims":{},"Profile":"default"} Outcome=Success
TID: [-1234] [2026-10-01 17:15:46,498]  INFO {AUDIT_LOG} - Initiator=w**************r Action=Get-User-Claim-Values Target=a***n Data={"Claims":{},"Profile":"default"} Outcome=Success
TID: [-1234] [2026-10-01 17:16:16,498]  INFO {AUDIT_LOG} - Initiator=w**************r Action=Get-User-Claim-Values Target=a***n Data={"Claims":{},"Profile":"default"} Outcome=Success
TID: [-1234] [2026-10-01 17:16:16,499]  INFO {AUDIT_LOG} - Initiator=w**************r Action=Get-User-Claim-Values Target=a***n Data={"Claims":{},"Profile":"default"} Outcome=Success
TID: [-1234] [2026-10-01 17:16:16,499]  INFO {AUDIT_LOG} - Initiator=w**************r Action=Get-User-Claim-Values Target=a***n Data={"Claims":{},"Profile":"default"} Outcome=Success
TID: [-1234] [2026-10-01 17:16:46,498]  INFO {AUDIT_LOG} - Initiator=w**************r Action=Get-User-Claim-Values Target=a***n Data={"Claims":{},"Profile":"default"} Outcome=Success
TID: [-1234] [2026-10-01 17:16:46,498]  INFO {AUDIT_LOG} - Initiator=w**************r Action=Get-User-Claim-Values Target=a***n Data={"Claims":{},"Profile":"default"} Outcome=Success
TID: [-1234] [2026-10-01 17:16:46,499]  INFO {AUDIT_LOG} - Initiator=w**************r Action=Get-User-Claim-Values Target=a***n Data={"Claims":{},"Profile":"default"} Outcome=Success
TID: [-1234] [2026-10-01 17:17:16,498]  INFO {AUDIT_LOG} - Initiator=w**************r Action=Get-User-Claim-Values Target=a***n Data={"Claims":{},"Profile":"default"} Outcome=Success
TID: [-1234] [2026-10-01 17:17:16,498]  INFO {AUDIT_LOG} - Initiator=w**************r Action=Get-User-Claim-Values Target=a***n Data={"Claims":{},"Profile":"default"} Outcome=Success
TID: [-1234] [2026-10-01 17:17:16,498]  INFO {AUDIT_LOG} - Initiator=w**************r Action=Get-User-Claim-Values Target=a***n Data={"Claims":{},"Profile":"default"} Outcome=Success
TID: [-1234] [2026-10-01 17:17:46,498]  INFO {AUDIT_LOG} - Initiator=w**************r Action=Get-User-Claim-Values Target=a***n Data={"Claims":{},"Profile":"default"} Outcome=Success
TID: [-1234] [2026-10-01 17:17:46,498]  INFO {AUDIT_LOG} - Initiator=w**************r Action=Get-User-Claim-Values Target=a***n Data={"Claims":{},"Profile":"default"} Outcome=Success
TID: [-1234] [2026-10-01 17:17:46,498]  INFO {AUDIT_LOG} - Initiator=w**************r Action=Get-User-Claim-Values Target=a***n Data={"Claims":{},"Profile":"default"} Outcome=Success
TID: [-1234] [2026-10-01 17:18:16,497]  INFO {AUDIT_LOG} - Initiator=w**************r Action=Get-User-Claim-Values Target=a***n Data={"Claims":{},"Profile":"default"} Outcome=Success
TID: [-1234] [2026-10-01 17:18:16,497]  INFO {AUDIT_LOG} - Initiator=w**************r Action=Get-User-Claim-Values Target=a***n Data={"Claims":{},"Profile":"default"} Outcome=Success
TID: [-1234] [2026-10-01 17:18:16,498]  INFO {AUDIT_LOG} - Initiator=w**************r Action=Get-User-Claim-Values Target=a***n Data={"Claims":{},"Profile":"default"} Outcome=Success
TID: [-1234] [2026-10-01 17:18:46,498]  INFO {AUDIT_LOG} - Initiator=w**************r Action=Get-User-Claim-Values Target=a***n Data={"Claims":{},"Profile":"default"} Outcome=Success
TID: [-1234] [2026-10-01 17:18:46,498]  INFO {AUDIT_LOG} - Initiator=w**************r Action=Get-User-Claim-Values Target=a***n Data={"Claims":{},"Profile":"default"} Outcome=Success
TID: [-1234] [2026-10-01 17:18:46,498]  INFO {AUDIT_LOG} - Initiator=w**************r Action=Get-User-Claim-Values Target=a***n Data={"Claims":{},"Profile":"default"} Outcome=Success
TID: [-1234] [2026-10-01 17:19:16,500]  INFO {AUDIT_LOG} - Initiator=w**************r Action=Get-User-Claim-Values Target=a***n Data={"Claims":{},"Profile":"default"} Outcome=Success
TID: [-1234] [2026-10-01 17:19:16,501]  INFO {AUDIT_LOG} - Initiator=w**************r Action=Get-User-Claim-Values Target=a***n Data={"Claims":{},"Profile":"default"} Outcome=Success
TID: [-1234] [2026-10-01 17:19:16,501]  INFO {AUDIT_LOG} - Initiator=w**************r Action=Get-User-Claim-Values Target=a***n Data={"Claims":{},"Profile":"default"} Outcome=Success
TID: [-1234] [2026-10-01 17:19:46,497]  INFO {AUDIT_LOG} - Initiator=w**************r Action=Get-User-Claim-Values Target=a***n Data={"Claims":{},"Profile":"default"} Outcome=Success
TID: [-1234] [2026-10-01 17:19:46,498]  INFO {AUDIT_LOG} - Initiator=w**************r Action=Get-User-Claim-Values Target=a***n Data={"Claims":{},"Profile":"default"} Outcome=Success
TID: [-1234] [2026-10-01 17:19:46,498]  INFO {AUDIT_LOG} - Initiator=w**************r Action=Get-User-Claim-Values Target=a***n Data={"Claims":{},"Profile":"default"} Outcome=Success
TID: [-1234] [2026-10-01 17:20:16,498]  INFO {AUDIT_LOG} - Initiator=w**************r Action=Get-User-Claim-Values Target=a***n Data={"Claims":{},"Profile":"default"} Outcome=Success
TID: [-1234] [2026-10-01 17:20:16,498]  INFO {AUDIT_LOG} - Initiator=w**************r Action=Get-User-Claim-Values Target=a***n Data={"Claims":{},"Profile":"default"} Outcome=Success
TID: [-1234] [2026-10-01 17:20:16,498]  INFO {AUDIT_LOG} - Initiator=w**************r Action=Get-User-Claim-Values Target=a***n Data={"Claims":{},"Profile":"default"} Outcome=Success
TID: [-1234] [2026-10-01 17:20:46,498]  INFO {AUDIT_LOG} - Initiator=w**************r Action=Get-User-Claim-Values Target=a***n Data={"Claims":{},"Profile":"default"} Outcome=Success
TID: [-1234] [2026-10-01 17:20:46,498]  INFO {AUDIT_LOG} - Initiator=w**************r Action=Get-User-Claim-Values Target=a***n Data={"Claims":{},"Profile":"default"} Outcome=Success
TID: [-1234] [2026-10-01 17:20:46,498]  INFO {AUDIT_LOG} - Initiator=w**************r Action=Get-User-Claim-Values Target=a***n Data={"Claims":{},"Profile":"default"} Outcome=Success
TID: [-1234] [2026-10-01 17:21:16,500]  INFO {AUDIT_LOG} - Initiator=w**************r Action=Get-User-Claim-Values Target=a***n Data={"Claims":{},"Profile":"default"} Outcome=Success
TID: [-1234] [2026-10-01 17:21:16,501]  INFO {AUDIT_LOG} - Initiator=w**************r Action=Get-User-Claim-Values Target=a***n Data={"Claims":{},"Profile":"default"} Outcome=Success
TID: [-1234] [2026-10-01 17:21:16,501]  INFO {AUDIT_LOG} - Initiator=w**************r Action=Get-User-Claim-Values Target=a***n Data={"Claims":{},"Profile":"default"} Outcome=Success
TID: [-1234] [2026-10-01 17:21:46,498]  INFO {AUDIT_LOG} - Initiator=w**************r Action=Get-User-Claim-Values Target=a***n Data={"Claims":{},"Profile":"default"} Outcome=Success
TID: [-1234] [2026-10-01 17:21:46,498]  INFO {AUDIT_LOG} - Initiator=w**************r Action=Get-User-Claim-Values Target=a***n Data={"Claims":{},"Profile":"default"} Outcome=Success
TID: [-1234] [2026-10-01 17:21:46,498]  INFO {AUDIT_LOG} - Initiator=w**************r Action=Get-User-Claim-Values Target=a***n Data={"Claims":{},"Profile":"default"} Outcome=Success
TID: [-1234] [2026-10-01 17:22:16,500]  INFO {AUDIT_LOG} - Initiator=w**************r Action=Get-User-Claim-Values Target=a***n Data={"Claims":{},"Profile":"default"} Outcome=Success
TID: [-1234] [2026-10-01 17:22:16,501]  INFO {AUDIT_LOG} - Initiator=w**************r Action=Get-User-Claim-Values Target=a***n Data={"Claims":{},"Profile":"default"} Outcome=Success
TID: [-1234] [2026-10-01 17:22:16,501]  INFO {AUDIT_LOG} - Initiator=w**************r Action=Get-User-Claim-Values Target=a***n Data={"Claims":{},"Profile":"default"} Outcome=Success
TID: [-1234] [2026-10-01 17:22:46,497]  INFO {AUDIT_LOG} - Initiator=w**************r Action=Get-User-Claim-Values Target=a***n Data={"Claims":{},"Profile":"default"} Outcome=Success
TID: [-1234] [2026-10-01 17:22:46,498]  INFO {AUDIT_LOG} - Initiator=w**************r Action=Get-User-Claim-Values Target=a***n Data={"Claims":{},"Profile":"default"} Outcome=Success
TID: [-1234] [2026-10-01 17:22:46,498]  INFO {AUDIT_LOG} - Initiator=w**************r Action=Get-User-Claim-Values Target=a***n Data={"Claims":{},"Profile":"default"} Outcome=Success
TID: [-1234] [2026-10-01 17:23:16,500]  INFO {AUDIT_LOG} - Initiator=w**************r Action=Get-User-Claim-Values Target=a***n Data={"Claims":{},"Profile":"default"} Outcome=Success
TID: [-1234] [2026-10-01 17:23:16,501]  INFO {AUDIT_LOG} - Initiator=w**************r Action=Get-User-Claim-Values Target=a***n Data={"Claims":{},"Profile":"default"} Outcome=Success
TID: [-1234] [2026-10-01 17:23:16,501]  INFO {AUDIT_LOG} - Initiator=w**************r Action=Get-User-Claim-Values Target=a***n Data={"Claims":{},"Profile":"default"} Outcome=Success
TID: [-1234] [2026-10-01 17:23:46,498]  INFO {AUDIT_LOG} - Initiator=w**************r Action=Get-User-Claim-Values Target=a***n Data={"Claims":{},"Profile":"default"} Outcome=Success
TID: [-1234] [2026-10-01 17:23:46,498]  INFO {AUDIT_LOG} - Initiator=w**************r Action=Get-User-Claim-Values Target=a***n Data={"Claims":{},"Profile":"default"} Outcome=Success
TID: [-1234] [2026-10-01 17:23:46,498]  INFO {AUDIT_LOG} - Initiator=w**************r Action=Get-User-Claim-Values Target=a***n Data={"Claims":{},"Profile":"default"} Outcome=Success
TID: [-1234] [2026-10-01 17:24:16,501]  INFO {AUDIT_LOG} - Initiator=w**************r Action=Get-User-Claim-Values Target=a***n Data={"Claims":{},"Profile":"default"} Outcome=Success
TID: [-1234] [2026-10-01 17:24:16,502]  INFO {AUDIT_LOG} - Initiator=w**************r Action=Get-User-Claim-Values Target=a***n Data={"Claims":{},"Profile":"default"} Outcome=Success
TID: [-1234] [2026-10-01 17:24:16,502]  INFO {AUDIT_LOG} - Initiator=w**************r Action=Get-User-Claim-Values Target=a***n Data={"Claims":{},"Profile":"default"} Outcome=Success
TID: [-1234] [2026-10-01 17:24:46,498]  INFO {AUDIT_LOG} - Initiator=w**************r Action=Get-User-Claim-Values Target=a***n Data={"Claims":{},"Profile":"default"} Outcome=Success
TID: [-1234] [2026-10-01 17:24:46,499]  INFO {AUDIT_LOG} - Initiator=w**************r Action=Get-User-Claim-Values Target=a***n Data={"Claims":{},"Profile":"default"} Outcome=Success
TID: [-1234] [2026-10-01 17:24:46,499]  INFO {AUDIT_LOG} - Initiator=w**************r Action=Get-User-Claim-Values Target=a***n Data={"Claims":{},"Profile":"default"} Outcome=Success
TID: [-1234] [2026-10-01 17:25:16,498]  INFO {AUDIT_LOG} - Initiator=w**************r Action=Get-User-Claim-Values Target=a***n Data={"Claims":{},"Profile":"default"} Outcome=Success
TID: [-1234] [2026-10-01 17:25:16,498]  INFO {AUDIT_LOG} - Initiator=w**************r Action=Get-User-Claim-Values Target=a***n Data={"Claims":{},"Profile":"default"} Outcome=Success
TID: [-1234] [2026-10-01 17:25:16,498]  INFO {AUDIT_LOG} - Initiator=w**************r Action=Get-User-Claim-Values Target=a***n Data={"Claims":{},"Profile":"default"} Outcome=Success
TID: [-1234] [2026-10-01 17:25:46,499]  INFO {AUDIT_LOG} - Initiator=w**************r Action=Get-User-Claim-Values Target=a***n Data={"Claims":{},"Profile":"default"} Outcome=Success
TID: [-1234] [2026-10-01 17:25:46,499]  INFO {AUDIT_LOG} - Initiator=w**************r Action=Get-User-Claim-Values Target=a***n Data={"Claims":{},"Profile":"default"} Outcome=Success
TID: [-1234] [2026-10-01 17:25:46,499]  INFO {AUDIT_LOG} - Initiator=w**************r Action=Get-User-Claim-Values Target=a***n Data={"Claims":{},"Profile":"default"} Outcome=Success
TID: [-1234] [2026-10-01 17:26:16,498]  INFO {AUDIT_LOG} - Initiator=w**************r Action=Get-User-Claim-Values Target=a***n Data={"Claims":{},"Profile":"default"} Outcome=Success
TID: [-1234] [2026-10-01 17:26:16,498]  INFO {AUDIT_LOG} - Initiator=w**************r Action=Get-User-Claim-Values Target=a***n Data={"Claims":{},"Profile":"default"} Outcome=Success
TID: [-1234] [2026-10-01 17:26:16,498]  INFO {AUDIT_LOG} - Initiator=w**************r Action=Get-User-Claim-Values Target=a***n Data={"Claims":{},"Profile":"default"} Outcome=Success
TID: [-1234] [2026-10-01 17:26:46,498]  INFO {AUDIT_LOG} - Initiator=w**************r Action=Get-User-Claim-Values Target=a***n Data={"Claims":{},"Profile":"default"} Outcome=Success
TID: [-1234] [2026-10-01 17:26:46,498]  INFO {AUDIT_LOG} - Initiator=w**************r Action=Get-User-Claim-Values Target=a***n Data={"Claims":{},"Profile":"default"} Outcome=Success
TID: [-1234] [2026-10-01 17:26:46,498]  INFO {AUDIT_LOG} - Initiator=w**************r Action=Get-User-Claim-Values Target=a***n Data={"Claims":{},"Profile":"default"} Outcome=Success
TID: [-1234] [2026-10-01 17:27:16,497]  INFO {AUDIT_LOG} - Initiator=w**************r Action=Get-User-Claim-Values Target=a***n Data={"Claims":{},"Profile":"default"} Outcome=Success
TID: [-1234] [2026-10-01 17:27:16,497]  INFO {AUDIT_LOG} - Initiator=w**************r Action=Get-User-Claim-Values Target=a***n Data={"Claims":{},"Profile":"default"} Outcome=Success
TID: [-1234] [2026-10-01 17:27:16,497]  INFO {AUDIT_LOG} - Initiator=w**************r Action=Get-User-Claim-Values Target=a***n Data={"Claims":{},"Profile":"default"} Outcome=Success
TID: [-1234] [2026-10-01 17:27:46,496]  INFO {AUDIT_LOG} - Initiator=w**************r Action=Get-User-Claim-Values Target=a***n Data={"Claims":{},"Profile":"default"} Outcome=Success
TID: [-1234] [2026-10-01 17:27:46,497]  INFO {AUDIT_LOG} - Initiator=w**************r Action=Get-User-Claim-Values Target=a***n Data={"Claims":{},"Profile":"default"} Outcome=Success
TID: [-1234] [2026-10-01 17:27:46,497]  INFO {AUDIT_LOG} - Initiator=w**************r Action=Get-User-Claim-Values Target=a***n Data={"Claims":{},"Profile":"default"} Outcome=Success
TID: [-1234] [2026-10-01 17:28:16,499]  INFO {AUDIT_LOG} - Initiator=w**************r Action=Get-User-Claim-Values Target=a***n Data={"Claims":{},"Profile":"default"} Outcome=Success
TID: [-1234] [2026-10-01 17:28:16,499]  INFO {AUDIT_LOG} - Initiator=w**************r Action=Get-User-Claim-Values Target=a***n Data={"Claims":{},"Profile":"default"} Outcome=Success
TID: [-1234] [2026-10-01 17:28:16,499]  INFO {AUDIT_LOG} - Initiator=w**************r Action=Get-User-Claim-Values Target=a***n Data={"Claims":{},"Profile":"default"} Outcome=Success
TID: [-1234] [2026-10-01 17:28:46,497]  INFO {AUDIT_LOG} - Initiator=w**************r Action=Get-User-Claim-Values Target=a***n Data={"Claims":{},"Profile":"default"} Outcome=Success
TID: [-1234] [2026-10-01 17:28:46,497]  INFO {AUDIT_LOG} - Initiator=w**************r Action=Get-User-Claim-Values Target=a***n Data={"Claims":{},"Profile":"default"} Outcome=Success
TID: [-1234] [2026-10-01 17:28:46,497]  INFO {AUDIT_LOG} - Initiator=w**************r Action=Get-User-Claim-Values Target=a***n Data={"Claims":{},"Profile":"default"} Outcome=Success
TID: [-1234] [2026-10-01 17:29:16,497]  INFO {AUDIT_LOG} - Initiator=w**************r Action=Get-User-Claim-Values Target=a***n Data={"Claims":{},"Profile":"default"} Outcome=Success
TID: [-1234] [2026-10-01 17:29:16,497]  INFO {AUDIT_LOG} - Initiator=w**************r Action=Get-User-Claim-Values Target=a***n Data={"Claims":{},"Profile":"default"} Outcome=Success
TID: [-1234] [2026-10-01 17:29:16,498]  INFO {AUDIT_LOG} - Initiator=w**************r Action=Get-User-Claim-Values Target=a***n Data={"Claims":{},"Profile":"default"} Outcome=Success
TID: [-1234] [2026-10-01 17:29:46,501]  INFO {AUDIT_LOG} - Initiator=w**************r Action=Get-User-Claim-Values Target=a***n Data={"Claims":{},"Profile":"default"} Outcome=Success
TID: [-1234] [2026-10-01 17:29:46,501]  INFO {AUDIT_LOG} - Initiator=w**************r Action=Get-User-Claim-Values Target=a***n Data={"Claims":{},"Profile":"default"} Outcome=Success
TID: [-1234] [2026-10-01 17:29:46,501]  INFO {AUDIT_LOG} - Initiator=w**************r Action=Get-User-Claim-Values Target=a***n Data={"Claims":{},"Profile":"default"} Outcome=Success
TID: [-1234] [2026-10-01 17:30:16,497]  INFO {AUDIT_LOG} - Initiator=w**************r Action=Get-User-Claim-Values Target=a***n Data={"Claims":{},"Profile":"default"} Outcome=Success
TID: [-1234] [2026-10-01 17:30:16,498]  INFO {AUDIT_LOG} - Initiator=w**************r Action=Get-User-Claim-Values Target=a***n Data={"Claims":{},"Profile":"default"} Outcome=Success
TID: [-1234] [2026-10-01 17:30:16,498]  INFO {AUDIT_LOG} - Initiator=w**************r Action=Get-User-Claim-Values Target=a***n Data={"Claims":{},"Profile":"default"} Outcome=Success
TID: [-1234] [2026-10-01 17:30:46,498]  INFO {AUDIT_LOG} - Initiator=w**************r Action=Get-User-Claim-Values Target=a***n Data={"Claims":{},"Profile":"default"} Outcome=Success
TID: [-1234] [2026-10-01 17:30:46,498]  INFO {AUDIT_LOG} - Initiator=w**************r Action=Get-User-Claim-Values Target=a***n Data={"Claims":{},"Profile":"default"} Outcome=Success
TID: [-1234] [2026-10-01 17:30:46,498]  INFO {AUDIT_LOG} - Initiator=w**************r Action=Get-User-Claim-Values Target=a***n Data={"Claims":{},"Profile":"default"} Outcome=Success
TID: [-1234] [2026-10-01 17:31:16,497]  INFO {AUDIT_LOG} - Initiator=w**************r Action=Get-User-Claim-Values Target=a***n Data={"Claims":{},"Profile":"default"} Outcome=Success
TID: [-1234] [2026-10-01 17:31:16,498]  INFO {AUDIT_LOG} - Initiator=w**************r Action=Get-User-Claim-Values Target=a***n Data={"Claims":{},"Profile":"default"} Outcome=Success
TID: [-1234] [2026-10-01 17:31:16,498]  INFO {AUDIT_LOG} - Initiator=w**************r Action=Get-User-Claim-Values Target=a***n Data={"Claims":{},"Profile":"default"} Outcome=Success
TID: [-1234] [2026-10-01 17:31:46,498]  INFO {AUDIT_LOG} - Initiator=w**************r Action=Get-User-Claim-Values Target=a***n Data={"Claims":{},"Profile":"default"} Outcome=Success
TID: [-1234] [2026-10-01 17:31:46,498]  INFO {AUDIT_LOG} - Initiator=w**************r Action=Get-User-Claim-Values Target=a***n Data={"Claims":{},"Profile":"default"} Outcome=Success
TID: [-1234] [2026-10-01 17:31:46,498]  INFO {AUDIT_LOG} - Initiator=w**************r Action=Get-User-Claim-Values Target=a***n Data={"Claims":{},"Profile":"default"} Outcome=Success
TID: [-1234] [2026-10-01 17:32:16,497]  INFO {AUDIT_LOG} - Initiator=w**************r Action=Get-User-Claim-Values Target=a***n Data={"Claims":{},"Profile":"default"} Outcome=Success
TID: [-1234] [2026-10-01 17:32:16,497]  INFO {AUDIT_LOG} - Initiator=w**************r Action=Get-User-Claim-Values Target=a***n Data={"Claims":{},"Profile":"default"} Outcome=Success
TID: [-1234] [2026-10-01 17:32:16,497]  INFO {AUDIT_LOG} - Initiator=w**************r Action=Get-User-Claim-Values Target=a***n Data={"Claims":{},"Profile":"default"} Outcome=Success
TID: [-1234] [2026-10-01 17:32:46,497]  INFO {AUDIT_LOG} - Initiator=w**************r Action=Get-User-Claim-Values Target=a***n Data={"Claims":{},"Profile":"default"} Outcome=Success
TID: [-1234] [2026-10-01 17:32:46,498]  INFO {AUDIT_LOG} - Initiator=w**************r Action=Get-User-Claim-Values Target=a***n Data={"Claims":{},"Profile":"default"} Outcome=Success
TID: [-1234] [2026-10-01 17:32:46,498]  INFO {AUDIT_LOG} - Initiator=w**************r Action=Get-User-Claim-Values Target=a***n Data={"Claims":{},"Profile":"default"} Outcome=Success
TID: [-1234] [2026-10-01 17:33:16,502]  INFO {AUDIT_LOG} - Initiator=w**************r Action=Get-User-Claim-Values Target=a***n Data={"Claims":{},"Profile":"default"} Outcome=Success
TID: [-1234] [2026-10-01 17:33:16,502]  INFO {AUDIT_LOG} - Initiator=w**************r Action=Get-User-Claim-Values Target=a***n Data={"Claims":{},"Profile":"default"} Outcome=Success
TID: [-1234] [2026-10-01 17:33:16,503]  INFO {AUDIT_LOG} - Initiator=w**************r Action=Get-User-Claim-Values Target=a***n Data={"Claims":{},"Profile":"default"} Outcome=Success
TID: [-1234] [2026-10-01 17:33:46,498]  INFO {AUDIT_LOG} - Initiator=w**************r Action=Get-User-Claim-Values Target=a***n Data={"Claims":{},"Profile":"default"} Outcome=Success
TID: [-1234] [2026-10-01 17:33:46,498]  INFO {AUDIT_LOG} - Initiator=w**************r Action=Get-User-Claim-Values Target=a***n Data={"Claims":{},"Profile":"default"} Outcome=Success
TID: [-1234] [2026-10-01 17:33:46,498]  INFO {AUDIT_LOG} - Initiator=w**************r Action=Get-User-Claim-Values Target=a***n Data={"Claims":{},"Profile":"default"} Outcome=Success
TID: [-1234] [2026-10-01 17:34:16,497]  INFO {AUDIT_LOG} - Initiator=w**************r Action=Get-User-Claim-Values Target=a***n Data={"Claims":{},"Profile":"default"} Outcome=Success
TID: [-1234] [2026-10-01 17:34:16,498]  INFO {AUDIT_LOG} - Initiator=w**************r Action=Get-User-Claim-Values Target=a***n Data={"Claims":{},"Profile":"default"} Outcome=Success
TID: [-1234] [2026-10-01 17:34:16,498]  INFO {AUDIT_LOG} - Initiator=w**************r Action=Get-User-Claim-Values Target=a***n Data={"Claims":{},"Profile":"default"} Outcome=Success
TID: [-1234] [2026-10-01 17:34:46,498]  INFO {AUDIT_LOG} - Initiator=w**************r Action=Get-User-Claim-Values Target=a***n Data={"Claims":{},"Profile":"default"} Outcome=Success
TID: [-1234] [2026-10-01 17:34:46,498]  INFO {AUDIT_LOG} - Initiator=w**************r Action=Get-User-Claim-Values Target=a***n Data={"Claims":{},"Profile":"default"} Outcome=Success
TID: [-1234] [2026-10-01 17:34:46,498]  INFO {AUDIT_LOG} - Initiator=w**************r Action=Get-User-Claim-Values Target=a***n Data={"Claims":{},"Profile":"default"} Outcome=Success
TID: [-1234] [2026-10-01 17:35:16,498]  INFO {AUDIT_LOG} - Initiator=w**************r Action=Get-User-Claim-Values Target=a***n Data={"Claims":{},"Profile":"default"} Outcome=Success
TID: [-1234] [2026-10-01 17:35:16,499]  INFO {AUDIT_LOG} - Initiator=w**************r Action=Get-User-Claim-Values Target=a***n Data={"Claims":{},"Profile":"default"} Outcome=Success
TID: [-1234] [2026-10-01 17:35:16,499]  INFO {AUDIT_LOG} - Initiator=w**************r Action=Get-User-Claim-Values Target=a***n Data={"Claims":{},"Profile":"default"} Outcome=Success
TID: [-1234] [2026-10-01 17:35:46,498]  INFO {AUDIT_LOG} - Initiator=w**************r Action=Get-User-Claim-Values Target=a***n Data={"Claims":{},"Profile":"default"} Outcome=Success
TID: [-1234] [2026-10-01 17:35:46,498]  INFO {AUDIT_LOG} - Initiator=w**************r Action=Get-User-Claim-Values Target=a***n Data={"Claims":{},"Profile":"default"} Outcome=Success
TID: [-1234] [2026-10-01 17:35:46,498]  INFO {AUDIT_LOG} - Initiator=w**************r Action=Get-User-Claim-Values Target=a***n Data={"Claims":{},"Profile":"default"} Outcome=Success
TID: [-1234] [2026-10-01 17:36:16,497]  INFO {AUDIT_LOG} - Initiator=w**************r Action=Get-User-Claim-Values Target=a***n Data={"Claims":{},"Profile":"default"} Outcome=Success
TID: [-1234] [2026-10-01 17:36:16,498]  INFO {AUDIT_LOG} - Initiator=w**************r Action=Get-User-Claim-Values Target=a***n Data={"Claims":{},"Profile":"default"} Outcome=Success
TID: [-1234] [2026-10-01 17:36:16,498]  INFO {AUDIT_LOG} - Initiator=w**************r Action=Get-User-Claim-Values Target=a***n Data={"Claims":{},"Profile":"default"} Outcome=Success
TID: [-1234] [2026-10-01 17:36:46,498]  INFO {AUDIT_LOG} - Initiator=w**************r Action=Get-User-Claim-Values Target=a***n Data={"Claims":{},"Profile":"default"} Outcome=Success
TID: [-1234] [2026-10-01 17:36:46,498]  INFO {AUDIT_LOG} - Initiator=w**************r Action=Get-User-Claim-Values Target=a***n Data={"Claims":{},"Profile":"default"} Outcome=Success
TID: [-1234] [2026-10-01 17:36:46,498]  INFO {AUDIT_LOG} - Initiator=w**************r Action=Get-User-Claim-Values Target=a***n Data={"Claims":{},"Profile":"default"} Outcome=Success
TID: [-1234] [2026-10-01 17:37:16,497]  INFO {AUDIT_LOG} - Initiator=w**************r Action=Get-User-Claim-Values Target=a***n Data={"Claims":{},"Profile":"default"} Outcome=Success
TID: [-1234] [2026-10-01 17:37:16,498]  INFO {AUDIT_LOG} - Initiator=w**************r Action=Get-User-Claim-Values Target=a***n Data={"Claims":{},"Profile":"default"} Outcome=Success
TID: [-1234] [2026-10-01 17:37:16,498]  INFO {AUDIT_LOG} - Initiator=w**************r Action=Get-User-Claim-Values Target=a***n Data={"Claims":{},"Profile":"default"} Outcome=Success
TID: [-1234] [2026-10-01 17:37:46,497]  INFO {AUDIT_LOG} - Initiator=w**************r Action=Get-User-Claim-Values Target=a***n Data={"Claims":{},"Profile":"default"} Outcome=Success
TID: [-1234] [2026-10-01 17:37:46,497]  INFO {AUDIT_LOG} - Initiator=w**************r Action=Get-User-Claim-Values Target=a***n Data={"Claims":{},"Profile":"default"} Outcome=Success
TID: [-1234] [2026-10-01 17:37:46,497]  INFO {AUDIT_LOG} - Initiator=w**************r Action=Get-User-Claim-Values Target=a***n Data={"Claims":{},"Profile":"default"} Outcome=Success
TID: [-1234] [2026-10-01 17:38:16,497]  INFO {AUDIT_LOG} - Initiator=w**************r Action=Get-User-Claim-Values Target=a***n Data={"Claims":{},"Profile":"default"} Outcome=Success
TID: [-1234] [2026-10-01 17:38:16,498]  INFO {AUDIT_LOG} - Initiator=w**************r Action=Get-User-Claim-Values Target=a***n Data={"Claims":{},"Profile":"default"} Outcome=Success
TID: [-1234] [2026-10-01 17:38:16,498]  INFO {AUDIT_LOG} - Initiator=w**************r Action=Get-User-Claim-Values Target=a***n Data={"Claims":{},"Profile":"default"} Outcome=Success
TID: [-1234] [2026-10-01 17:38:46,497]  INFO {AUDIT_LOG} - Initiator=w**************r Action=Get-User-Claim-Values Target=a***n Data={"Claims":{},"Profile":"default"} Outcome=Success
TID: [-1234] [2026-10-01 17:38:46,498]  INFO {AUDIT_LOG} - Initiator=w**************r Action=Get-User-Claim-Values Target=a***n Data={"Claims":{},"Profile":"default"} Outcome=Success
TID: [-1234] [2026-10-01 17:38:46,498]  INFO {AUDIT_LOG} - Initiator=w**************r Action=Get-User-Claim-Values Target=a***n Data={"Claims":{},"Profile":"default"} Outcome=Success
TID: [-1234] [2026-10-01 17:39:16,498]  INFO {AUDIT_LOG} - Initiator=w**************r Action=Get-User-Claim-Values Target=a***n Data={"Claims":{},"Profile":"default"} Outcome=Success
TID: [-1234] [2026-10-01 17:39:16,498]  INFO {AUDIT_LOG} - Initiator=w**************r Action=Get-User-Claim-Values Target=a***n Data={"Claims":{},"Profile":"default"} Outcome=Success
TID: [-1234] [2026-10-01 17:39:16,498]  INFO {AUDIT_LOG} - Initiator=w**************r Action=Get-User-Claim-Values Target=a***n Data={"Claims":{},"Profile":"default"} Outcome=Success
TID: [-1234] [2026-10-01 17:39:46,498]  INFO {AUDIT_LOG} - Initiator=w**************r Action=Get-User-Claim-Values Target=a***n Data={"Claims":{},"Profile":"default"} Outcome=Success
TID: [-1234] [2026-10-01 17:39:46,498]  INFO {AUDIT_LOG} - Initiator=w**************r Action=Get-User-Claim-Values Target=a***n Data={"Claims":{},"Profile":"default"} Outcome=Success
TID: [-1234] [2026-10-01 17:39:46,498]  INFO {AUDIT_LOG} - Initiator=w**************r Action=Get-User-Claim-Values Target=a***n Data={"Claims":{},"Profile":"default"} Outcome=Success
TID: [-1234] [2026-10-01 17:40:16,496]  INFO {AUDIT_LOG} - Initiator=w**************r Action=Get-User-Claim-Values Target=a***n Data={"Claims":{},"Profile":"default"} Outcome=Success
TID: [-1234] [2026-10-01 17:40:16,497]  INFO {AUDIT_LOG} - Initiator=w**************r Action=Get-User-Claim-Values Target=a***n Data={"Claims":{},"Profile":"default"} Outcome=Success
TID: [-1234] [2026-10-01 17:40:16,497]  INFO {AUDIT_LOG} - Initiator=w**************r Action=Get-User-Claim-Values Target=a***n Data={"Claims":{},"Profile":"default"} Outcome=Success
TID: [-1234] [2026-10-01 17:40:46,504]  INFO {AUDIT_LOG} - Initiator=w**************r Action=Get-User-Claim-Values Target=a***n Data={"Claims":{},"Profile":"default"} Outcome=Success
TID: [-1234] [2026-10-01 17:40:46,505]  INFO {AUDIT_LOG} - Initiator=w**************r Action=Get-User-Claim-Values Target=a***n Data={"Claims":{},"Profile":"default"} Outcome=Success
TID: [-1234] [2026-10-01 17:40:46,505]  INFO {AUDIT_LOG} - Initiator=w**************r Action=Get-User-Claim-Values Target=a***n Data={"Claims":{},"Profile":"default"} Outcome=Success
TID: [-1234] [2026-10-01 17:41:16,497]  INFO {AUDIT_LOG} - Initiator=w**************r Action=Get-User-Claim-Values Target=a***n Data={"Claims":{},"Profile":"default"} Outcome=Success
TID: [-1234] [2026-10-01 17:41:16,497]  INFO {AUDIT_LOG} - Initiator=w**************r Action=Get-User-Claim-Values Target=a***n Data={"Claims":{},"Profile":"default"} Outcome=Success
TID: [-1234] [2026-10-01 17:41:16,497]  INFO {AUDIT_LOG} - Initiator=w**************r Action=Get-User-Claim-Values Target=a***n Data={"Claims":{},"Profile":"default"} Outcome=Success
TID: [-1234] [2026-10-01 17:41:46,497]  INFO {AUDIT_LOG} - Initiator=w**************r Action=Get-User-Claim-Values Target=a***n Data={"Claims":{},"Profile":"default"} Outcome=Success
TID: [-1234] [2026-10-01 17:41:46,497]  INFO {AUDIT_LOG} - Initiator=w**************r Action=Get-User-Claim-Values Target=a***n Data={"Claims":{},"Profile":"default"} Outcome=Success
TID: [-1234] [2026-10-01 17:41:46,497]  INFO {AUDIT_LOG} - Initiator=w**************r Action=Get-User-Claim-Values Target=a***n Data={"Claims":{},"Profile":"default"} Outcome=Success
TID: [-1234] [2026-10-01 17:42:16,501]  INFO {AUDIT_LOG} - Initiator=w**************r Action=Get-User-Claim-Values Target=a***n Data={"Claims":{},"Profile":"default"} Outcome=Success
TID: [-1234] [2026-10-01 17:42:16,502]  INFO {AUDIT_LOG} - Initiator=w**************r Action=Get-User-Claim-Values Target=a***n Data={"Claims":{},"Profile":"default"} Outcome=Success
TID: [-1234] [2026-10-01 17:42:16,502]  INFO {AUDIT_LOG} - Initiator=w**************r Action=Get-User-Claim-Values Target=a***n Data={"Claims":{},"Profile":"default"} Outcome=Success
TID: [-1234] [2026-10-01 17:42:46,496]  INFO {AUDIT_LOG} - Initiator=w**************r Action=Get-User-Claim-Values Target=a***n Data={"Claims":{},"Profile":"default"} Outcome=Success
TID: [-1234] [2026-10-01 17:42:46,496]  INFO {AUDIT_LOG} - Initiator=w**************r Action=Get-User-Claim-Values Target=a***n Data={"Claims":{},"Profile":"default"} Outcome=Success
TID: [-1234] [2026-10-01 17:42:46,496]  INFO {AUDIT_LOG} - Initiator=w**************r Action=Get-User-Claim-Values Target=a***n Data={"Claims":{},"Profile":"default"} Outcome=Success
TID: [-1234] [2026-10-01 17:43:16,498]  INFO {AUDIT_LOG} - Initiator=w**************r Action=Get-User-Claim-Values Target=a***n Data={"Claims":{},"Profile":"default"} Outcome=Success
TID: [-1234] [2026-10-01 17:43:16,498]  INFO {AUDIT_LOG} - Initiator=w**************r Action=Get-User-Claim-Values Target=a***n Data={"Claims":{},"Profile":"default"} Outcome=Success
TID: [-1234] [2026-10-01 17:43:16,498]  INFO {AUDIT_LOG} - Initiator=w**************r Action=Get-User-Claim-Values Target=a***n Data={"Claims":{},"Profile":"default"} Outcome=Success
TID: [-1234] [2026-10-01 17:43:46,497]  INFO {AUDIT_LOG} - Initiator=w**************r Action=Get-User-Claim-Values Target=a***n Data={"Claims":{},"Profile":"default"} Outcome=Success
TID: [-1234] [2026-10-01 17:43:46,497]  INFO {AUDIT_LOG} - Initiator=w**************r Action=Get-User-Claim-Values Target=a***n Data={"Claims":{},"Profile":"default"} Outcome=Success
TID: [-1234] [2026-10-01 17:43:46,498]  INFO {AUDIT_LOG} - Initiator=w**************r Action=Get-User-Claim-Values Target=a***n Data={"Claims":{},"Profile":"default"} Outcome=Success
TID: [-1234] [2026-10-01 17:44:16,498]  INFO {AUDIT_LOG} - Initiator=w**************r Action=Get-User-Claim-Values Target=a***n Data={"Claims":{},"Profile":"default"} Outcome=Success
TID: [-1234] [2026-10-01 17:44:16,498]  INFO {AUDIT_LOG} - Initiator=w**************r Action=Get-User-Claim-Values Target=a***n Data={"Claims":{},"Profile":"default"} Outcome=Success
TID: [-1234] [2026-10-01 17:44:16,499]  INFO {AUDIT_LOG} - Initiator=w**************r Action=Get-User-Claim-Values Target=a***n Data={"Claims":{},"Profile":"default"} Outcome=Success
TID: [-1234] [2026-10-01 17:44:46,498]  INFO {AUDIT_LOG} - Initiator=w**************r Action=Get-User-Claim-Values Target=a***n Data={"Claims":{},"Profile":"default"} Outcome=Success
TID: [-1234] [2026-10-01 17:44:46,498]  INFO {AUDIT_LOG} - Initiator=w**************r Action=Get-User-Claim-Values Target=a***n Data={"Claims":{},"Profile":"default"} Outcome=Success
TID: [-1234] [2026-10-01 17:44:46,499]  INFO {AUDIT_LOG} - Initiator=w**************r Action=Get-User-Claim-Values Target=a***n Data={"Claims":{},"Profile":"default"} Outcome=Success
TID: [-1234] [2026-10-01 17:45:16,503]  INFO {AUDIT_LOG} - Initiator=w**************r Action=Get-User-Claim-Values Target=a***n Data={"Claims":{},"Profile":"default"} Outcome=Success
TID: [-1234] [2026-10-01 17:45:16,503]  INFO {AUDIT_LOG} - Initiator=w**************r Action=Get-User-Claim-Values Target=a***n Data={"Claims":{},"Profile":"default"} Outcome=Success
TID: [-1234] [2026-10-01 17:45:16,503]  INFO {AUDIT_LOG} - Initiator=w**************r Action=Get-User-Claim-Values Target=a***n Data={"Claims":{},"Profile":"default"} Outcome=Success
TID: [-1234] [2026-10-01 17:45:46,498]  INFO {AUDIT_LOG} - Initiator=w**************r Action=Get-User-Claim-Values Target=a***n Data={"Claims":{},"Profile":"default"} Outcome=Success
TID: [-1234] [2026-10-01 17:45:46,498]  INFO {AUDIT_LOG} - Initiator=w**************r Action=Get-User-Claim-Values Target=a***n Data={"Claims":{},"Profile":"default"} Outcome=Success
TID: [-1234] [2026-10-01 17:45:46,499]  INFO {AUDIT_LOG} - Initiator=w**************r Action=Get-User-Claim-Values Target=a***n Data={"Claims":{},"Profile":"default"} Outcome=Success
TID: [-1234] [2026-10-01 17:46:16,500]  INFO {AUDIT_LOG} - Initiator=w**************r Action=Get-User-Claim-Values Target=a***n Data={"Claims":{},"Profile":"default"} Outcome=Success
TID: [-1234] [2026-10-01 17:46:16,500]  INFO {AUDIT_LOG} - Initiator=w**************r Action=Get-User-Claim-Values Target=a***n Data={"Claims":{},"Profile":"default"} Outcome=Success
TID: [-1234] [2026-10-01 17:46:16,500]  INFO {AUDIT_LOG} - Initiator=w**************r Action=Get-User-Claim-Values Target=a***n Data={"Claims":{},"Profile":"default"} Outcome=Success
TID: [-1234] [2026-10-01 17:46:46,518]  INFO {AUDIT_LOG} - Initiator=w**************r Action=Get-User-Claim-Values Target=a***n Data={"Claims":{},"Profile":"default"} Outcome=Success
TID: [-1234] [2026-10-01 17:46:46,519]  INFO {AUDIT_LOG} - Initiator=w**************r Action=Get-User-Claim-Values Target=a***n Data={"Claims":{},"Profile":"default"} Outcome=Success
TID: [-1234] [2026-10-01 17:46:46,519]  INFO {AUDIT_LOG} - Initiator=w**************r Action=Get-User-Claim-Values Target=a***n Data={"Claims":{},"Profile":"default"} Outcome=Success
TID: [] [2026-10-01 19:49:38,801]  INFO {AUDIT_LOG} - {"performedBy":"SYSTEM: carbon.super","action":"deployed","type":"API"}
TID: [] [2026-10-01 19:49:38,806]  INFO {AUDIT_LOG} - {"performedBy":"SYSTEM: carbon.super","action":"deployed","type":"API"}
TID: [] [2026-10-01 19:49:39,115]  INFO {AUDIT_LOG} - Initiator=w**************r Action=Get-User-Claim-Values Target=a***n Data={"Claims":{},"Profile":"default"} Outcome=Success
TID: [] [2026-10-01 19:49:39,115]  INFO {AUDIT_LOG} - Initiator=w**************r Action=Get-User-Claim-Values Target=a***n Data={"Claims":{},"Profile":"default"} Outcome=Success
TID: [] [2026-10-01 19:49:39,115]  INFO {AUDIT_LOG} - Initiator=w**************r Action=Get-User-Claim-Values Target=a***n Data={"Claims":{},"Profile":"default"} Outcome=Success
TID: [] [2026-10-01 19:49:39,115]  INFO {AUDIT_LOG} - Initiator=w**************r Action=Get-User-Claim-Values Target=a***n Data={"Claims":{},"Profile":"default"} Outcome=Success
TID: [] [2026-10-01 19:49:39,115]  INFO {AUDIT_LOG} - Initiator=w**************r Action=Get-User-Claim-Values Target=a***n Data={"Claims":{},"Profile":"default"} Outcome=Success
TID: [] [2026-10-01 19:49:39,115]  INFO {AUDIT_LOG} - Initiator=w**************r Action=Get-User-Claim-Values Target=a***n Data={"Claims":{},"Profile":"default"} Outcome=Success
TID: [] [2026-10-01 19:49:39,115]  INFO {AUDIT_LOG} - Initiator=w**************r Action=Get-User-Claim-Values Target=a***n Data={"Claims":{},"Profile":"default"} Outcome=Success
TID: [] [2026-10-01 19:49:39,115]  INFO {AUDIT_LOG} - Initiator=w**************r Action=Get-User-Claim-Values Target=a***n Data={"Claims":{},"Profile":"default"} Outcome=Success
TID: [] [2026-10-01 19:49:39,116]  INFO {AUDIT_LOG} - Initiator=w**************r Action=Get-User-Claim-Values Target=a***n Data={"Claims":{},"Profile":"default"} Outcome=Success
TID: [] [2026-10-01 19:49:39,116]  INFO {AUDIT_LOG} - Initiator=w**************r Action=Get-User-Claim-Values Target=a***n Data={"Claims":{},"Profile":"default"} Outcome=Success
TID: [] [2026-10-01 19:49:39,116]  INFO {AUDIT_LOG} - Initiator=w**************r Action=Get-User-Claim-Values Target=a***n Data={"Claims":{},"Profile":"default"} Outcome=Success
TID: [] [2026-10-01 19:49:39,116]  INFO {AUDIT_LOG} - Initiator=w**************r Action=Get-User-Claim-Values Target=a***n Data={"Claims":{},"Profile":"default"} Outcome=Success
TID: [] [2026-10-01 19:49:39,119]  INFO {AUDIT_LOG} - Initiator=w**************r Action=Get-User-Claim-Values Target=a***n Data={"Claims":{},"Profile":"default"} Outcome=Success
TID: [] [2026-10-01 19:49:39,119]  INFO {AUDIT_LOG} - Initiator=w**************r Action=Get-User-Claim-Values Target=a***n Data={"Claims":{},"Profile":"default"} Outcome=Success
TID: [] [2026-10-01 19:49:39,119]  INFO {AUDIT_LOG} - Initiator=w**************r Action=Get-User-Claim-Values Target=a***n Data={"Claims":{},"Profile":"default"} Outcome=Success
TID: [] [2026-10-01 19:49:39,119]  INFO {AUDIT_LOG} - Initiator=w**************r Action=Get-User-Claim-Values Target=a***n Data={"Claims":{},"Profile":"default"} Outcome=Success
TID: [] [2026-10-01 19:49:39,119]  INFO {AUDIT_LOG} - Initiator=w**************r Action=Get-User-Claim-Values Target=a***n Data={"Claims":{},"Profile":"default"} Outcome=Success
TID: [] [2026-10-01 19:49:39,119]  INFO {AUDIT_LOG} - Initiator=w**************r Action=Get-User-Claim-Values Target=a***n Data={"Claims":{},"Profile":"default"} Outcome=Success
TID: [] [2026-10-01 19:49:39,119]  INFO {AUDIT_LOG} - Initiator=w**************r Action=Get-User-Claim-Values Target=a***n Data={"Claims":{},"Profile":"default"} Outcome=Success
TID: [] [2026-10-01 19:49:39,119]  INFO {AUDIT_LOG} - Initiator=w**************r Action=Get-User-Claim-Values Target=a***n Data={"Claims":{},"Profile":"default"} Outcome=Success
TID: [] [2026-10-01 19:49:39,119]  INFO {AUDIT_LOG} - Initiator=w**************r Action=Get-User-Claim-Values Target=a***n Data={"Claims":{},"Profile":"default"} Outcome=Success
TID: [] [2026-10-01 19:49:39,120]  INFO {AUDIT_LOG} - Initiator=w**************r Action=Get-User-Claim-Values Target=a***n Data={"Claims":{},"Profile":"default"} Outcome=Success
TID: [] [2026-10-01 19:49:39,120]  INFO {AUDIT_LOG} - Initiator=w**************r Action=Get-User-Claim-Values Target=a***n Data={"Claims":{},"Profile":"default"} Outcome=Success
TID: [] [2026-10-01 19:49:39,120]  INFO {AUDIT_LOG} - Initiator=w**************r Action=Get-User-Claim-Values Target=a***n Data={"Claims":{},"Profile":"default"} Outcome=Success
TID: [] [2026-10-01 19:49:39,120]  INFO {AUDIT_LOG} - Initiator=w**************r Action=Get-User-Claim-Values Target=a***n Data={"Claims":{},"Profile":"default"} Outcome=Success
TID: [] [2026-10-01 19:49:39,120]  INFO {AUDIT_LOG} - Initiator=w**************r Action=Get-User-Claim-Values Target=a***n Data={"Claims":{},"Profile":"default"} Outcome=Success
TID: [] [2026-10-01 19:49:39,120]  INFO {AUDIT_LOG} - Initiator=w**************r Action=Get-User-Claim-Values Target=a***n Data={"Claims":{},"Profile":"default"} Outcome=Success
TID: [] [2026-10-01 19:49:39,121]  INFO {AUDIT_LOG} - Initiator=w**************r Action=Get-User-Claim-Values Target=a***n Data={"Claims":{},"Profile":"default"} Outcome=Success
TID: [] [2026-10-01 19:49:39,121]  INFO {AUDIT_LOG} - Initiator=w**************r Action=Get-User-Claim-Values Target=a***n Data={"Claims":{},"Profile":"default"} Outcome=Success
TID: [] [2026-10-01 19:49:39,122]  INFO {AUDIT_LOG} - Initiator=w**************r Action=Get-User-Claim-Values Target=a***n Data={"Claims":{},"Profile":"default"} Outcome=Success
TID: [] [2026-10-01 19:49:39,122]  INFO {AUDIT_LOG} - Initiator=w**************r Action=Get-User-Claim-Values Target=a***n Data={"Claims":{},"Profile":"default"} Outcome=Success
TID: [] [2026-10-01 19:49:39,122]  INFO {AUDIT_LOG} - Initiator=w**************r Action=Get-User-Claim-Values Target=a***n Data={"Claims":{},"Profile":"default"} Outcome=Success
TID: [] [2026-10-01 19:49:39,123]  INFO {AUDIT_LOG} - Initiator=w**************r Action=Get-User-Claim-Values Target=a***n Data={"Claims":{},"Profile":"default"} Outcome=Success
TID: [] [2026-10-01 19:49:39,124]  INFO {AUDIT_LOG} - Initiator=w**************r Action=Get-User-Claim-Values Target=a***n Data={"Claims":{},"Profile":"default"} Outcome=Success
TID: [] [2026-10-01 19:49:39,124]  INFO {AUDIT_LOG} - Initiator=w**************r Action=Get-User-Claim-Values Target=a***n Data={"Claims":{},"Profile":"default"} Outcome=Success
TID: [] [2026-10-01 19:49:39,124]  INFO {AUDIT_LOG} - Initiator=w**************r Action=Get-User-Claim-Values Target=a***n Data={"Claims":{},"Profile":"default"} Outcome=Success
TID: [] [2026-10-01 19:49:39,156]  INFO {AUDIT_LOG} - Initiator=w**************r Action=Get-User-Claim-Values Target=a***n Data={"Claims":{},"Profile":"default"} Outcome=Success
TID: [] [2026-10-01 19:49:39,157]  INFO {AUDIT_LOG} - Initiator=w**************r Action=Get-User-Claim-Values Target=a***n Data={"Claims":{},"Profile":"default"} Outcome=Success
TID: [] [2026-10-01 19:49:39,157]  INFO {AUDIT_LOG} - Initiator=w**************r Action=Get-User-Claim-Values Target=a***n Data={"Claims":{},"Profile":"default"} Outcome=Success
TID: [] [2026-10-01 19:49:39,157]  INFO {AUDIT_LOG} - Initiator=w**************r Action=Get-User-Claim-Values Target=a***n Data={"Claims":{},"Profile":"default"} Outcome=Success
TID: [] [2026-10-01 19:49:39,157]  INFO {AUDIT_LOG} - Initiator=w**************r Action=Get-User-Claim-Values Target=a***n Data={"Claims":{},"Profile":"default"} Outcome=Success
TID: [] [2026-10-01 19:49:39,157]  INFO {AUDIT_LOG} - Initiator=w**************r Action=Get-User-Claim-Values Target=a***n Data={"Claims":{},"Profile":"default"} Outcome=Success
TID: [] [2026-10-01 19:49:39,158]  INFO {AUDIT_LOG} - Initiator=w**************r Action=Get-User-Claim-Values Target=a***n Data={"Claims":{},"Profile":"default"} Outcome=Success
TID: [] [2026-10-01 19:49:39,158]  INFO {AUDIT_LOG} - Initiator=w**************r Action=Get-User-Claim-Values Target=a***n Data={"Claims":{},"Profile":"default"} Outcome=Success
TID: [] [2026-10-01 19:49:39,158]  INFO {AUDIT_LOG} - Initiator=w**************r Action=Get-User-Claim-Values Target=a***n Data={"Claims":{},"Profile":"default"} Outcome=Success
TID: [] [2026-10-01 19:49:39,159]  INFO {AUDIT_LOG} - Initiator=w**************r Action=Get-User-Claim-Values Target=a***n Data={"Claims":{},"Profile":"default"} Outcome=Success
TID: [] [2026-10-01 19:49:39,159]  INFO {AUDIT_LOG} - Initiator=w**************r Action=Get-User-Claim-Values Target=a***n Data={"Claims":{},"Profile":"default"} Outcome=Success
TID: [] [2026-10-01 19:49:39,159]  INFO {AUDIT_LOG} - Initiator=w**************r Action=Get-User-Claim-Values Target=a***n Data={"Claims":{},"Profile":"default"} Outcome=Success
TID: [] [2026-10-01 19:49:39,159]  INFO {AUDIT_LOG} - Initiator=w**************r Action=Get-User-Claim-Values Target=a***n Data={"Claims":{},"Profile":"default"} Outcome=Success
TID: [] [2026-10-01 19:49:39,159]  INFO {AUDIT_LOG} - Initiator=w**************r Action=Get-User-Claim-Values Target=a***n Data={"Claims":{},"Profile":"default"} Outcome=Success
TID: [] [2026-10-01 19:49:39,159]  INFO {AUDIT_LOG} - Initiator=w**************r Action=Get-User-Claim-Values Target=a***n Data={"Claims":{},"Profile":"default"} Outcome=Success
TID: [] [2026-10-01 19:49:39,159]  INFO {AUDIT_LOG} - Initiator=w**************r Action=Get-User-Claim-Values Target=a***n Data={"Claims":{},"Profile":"default"} Outcome=Success
TID: [] [2026-10-01 19:49:39,159]  INFO {AUDIT_LOG} - Initiator=w**************r Action=Get-User-Claim-Values Target=a***n Data={"Claims":{},"Profile":"default"} Outcome=Success
TID: [] [2026-10-01 19:49:39,159]  INFO {AUDIT_LOG} - Initiator=w**************r Action=Get-User-Claim-Values Target=a***n Data={"Claims":{},"Profile":"default"} Outcome=Success
TID: [] [2026-10-01 19:49:39,164]  INFO {AUDIT_LOG} - Initiator=w**************r Action=Get-User-Claim-Values Target=a***n Data={"Claims":{},"Profile":"default"} Outcome=Success
TID: [] [2026-10-01 19:49:39,164]  INFO {AUDIT_LOG} - Initiator=w**************r Action=Get-User-Claim-Values Target=a***n Data={"Claims":{},"Profile":"default"} Outcome=Success
TID: [] [2026-10-01 19:49:39,165]  INFO {AUDIT_LOG} - Initiator=w**************r Action=Get-User-Claim-Values Target=a***n Data={"Claims":{},"Profile":"default"} Outcome=Success
TID: [] [2026-10-01 19:49:39,165]  INFO {AUDIT_LOG} - Initiator=w**************r Action=Get-User-Claim-Values Target=a***n Data={"Claims":{},"Profile":"default"} Outcome=Success
TID: [] [2026-10-01 19:49:39,165]  INFO {AUDIT_LOG} - Initiator=w**************r Action=Get-User-Claim-Values Target=a***n Data={"Claims":{},"Profile":"default"} Outcome=Success
TID: [] [2026-10-01 19:49:39,166]  INFO {AUDIT_LOG} - Initiator=w**************r Action=Get-User-Claim-Values Target=a***n Data={"Claims":{},"Profile":"default"} Outcome=Success
TID: [] [2026-10-01 19:49:39,166]  INFO {AUDIT_LOG} - Initiator=w**************r Action=Get-User-Claim-Values Target=a***n Data={"Claims":{},"Profile":"default"} Outcome=Success
TID: [] [2026-10-01 19:49:39,166]  INFO {AUDIT_LOG} - Initiator=w**************r Action=Get-User-Claim-Values Target=a***n Data={"Claims":{},"Profile":"default"} Outcome=Success
TID: [] [2026-10-01 19:49:39,166]  INFO {AUDIT_LOG} - Initiator=w**************r Action=Get-User-Claim-Values Target=a***n Data={"Claims":{},"Profile":"default"} Outcome=Success
TID: [] [2026-10-01 19:49:39,166]  INFO {AUDIT_LOG} - Initiator=w**************r Action=Get-User-Claim-Values Target=a***n Data={"Claims":{},"Profile":"default"} Outcome=Success
TID: [] [2026-10-01 19:49:39,167]  INFO {AUDIT_LOG} - Initiator=w**************r Action=Get-User-Claim-Values Target=a***n Data={"Claims":{},"Profile":"default"} Outcome=Success
TID: [] [2026-10-01 19:49:39,167]  INFO {AUDIT_LOG} - Initiator=w**************r Action=Get-User-Claim-Values Target=a***n Data={"Claims":{},"Profile":"default"} Outcome=Success
TID: [] [2026-10-01 19:49:39,169]  INFO {AUDIT_LOG} - Initiator=w**************r Action=Get-User-Claim-Values Target=a***n Data={"Claims":{},"Profile":"default"} Outcome=Success
TID: [] [2026-10-01 19:49:39,170]  INFO {AUDIT_LOG} - Initiator=w**************r Action=Get-User-Claim-Values Target=a***n Data={"Claims":{},"Profile":"default"} Outcome=Success
TID: [] [2026-10-01 19:49:39,171]  INFO {AUDIT_LOG} - Initiator=w**************r Action=Get-User-Claim-Values Target=a***n Data={"Claims":{},"Profile":"default"} Outcome=Success
TID: [] [2026-10-01 19:49:39,204]  INFO {AUDIT_LOG} - Initiator=w**************r Action=Get-Roles-of-User Target=a***n Data={"Filter":"*","Roles":["Internal/subscriber","Internal/creator","Internal/publisher","Internal/everyone","Internal/devops","admin","Internal/analytics","Internal/observer","Internal/integration_dev"]} Outcome=Success
TID: [-1234] [2026-10-01 19:49:39,408]  INFO {AUDIT_LOG} - Initiator=w**************r Action=Get-User-Claim-Values Target=a***n Data={"Claims":{},"Profile":"default"} Outcome=Success
TID: [-1234] [2026-10-01 19:49:39,408]  INFO {AUDIT_LOG} - Initiator=w**************r Action=Get-User-Claim-Values Target=a***n Data={"Claims":{},"Profile":"default"} Outcome=Success
TID: [-1234] [2026-10-01 19:49:39,408]  INFO {AUDIT_LOG} - Initiator=w**************r Action=Get-User-Claim-Values Target=a***n Data={"Claims":{},"Profile":"default"} Outcome=Success
TID: [-1234] [2026-10-01 19:49:39,408]  INFO {AUDIT_LOG} - Initiator=w**************r Action=Get-User-Claim-Values Target=a***n Data={"Claims":{},"Profile":"default"} Outcome=Success
TID: [-1234] [2026-10-01 19:49:39,408]  INFO {AUDIT_LOG} - Initiator=w**************r Action=Get-User-Claim-Values Target=a***n Data={"Claims":{},"Profile":"default"} Outcome=Success
TID: [-1234] [2026-10-01 19:49:39,408]  INFO {AUDIT_LOG} - Initiator=w**************r Action=Get-User-Claim-Values Target=a***n Data={"Claims":{},"Profile":"default"} Outcome=Success
TID: [-1234] [2026-10-01 19:49:39,408]  INFO {AUDIT_LOG} - Initiator=w**************r Action=Get-User-Claim-Values Target=a***n Data={"Claims":{},"Profile":"default"} Outcome=Success
TID: [-1234] [2026-10-01 19:49:39,409]  INFO {AUDIT_LOG} - Initiator=w**************r Action=Get-User-Claim-Values Target=a***n Data={"Claims":{},"Profile":"default"} Outcome=Success
TID: [-1234] [2026-10-01 19:49:39,409]  INFO {AUDIT_LOG} - Initiator=w**************r Action=Get-User-Claim-Values Target=a***n Data={"Claims":{},"Profile":"default"} Outcome=Success
TID: [-1234] [2026-10-01 19:49:39,409]  INFO {AUDIT_LOG} - Initiator=w**************r Action=Get-User-Claim-Values Target=a***n Data={"Claims":{},"Profile":"default"} Outcome=Success
TID: [-1234] [2026-10-01 19:49:39,409]  INFO {AUDIT_LOG} - Initiator=w**************r Action=Get-User-Claim-Values Target=a***n Data={"Claims":{},"Profile":"default"} Outcome=Success
TID: [-1234] [2026-10-01 19:49:39,409]  INFO {AUDIT_LOG} - Initiator=w**************r Action=Get-User-Claim-Values Target=a***n Data={"Claims":{},"Profile":"default"} Outcome=Success
TID: [-1234] [2026-10-01 19:49:39,409]  INFO {AUDIT_LOG} - Initiator=w**************r Action=Get-User-Claim-Values Target=a***n Data={"Claims":{},"Profile":"default"} Outcome=Success
TID: [-1234] [2026-10-01 19:49:39,410]  INFO {AUDIT_LOG} - Initiator=w**************r Action=Get-User-Claim-Values Target=a***n Data={"Claims":{},"Profile":"default"} Outcome=Success
TID: [-1234] [2026-10-01 19:49:39,410]  INFO {AUDIT_LOG} - Initiator=w**************r Action=Get-User-Claim-Values Target=a***n Data={"Claims":{},"Profile":"default"} Outcome=Success
TID: [-1234] [2026-10-01 19:49:39,410]  INFO {AUDIT_LOG} - Initiator=w**************r Action=Get-User-Claim-Values Target=a***n Data={"Claims":{},"Profile":"default"} Outcome=Success
TID: [-1234] [2026-10-01 19:49:39,410]  INFO {AUDIT_LOG} - Initiator=w**************r Action=Get-User-Claim-Values Target=a***n Data={"Claims":{},"Profile":"default"} Outcome=Success
TID: [-1234] [2026-10-01 19:49:39,410]  INFO {AUDIT_LOG} - Initiator=w**************r Action=Get-User-Claim-Values Target=a***n Data={"Claims":{},"Profile":"default"} Outcome=Success
TID: [-1234] [2026-10-01 19:49:39,411]  INFO {AUDIT_LOG} - Initiator=w**************r Action=Get-User-Claim-Values Target=a***n Data={"Claims":{},"Profile":"default"} Outcome=Success
TID: [-1234] [2026-10-01 19:49:39,411]  INFO {AUDIT_LOG} - Initiator=w**************r Action=Get-User-Claim-Values Target=a***n Data={"Claims":{},"Profile":"default"} Outcome=Success
TID: [-1234] [2026-10-01 19:49:39,411]  INFO {AUDIT_LOG} - Initiator=w**************r Action=Get-User-Claim-Values Target=a***n Data={"Claims":{},"Profile":"default"} Outcome=Success
TID: [-1234] [2026-10-01 19:49:39,412]  INFO {AUDIT_LOG} - Initiator=w**************r Action=Get-User-Claim-Values Target=a***n Data={"Claims":{},"Profile":"default"} Outcome=Success
TID: [-1234] [2026-10-01 19:49:39,412]  INFO {AUDIT_LOG} - Initiator=w**************r Action=Get-User-Claim-Values Target=a***n Data={"Claims":{},"Profile":"default"} Outcome=Success
TID: [-1234] [2026-10-01 19:49:39,413]  INFO {AUDIT_LOG} - Initiator=w**************r Action=Get-User-Claim-Values Target=a***n Data={"Claims":{},"Profile":"default"} Outcome=Success
TID: [-1234] [2026-10-01 19:49:39,416]  INFO {AUDIT_LOG} - Initiator=w**************r Action=Get-User-Claim-Values Target=a***n Data={"Claims":{},"Profile":"default"} Outcome=Success
TID: [-1234] [2026-10-01 19:49:39,417]  INFO {AUDIT_LOG} - Initiator=w**************r Action=Get-User-Claim-Values Target=a***n Data={"Claims":{},"Profile":"default"} Outcome=Success
TID: [-1234] [2026-10-01 19:49:39,417]  INFO {AUDIT_LOG} - Initiator=w**************r Action=Get-User-Claim-Values Target=a***n Data={"Claims":{},"Profile":"default"} Outcome=Success
TID: [-1234] [2026-10-01 19:49:39,419]  INFO {AUDIT_LOG} - Initiator=w**************r Action=Get-User-Claim-Values Target=a***n Data={"Claims":{},"Profile":"default"} Outcome=Success
TID: [-1234] [2026-10-01 19:49:39,420]  INFO {AUDIT_LOG} - Initiator=w**************r Action=Get-User-Claim-Values Target=a***n Data={"Claims":{},"Profile":"default"} Outcome=Success
TID: [-1234] [2026-10-01 19:49:39,421]  INFO {AUDIT_LOG} - Initiator=w**************r Action=Get-User-Claim-Values Target=a***n Data={"Claims":{},"Profile":"default"} Outcome=Success
TID: [-1234] [2026-10-01 19:49:39,463]  INFO {AUDIT_LOG} - Initiator=w**************r Action=Get-User-Claim-Values Target=a***n Data={"Claims":{},"Profile":"default"} Outcome=Success
TID: [-1234] [2026-10-01 19:49:39,464]  INFO {AUDIT_LOG} - Initiator=w**************r Action=Get-User-Claim-Values Target=a***n Data={"Claims":{},"Profile":"default"} Outcome=Success
TID: [-1234] [2026-10-01 19:49:39,464]  INFO {AUDIT_LOG} - Initiator=w**************r Action=Get-User-Claim-Values Target=a***n Data={"Claims":{},"Profile":"default"} Outcome=Success
TID: [-1234] [2026-10-01 19:49:39,464]  INFO {AUDIT_LOG} - Initiator=w**************r Action=Get-User-Claim-Values Target=a***n Data={"Claims":{},"Profile":"default"} Outcome=Success
TID: [-1234] [2026-10-01 19:49:39,464]  INFO {AUDIT_LOG} - Initiator=w**************r Action=Get-User-Claim-Values Target=a***n Data={"Claims":{},"Profile":"default"} Outcome=Success
TID: [-1234] [2026-10-01 19:49:39,465]  INFO {AUDIT_LOG} - Initiator=w**************r Action=Get-User-Claim-Values Target=a***n Data={"Claims":{},"Profile":"default"} Outcome=Success
TID: [-1234] [2026-10-01 19:49:39,465]  INFO {AUDIT_LOG} - Initiator=w**************r Action=Get-User-Claim-Values Target=a***n Data={"Claims":{},"Profile":"default"} Outcome=Success
TID: [-1234] [2026-10-01 19:49:39,465]  INFO {AUDIT_LOG} - Initiator=w**************r Action=Get-User-Claim-Values Target=a***n Data={"Claims":{},"Profile":"default"} Outcome=Success
TID: [-1234] [2026-10-01 19:49:39,465]  INFO {AUDIT_LOG} - Initiator=w**************r Action=Get-User-Claim-Values Target=a***n Data={"Claims":{},"Profile":"default"} Outcome=Success
TID: [-1234] [2026-10-01 19:49:39,466]  INFO {AUDIT_LOG} - Initiator=w**************r Action=Get-User-Claim-Values Target=a***n Data={"Claims":{},"Profile":"default"} Outcome=Success
TID: [-1234] [2026-10-01 19:49:39,466]  INFO {AUDIT_LOG} - Initiator=w**************r Action=Get-User-Claim-Values Target=a***n Data={"Claims":{},"Profile":"default"} Outcome=Success
TID: [-1234] [2026-10-01 19:49:39,467]  INFO {AUDIT_LOG} - Initiator=w**************r Action=Get-User-Claim-Values Target=a***n Data={"Claims":{},"Profile":"default"} Outcome=Success
TID: [-1234] [2026-10-01 19:49:39,467]  INFO {AUDIT_LOG} - Initiator=w**************r Action=Get-User-Claim-Values Target=a***n Data={"Claims":{},"Profile":"default"} Outcome=Success
TID: [-1234] [2026-10-01 19:49:39,467]  INFO {AUDIT_LOG} - Initiator=w**************r Action=Get-User-Claim-Values Target=a***n Data={"Claims":{},"Profile":"default"} Outcome=Success
TID: [-1234] [2026-10-01 19:49:39,467]  INFO {AUDIT_LOG} - Initiator=w**************r Action=Get-User-Claim-Values Target=a***n Data={"Claims":{},"Profile":"default"} Outcome=Success
TID: [-1234] [2026-10-01 19:49:39,468]  INFO {AUDIT_LOG} - Initiator=w**************r Action=Get-User-Claim-Values Target=a***n Data={"Claims":{},"Profile":"default"} Outcome=Success
TID: [-1234] [2026-10-01 19:49:39,468]  INFO {AUDIT_LOG} - Initiator=w**************r Action=Get-User-Claim-Values Target=a***n Data={"Claims":{},"Profile":"default"} Outcome=Success
TID: [-1234] [2026-10-01 19:49:39,468]  INFO {AUDIT_LOG} - Initiator=w**************r Action=Get-User-Claim-Values Target=a***n Data={"Claims":{},"Profile":"default"} Outcome=Success
TID: [-1234] [2026-10-01 19:49:39,468]  INFO {AUDIT_LOG} - Initiator=w**************r Action=Get-User-Claim-Values Target=a***n Data={"Claims":{},"Profile":"default"} Outcome=Success
TID: [-1234] [2026-10-01 19:49:39,468]  INFO {AUDIT_LOG} - Initiator=w**************r Action=Get-User-Claim-Values Target=a***n Data={"Claims":{},"Profile":"default"} Outcome=Success
TID: [-1234] [2026-10-01 19:49:39,468]  INFO {AUDIT_LOG} - Initiator=w**************r Action=Get-User-Claim-Values Target=a***n Data={"Claims":{},"Profile":"default"} Outcome=Success
TID: [-1234] [2026-10-01 19:49:39,807]  INFO {AUDIT_LOG} - Initiator=w**************r Action=Get-User-Claim-Values Target=a***n Data={"Claims":{},"Profile":"default"} Outcome=Success
TID: [-1234] [2026-10-01 19:49:39,807]  INFO {AUDIT_LOG} - Initiator=w**************r Action=Get-User-Claim-Values Target=a***n Data={"Claims":{},"Profile":"default"} Outcome=Success
TID: [-1234] [2026-10-01 19:49:39,807]  INFO {AUDIT_LOG} - Initiator=w**************r Action=Get-User-Claim-Values Target=a***n Data={"Claims":{},"Profile":"default"} Outcome=Success
TID: [-1234] [2026-10-01 19:49:39,807]  INFO {AUDIT_LOG} - Initiator=w**************r Action=Get-User-Claim-Values Target=a***n Data={"Claims":{},"Profile":"default"} Outcome=Success
TID: [-1234] [2026-10-01 19:49:39,807]  INFO {AUDIT_LOG} - Initiator=w**************r Action=Get-User-Claim-Values Target=a***n Data={"Claims":{},"Profile":"default"} Outcome=Success
TID: [-1234] [2026-10-01 19:49:39,808]  INFO {AUDIT_LOG} - Initiator=w**************r Action=Get-User-Claim-Values Target=a***n Data={"Claims":{},"Profile":"default"} Outcome=Success
TID: [-1234] [2026-10-01 19:49:39,808]  INFO {AUDIT_LOG} - Initiator=w**************r Action=Get-User-Claim-Values Target=a***n Data={"Claims":{},"Profile":"default"} Outcome=Success
TID: [-1234] [2026-10-01 19:49:39,808]  INFO {AUDIT_LOG} - Initiator=w**************r Action=Get-User-Claim-Values Target=a***n Data={"Claims":{},"Profile":"default"} Outcome=Success
TID: [-1234] [2026-10-01 19:49:39,808]  INFO {AUDIT_LOG} - Initiator=w**************r Action=Get-User-Claim-Values Target=a***n Data={"Claims":{},"Profile":"default"} Outcome=Success
TID: [-1234] [2026-10-01 19:49:40,306]  INFO {AUDIT_LOG} - Initiator=w**************r Action=Get-User-Claim-Values Target=a***n Data={"Claims":{},"Profile":"default"} Outcome=Success
TID: [-1234] [2026-10-01 19:49:40,307]  INFO {AUDIT_LOG} - Initiator=w**************r Action=Get-User-Claim-Values Target=a***n Data={"Claims":{},"Profile":"default"} Outcome=Success
TID: [-1234] [2026-10-01 19:49:40,307]  INFO {AUDIT_LOG} - Initiator=w**************r Action=Get-User-Claim-Values Target=a***n Data={"Claims":{},"Profile":"default"} Outcome=Success
TID: [-1234] [2026-10-01 19:49:40,335]  INFO {AUDIT_LOG} - Initiator=w**************r Action=Get-User-Claim-Values Target=a***n Data={"Claims":{},"Profile":"default"} Outcome=Success
TID: [-1234] [2026-10-01 19:49:40,336]  INFO {AUDIT_LOG} - Initiator=w**************r Action=Get-User-Claim-Values Target=a***n Data={"Claims":{},"Profile":"default"} Outcome=Success
TID: [-1234] [2026-10-01 19:49:40,336]  INFO {AUDIT_LOG} - Initiator=w**************r Action=Get-User-Claim-Values Target=a***n Data={"Claims":{},"Profile":"default"} Outcome=Success
TID: [-1234] [2026-10-01 19:49:40,348]  INFO {AUDIT_LOG} - Initiator=w**************r Action=Get-User-Claim-Values Target=a***n Data={"Claims":{},"Profile":"default"} Outcome=Success
TID: [-1234] [2026-10-01 19:49:40,348]  INFO {AUDIT_LOG} - Initiator=w**************r Action=Get-User-Claim-Values Target=a***n Data={"Claims":{},"Profile":"default"} Outcome=Success
TID: [-1234] [2026-10-01 19:49:40,348]  INFO {AUDIT_LOG} - Initiator=w**************r Action=Get-User-Claim-Values Target=a***n Data={"Claims":{},"Profile":"default"} Outcome=Success
TID: [-1234] [2026-10-01 19:49:40,368]  INFO {AUDIT_LOG} - Initiator=w**************r Action=Get-User-Claim-Values Target=a***n Data={"Claims":{},"Profile":"default"} Outcome=Success
TID: [-1234] [2026-10-01 19:49:40,368]  INFO {AUDIT_LOG} - Initiator=w**************r Action=Get-User-Claim-Values Target=a***n Data={"Claims":{},"Profile":"default"} Outcome=Success
TID: [-1234] [2026-10-01 19:49:40,368]  INFO {AUDIT_LOG} - Initiator=w**************r Action=Get-User-Claim-Values Target=a***n Data={"Claims":{},"Profile":"default"} Outcome=Success
TID: [-1234] [2026-10-01 19:49:40,371]  INFO {AUDIT_LOG} - Initiator=w**************r Action=Get-User-Claim-Values Target=a***n Data={"Claims":{},"Profile":"default"} Outcome=Success
TID: [-1234] [2026-10-01 19:49:40,372]  INFO {AUDIT_LOG} - Initiator=w**************r Action=Get-User-Claim-Values Target=a***n Data={"Claims":{},"Profile":"default"} Outcome=Success
TID: [-1234] [2026-10-01 19:49:40,372]  INFO {AUDIT_LOG} - Initiator=w**************r Action=Get-User-Claim-Values Target=a***n Data={"Claims":{},"Profile":"default"} Outcome=Success
TID: [-1234] [2026-10-01 19:49:40,387]  INFO {AUDIT_LOG} - Initiator=w**************r Action=Get-User-Claim-Values Target=a***n Data={"Claims":{},"Profile":"default"} Outcome=Success
TID: [-1234] [2026-10-01 19:49:40,388]  INFO {AUDIT_LOG} - Initiator=w**************r Action=Get-User-Claim-Values Target=a***n Data={"Claims":{},"Profile":"default"} Outcome=Success
TID: [-1234] [2026-10-01 19:49:40,388]  INFO {AUDIT_LOG} - Initiator=w**************r Action=Get-User-Claim-Values Target=a***n Data={"Claims":{},"Profile":"default"} Outcome=Success
TID: [] [2026-10-01 19:49:40,577]  INFO {AUDIT_LOG} - {"performedBy":"SYSTEM: carbon.super","action":"deployed","type":"API","info":"e2751bd4-70e9-4e96-9c39-c0d334d80213"}
TID: [-1234] [2026-10-01 19:49:41,114]  INFO {AUDIT_LOG} - Initiator=w**************r Action=Get-User-Claim-Values Target=a***n Data={"Claims":{},"Profile":"default"} Outcome=Success
TID: [-1234] [2026-10-01 19:49:41,115]  INFO {AUDIT_LOG} - Initiator=w**************r Action=Get-User-Claim-Values Target=a***n Data={"Claims":{},"Profile":"default"} Outcome=Success
TID: [-1234] [2026-10-01 19:49:41,115]  INFO {AUDIT_LOG} - Initiator=w**************r Action=Get-User-Claim-Values Target=a***n Data={"Claims":{},"Profile":"default"} Outcome=Success
TID: [-1234] [2026-10-01 19:50:08,801]  INFO {AUDIT_LOG} - Initiator=w**************r Action=Get-User-Claim-Values Target=a***n Data={"Claims":{},"Profile":"default"} Outcome=Success
TID: [-1234] [2026-10-01 19:50:08,801]  INFO {AUDIT_LOG} - Initiator=w**************r Action=Get-User-Claim-Values Target=a***n Data={"Claims":{},"Profile":"default"} Outcome=Success
TID: [-1234] [2026-10-01 19:50:08,802]  INFO {AUDIT_LOG} - Initiator=w**************r Action=Get-User-Claim-Values Target=a***n Data={"Claims":{},"Profile":"default"} Outcome=Success
TID: [-1234] [2026-10-01 19:50:38,800]  INFO {AUDIT_LOG} - Initiator=w**************r Action=Get-User-Claim-Values Target=a***n Data={"Claims":{},"Profile":"default"} Outcome=Success
TID: [-1234] [2026-10-01 19:50:38,800]  INFO {AUDIT_LOG} - Initiator=w**************r Action=Get-User-Claim-Values Target=a***n Data={"Claims":{},"Profile":"default"} Outcome=Success
TID: [-1234] [2026-10-01 19:50:38,800]  INFO {AUDIT_LOG} - Initiator=w**************r Action=Get-User-Claim-Values Target=a***n Data={"Claims":{},"Profile":"default"} Outcome=Success
TID: [-1234] [2026-10-01 19:50:40,469]  INFO {AUDIT_LOG} - Initiator=w**************r Action=Get-User-List Target=null Data={"ServiceProviderName":"apim_publisher","Claim Value":"a***n","Users":["a***n"],"Claim":"http://wso2.org/claims/username"} Outcome=Success
TID: [-1234] [2026-10-01 19:50:40,472]  INFO {AUDIT_LOG} - Initiator=w**************r Action=Get-User-Claim-Values Target=a***n Data={"ServiceProviderName":"apim_publisher","Claims":{},"Profile":"default"} Outcome=Success
TID: [-1234] [2026-10-01 19:50:40,472]  INFO {AUDIT_LOG} - Initiator=w**************r Action=Get-User-Claim-Values Target=a***n Data={"ServiceProviderName":"apim_publisher","Claims":{},"Profile":"default"} Outcome=Success
TID: [-1234] [2026-10-01 19:50:40,472]  INFO {AUDIT_LOG} - Initiator=w**************r Action=Get-User-Claim-Values Target=a***n Data={"ServiceProviderName":"apim_publisher","Claims":{},"Profile":"default"} Outcome=Success
TID: [-1234] [2026-10-01 19:50:40,474]  INFO {AUDIT_LOG} - Initiator : a***n | Action : LoginStepSuccess | Target : ApplicationAuthenticationFramework | Data : { "ContextIdentifier" : "259854d6-a1e5-4dc7-9adb-45844c4d0132","AuthenticatedUser" : "a***n","AuthenticatedUserTenantDomain" : "carbon.super","ServiceProviderName" : "apim_publisher","RequestType" : "oidc","RelyingParty" : "lOKNtRmYnWO18JvYCYJANhTjS6sa","AuthenticatedIdP" : "LOCAL","User Agent" : "null","RemoteAddress" : "null","UserStoreDomain" : "PRIMARY" } | Result : Success 
TID: [-1234] [2026-10-01 19:50:40,476]  INFO {AUDIT_LOG} - Initiator : a****************r | Action : Authenticate | Target : ApplicationAuthenticationFramework | Data : { Step: 1, IDP: LOCAL, Authenticator:BasicAuthenticator } | Result : Success 
TID: [-1234] [2026-10-01 19:50:40,479]  INFO {AUDIT_LOG} - Initiator=w**************r Action=Get-User-Claim-Values Target=a***n Data={"ServiceProviderName":"apim_publisher","Claims":{"http://wso2.org/claims/username":"a***n","http://wso2.org/claims/userid":"3b0ad53a-aebd-42fa-b767-c60140e01226","http://wso2.org/claims/role":"I***********************************************************************************************************************************************************v","http://wso2.org/claims/userprincipal":"a***n"}} Outcome=Success
TID: [-1234] [2026-10-01 19:50:40,552]  INFO {AUDIT_LOG} - Initiator : 3b0ad53a-aebd-42fa-b767-c60140e01226 | Action : StoreSession | Data : { {"traceId":"4d028f43-8133-4bb0-b0d1-de3396a20f3e","RememberMe":true,"sessionContextId":"f2e9e39908aa70d8981fda26d63627a2c32677e994c3c5593ae56f0b801e8eae","AuthenticatedUserTenantDomain":"carbon.super","AuthenticatedUser":"a***n","LastAccessedTimestamp":1790895040482} } | Result : Success 
TID: [-1234] [2026-10-01 19:50:40,568]  INFO {AUDIT_LOG} - Initiator : 3b0ad53a-aebd-42fa-b767-c60140e01226 | Action : Login | Target : ApplicationAuthenticationFramework | Data : { "ContextIdentifier" : "259854d6-a1e5-4dc7-9adb-45844c4d0132","AuthenticatedUser" : "a***n","AuthenticatedUserTenantDomain" : "carbon.super","ServiceProviderName" : "apim_publisher","RequestType" : "oidc","RelyingParty" : "lOKNtRmYnWO18JvYCYJANhTjS6sa","AuthenticatedIdPs" : "eyJ0eXAiOiJKV1QiLCJhbGciOiJIUzI1NiJ9.eyJpc3MiOiJ3c28yIiwiZXhwIjoxNzkwODk1MDQzNDc3LCJpYXQiOjE3OTA4OTUwNDA0NzcsImlkcHMiOlt7ImlkcCI6IkxPQ0FMIiwiYXV0aGVudGljYXRvciI6IkJhc2ljQXV0aGVudGljYXRvciJ9XX0.Mdz7mw2TU3DnO0jclp5UAVV0uHaqil3q9AvX26seKDE","User Agent" : "null","RemoteAddress" : "null","UserStoreDomain" : "PRIMARY" } | Result : Success 
TID: [-1234] [2026-10-01 19:50:40,897]  INFO {AUDIT_LOG} - Initiator=w**************r Action=Get-User-List Target=null Data={"Claim Value":"a***n","Users":["a***n"],"Claim":"http://wso2.org/claims/username"} Outcome=Success
TID: [-1234] [2026-10-01 19:50:40,899]  INFO {AUDIT_LOG} - Initiator=w**************r Action=Get-User-Claim-Values Target=a***n Data={"Claims":{},"Profile":"default"} Outcome=Success
TID: [-1234] [2026-10-01 19:50:40,899]  INFO {AUDIT_LOG} - Initiator=w**************r Action=Get-User-Claim-Values Target=a***n Data={"Claims":{},"Profile":"default"} Outcome=Success
TID: [-1234] [2026-10-01 19:50:40,899]  INFO {AUDIT_LOG} - Initiator=w**************r Action=Get-User-Claim-Values Target=a***n Data={"Claims":{},"Profile":"default"} Outcome=Success
TID: [-1234] [2026-10-01 19:50:41,340]  INFO {AUDIT_LOG} - Initiator=w**************r Action=Get-User-Claim-Value Target=a***n Data={"Claim":"http://wso2.org/claims/organization"} Outcome=Success
TID: [-1234] [2026-10-01 19:50:41,340]  INFO {AUDIT_LOG} - Initiator=w**************r Action=Get-User-Claim-Value Target=a***n Data={"Claim":"http://wso2.org/claims/organization"} Outcome=Success
TID: [-1234] [2026-10-01 19:50:41,340]  INFO {AUDIT_LOG} - Initiator=w**************r Action=Get-User-Claim-Value Target=a***n Data={"Claim":"http://wso2.org/claims/organization"} Outcome=Success
TID: [-1234] [2026-10-01 19:50:41,546]  INFO {AUDIT_LOG} - GET /api/am/publisher/apis?limit=5&offset=0 user: admin@carbon.super app: lOKNtRmYnWO18JvYCYJANhTjS6sa
TID: [-1234] [2026-10-01 19:50:41,546]  INFO {AUDIT_LOG} - GET /api/am/publisher/settings user: admin@carbon.super app: lOKNtRmYnWO18JvYCYJANhTjS6sa
TID: [-1234] [2026-10-01 19:50:41,546]  INFO {AUDIT_LOG} - GET /api/am/publisher/api-products?limit=5&offset=0 user: admin@carbon.super app: lOKNtRmYnWO18JvYCYJANhTjS6sa
TID: [-1234] [2026-10-01 19:50:41,805]  INFO {AUDIT_LOG} - GET /api/am/publisher/mcp-servers?limit=5&offset=0 user: admin@carbon.super app: lOKNtRmYnWO18JvYCYJANhTjS6sa
TID: [-1234] [2026-10-01 19:50:41,805]  INFO {AUDIT_LOG} - GET /api/am/publisher/apis?limit=5&offset=0 user: admin@carbon.super app: lOKNtRmYnWO18JvYCYJANhTjS6sa
TID: [-1234] [2026-10-01 19:50:41,805]  INFO {AUDIT_LOG} - GET /api/am/publisher/api-products?limit=5&offset=0 user: admin@carbon.super app: lOKNtRmYnWO18JvYCYJANhTjS6sa
TID: [-1234] [2026-10-01 19:50:45,004]  INFO {AUDIT_LOG} - GET /api/am/publisher/tenants?state=active user: admin@carbon.super app: lOKNtRmYnWO18JvYCYJANhTjS6sa
TID: [-1234] [2026-10-01 19:50:45,010]  INFO {AUDIT_LOG} - GET /api/am/publisher/apis/e2751bd4-70e9-4e96-9c39-c0d334d80213 user: admin@carbon.super app: lOKNtRmYnWO18JvYCYJANhTjS6sa
TID: [-1234] [2026-10-01 19:50:45,198]  INFO {AUDIT_LOG} - GET /api/am/publisher/settings user: admin@carbon.super app: lOKNtRmYnWO18JvYCYJANhTjS6sa
TID: [-1234] [2026-10-01 19:50:45,203]  INFO {AUDIT_LOG} - GET /api/am/publisher/apis/e2751bd4-70e9-4e96-9c39-c0d334d80213/swagger user: admin@carbon.super app: lOKNtRmYnWO18JvYCYJANhTjS6sa
TID: [-1234] [2026-10-01 19:50:45,205]  INFO {AUDIT_LOG} - GET /api/am/publisher/apis/e2751bd4-70e9-4e96-9c39-c0d334d80213/revisions user: admin@carbon.super app: lOKNtRmYnWO18JvYCYJANhTjS6sa
TID: [-1234] [2026-10-01 19:50:45,205]  INFO {AUDIT_LOG} - GET /api/am/publisher/apis/e2751bd4-70e9-4e96-9c39-c0d334d80213/revisions?query=deployed%3Atrue user: admin@carbon.super app: lOKNtRmYnWO18JvYCYJANhTjS6sa
TID: [-1234] [2026-10-01 19:50:45,209]  INFO {AUDIT_LOG} - GET /api/am/publisher/me/organization-information user: admin@carbon.super app: lOKNtRmYnWO18JvYCYJANhTjS6sa
TID: [-1234] [2026-10-01 19:50:45,267]  INFO {AUDIT_LOG} - GET /api/am/publisher/apis/e2751bd4-70e9-4e96-9c39-c0d334d80213/revisions?query=deployed%3Atrue user: admin@carbon.super app: lOKNtRmYnWO18JvYCYJANhTjS6sa
TID: [-1234] [2026-10-01 19:50:49,989]  INFO {AUDIT_LOG} - GET /api/am/publisher/labels user: admin@carbon.super app: lOKNtRmYnWO18JvYCYJANhTjS6sa
TID: [-1234] [2026-10-01 19:50:49,989]  INFO {AUDIT_LOG} - GET /api/am/publisher/tenants?state=ACTIVE user: admin@carbon.super app: lOKNtRmYnWO18JvYCYJANhTjS6sa
TID: [-1234] [2026-10-01 19:50:49,991]  INFO {AUDIT_LOG} - GET /api/am/publisher/api-categories user: admin@carbon.super app: lOKNtRmYnWO18JvYCYJANhTjS6sa
TID: [-1234] [2026-10-01 19:50:49,992]  INFO {AUDIT_LOG} - GET /api/am/publisher/apis/e2751bd4-70e9-4e96-9c39-c0d334d80213/documents?limit=1000 user: admin@carbon.super app: lOKNtRmYnWO18JvYCYJANhTjS6sa
TID: [-1234] [2026-10-01 19:50:49,992]  INFO {AUDIT_LOG} - GET /api/am/publisher/apis/e2751bd4-70e9-4e96-9c39-c0d334d80213/labels user: admin@carbon.super app: lOKNtRmYnWO18JvYCYJANhTjS6sa
TID: [-1234] [2026-10-01 19:51:08,798]  INFO {AUDIT_LOG} - Initiator=w**************r Action=Get-User-Claim-Values Target=a***n Data={"Claims":{},"Profile":"default"} Outcome=Success
TID: [-1234] [2026-10-01 19:51:08,799]  INFO {AUDIT_LOG} - Initiator=w**************r Action=Get-User-Claim-Values Target=a***n Data={"Claims":{},"Profile":"default"} Outcome=Success
TID: [-1234] [2026-10-01 19:51:08,799]  INFO {AUDIT_LOG} - Initiator=w**************r Action=Get-User-Claim-Values Target=a***n Data={"Claims":{},"Profile":"default"} Outcome=Success
TID: [-1234] [2026-10-01 19:51:38,798]  INFO {AUDIT_LOG} - Initiator=w**************r Action=Get-User-Claim-Values Target=a***n Data={"Claims":{},"Profile":"default"} Outcome=Success
TID: [-1234] [2026-10-01 19:51:38,798]  INFO {AUDIT_LOG} - Initiator=w**************r Action=Get-User-Claim-Values Target=a***n Data={"Claims":{},"Profile":"default"} Outcome=Success
TID: [-1234] [2026-10-01 19:51:38,798]  INFO {AUDIT_LOG} - Initiator=w**************r Action=Get-User-Claim-Values Target=a***n Data={"Claims":{},"Profile":"default"} Outcome=Success
TID: [-1234] [2026-10-01 19:52:07,602]  INFO {AUDIT_LOG} - PUT /api/am/publisher/apis/e2751bd4-70e9-4e96-9c39-c0d334d80213 user: admin@carbon.super app: lOKNtRmYnWO18JvYCYJANhTjS6sa
TID: [] [2026-10-01 19:52:07,788]  INFO {AUDIT_LOG} - Initiator=w**************r Action=Get-User-Claim-Values Target=a***n Data={"Claims":{},"Profile":"default"} Outcome=Success
TID: [] [2026-10-01 19:52:07,788]  INFO {AUDIT_LOG} - Initiator=w**************r Action=Get-User-Claim-Values Target=a***n Data={"Claims":{},"Profile":"default"} Outcome=Success
TID: [] [2026-10-01 19:52:07,788]  INFO {AUDIT_LOG} - Initiator=w**************r Action=Get-User-Claim-Values Target=a***n Data={"Claims":{},"Profile":"default"} Outcome=Success
TID: [] [2026-10-01 19:52:07,900]  INFO {AUDIT_LOG} - Initiator=w**************r Action=Get-User-Claim-Values Target=a***n Data={"Claims":{},"Profile":"default"} Outcome=Success
TID: [] [2026-10-01 19:52:07,901]  INFO {AUDIT_LOG} - Initiator=w**************r Action=Get-User-Claim-Values Target=a***n Data={"Claims":{},"Profile":"default"} Outcome=Success
TID: [] [2026-10-01 19:52:07,901]  INFO {AUDIT_LOG} - Initiator=w**************r Action=Get-User-Claim-Values Target=a***n Data={"Claims":{},"Profile":"default"} Outcome=Success
TID: [-1234] [2026-10-01 19:52:07,938]  INFO {AUDIT_LOG} - {"performedBy":"admin","action":"updated","type":"API","info":{"provider":"admin","name":"Api Exemplo","context":"/teste/0.1","version":"0.1"}}
TID: [-1234] [2026-10-01 19:52:08,750]  INFO {AUDIT_LOG} - Initiator=w**************r Action=Get-User-Claim-Values Target=a***n Data={"Claims":{},"Profile":"default"} Outcome=Success
TID: [-1234] [2026-10-01 19:52:08,750]  INFO {AUDIT_LOG} - Initiator=w**************r Action=Get-User-Claim-Values Target=a***n Data={"Claims":{},"Profile":"default"} Outcome=Success
TID: [-1234] [2026-10-01 19:52:08,751]  INFO {AUDIT_LOG} - Initiator=w**************r Action=Get-User-Claim-Values Target=a***n Data={"Claims":{},"Profile":"default"} Outcome=Success
TID: [-1234] [2026-10-01 19:52:08,767]  INFO {AUDIT_LOG} - Initiator=w**************r Action=Get-User-Claim-Values Target=a***n Data={"Claims":{},"Profile":"default"} Outcome=Success
TID: [-1234] [2026-10-01 19:52:08,768]  INFO {AUDIT_LOG} - Initiator=w**************r Action=Get-User-Claim-Values Target=a***n Data={"Claims":{},"Profile":"default"} Outcome=Success
TID: [-1234] [2026-10-01 19:52:08,768]  INFO {AUDIT_LOG} - Initiator=w**************r Action=Get-User-Claim-Values Target=a***n Data={"Claims":{},"Profile":"default"} Outcome=Success
TID: [-1234] [2026-10-01 19:52:08,795]  INFO {AUDIT_LOG} - Initiator=w**************r Action=Get-User-Claim-Values Target=a***n Data={"Claims":{},"Profile":"default"} Outcome=Success
TID: [-1234] [2026-10-01 19:52:08,796]  INFO {AUDIT_LOG} - Initiator=w**************r Action=Get-User-Claim-Values Target=a***n Data={"Claims":{},"Profile":"default"} Outcome=Success
TID: [-1234] [2026-10-01 19:52:08,796]  INFO {AUDIT_LOG} - Initiator=w**************r Action=Get-User-Claim-Values Target=a***n Data={"Claims":{},"Profile":"default"} Outcome=Success
TID: [-1234] [2026-10-01 19:52:13,453]  INFO {AUDIT_LOG} - GET /api/am/publisher/tenants?state=ACTIVE user: admin@carbon.super app: lOKNtRmYnWO18JvYCYJANhTjS6sa
TID: [-1234] [2026-10-01 19:52:13,462]  INFO {AUDIT_LOG} - GET /api/am/publisher/subscriptions?apiId=e2751bd4-70e9-4e96-9c39-c0d334d80213 user: admin@carbon.super app: lOKNtRmYnWO18JvYCYJANhTjS6sa
TID: [-1234] [2026-10-01 19:52:13,526]  INFO {AUDIT_LOG} - GET /api/am/publisher/throttling-policies/subscription?isAiApi=false user: admin@carbon.super app: lOKNtRmYnWO18JvYCYJANhTjS6sa
TID: [-1234] [2026-10-01 19:52:13,529]  INFO {AUDIT_LOG} - GET /api/am/publisher/subscriptions?apiId=e2751bd4-70e9-4e96-9c39-c0d334d80213&limit=2000&offset=0 user: admin@carbon.super app: lOKNtRmYnWO18JvYCYJANhTjS6sa
TID: [-1234] [2026-10-01 19:52:13,530]  INFO {AUDIT_LOG} - GET /api/am/publisher/apis/e2751bd4-70e9-4e96-9c39-c0d334d80213/subscription-policies?isAiApi=false user: admin@carbon.super app: lOKNtRmYnWO18JvYCYJANhTjS6sa
TID: [-1234] [2026-10-01 19:52:13,530]  INFO {AUDIT_LOG} - GET /api/am/publisher/apis/e2751bd4-70e9-4e96-9c39-c0d334d80213/monetization user: admin@carbon.super app: lOKNtRmYnWO18JvYCYJANhTjS6sa
TID: [-1234] [2026-10-01 19:52:14,311]  INFO {AUDIT_LOG} - GET /api/am/publisher/apis/e2751bd4-70e9-4e96-9c39-c0d334d80213/documents?limit=1000 user: admin@carbon.super app: lOKNtRmYnWO18JvYCYJANhTjS6sa
TID: [-1234] [2026-10-01 19:52:16,578]  INFO {AUDIT_LOG} - GET /api/am/publisher/api-categories user: admin@carbon.super app: lOKNtRmYnWO18JvYCYJANhTjS6sa
TID: [-1234] [2026-10-01 19:52:16,578]  INFO {AUDIT_LOG} - GET /api/am/publisher/tenants?state=ACTIVE user: admin@carbon.super app: lOKNtRmYnWO18JvYCYJANhTjS6sa
TID: [-1234] [2026-10-01 19:52:16,578]  INFO {AUDIT_LOG} - GET /api/am/publisher/apis/e2751bd4-70e9-4e96-9c39-c0d334d80213/documents?limit=1000 user: admin@carbon.super app: lOKNtRmYnWO18JvYCYJANhTjS6sa
TID: [-1234] [2026-10-01 19:52:16,578]  INFO {AUDIT_LOG} - GET /api/am/publisher/apis/e2751bd4-70e9-4e96-9c39-c0d334d80213/labels user: admin@carbon.super app: lOKNtRmYnWO18JvYCYJANhTjS6sa
TID: [-1234] [2026-10-01 19:52:16,584]  INFO {AUDIT_LOG} - GET /api/am/publisher/labels user: admin@carbon.super app: lOKNtRmYnWO18JvYCYJANhTjS6sa
TID: [-1234] [2026-10-01 19:52:22,189]  INFO {AUDIT_LOG} - GET /api/am/publisher/key-managers user: admin@carbon.super app: lOKNtRmYnWO18JvYCYJANhTjS6sa
TID: [-1234] [2026-10-01 19:52:22,296]  INFO {AUDIT_LOG} - GET /api/am/publisher/key-managers user: admin@carbon.super app: lOKNtRmYnWO18JvYCYJANhTjS6sa
TID: [-1234] [2026-10-01 19:52:22,296]  INFO {AUDIT_LOG} - GET /api/am/publisher/apis/e2751bd4-70e9-4e96-9c39-c0d334d80213/client-certs/SANDBOX user: admin@carbon.super app: lOKNtRmYnWO18JvYCYJANhTjS6sa
TID: [-1234] [2026-10-01 19:52:22,296]  INFO {AUDIT_LOG} - GET /api/am/publisher/apis/e2751bd4-70e9-4e96-9c39-c0d334d80213/client-certs/PRODUCTION user: admin@carbon.super app: lOKNtRmYnWO18JvYCYJANhTjS6sa
TID: [-1234] [2026-10-01 19:52:22,338]  INFO {AUDIT_LOG} - GET /api/am/publisher/key-managers user: admin@carbon.super app: lOKNtRmYnWO18JvYCYJANhTjS6sa
TID: [-1234] [2026-10-01 19:52:24,728]  INFO {AUDIT_LOG} - GET /api/am/publisher/apis/e2751bd4-70e9-4e96-9c39-c0d334d80213/swagger user: admin@carbon.super app: lOKNtRmYnWO18JvYCYJANhTjS6sa
TID: [-1234] [2026-10-01 19:52:24,728]  INFO {AUDIT_LOG} - GET /api/am/publisher/throttling-policies/api?limit=80 user: admin@carbon.super app: lOKNtRmYnWO18JvYCYJANhTjS6sa
TID: [-1234] [2026-10-01 19:52:24,728]  INFO {AUDIT_LOG} - GET /api/am/publisher/scopes?limit=2000&offset=0 user: admin@carbon.super app: lOKNtRmYnWO18JvYCYJANhTjS6sa
TID: [-1234] [2026-10-01 19:52:24,729]  INFO {AUDIT_LOG} - GET /api/am/publisher/apis/e2751bd4-70e9-4e96-9c39-c0d334d80213/amznResourceNames user: admin@carbon.super app: lOKNtRmYnWO18JvYCYJANhTjS6sa
TID: [-1234] [2026-10-01 19:52:27,233]  INFO {AUDIT_LOG} - GET /api/am/publisher/apis/e2751bd4-70e9-4e96-9c39-c0d334d80213/swagger user: admin@carbon.super app: lOKNtRmYnWO18JvYCYJANhTjS6sa
TID: [-1234] [2026-10-01 19:52:28,003]  INFO {AUDIT_LOG} - GET /api/am/publisher/apis/e2751bd4-70e9-4e96-9c39-c0d334d80213/swagger user: admin@carbon.super app: lOKNtRmYnWO18JvYCYJANhTjS6sa
TID: [-1234] [2026-10-01 19:52:28,020]  INFO {AUDIT_LOG} - GET /api/am/publisher/endpoint-certificates?endpoint=https%3A%2F%2Flocalhost%3A9443%2Fpublisher%2Fapis%2Fcreate%2Frest user: admin@carbon.super app: lOKNtRmYnWO18JvYCYJANhTjS6sa
TID: [-1234] [2026-10-01 19:52:38,795]  INFO {AUDIT_LOG} - Initiator=w**************r Action=Get-User-Claim-Values Target=a***n Data={"Claims":{},"Profile":"default"} Outcome=Success
TID: [-1234] [2026-10-01 19:52:38,797]  INFO {AUDIT_LOG} - Initiator=w**************r Action=Get-User-Claim-Values Target=a***n Data={"Claims":{},"Profile":"default"} Outcome=Success
TID: [-1234] [2026-10-01 19:52:38,797]  INFO {AUDIT_LOG} - Initiator=w**************r Action=Get-User-Claim-Values Target=a***n Data={"Claims":{},"Profile":"default"} Outcome=Success
TID: [-1234] [2026-10-01 19:53:08,796]  INFO {AUDIT_LOG} - Initiator=w**************r Action=Get-User-Claim-Values Target=a***n Data={"Claims":{},"Profile":"default"} Outcome=Success
TID: [-1234] [2026-10-01 19:53:08,796]  INFO {AUDIT_LOG} - Initiator=w**************r Action=Get-User-Claim-Values Target=a***n Data={"Claims":{},"Profile":"default"} Outcome=Success
TID: [-1234] [2026-10-01 19:53:08,796]  INFO {AUDIT_LOG} - Initiator=w**************r Action=Get-User-Claim-Values Target=a***n Data={"Claims":{},"Profile":"default"} Outcome=Success
TID: [-1234] [2026-10-01 19:53:38,797]  INFO {AUDIT_LOG} - Initiator=w**************r Action=Get-User-Claim-Values Target=a***n Data={"Claims":{},"Profile":"default"} Outcome=Success
TID: [-1234] [2026-10-01 19:53:38,798]  INFO {AUDIT_LOG} - Initiator=w**************r Action=Get-User-Claim-Values Target=a***n Data={"Claims":{},"Profile":"default"} Outcome=Success
TID: [-1234] [2026-10-01 19:53:38,798]  INFO {AUDIT_LOG} - Initiator=w**************r Action=Get-User-Claim-Values Target=a***n Data={"Claims":{},"Profile":"default"} Outcome=Success
TID: [-1234] [2026-10-01 19:54:08,797]  INFO {AUDIT_LOG} - Initiator=w**************r Action=Get-User-Claim-Values Target=a***n Data={"Claims":{},"Profile":"default"} Outcome=Success
TID: [-1234] [2026-10-01 19:54:08,798]  INFO {AUDIT_LOG} - Initiator=w**************r Action=Get-User-Claim-Values Target=a***n Data={"Claims":{},"Profile":"default"} Outcome=Success
TID: [-1234] [2026-10-01 19:54:08,798]  INFO {AUDIT_LOG} - Initiator=w**************r Action=Get-User-Claim-Values Target=a***n Data={"Claims":{},"Profile":"default"} Outcome=Success
TID: [-1234] [2026-10-01 19:54:38,796]  INFO {AUDIT_LOG} - Initiator=w**************r Action=Get-User-Claim-Values Target=a***n Data={"Claims":{},"Profile":"default"} Outcome=Success
TID: [-1234] [2026-10-01 19:54:38,796]  INFO {AUDIT_LOG} - Initiator=w**************r Action=Get-User-Claim-Values Target=a***n Data={"Claims":{},"Profile":"default"} Outcome=Success
TID: [-1234] [2026-10-01 19:54:38,796]  INFO {AUDIT_LOG} - Initiator=w**************r Action=Get-User-Claim-Values Target=a***n Data={"Claims":{},"Profile":"default"} Outcome=Success
TID: [-1234] [2026-10-01 19:55:08,797]  INFO {AUDIT_LOG} - Initiator=w**************r Action=Get-User-Claim-Values Target=a***n Data={"Claims":{},"Profile":"default"} Outcome=Success
TID: [-1234] [2026-10-01 19:55:08,797]  INFO {AUDIT_LOG} - Initiator=w**************r Action=Get-User-Claim-Values Target=a***n Data={"Claims":{},"Profile":"default"} Outcome=Success
TID: [-1234] [2026-10-01 19:55:08,797]  INFO {AUDIT_LOG} - Initiator=w**************r Action=Get-User-Claim-Values Target=a***n Data={"Claims":{},"Profile":"default"} Outcome=Success
TID: [-1234] [2026-10-01 19:55:38,798]  INFO {AUDIT_LOG} - Initiator=w**************r Action=Get-User-Claim-Values Target=a***n Data={"Claims":{},"Profile":"default"} Outcome=Success
TID: [-1234] [2026-10-01 19:55:38,798]  INFO {AUDIT_LOG} - Initiator=w**************r Action=Get-User-Claim-Values Target=a***n Data={"Claims":{},"Profile":"default"} Outcome=Success
TID: [-1234] [2026-10-01 19:55:38,798]  INFO {AUDIT_LOG} - Initiator=w**************r Action=Get-User-Claim-Values Target=a***n Data={"Claims":{},"Profile":"default"} Outcome=Success
TID: [-1234] [2026-10-01 19:56:00,112]  INFO {AUDIT_LOG} - PUT /api/am/publisher/apis/e2751bd4-70e9-4e96-9c39-c0d334d80213 user: admin@carbon.super app: lOKNtRmYnWO18JvYCYJANhTjS6sa
TID: [] [2026-10-01 19:56:00,164]  INFO {AUDIT_LOG} - Initiator=w**************r Action=Get-User-Claim-Values Target=a***n Data={"Claims":{},"Profile":"default"} Outcome=Success
TID: [] [2026-10-01 19:56:00,164]  INFO {AUDIT_LOG} - Initiator=w**************r Action=Get-User-Claim-Values Target=a***n Data={"Claims":{},"Profile":"default"} Outcome=Success
TID: [] [2026-10-01 19:56:00,165]  INFO {AUDIT_LOG} - Initiator=w**************r Action=Get-User-Claim-Values Target=a***n Data={"Claims":{},"Profile":"default"} Outcome=Success
TID: [-1234] [2026-10-01 19:56:00,223]  INFO {AUDIT_LOG} - {"performedBy":"admin","action":"updated","type":"API","info":{"provider":"admin","name":"Api Exemplo","context":"/teste/0.1","version":"0.1"}}
TID: [-1234] [2026-10-01 19:56:00,879]  INFO {AUDIT_LOG} - Initiator=w**************r Action=Get-User-Claim-Values Target=a***n Data={"Claims":{},"Profile":"default"} Outcome=Success
TID: [-1234] [2026-10-01 19:56:00,879]  INFO {AUDIT_LOG} - Initiator=w**************r Action=Get-User-Claim-Values Target=a***n Data={"Claims":{},"Profile":"default"} Outcome=Success
TID: [-1234] [2026-10-01 19:56:00,879]  INFO {AUDIT_LOG} - Initiator=w**************r Action=Get-User-Claim-Values Target=a***n Data={"Claims":{},"Profile":"default"} Outcome=Success
TID: [-1234] [2026-10-01 19:56:00,894]  INFO {AUDIT_LOG} - Initiator=w**************r Action=Get-User-Claim-Values Target=a***n Data={"Claims":{},"Profile":"default"} Outcome=Success
TID: [-1234] [2026-10-01 19:56:00,894]  INFO {AUDIT_LOG} - Initiator=w**************r Action=Get-User-Claim-Values Target=a***n Data={"Claims":{},"Profile":"default"} Outcome=Success
TID: [-1234] [2026-10-01 19:56:00,894]  INFO {AUDIT_LOG} - Initiator=w**************r Action=Get-User-Claim-Values Target=a***n Data={"Claims":{},"Profile":"default"} Outcome=Success
TID: [-1234] [2026-10-01 19:56:08,797]  INFO {AUDIT_LOG} - GET /api/am/publisher/apis/e2751bd4-70e9-4e96-9c39-c0d334d80213/swagger user: admin@carbon.super app: lOKNtRmYnWO18JvYCYJANhTjS6sa
TID: [-1234] [2026-10-01 19:56:08,798]  INFO {AUDIT_LOG} - Initiator=w**************r Action=Get-User-Claim-Values Target=a***n Data={"Claims":{},"Profile":"default"} Outcome=Success
TID: [-1234] [2026-10-01 19:56:08,798]  INFO {AUDIT_LOG} - Initiator=w**************r Action=Get-User-Claim-Values Target=a***n Data={"Claims":{},"Profile":"default"} Outcome=Success
TID: [-1234] [2026-10-01 19:56:08,799]  INFO {AUDIT_LOG} - Initiator=w**************r Action=Get-User-Claim-Values Target=a***n Data={"Claims":{},"Profile":"default"} Outcome=Success
TID: [-1234] [2026-10-01 19:56:09,630]  INFO {AUDIT_LOG} - GET /api/am/publisher/apis/e2751bd4-70e9-4e96-9c39-c0d334d80213/swagger user: admin@carbon.super app: lOKNtRmYnWO18JvYCYJANhTjS6sa
TID: [-1234] [2026-10-01 19:56:09,650]  INFO {AUDIT_LOG} - GET /api/am/publisher/endpoint-certificates?endpoint=http%3A%2F%2Flocalhost%3A8081%2Fv1%2Fbilhetes user: admin@carbon.super app: lOKNtRmYnWO18JvYCYJANhTjS6sa
TID: [-1234] [2026-10-01 19:56:10,675]  INFO {AUDIT_LOG} - GET /api/am/publisher/settings user: admin@carbon.super app: lOKNtRmYnWO18JvYCYJANhTjS6sa
TID: [-1234] [2026-10-01 19:56:11,701]  INFO {AUDIT_LOG} - Initiator=w**************r Action=Get-User-Claim-Value Target=a***n Data={"Claim":"http://wso2.org/claims/organization"} Outcome=Success
TID: [-1234] [2026-10-01 19:56:11,702]  INFO {AUDIT_LOG} - GET /api/am/publisher/apis/e2751bd4-70e9-4e96-9c39-c0d334d80213/swagger user: admin@carbon.super app: lOKNtRmYnWO18JvYCYJANhTjS6sa
TID: [-1234] [2026-10-01 19:56:11,706]  INFO {AUDIT_LOG} - GET /api/am/publisher/operation-policies?limit=500 user: admin@carbon.super app: lOKNtRmYnWO18JvYCYJANhTjS6sa
TID: [-1234] [2026-10-01 19:56:11,706]  INFO {AUDIT_LOG} - GET /api/am/publisher/apis/e2751bd4-70e9-4e96-9c39-c0d334d80213/operation-policies?limit=500 user: admin@carbon.super app: lOKNtRmYnWO18JvYCYJANhTjS6sa
TID: [-1234] [2026-10-01 19:56:13,064]  INFO {AUDIT_LOG} - GET /api/am/publisher/apis/e2751bd4-70e9-4e96-9c39-c0d334d80213/swagger user: admin@carbon.super app: lOKNtRmYnWO18JvYCYJANhTjS6sa
TID: [-1234] [2026-10-01 19:56:13,066]  INFO {AUDIT_LOG} - GET /api/am/publisher/apis/e2751bd4-70e9-4e96-9c39-c0d334d80213/amznResourceNames user: admin@carbon.super app: lOKNtRmYnWO18JvYCYJANhTjS6sa
TID: [-1234] [2026-10-01 19:56:13,076]  INFO {AUDIT_LOG} - GET /api/am/publisher/throttling-policies/api?limit=80 user: admin@carbon.super app: lOKNtRmYnWO18JvYCYJANhTjS6sa
TID: [-1234] [2026-10-01 19:56:13,076]  INFO {AUDIT_LOG} - GET /api/am/publisher/scopes?limit=2000&offset=0 user: admin@carbon.super app: lOKNtRmYnWO18JvYCYJANhTjS6sa
TID: [-1234] [2026-10-01 19:56:38,798]  INFO {AUDIT_LOG} - Initiator=w**************r Action=Get-User-Claim-Values Target=a***n Data={"Claims":{},"Profile":"default"} Outcome=Success
TID: [-1234] [2026-10-01 19:56:38,798]  INFO {AUDIT_LOG} - Initiator=w**************r Action=Get-User-Claim-Values Target=a***n Data={"Claims":{},"Profile":"default"} Outcome=Success
TID: [-1234] [2026-10-01 19:56:38,798]  INFO {AUDIT_LOG} - Initiator=w**************r Action=Get-User-Claim-Values Target=a***n Data={"Claims":{},"Profile":"default"} Outcome=Success
TID: [-1234] [2026-10-01 19:57:08,796]  INFO {AUDIT_LOG} - Initiator=w**************r Action=Get-User-Claim-Values Target=a***n Data={"Claims":{},"Profile":"default"} Outcome=Success
TID: [-1234] [2026-10-01 19:57:08,796]  INFO {AUDIT_LOG} - Initiator=w**************r Action=Get-User-Claim-Values Target=a***n Data={"Claims":{},"Profile":"default"} Outcome=Success
TID: [-1234] [2026-10-01 19:57:08,797]  INFO {AUDIT_LOG} - Initiator=w**************r Action=Get-User-Claim-Values Target=a***n Data={"Claims":{},"Profile":"default"} Outcome=Success
TID: [-1234] [2026-10-01 19:57:38,798]  INFO {AUDIT_LOG} - Initiator=w**************r Action=Get-User-Claim-Values Target=a***n Data={"Claims":{},"Profile":"default"} Outcome=Success
TID: [-1234] [2026-10-01 19:57:38,798]  INFO {AUDIT_LOG} - Initiator=w**************r Action=Get-User-Claim-Values Target=a***n Data={"Claims":{},"Profile":"default"} Outcome=Success
TID: [-1234] [2026-10-01 19:57:38,799]  INFO {AUDIT_LOG} - Initiator=w**************r Action=Get-User-Claim-Values Target=a***n Data={"Claims":{},"Profile":"default"} Outcome=Success
TID: [-1234] [2026-10-01 19:58:08,795]  INFO {AUDIT_LOG} - Initiator=w**************r Action=Get-User-Claim-Values Target=a***n Data={"Claims":{},"Profile":"default"} Outcome=Success
TID: [-1234] [2026-10-01 19:58:08,795]  INFO {AUDIT_LOG} - Initiator=w**************r Action=Get-User-Claim-Values Target=a***n Data={"Claims":{},"Profile":"default"} Outcome=Success
TID: [-1234] [2026-10-01 19:58:08,795]  INFO {AUDIT_LOG} - Initiator=w**************r Action=Get-User-Claim-Values Target=a***n Data={"Claims":{},"Profile":"default"} Outcome=Success
TID: [-1234] [2026-10-01 19:58:38,797]  INFO {AUDIT_LOG} - Initiator=w**************r Action=Get-User-Claim-Values Target=a***n Data={"Claims":{},"Profile":"default"} Outcome=Success
TID: [-1234] [2026-10-01 19:58:38,797]  INFO {AUDIT_LOG} - Initiator=w**************r Action=Get-User-Claim-Values Target=a***n Data={"Claims":{},"Profile":"default"} Outcome=Success
TID: [-1234] [2026-10-01 19:58:38,797]  INFO {AUDIT_LOG} - Initiator=w**************r Action=Get-User-Claim-Values Target=a***n Data={"Claims":{},"Profile":"default"} Outcome=Success
TID: [-1234] [2026-10-01 19:58:40,852]  INFO {AUDIT_LOG} - PUT /api/am/publisher/apis/e2751bd4-70e9-4e96-9c39-c0d334d80213/swagger user: admin@carbon.super app: lOKNtRmYnWO18JvYCYJANhTjS6sa
TID: [] [2026-10-01 19:58:40,916]  INFO {AUDIT_LOG} - Initiator=w**************r Action=Get-User-Claim-Values Target=a***n Data={"Claims":{},"Profile":"default"} Outcome=Success
TID: [] [2026-10-01 19:58:40,916]  INFO {AUDIT_LOG} - Initiator=w**************r Action=Get-User-Claim-Values Target=a***n Data={"Claims":{},"Profile":"default"} Outcome=Success
TID: [] [2026-10-01 19:58:40,916]  INFO {AUDIT_LOG} - Initiator=w**************r Action=Get-User-Claim-Values Target=a***n Data={"Claims":{},"Profile":"default"} Outcome=Success
TID: [-1234] [2026-10-01 19:58:40,968]  INFO {AUDIT_LOG} - {"performedBy":"admin","action":"updated","type":"API","info":{"provider":"admin","name":"Api Exemplo","context":"/teste/0.1","version":"0.1"}}
TID: [-1234] [2026-10-01 19:58:40,999]  INFO {AUDIT_LOG} - GET /api/am/publisher/apis/e2751bd4-70e9-4e96-9c39-c0d334d80213 user: admin@carbon.super app: lOKNtRmYnWO18JvYCYJANhTjS6sa
TID: [-1234] [2026-10-01 19:58:41,029]  INFO {AUDIT_LOG} - Initiator=w**************r Action=Get-User-Claim-Values Target=a***n Data={"Claims":{},"Profile":"default"} Outcome=Success
TID: [-1234] [2026-10-01 19:58:41,030]  INFO {AUDIT_LOG} - Initiator=w**************r Action=Get-User-Claim-Values Target=a***n Data={"Claims":{},"Profile":"default"} Outcome=Success
TID: [-1234] [2026-10-01 19:58:41,030]  INFO {AUDIT_LOG} - Initiator=w**************r Action=Get-User-Claim-Values Target=a***n Data={"Claims":{},"Profile":"default"} Outcome=Success
TID: [-1234] [2026-10-01 19:58:41,046]  INFO {AUDIT_LOG} - Initiator=w**************r Action=Get-User-Claim-Values Target=a***n Data={"Claims":{},"Profile":"default"} Outcome=Success
TID: [-1234] [2026-10-01 19:58:41,047]  INFO {AUDIT_LOG} - Initiator=w**************r Action=Get-User-Claim-Values Target=a***n Data={"Claims":{},"Profile":"default"} Outcome=Success
TID: [-1234] [2026-10-01 19:58:41,047]  INFO {AUDIT_LOG} - Initiator=w**************r Action=Get-User-Claim-Values Target=a***n Data={"Claims":{},"Profile":"default"} Outcome=Success
TID: [-1234] [2026-10-01 19:58:48,494]  INFO {AUDIT_LOG} - PUT /api/am/publisher/apis/e2751bd4-70e9-4e96-9c39-c0d334d80213/swagger user: admin@carbon.super app: lOKNtRmYnWO18JvYCYJANhTjS6sa
TID: [] [2026-10-01 19:58:48,550]  INFO {AUDIT_LOG} - Initiator=w**************r Action=Get-User-Claim-Values Target=a***n Data={"Claims":{},"Profile":"default"} Outcome=Success
TID: [] [2026-10-01 19:58:48,551]  INFO {AUDIT_LOG} - Initiator=w**************r Action=Get-User-Claim-Values Target=a***n Data={"Claims":{},"Profile":"default"} Outcome=Success
TID: [] [2026-10-01 19:58:48,551]  INFO {AUDIT_LOG} - Initiator=w**************r Action=Get-User-Claim-Values Target=a***n Data={"Claims":{},"Profile":"default"} Outcome=Success
TID: [-1234] [2026-10-01 19:58:48,587]  INFO {AUDIT_LOG} - {"performedBy":"admin","action":"updated","type":"API","info":{"provider":"admin","name":"Api Exemplo","context":"/teste/0.1","version":"0.1"}}
TID: [-1234] [2026-10-01 19:58:48,619]  INFO {AUDIT_LOG} - GET /api/am/publisher/apis/e2751bd4-70e9-4e96-9c39-c0d334d80213 user: admin@carbon.super app: lOKNtRmYnWO18JvYCYJANhTjS6sa
TID: [-1234] [2026-10-01 19:58:48,749]  INFO {AUDIT_LOG} - GET /api/am/publisher/apis/e2751bd4-70e9-4e96-9c39-c0d334d80213/asyncapi user: admin@carbon.super app: lOKNtRmYnWO18JvYCYJANhTjS6sa
TID: [-1234] [2026-10-01 19:58:49,084]  INFO {AUDIT_LOG} - Initiator=w**************r Action=Get-User-Claim-Values Target=a***n Data={"Claims":{},"Profile":"default"} Outcome=Success
TID: [-1234] [2026-10-01 19:58:49,084]  INFO {AUDIT_LOG} - Initiator=w**************r Action=Get-User-Claim-Values Target=a***n Data={"Claims":{},"Profile":"default"} Outcome=Success
TID: [-1234] [2026-10-01 19:58:49,084]  INFO {AUDIT_LOG} - Initiator=w**************r Action=Get-User-Claim-Values Target=a***n Data={"Claims":{},"Profile":"default"} Outcome=Success
TID: [-1234] [2026-10-01 19:58:49,100]  INFO {AUDIT_LOG} - Initiator=w**************r Action=Get-User-Claim-Values Target=a***n Data={"Claims":{},"Profile":"default"} Outcome=Success
TID: [-1234] [2026-10-01 19:58:49,100]  INFO {AUDIT_LOG} - Initiator=w**************r Action=Get-User-Claim-Values Target=a***n Data={"Claims":{},"Profile":"default"} Outcome=Success
TID: [-1234] [2026-10-01 19:58:49,101]  INFO {AUDIT_LOG} - Initiator=w**************r Action=Get-User-Claim-Values Target=a***n Data={"Claims":{},"Profile":"default"} Outcome=Success
TID: [-1234] [2026-10-01 19:59:08,796]  INFO {AUDIT_LOG} - Initiator=w**************r Action=Get-User-Claim-Values Target=a***n Data={"Claims":{},"Profile":"default"} Outcome=Success
TID: [-1234] [2026-10-01 19:59:08,796]  INFO {AUDIT_LOG} - Initiator=w**************r Action=Get-User-Claim-Values Target=a***n Data={"Claims":{},"Profile":"default"} Outcome=Success
TID: [-1234] [2026-10-01 19:59:08,796]  INFO {AUDIT_LOG} - Initiator=w**************r Action=Get-User-Claim-Values Target=a***n Data={"Claims":{},"Profile":"default"} Outcome=Success
TID: [-1234] [2026-10-01 19:59:36,634]  INFO {AUDIT_LOG} - POST /api/am/publisher/apis/e2751bd4-70e9-4e96-9c39-c0d334d80213/revisions user: admin@carbon.super app: lOKNtRmYnWO18JvYCYJANhTjS6sa
TID: [-1234] [2026-10-01 19:59:36,706]  INFO {AUDIT_LOG} - POST /api/am/publisher/apis/e2751bd4-70e9-4e96-9c39-c0d334d80213/deploy-revision?revisionId=8443a3c7-1ada-46e1-b240-51535d87492c user: admin@carbon.super app: lOKNtRmYnWO18JvYCYJANhTjS6sa
TID: [] [2026-10-01 19:59:36,745]  INFO {AUDIT_LOG} - Initiator=w**************r Action=Get-User-Claim-Values Target=a***n Data={"Claims":{},"Profile":"default"} Outcome=Success
TID: [] [2026-10-01 19:59:36,745]  INFO {AUDIT_LOG} - Initiator=w**************r Action=Get-User-Claim-Values Target=a***n Data={"Claims":{},"Profile":"default"} Outcome=Success
TID: [] [2026-10-01 19:59:36,745]  INFO {AUDIT_LOG} - Initiator=w**************r Action=Get-User-Claim-Values Target=a***n Data={"Claims":{},"Profile":"default"} Outcome=Success
TID: [] [2026-10-01 19:59:36,745]  INFO {AUDIT_LOG} - Initiator=w**************r Action=Get-User-Claim-Values Target=a***n Data={"Claims":{},"Profile":"default"} Outcome=Success
TID: [] [2026-10-01 19:59:36,745]  INFO {AUDIT_LOG} - Initiator=w**************r Action=Get-User-Claim-Values Target=a***n Data={"Claims":{},"Profile":"default"} Outcome=Success
TID: [] [2026-10-01 19:59:36,745]  INFO {AUDIT_LOG} - Initiator=w**************r Action=Get-User-Claim-Values Target=a***n Data={"Claims":{},"Profile":"default"} Outcome=Success
TID: [-1234] [2026-10-01 19:59:36,882]  INFO {AUDIT_LOG} - GET /api/am/publisher/apis/e2751bd4-70e9-4e96-9c39-c0d334d80213/revisions user: admin@carbon.super app: lOKNtRmYnWO18JvYCYJANhTjS6sa
TID: [-1234] [2026-10-01 19:59:36,885]  INFO {AUDIT_LOG} - GET /api/am/publisher/apis/e2751bd4-70e9-4e96-9c39-c0d334d80213/revisions?query=deployed%3Atrue user: admin@carbon.super app: lOKNtRmYnWO18JvYCYJANhTjS6sa
TID: [-1234] [2026-10-01 19:59:37,130]  INFO {AUDIT_LOG} - Initiator=w**************r Action=Get-User-Claim-Values Target=a***n Data={"Claims":{},"Profile":"default"} Outcome=Success
TID: [-1234] [2026-10-01 19:59:37,130]  INFO {AUDIT_LOG} - Initiator=w**************r Action=Get-User-Claim-Values Target=a***n Data={"Claims":{},"Profile":"default"} Outcome=Success
TID: [-1234] [2026-10-01 19:59:37,130]  INFO {AUDIT_LOG} - Initiator=w**************r Action=Get-User-Claim-Values Target=a***n Data={"Claims":{},"Profile":"default"} Outcome=Success
TID: [-1234] [2026-10-01 19:59:38,794]  INFO {AUDIT_LOG} - Initiator=w**************r Action=Get-User-Claim-Values Target=a***n Data={"Claims":{},"Profile":"default"} Outcome=Success
TID: [-1234] [2026-10-01 19:59:38,794]  INFO {AUDIT_LOG} - Initiator=w**************r Action=Get-User-Claim-Values Target=a***n Data={"Claims":{},"Profile":"default"} Outcome=Success
TID: [-1234] [2026-10-01 19:59:38,794]  INFO {AUDIT_LOG} - Initiator=w**************r Action=Get-User-Claim-Values Target=a***n Data={"Claims":{},"Profile":"default"} Outcome=Success
TID: [-1234] [2026-10-01 19:59:40,041]  INFO {AUDIT_LOG} - GET /api/am/publisher/apis/e2751bd4-70e9-4e96-9c39-c0d334d80213/revisions?query=deployed%3Atrue user: admin@carbon.super app: lOKNtRmYnWO18JvYCYJANhTjS6sa
TID: [-1234] [2026-10-01 19:59:42,053]  INFO {AUDIT_LOG} - GET /api/am/publisher/key-managers user: admin@carbon.super app: lOKNtRmYnWO18JvYCYJANhTjS6sa
TID: [-1234] [2026-10-01 19:59:42,131]  INFO {AUDIT_LOG} - GET /api/am/publisher/apis/e2751bd4-70e9-4e96-9c39-c0d334d80213/client-certs/SANDBOX user: admin@carbon.super app: lOKNtRmYnWO18JvYCYJANhTjS6sa
TID: [-1234] [2026-10-01 19:59:42,131]  INFO {AUDIT_LOG} - GET /api/am/publisher/apis/e2751bd4-70e9-4e96-9c39-c0d334d80213/client-certs/PRODUCTION user: admin@carbon.super app: lOKNtRmYnWO18JvYCYJANhTjS6sa
TID: [-1234] [2026-10-01 19:59:42,134]  INFO {AUDIT_LOG} - GET /api/am/publisher/key-managers user: admin@carbon.super app: lOKNtRmYnWO18JvYCYJANhTjS6sa
TID: [-1234] [2026-10-01 19:59:42,149]  INFO {AUDIT_LOG} - Initiator=w**************r Action=Get-User-Claim-Values Target=a***n Data={"Claims":{},"Profile":"default"} Outcome=Success
TID: [-1234] [2026-10-01 19:59:42,149]  INFO {AUDIT_LOG} - Initiator=w**************r Action=Get-User-Claim-Values Target=a***n Data={"Claims":{},"Profile":"default"} Outcome=Success
TID: [-1234] [2026-10-01 19:59:42,149]  INFO {AUDIT_LOG} - Initiator=w**************r Action=Get-User-Claim-Values Target=a***n Data={"Claims":{},"Profile":"default"} Outcome=Success
TID: [-1234] [2026-10-01 19:59:42,176]  INFO {AUDIT_LOG} - GET /api/am/publisher/key-managers user: admin@carbon.super app: lOKNtRmYnWO18JvYCYJANhTjS6sa
TID: [] [2026-10-01 19:59:42,249]  INFO {AUDIT_LOG} - {"performedBy":"SYSTEM: carbon.super","action":"undeployed","type":"API","info":"e2751bd4-70e9-4e96-9c39-c0d334d80213"}
TID: [] [2026-10-01 19:59:42,274]  INFO {AUDIT_LOG} - {"performedBy":"SYSTEM: carbon.super","action":"deployed","type":"API","info":"e2751bd4-70e9-4e96-9c39-c0d334d80213"}
TID: [-1234] [2026-10-01 19:59:42,283]  INFO {AUDIT_LOG} - Initiator=w**************r Action=Get-User-Claim-Values Target=a***n Data={"Claims":{},"Profile":"default"} Outcome=Success
TID: [-1234] [2026-10-01 19:59:42,283]  INFO {AUDIT_LOG} - Initiator=w**************r Action=Get-User-Claim-Values Target=a***n Data={"Claims":{},"Profile":"default"} Outcome=Success
TID: [-1234] [2026-10-01 19:59:42,283]  INFO {AUDIT_LOG} - Initiator=w**************r Action=Get-User-Claim-Values Target=a***n Data={"Claims":{},"Profile":"default"} Outcome=Success
TID: [-1234] [2026-10-01 19:59:43,095]  INFO {AUDIT_LOG} - Initiator=w**************r Action=Get-User-Claim-Values Target=a***n Data={"Claims":{},"Profile":"default"} Outcome=Success
TID: [-1234] [2026-10-01 19:59:43,095]  INFO {AUDIT_LOG} - Initiator=w**************r Action=Get-User-Claim-Values Target=a***n Data={"Claims":{},"Profile":"default"} Outcome=Success
TID: [-1234] [2026-10-01 19:59:43,095]  INFO {AUDIT_LOG} - Initiator=w**************r Action=Get-User-Claim-Values Target=a***n Data={"Claims":{},"Profile":"default"} Outcome=Success
TID: [-1234] [2026-10-01 19:59:44,524]  INFO {AUDIT_LOG} - GET /api/am/publisher/apis/e2751bd4-70e9-4e96-9c39-c0d334d80213/swagger user: admin@carbon.super app: lOKNtRmYnWO18JvYCYJANhTjS6sa
TID: [-1234] [2026-10-01 19:59:46,640]  INFO {AUDIT_LOG} - GET /api/am/publisher/apis/e2751bd4-70e9-4e96-9c39-c0d334d80213/deployments user: admin@carbon.super app: lOKNtRmYnWO18JvYCYJANhTjS6sa
TID: [-1234] [2026-10-01 19:59:46,640]  INFO {AUDIT_LOG} - GET /api/am/publisher/apis/e2751bd4-70e9-4e96-9c39-c0d334d80213/swagger user: admin@carbon.super app: lOKNtRmYnWO18JvYCYJANhTjS6sa
TID: [-1234] [2026-10-01 19:59:46,650]  INFO {AUDIT_LOG} - POST /api/am/publisher/apis/e2751bd4-70e9-4e96-9c39-c0d334d80213/generate-key user: admin@carbon.super app: lOKNtRmYnWO18JvYCYJANhTjS6sa
TID: [-1234] [2026-10-01 20:00:08,796]  INFO {AUDIT_LOG} - Initiator=w**************r Action=Get-User-Claim-Values Target=a***n Data={"Claims":{},"Profile":"default"} Outcome=Success
TID: [-1234] [2026-10-01 20:00:08,796]  INFO {AUDIT_LOG} - Initiator=w**************r Action=Get-User-Claim-Values Target=a***n Data={"Claims":{},"Profile":"default"} Outcome=Success
TID: [-1234] [2026-10-01 20:00:08,796]  INFO {AUDIT_LOG} - Initiator=w**************r Action=Get-User-Claim-Values Target=a***n Data={"Claims":{},"Profile":"default"} Outcome=Success
TID: [-1234] [2026-10-01 20:00:37,903]  INFO {AUDIT_LOG} - GET /api/am/publisher/apis/e2751bd4-70e9-4e96-9c39-c0d334d80213/swagger user: admin@carbon.super app: lOKNtRmYnWO18JvYCYJANhTjS6sa
TID: [-1234] [2026-10-01 20:00:38,795]  INFO {AUDIT_LOG} - Initiator=w**************r Action=Get-User-Claim-Values Target=a***n Data={"Claims":{},"Profile":"default"} Outcome=Success
TID: [-1234] [2026-10-01 20:00:38,795]  INFO {AUDIT_LOG} - Initiator=w**************r Action=Get-User-Claim-Values Target=a***n Data={"Claims":{},"Profile":"default"} Outcome=Success
TID: [-1234] [2026-10-01 20:00:38,795]  INFO {AUDIT_LOG} - Initiator=w**************r Action=Get-User-Claim-Values Target=a***n Data={"Claims":{},"Profile":"default"} Outcome=Success
TID: [-1234] [2026-10-01 20:00:39,722]  INFO {AUDIT_LOG} - GET /api/am/publisher/apis/e2751bd4-70e9-4e96-9c39-c0d334d80213/swagger user: admin@carbon.super app: lOKNtRmYnWO18JvYCYJANhTjS6sa
TID: [-1234] [2026-10-01 20:00:39,742]  INFO {AUDIT_LOG} - GET /api/am/publisher/endpoint-certificates?endpoint=http%3A%2F%2Flocalhost%3A8081%2Fv1%2Fbilhetes user: admin@carbon.super app: lOKNtRmYnWO18JvYCYJANhTjS6sa
TID: [-1234] [2026-10-01 20:00:42,126]  INFO {AUDIT_LOG} - GET /api/am/publisher/apis/e2751bd4-70e9-4e96-9c39-c0d334d80213/swagger user: admin@carbon.super app: lOKNtRmYnWO18JvYCYJANhTjS6sa
TID: [-1234] [2026-10-01 20:00:43,017]  INFO {AUDIT_LOG} - GET /api/am/publisher/apis/e2751bd4-70e9-4e96-9c39-c0d334d80213/swagger user: admin@carbon.super app: lOKNtRmYnWO18JvYCYJANhTjS6sa
TID: [-1234] [2026-10-01 20:00:43,018]  INFO {AUDIT_LOG} - GET /api/am/publisher/apis/e2751bd4-70e9-4e96-9c39-c0d334d80213/amznResourceNames user: admin@carbon.super app: lOKNtRmYnWO18JvYCYJANhTjS6sa
TID: [-1234] [2026-10-01 20:00:43,030]  INFO {AUDIT_LOG} - GET /api/am/publisher/scopes?limit=2000&offset=0 user: admin@carbon.super app: lOKNtRmYnWO18JvYCYJANhTjS6sa
TID: [-1234] [2026-10-01 20:00:43,030]  INFO {AUDIT_LOG} - GET /api/am/publisher/throttling-policies/api?limit=80 user: admin@carbon.super app: lOKNtRmYnWO18JvYCYJANhTjS6sa
TID: [-1234] [2026-10-01 20:01:08,807]  INFO {AUDIT_LOG} - Initiator=w**************r Action=Get-User-Claim-Values Target=a***n Data={"Claims":{},"Profile":"default"} Outcome=Success
TID: [-1234] [2026-10-01 20:01:08,807]  INFO {AUDIT_LOG} - Initiator=w**************r Action=Get-User-Claim-Values Target=a***n Data={"Claims":{},"Profile":"default"} Outcome=Success
TID: [-1234] [2026-10-01 20:01:08,807]  INFO {AUDIT_LOG} - Initiator=w**************r Action=Get-User-Claim-Values Target=a***n Data={"Claims":{},"Profile":"default"} Outcome=Success
TID: [-1234] [2026-10-01 20:01:21,842]  INFO {AUDIT_LOG} - PUT /api/am/publisher/apis/e2751bd4-70e9-4e96-9c39-c0d334d80213/swagger user: admin@carbon.super app: lOKNtRmYnWO18JvYCYJANhTjS6sa
TID: [] [2026-10-01 20:01:21,891]  INFO {AUDIT_LOG} - Initiator=w**************r Action=Get-User-Claim-Values Target=a***n Data={"Claims":{},"Profile":"default"} Outcome=Success
TID: [] [2026-10-01 20:01:21,891]  INFO {AUDIT_LOG} - Initiator=w**************r Action=Get-User-Claim-Values Target=a***n Data={"Claims":{},"Profile":"default"} Outcome=Success
TID: [] [2026-10-01 20:01:21,892]  INFO {AUDIT_LOG} - Initiator=w**************r Action=Get-User-Claim-Values Target=a***n Data={"Claims":{},"Profile":"default"} Outcome=Success
TID: [-1234] [2026-10-01 20:01:21,928]  INFO {AUDIT_LOG} - {"performedBy":"admin","action":"updated","type":"API","info":{"provider":"admin","name":"Api Exemplo","context":"/teste/0.1","version":"0.1"}}
TID: [-1234] [2026-10-01 20:01:21,959]  INFO {AUDIT_LOG} - GET /api/am/publisher/apis/e2751bd4-70e9-4e96-9c39-c0d334d80213 user: admin@carbon.super app: lOKNtRmYnWO18JvYCYJANhTjS6sa
TID: [-1234] [2026-10-01 20:01:22,275]  INFO {AUDIT_LOG} - Initiator=w**************r Action=Get-User-Claim-Values Target=a***n Data={"Claims":{},"Profile":"default"} Outcome=Success
TID: [-1234] [2026-10-01 20:01:22,276]  INFO {AUDIT_LOG} - Initiator=w**************r Action=Get-User-Claim-Values Target=a***n Data={"Claims":{},"Profile":"default"} Outcome=Success
TID: [-1234] [2026-10-01 20:01:22,276]  INFO {AUDIT_LOG} - Initiator=w**************r Action=Get-User-Claim-Values Target=a***n Data={"Claims":{},"Profile":"default"} Outcome=Success
TID: [-1234] [2026-10-01 20:01:22,291]  INFO {AUDIT_LOG} - Initiator=w**************r Action=Get-User-Claim-Values Target=a***n Data={"Claims":{},"Profile":"default"} Outcome=Success
TID: [-1234] [2026-10-01 20:01:22,292]  INFO {AUDIT_LOG} - Initiator=w**************r Action=Get-User-Claim-Values Target=a***n Data={"Claims":{},"Profile":"default"} Outcome=Success
TID: [-1234] [2026-10-01 20:01:22,292]  INFO {AUDIT_LOG} - Initiator=w**************r Action=Get-User-Claim-Values Target=a***n Data={"Claims":{},"Profile":"default"} Outcome=Success
TID: [-1234] [2026-10-01 20:01:27,859]  INFO {AUDIT_LOG} - PUT /api/am/publisher/apis/e2751bd4-70e9-4e96-9c39-c0d334d80213/swagger user: admin@carbon.super app: lOKNtRmYnWO18JvYCYJANhTjS6sa
TID: [-1234] [2026-10-01 20:01:27,946]  INFO {AUDIT_LOG} - {"performedBy":"admin","action":"updated","type":"API","info":{"provider":"admin","name":"Api Exemplo","context":"/teste/0.1","version":"0.1"}}
TID: [-1234] [2026-10-01 20:01:27,977]  INFO {AUDIT_LOG} - GET /api/am/publisher/apis/e2751bd4-70e9-4e96-9c39-c0d334d80213 user: admin@carbon.super app: lOKNtRmYnWO18JvYCYJANhTjS6sa
TID: [-1234] [2026-10-01 20:01:28,126]  INFO {AUDIT_LOG} - GET /api/am/publisher/apis/e2751bd4-70e9-4e96-9c39-c0d334d80213/asyncapi user: admin@carbon.super app: lOKNtRmYnWO18JvYCYJANhTjS6sa
TID: [-1234] [2026-10-01 20:01:28,219]  INFO {AUDIT_LOG} - Initiator=w**************r Action=Get-User-Claim-Values Target=a***n Data={"Claims":{},"Profile":"default"} Outcome=Success
TID: [-1234] [2026-10-01 20:01:28,219]  INFO {AUDIT_LOG} - Initiator=w**************r Action=Get-User-Claim-Values Target=a***n Data={"Claims":{},"Profile":"default"} Outcome=Success
TID: [-1234] [2026-10-01 20:01:28,219]  INFO {AUDIT_LOG} - Initiator=w**************r Action=Get-User-Claim-Values Target=a***n Data={"Claims":{},"Profile":"default"} Outcome=Success
TID: [-1234] [2026-10-01 20:01:28,236]  INFO {AUDIT_LOG} - Initiator=w**************r Action=Get-User-Claim-Values Target=a***n Data={"Claims":{},"Profile":"default"} Outcome=Success
TID: [-1234] [2026-10-01 20:01:28,236]  INFO {AUDIT_LOG} - Initiator=w**************r Action=Get-User-Claim-Values Target=a***n Data={"Claims":{},"Profile":"default"} Outcome=Success
TID: [-1234] [2026-10-01 20:01:28,236]  INFO {AUDIT_LOG} - Initiator=w**************r Action=Get-User-Claim-Values Target=a***n Data={"Claims":{},"Profile":"default"} Outcome=Success
TID: [-1234] [2026-10-01 20:01:30,302]  INFO {AUDIT_LOG} - POST /api/am/publisher/apis/e2751bd4-70e9-4e96-9c39-c0d334d80213/revisions user: admin@carbon.super app: lOKNtRmYnWO18JvYCYJANhTjS6sa
TID: [-1234] [2026-10-01 20:01:30,357]  INFO {AUDIT_LOG} - POST /api/am/publisher/apis/e2751bd4-70e9-4e96-9c39-c0d334d80213/deploy-revision?revisionId=282abcf8-8a26-40cf-a30b-8ebbb68c1f47 user: admin@carbon.super app: lOKNtRmYnWO18JvYCYJANhTjS6sa
TID: [-1234] [2026-10-01 20:01:30,500]  INFO {AUDIT_LOG} - GET /api/am/publisher/apis/e2751bd4-70e9-4e96-9c39-c0d334d80213/revisions user: admin@carbon.super app: lOKNtRmYnWO18JvYCYJANhTjS6sa
TID: [-1234] [2026-10-01 20:01:30,500]  INFO {AUDIT_LOG} - GET /api/am/publisher/apis/e2751bd4-70e9-4e96-9c39-c0d334d80213/revisions?query=deployed%3Atrue user: admin@carbon.super app: lOKNtRmYnWO18JvYCYJANhTjS6sa
TID: [-1234] [2026-10-01 20:01:31,240]  INFO {AUDIT_LOG} - Initiator=w**************r Action=Get-User-Claim-Values Target=a***n Data={"Claims":{},"Profile":"default"} Outcome=Success
TID: [-1234] [2026-10-01 20:01:31,240]  INFO {AUDIT_LOG} - Initiator=w**************r Action=Get-User-Claim-Values Target=a***n Data={"Claims":{},"Profile":"default"} Outcome=Success
TID: [-1234] [2026-10-01 20:01:31,240]  INFO {AUDIT_LOG} - Initiator=w**************r Action=Get-User-Claim-Values Target=a***n Data={"Claims":{},"Profile":"default"} Outcome=Success
TID: [-1234] [2026-10-01 20:01:32,315]  INFO {AUDIT_LOG} - GET /api/am/publisher/apis/e2751bd4-70e9-4e96-9c39-c0d334d80213/amznResourceNames user: admin@carbon.super app: lOKNtRmYnWO18JvYCYJANhTjS6sa
TID: [-1234] [2026-10-01 20:01:32,315]  INFO {AUDIT_LOG} - GET /api/am/publisher/scopes?limit=2000&offset=0 user: admin@carbon.super app: lOKNtRmYnWO18JvYCYJANhTjS6sa
TID: [-1234] [2026-10-01 20:01:32,315]  INFO {AUDIT_LOG} - GET /api/am/publisher/throttling-policies/api?limit=80 user: admin@carbon.super app: lOKNtRmYnWO18JvYCYJANhTjS6sa
TID: [-1234] [2026-10-01 20:01:32,315]  INFO {AUDIT_LOG} - GET /api/am/publisher/apis/e2751bd4-70e9-4e96-9c39-c0d334d80213/swagger user: admin@carbon.super app: lOKNtRmYnWO18JvYCYJANhTjS6sa
TID: [-1234] [2026-10-01 20:01:36,253]  INFO {AUDIT_LOG} - Initiator=w**************r Action=Get-User-Claim-Values Target=a***n Data={"Claims":{},"Profile":"default"} Outcome=Success
TID: [-1234] [2026-10-01 20:01:36,254]  INFO {AUDIT_LOG} - Initiator=w**************r Action=Get-User-Claim-Values Target=a***n Data={"Claims":{},"Profile":"default"} Outcome=Success
TID: [-1234] [2026-10-01 20:01:36,254]  INFO {AUDIT_LOG} - Initiator=w**************r Action=Get-User-Claim-Values Target=a***n Data={"Claims":{},"Profile":"default"} Outcome=Success
TID: [] [2026-10-01 20:01:36,304]  INFO {AUDIT_LOG} - {"performedBy":"SYSTEM: carbon.super","action":"undeployed","type":"API","info":"e2751bd4-70e9-4e96-9c39-c0d334d80213"}
TID: [] [2026-10-01 20:01:36,329]  INFO {AUDIT_LOG} - {"performedBy":"SYSTEM: carbon.super","action":"deployed","type":"API","info":"e2751bd4-70e9-4e96-9c39-c0d334d80213"}
TID: [-1234] [2026-10-01 20:01:36,337]  INFO {AUDIT_LOG} - Initiator=w**************r Action=Get-User-Claim-Values Target=a***n Data={"Claims":{},"Profile":"default"} Outcome=Success
TID: [-1234] [2026-10-01 20:01:36,337]  INFO {AUDIT_LOG} - Initiator=w**************r Action=Get-User-Claim-Values Target=a***n Data={"Claims":{},"Profile":"default"} Outcome=Success
TID: [-1234] [2026-10-01 20:01:36,337]  INFO {AUDIT_LOG} - Initiator=w**************r Action=Get-User-Claim-Values Target=a***n Data={"Claims":{},"Profile":"default"} Outcome=Success
TID: [-1234] [2026-10-01 20:01:37,095]  INFO {AUDIT_LOG} - Initiator=w**************r Action=Get-User-Claim-Values Target=a***n Data={"Claims":{},"Profile":"default"} Outcome=Success
TID: [-1234] [2026-10-01 20:01:37,095]  INFO {AUDIT_LOG} - Initiator=w**************r Action=Get-User-Claim-Values Target=a***n Data={"Claims":{},"Profile":"default"} Outcome=Success
TID: [-1234] [2026-10-01 20:01:37,095]  INFO {AUDIT_LOG} - Initiator=w**************r Action=Get-User-Claim-Values Target=a***n Data={"Claims":{},"Profile":"default"} Outcome=Success
TID: [-1234] [2026-10-01 20:01:38,794]  INFO {AUDIT_LOG} - Initiator=w**************r Action=Get-User-Claim-Values Target=a***n Data={"Claims":{},"Profile":"default"} Outcome=Success
TID: [-1234] [2026-10-01 20:01:38,795]  INFO {AUDIT_LOG} - Initiator=w**************r Action=Get-User-Claim-Values Target=a***n Data={"Claims":{},"Profile":"default"} Outcome=Success
TID: [-1234] [2026-10-01 20:01:38,795]  INFO {AUDIT_LOG} - Initiator=w**************r Action=Get-User-Claim-Values Target=a***n Data={"Claims":{},"Profile":"default"} Outcome=Success
TID: [-1234] [2026-10-01 20:01:42,279]  INFO {AUDIT_LOG} - Initiator=w**************r Action=Get-User-Claim-Value Target=a***n Data={"Claim":"http://wso2.org/claims/organization"} Outcome=Success
TID: [-1234] [2026-10-01 20:01:42,279]  INFO {AUDIT_LOG} - Initiator=w**************r Action=Get-User-Claim-Value Target=a***n Data={"Claim":"http://wso2.org/claims/organization"} Outcome=Success
TID: [-1234] [2026-10-01 20:01:42,279]  INFO {AUDIT_LOG} - GET /api/am/publisher/apis/e2751bd4-70e9-4e96-9c39-c0d334d80213/deployments user: admin@carbon.super app: lOKNtRmYnWO18JvYCYJANhTjS6sa
TID: [-1234] [2026-10-01 20:01:42,279]  INFO {AUDIT_LOG} - GET /api/am/publisher/apis/e2751bd4-70e9-4e96-9c39-c0d334d80213/swagger user: admin@carbon.super app: lOKNtRmYnWO18JvYCYJANhTjS6sa
TID: [-1234] [2026-10-01 20:01:42,285]  INFO {AUDIT_LOG} - POST /api/am/publisher/apis/e2751bd4-70e9-4e96-9c39-c0d334d80213/generate-key user: admin@carbon.super app: lOKNtRmYnWO18JvYCYJANhTjS6sa
TID: [-1234] [2026-10-01 20:02:08,796]  INFO {AUDIT_LOG} - Initiator=w**************r Action=Get-User-Claim-Values Target=a***n Data={"Claims":{},"Profile":"default"} Outcome=Success
TID: [-1234] [2026-10-01 20:02:08,796]  INFO {AUDIT_LOG} - Initiator=w**************r Action=Get-User-Claim-Values Target=a***n Data={"Claims":{},"Profile":"default"} Outcome=Success
TID: [-1234] [2026-10-01 20:02:08,796]  INFO {AUDIT_LOG} - Initiator=w**************r Action=Get-User-Claim-Values Target=a***n Data={"Claims":{},"Profile":"default"} Outcome=Success
TID: [-1234] [2026-10-01 20:02:12,407]  INFO {AUDIT_LOG} - GET /api/am/publisher/key-managers user: admin@carbon.super app: lOKNtRmYnWO18JvYCYJANhTjS6sa
TID: [-1234] [2026-10-01 20:02:12,469]  INFO {AUDIT_LOG} - GET /api/am/publisher/key-managers user: admin@carbon.super app: lOKNtRmYnWO18JvYCYJANhTjS6sa
TID: [-1234] [2026-10-01 20:02:12,470]  INFO {AUDIT_LOG} - GET /api/am/publisher/apis/e2751bd4-70e9-4e96-9c39-c0d334d80213/client-certs/PRODUCTION user: admin@carbon.super app: lOKNtRmYnWO18JvYCYJANhTjS6sa
TID: [-1234] [2026-10-01 20:02:12,470]  INFO {AUDIT_LOG} - GET /api/am/publisher/apis/e2751bd4-70e9-4e96-9c39-c0d334d80213/client-certs/SANDBOX user: admin@carbon.super app: lOKNtRmYnWO18JvYCYJANhTjS6sa
TID: [-1234] [2026-10-01 20:02:12,510]  INFO {AUDIT_LOG} - GET /api/am/publisher/key-managers user: admin@carbon.super app: lOKNtRmYnWO18JvYCYJANhTjS6sa
TID: [-1234] [2026-10-01 20:02:14,010]  INFO {AUDIT_LOG} - GET /api/am/publisher/key-managers user: admin@carbon.super app: lOKNtRmYnWO18JvYCYJANhTjS6sa
TID: [-1234] [2026-10-01 20:02:20,077]  INFO {AUDIT_LOG} - PUT /api/am/publisher/apis/e2751bd4-70e9-4e96-9c39-c0d334d80213 user: admin@carbon.super app: lOKNtRmYnWO18JvYCYJANhTjS6sa
TID: [] [2026-10-01 20:02:20,120]  INFO {AUDIT_LOG} - Initiator=w**************r Action=Get-User-Claim-Values Target=a***n Data={"Claims":{},"Profile":"default"} Outcome=Success
TID: [] [2026-10-01 20:02:20,120]  INFO {AUDIT_LOG} - Initiator=w**************r Action=Get-User-Claim-Values Target=a***n Data={"Claims":{},"Profile":"default"} Outcome=Success
TID: [] [2026-10-01 20:02:20,120]  INFO {AUDIT_LOG} - Initiator=w**************r Action=Get-User-Claim-Values Target=a***n Data={"Claims":{},"Profile":"default"} Outcome=Success
TID: [-1234] [2026-10-01 20:02:20,191]  INFO {AUDIT_LOG} - {"performedBy":"admin","action":"updated","type":"API","info":{"provider":"admin","name":"Api Exemplo","context":"/teste/0.1","version":"0.1"}}
TID: [-1234] [2026-10-01 20:02:20,297]  INFO {AUDIT_LOG} - GET /api/am/publisher/key-managers user: admin@carbon.super app: lOKNtRmYnWO18JvYCYJANhTjS6sa
TID: [-1234] [2026-10-01 20:02:20,321]  INFO {AUDIT_LOG} - Initiator=w**************r Action=Get-User-Claim-Values Target=a***n Data={"Claims":{},"Profile":"default"} Outcome=Success
TID: [-1234] [2026-10-01 20:02:20,322]  INFO {AUDIT_LOG} - Initiator=w**************r Action=Get-User-Claim-Values Target=a***n Data={"Claims":{},"Profile":"default"} Outcome=Success
TID: [-1234] [2026-10-01 20:02:20,322]  INFO {AUDIT_LOG} - Initiator=w**************r Action=Get-User-Claim-Values Target=a***n Data={"Claims":{},"Profile":"default"} Outcome=Success
TID: [-1234] [2026-10-01 20:02:20,341]  INFO {AUDIT_LOG} - Initiator=w**************r Action=Get-User-Claim-Values Target=a***n Data={"Claims":{},"Profile":"default"} Outcome=Success
TID: [-1234] [2026-10-01 20:02:20,341]  INFO {AUDIT_LOG} - Initiator=w**************r Action=Get-User-Claim-Values Target=a***n Data={"Claims":{},"Profile":"default"} Outcome=Success
TID: [-1234] [2026-10-01 20:02:20,341]  INFO {AUDIT_LOG} - Initiator=w**************r Action=Get-User-Claim-Values Target=a***n Data={"Claims":{},"Profile":"default"} Outcome=Success
TID: [-1234] [2026-10-01 20:02:20,353]  INFO {AUDIT_LOG} - GET /api/am/publisher/key-managers user: admin@carbon.super app: lOKNtRmYnWO18JvYCYJANhTjS6sa
TID: [-1234] [2026-10-01 20:02:22,922]  INFO {AUDIT_LOG} - PUT /api/am/publisher/apis/e2751bd4-70e9-4e96-9c39-c0d334d80213 user: admin@carbon.super app: lOKNtRmYnWO18JvYCYJANhTjS6sa
TID: [-1234] [2026-10-01 20:02:22,987]  INFO {AUDIT_LOG} - {"performedBy":"admin","action":"updated","type":"API","info":{"provider":"admin","name":"Api Exemplo","context":"/teste/0.1","version":"0.1"}}
TID: [-1234] [2026-10-01 20:02:23,069]  INFO {AUDIT_LOG} - GET /api/am/publisher/apis/e2751bd4-70e9-4e96-9c39-c0d334d80213/asyncapi user: admin@carbon.super app: lOKNtRmYnWO18JvYCYJANhTjS6sa
TID: [-1234] [2026-10-01 20:02:23,341]  INFO {AUDIT_LOG} - Initiator=w**************r Action=Get-User-Claim-Values Target=a***n Data={"Claims":{},"Profile":"default"} Outcome=Success
TID: [-1234] [2026-10-01 20:02:23,342]  INFO {AUDIT_LOG} - Initiator=w**************r Action=Get-User-Claim-Values Target=a***n Data={"Claims":{},"Profile":"default"} Outcome=Success
TID: [-1234] [2026-10-01 20:02:23,342]  INFO {AUDIT_LOG} - Initiator=w**************r Action=Get-User-Claim-Values Target=a***n Data={"Claims":{},"Profile":"default"} Outcome=Success
TID: [-1234] [2026-10-01 20:02:23,353]  INFO {AUDIT_LOG} - Initiator=w**************r Action=Get-User-Claim-Values Target=a***n Data={"Claims":{},"Profile":"default"} Outcome=Success
TID: [-1234] [2026-10-01 20:02:23,353]  INFO {AUDIT_LOG} - Initiator=w**************r Action=Get-User-Claim-Values Target=a***n Data={"Claims":{},"Profile":"default"} Outcome=Success
TID: [-1234] [2026-10-01 20:02:23,353]  INFO {AUDIT_LOG} - Initiator=w**************r Action=Get-User-Claim-Values Target=a***n Data={"Claims":{},"Profile":"default"} Outcome=Success
TID: [-1234] [2026-10-01 20:02:24,488]  INFO {AUDIT_LOG} - POST /api/am/publisher/apis/e2751bd4-70e9-4e96-9c39-c0d334d80213/revisions user: admin@carbon.super app: lOKNtRmYnWO18JvYCYJANhTjS6sa
TID: [-1234] [2026-10-01 20:02:24,541]  INFO {AUDIT_LOG} - POST /api/am/publisher/apis/e2751bd4-70e9-4e96-9c39-c0d334d80213/deploy-revision?revisionId=1b1eef81-3e69-43c0-8262-3281fb6dae4d user: admin@carbon.super app: lOKNtRmYnWO18JvYCYJANhTjS6sa
TID: [-1234] [2026-10-01 20:02:24,709]  INFO {AUDIT_LOG} - GET /api/am/publisher/apis/e2751bd4-70e9-4e96-9c39-c0d334d80213/revisions user: admin@carbon.super app: lOKNtRmYnWO18JvYCYJANhTjS6sa
TID: [-1234] [2026-10-01 20:02:24,709]  INFO {AUDIT_LOG} - GET /api/am/publisher/apis/e2751bd4-70e9-4e96-9c39-c0d334d80213/revisions?query=deployed%3Atrue user: admin@carbon.super app: lOKNtRmYnWO18JvYCYJANhTjS6sa
TID: [-1234] [2026-10-01 20:02:25,255]  INFO {AUDIT_LOG} - Initiator=w**************r Action=Get-User-Claim-Values Target=a***n Data={"Claims":{},"Profile":"default"} Outcome=Success
TID: [-1234] [2026-10-01 20:02:25,255]  INFO {AUDIT_LOG} - Initiator=w**************r Action=Get-User-Claim-Values Target=a***n Data={"Claims":{},"Profile":"default"} Outcome=Success
TID: [-1234] [2026-10-01 20:02:25,255]  INFO {AUDIT_LOG} - Initiator=w**************r Action=Get-User-Claim-Values Target=a***n Data={"Claims":{},"Profile":"default"} Outcome=Success
TID: [-1234] [2026-10-01 20:02:25,914]  INFO {AUDIT_LOG} - GET /api/am/publisher/apis/e2751bd4-70e9-4e96-9c39-c0d334d80213/deployments user: admin@carbon.super app: lOKNtRmYnWO18JvYCYJANhTjS6sa
TID: [-1234] [2026-10-01 20:02:25,918]  INFO {AUDIT_LOG} - GET /api/am/publisher/apis/e2751bd4-70e9-4e96-9c39-c0d334d80213/swagger user: admin@carbon.super app: lOKNtRmYnWO18JvYCYJANhTjS6sa
TID: [-1234] [2026-10-01 20:02:25,922]  INFO {AUDIT_LOG} - POST /api/am/publisher/apis/e2751bd4-70e9-4e96-9c39-c0d334d80213/generate-key user: admin@carbon.super app: lOKNtRmYnWO18JvYCYJANhTjS6sa
TID: [-1234] [2026-10-01 20:02:30,270]  INFO {AUDIT_LOG} - Initiator=w**************r Action=Get-User-Claim-Values Target=a***n Data={"Claims":{},"Profile":"default"} Outcome=Success
TID: [-1234] [2026-10-01 20:02:30,270]  INFO {AUDIT_LOG} - Initiator=w**************r Action=Get-User-Claim-Values Target=a***n Data={"Claims":{},"Profile":"default"} Outcome=Success
TID: [-1234] [2026-10-01 20:02:30,270]  INFO {AUDIT_LOG} - Initiator=w**************r Action=Get-User-Claim-Values Target=a***n Data={"Claims":{},"Profile":"default"} Outcome=Success
TID: [] [2026-10-01 20:02:30,327]  INFO {AUDIT_LOG} - {"performedBy":"SYSTEM: carbon.super","action":"undeployed","type":"API","info":"e2751bd4-70e9-4e96-9c39-c0d334d80213"}
TID: [] [2026-10-01 20:02:30,357]  INFO {AUDIT_LOG} - {"performedBy":"SYSTEM: carbon.super","action":"deployed","type":"API","info":"e2751bd4-70e9-4e96-9c39-c0d334d80213"}
TID: [-1234] [2026-10-01 20:02:30,366]  INFO {AUDIT_LOG} - Initiator=w**************r Action=Get-User-Claim-Values Target=a***n Data={"Claims":{},"Profile":"default"} Outcome=Success
TID: [-1234] [2026-10-01 20:02:30,366]  INFO {AUDIT_LOG} - Initiator=w**************r Action=Get-User-Claim-Values Target=a***n Data={"Claims":{},"Profile":"default"} Outcome=Success
TID: [-1234] [2026-10-01 20:02:30,366]  INFO {AUDIT_LOG} - Initiator=w**************r Action=Get-User-Claim-Values Target=a***n Data={"Claims":{},"Profile":"default"} Outcome=Success
TID: [-1234] [2026-10-01 20:02:31,095]  INFO {AUDIT_LOG} - Initiator=w**************r Action=Get-User-Claim-Values Target=a***n Data={"Claims":{},"Profile":"default"} Outcome=Success
TID: [-1234] [2026-10-01 20:02:31,095]  INFO {AUDIT_LOG} - Initiator=w**************r Action=Get-User-Claim-Values Target=a***n Data={"Claims":{},"Profile":"default"} Outcome=Success
TID: [-1234] [2026-10-01 20:02:31,096]  INFO {AUDIT_LOG} - Initiator=w**************r Action=Get-User-Claim-Values Target=a***n Data={"Claims":{},"Profile":"default"} Outcome=Success
TID: [-1234] [2026-10-01 20:02:38,795]  INFO {AUDIT_LOG} - Initiator=w**************r Action=Get-User-Claim-Values Target=a***n Data={"Claims":{},"Profile":"default"} Outcome=Success
TID: [-1234] [2026-10-01 20:02:38,795]  INFO {AUDIT_LOG} - Initiator=w**************r Action=Get-User-Claim-Values Target=a***n Data={"Claims":{},"Profile":"default"} Outcome=Success
TID: [-1234] [2026-10-01 20:02:38,795]  INFO {AUDIT_LOG} - Initiator=w**************r Action=Get-User-Claim-Values Target=a***n Data={"Claims":{},"Profile":"default"} Outcome=Success
TID: [-1234] [2026-10-01 20:03:08,794]  INFO {AUDIT_LOG} - Initiator=w**************r Action=Get-User-Claim-Values Target=a***n Data={"Claims":{},"Profile":"default"} Outcome=Success
TID: [-1234] [2026-10-01 20:03:08,794]  INFO {AUDIT_LOG} - Initiator=w**************r Action=Get-User-Claim-Values Target=a***n Data={"Claims":{},"Profile":"default"} Outcome=Success
TID: [-1234] [2026-10-01 20:03:08,794]  INFO {AUDIT_LOG} - Initiator=w**************r Action=Get-User-Claim-Values Target=a***n Data={"Claims":{},"Profile":"default"} Outcome=Success
TID: [-1234] [2026-10-01 20:03:38,795]  INFO {AUDIT_LOG} - Initiator=w**************r Action=Get-User-Claim-Values Target=a***n Data={"Claims":{},"Profile":"default"} Outcome=Success
TID: [-1234] [2026-10-01 20:03:38,795]  INFO {AUDIT_LOG} - Initiator=w**************r Action=Get-User-Claim-Values Target=a***n Data={"Claims":{},"Profile":"default"} Outcome=Success
TID: [-1234] [2026-10-01 20:03:38,795]  INFO {AUDIT_LOG} - Initiator=w**************r Action=Get-User-Claim-Values Target=a***n Data={"Claims":{},"Profile":"default"} Outcome=Success
TID: [-1234] [2026-10-01 20:04:08,795]  INFO {AUDIT_LOG} - Initiator=w**************r Action=Get-User-Claim-Values Target=a***n Data={"Claims":{},"Profile":"default"} Outcome=Success
TID: [-1234] [2026-10-01 20:04:08,795]  INFO {AUDIT_LOG} - Initiator=w**************r Action=Get-User-Claim-Values Target=a***n Data={"Claims":{},"Profile":"default"} Outcome=Success
TID: [-1234] [2026-10-01 20:04:08,796]  INFO {AUDIT_LOG} - Initiator=w**************r Action=Get-User-Claim-Values Target=a***n Data={"Claims":{},"Profile":"default"} Outcome=Success
TID: [-1234] [2026-10-01 20:04:38,795]  INFO {AUDIT_LOG} - Initiator=w**************r Action=Get-User-Claim-Values Target=a***n Data={"Claims":{},"Profile":"default"} Outcome=Success
TID: [-1234] [2026-10-01 20:04:38,795]  INFO {AUDIT_LOG} - Initiator=w**************r Action=Get-User-Claim-Values Target=a***n Data={"Claims":{},"Profile":"default"} Outcome=Success
TID: [-1234] [2026-10-01 20:04:38,795]  INFO {AUDIT_LOG} - Initiator=w**************r Action=Get-User-Claim-Values Target=a***n Data={"Claims":{},"Profile":"default"} Outcome=Success
TID: [-1234] [2026-10-01 20:05:08,798]  INFO {AUDIT_LOG} - Initiator=w**************r Action=Get-User-Claim-Values Target=a***n Data={"Claims":{},"Profile":"default"} Outcome=Success
TID: [-1234] [2026-10-01 20:05:08,798]  INFO {AUDIT_LOG} - Initiator=w**************r Action=Get-User-Claim-Values Target=a***n Data={"Claims":{},"Profile":"default"} Outcome=Success
TID: [-1234] [2026-10-01 20:05:08,798]  INFO {AUDIT_LOG} - Initiator=w**************r Action=Get-User-Claim-Values Target=a***n Data={"Claims":{},"Profile":"default"} Outcome=Success
TID: [-1234] [2026-10-01 20:05:38,829]  INFO {AUDIT_LOG} - Initiator=w**************r Action=Get-User-Claim-Values Target=a***n Data={"Claims":{},"Profile":"default"} Outcome=Success
TID: [-1234] [2026-10-01 20:05:38,830]  INFO {AUDIT_LOG} - Initiator=w**************r Action=Get-User-Claim-Values Target=a***n Data={"Claims":{},"Profile":"default"} Outcome=Success
TID: [-1234] [2026-10-01 20:05:38,830]  INFO {AUDIT_LOG} - Initiator=w**************r Action=Get-User-Claim-Values Target=a***n Data={"Claims":{},"Profile":"default"} Outcome=Success
TID: [-1234] [2026-10-01 20:06:08,795]  INFO {AUDIT_LOG} - Initiator=w**************r Action=Get-User-Claim-Values Target=a***n Data={"Claims":{},"Profile":"default"} Outcome=Success
TID: [-1234] [2026-10-01 20:06:08,796]  INFO {AUDIT_LOG} - Initiator=w**************r Action=Get-User-Claim-Values Target=a***n Data={"Claims":{},"Profile":"default"} Outcome=Success
TID: [-1234] [2026-10-01 20:06:08,796]  INFO {AUDIT_LOG} - Initiator=w**************r Action=Get-User-Claim-Values Target=a***n Data={"Claims":{},"Profile":"default"} Outcome=Success
TID: [-1234] [2026-10-01 20:06:38,796]  INFO {AUDIT_LOG} - Initiator=w**************r Action=Get-User-Claim-Values Target=a***n Data={"Claims":{},"Profile":"default"} Outcome=Success
TID: [-1234] [2026-10-01 20:06:38,797]  INFO {AUDIT_LOG} - Initiator=w**************r Action=Get-User-Claim-Values Target=a***n Data={"Claims":{},"Profile":"default"} Outcome=Success
TID: [-1234] [2026-10-01 20:06:38,797]  INFO {AUDIT_LOG} - Initiator=w**************r Action=Get-User-Claim-Values Target=a***n Data={"Claims":{},"Profile":"default"} Outcome=Success
TID: [-1234] [2026-10-01 20:07:08,795]  INFO {AUDIT_LOG} - Initiator=w**************r Action=Get-User-Claim-Values Target=a***n Data={"Claims":{},"Profile":"default"} Outcome=Success
TID: [-1234] [2026-10-01 20:07:08,795]  INFO {AUDIT_LOG} - Initiator=w**************r Action=Get-User-Claim-Values Target=a***n Data={"Claims":{},"Profile":"default"} Outcome=Success
TID: [-1234] [2026-10-01 20:07:08,795]  INFO {AUDIT_LOG} - Initiator=w**************r Action=Get-User-Claim-Values Target=a***n Data={"Claims":{},"Profile":"default"} Outcome=Success
TID: [-1234] [2026-10-01 20:07:38,795]  INFO {AUDIT_LOG} - Initiator=w**************r Action=Get-User-Claim-Values Target=a***n Data={"Claims":{},"Profile":"default"} Outcome=Success
TID: [-1234] [2026-10-01 20:07:38,795]  INFO {AUDIT_LOG} - Initiator=w**************r Action=Get-User-Claim-Values Target=a***n Data={"Claims":{},"Profile":"default"} Outcome=Success
TID: [-1234] [2026-10-01 20:07:38,795]  INFO {AUDIT_LOG} - Initiator=w**************r Action=Get-User-Claim-Values Target=a***n Data={"Claims":{},"Profile":"default"} Outcome=Success
TID: [-1234] [2026-10-01 20:08:08,795]  INFO {AUDIT_LOG} - Initiator=w**************r Action=Get-User-Claim-Values Target=a***n Data={"Claims":{},"Profile":"default"} Outcome=Success
TID: [-1234] [2026-10-01 20:08:08,795]  INFO {AUDIT_LOG} - Initiator=w**************r Action=Get-User-Claim-Values Target=a***n Data={"Claims":{},"Profile":"default"} Outcome=Success
TID: [-1234] [2026-10-01 20:08:08,795]  INFO {AUDIT_LOG} - Initiator=w**************r Action=Get-User-Claim-Values Target=a***n Data={"Claims":{},"Profile":"default"} Outcome=Success
TID: [-1234] [2026-10-01 20:08:38,795]  INFO {AUDIT_LOG} - Initiator=w**************r Action=Get-User-Claim-Values Target=a***n Data={"Claims":{},"Profile":"default"} Outcome=Success
TID: [-1234] [2026-10-01 20:08:38,796]  INFO {AUDIT_LOG} - Initiator=w**************r Action=Get-User-Claim-Values Target=a***n Data={"Claims":{},"Profile":"default"} Outcome=Success
TID: [-1234] [2026-10-01 20:08:38,796]  INFO {AUDIT_LOG} - Initiator=w**************r Action=Get-User-Claim-Values Target=a***n Data={"Claims":{},"Profile":"default"} Outcome=Success
TID: [-1234] [2026-10-01 20:09:08,796]  INFO {AUDIT_LOG} - Initiator=w**************r Action=Get-User-Claim-Values Target=a***n Data={"Claims":{},"Profile":"default"} Outcome=Success
TID: [-1234] [2026-10-01 20:09:08,796]  INFO {AUDIT_LOG} - Initiator=w**************r Action=Get-User-Claim-Values Target=a***n Data={"Claims":{},"Profile":"default"} Outcome=Success
TID: [-1234] [2026-10-01 20:09:08,796]  INFO {AUDIT_LOG} - Initiator=w**************r Action=Get-User-Claim-Values Target=a***n Data={"Claims":{},"Profile":"default"} Outcome=Success
TID: [-1234] [2026-10-01 20:09:38,795]  INFO {AUDIT_LOG} - Initiator=w**************r Action=Get-User-Claim-Values Target=a***n Data={"Claims":{},"Profile":"default"} Outcome=Success
TID: [-1234] [2026-10-01 20:09:38,795]  INFO {AUDIT_LOG} - Initiator=w**************r Action=Get-User-Claim-Values Target=a***n Data={"Claims":{},"Profile":"default"} Outcome=Success
TID: [-1234] [2026-10-01 20:09:38,795]  INFO {AUDIT_LOG} - Initiator=w**************r Action=Get-User-Claim-Values Target=a***n Data={"Claims":{},"Profile":"default"} Outcome=Success
TID: [-1234] [2026-10-01 20:10:08,797]  INFO {AUDIT_LOG} - Initiator=w**************r Action=Get-User-Claim-Values Target=a***n Data={"Claims":{},"Profile":"default"} Outcome=Success
TID: [-1234] [2026-10-01 20:10:08,797]  INFO {AUDIT_LOG} - Initiator=w**************r Action=Get-User-Claim-Values Target=a***n Data={"Claims":{},"Profile":"default"} Outcome=Success
TID: [-1234] [2026-10-01 20:10:08,797]  INFO {AUDIT_LOG} - Initiator=w**************r Action=Get-User-Claim-Values Target=a***n Data={"Claims":{},"Profile":"default"} Outcome=Success
TID: [-1234] [2026-10-01 20:10:15,223]  INFO {AUDIT_LOG} - Initiator=w**************r Action=Get-User-Claim-Value Target=a***n Data={"Claim":"http://wso2.org/claims/organization"} Outcome=Success
TID: [-1234] [2026-10-01 20:10:15,223]  INFO {AUDIT_LOG} - Initiator=w**************r Action=Get-User-Claim-Value Target=a***n Data={"Claim":"http://wso2.org/claims/organization"} Outcome=Success
TID: [-1234] [2026-10-01 20:10:15,223]  INFO {AUDIT_LOG} - Initiator=w**************r Action=Get-User-Claim-Value Target=a***n Data={"Claim":"http://wso2.org/claims/organization"} Outcome=Success
TID: [-1234] [2026-10-01 20:10:15,223]  INFO {AUDIT_LOG} - Initiator=w**************r Action=Get-User-Claim-Value Target=a***n Data={"Claim":"http://wso2.org/claims/organization"} Outcome=Success
TID: [-1234] [2026-10-01 20:10:15,226]  INFO {AUDIT_LOG} - GET /api/am/publisher/apis/e2751bd4-70e9-4e96-9c39-c0d334d80213/amznResourceNames user: admin@carbon.super app: lOKNtRmYnWO18JvYCYJANhTjS6sa
TID: [-1234] [2026-10-01 20:10:15,226]  INFO {AUDIT_LOG} - GET /api/am/publisher/throttling-policies/api?limit=80 user: admin@carbon.super app: lOKNtRmYnWO18JvYCYJANhTjS6sa
TID: [-1234] [2026-10-01 20:10:15,226]  INFO {AUDIT_LOG} - GET /api/am/publisher/scopes?limit=2000&offset=0 user: admin@carbon.super app: lOKNtRmYnWO18JvYCYJANhTjS6sa
TID: [-1234] [2026-10-01 20:10:15,226]  INFO {AUDIT_LOG} - GET /api/am/publisher/apis/e2751bd4-70e9-4e96-9c39-c0d334d80213/swagger user: admin@carbon.super app: lOKNtRmYnWO18JvYCYJANhTjS6sa
TID: [-1234] [2026-10-01 20:10:15,906]  INFO {AUDIT_LOG} - GET /api/am/publisher/key-managers user: admin@carbon.super app: lOKNtRmYnWO18JvYCYJANhTjS6sa
TID: [-1234] [2026-10-01 20:10:15,981]  INFO {AUDIT_LOG} - GET /api/am/publisher/key-managers user: admin@carbon.super app: lOKNtRmYnWO18JvYCYJANhTjS6sa
TID: [-1234] [2026-10-01 20:10:15,981]  INFO {AUDIT_LOG} - GET /api/am/publisher/apis/e2751bd4-70e9-4e96-9c39-c0d334d80213/client-certs/SANDBOX user: admin@carbon.super app: lOKNtRmYnWO18JvYCYJANhTjS6sa
TID: [-1234] [2026-10-01 20:10:15,981]  INFO {AUDIT_LOG} - GET /api/am/publisher/apis/e2751bd4-70e9-4e96-9c39-c0d334d80213/client-certs/PRODUCTION user: admin@carbon.super app: lOKNtRmYnWO18JvYCYJANhTjS6sa
TID: [-1234] [2026-10-01 20:10:16,016]  INFO {AUDIT_LOG} - GET /api/am/publisher/key-managers user: admin@carbon.super app: lOKNtRmYnWO18JvYCYJANhTjS6sa
TID: [-1234] [2026-10-01 20:10:21,423]  INFO {AUDIT_LOG} - PUT /api/am/publisher/apis/e2751bd4-70e9-4e96-9c39-c0d334d80213 user: admin@carbon.super app: lOKNtRmYnWO18JvYCYJANhTjS6sa
TID: [-1234] [2026-10-01 20:10:21,429]  INFO {AUDIT_LOG} - Initiator=3b0ad53a-aebd-42fa-b767-c60140e01226 Action=Get-Roles-of-User Target=a***n Data={"Filter":"*","Roles":["Internal/subscriber","Internal/creator","Internal/publisher","Internal/everyone","Internal/devops","admin","Internal/analytics","Internal/observer","Internal/integration_dev"]} Outcome=Success
TID: [] [2026-10-01 20:10:21,449]  INFO {AUDIT_LOG} - Initiator=w**************r Action=Get-User-Claim-Values Target=a***n Data={"Claims":{},"Profile":"default"} Outcome=Success
TID: [] [2026-10-01 20:10:21,450]  INFO {AUDIT_LOG} - Initiator=w**************r Action=Get-User-Claim-Values Target=a***n Data={"Claims":{},"Profile":"default"} Outcome=Success
TID: [] [2026-10-01 20:10:21,450]  INFO {AUDIT_LOG} - Initiator=w**************r Action=Get-User-Claim-Values Target=a***n Data={"Claims":{},"Profile":"default"} Outcome=Success
TID: [-1234] [2026-10-01 20:10:21,471]  INFO {AUDIT_LOG} - {"performedBy":"admin","action":"updated","type":"API","info":{"provider":"admin","name":"Api Exemplo","context":"/teste/0.1","version":"0.1"}}
TID: [-1234] [2026-10-01 20:10:21,546]  INFO {AUDIT_LOG} - GET /api/am/publisher/apis/e2751bd4-70e9-4e96-9c39-c0d334d80213/asyncapi user: admin@carbon.super app: lOKNtRmYnWO18JvYCYJANhTjS6sa
TID: [-1234] [2026-10-01 20:10:21,810]  INFO {AUDIT_LOG} - Initiator=w**************r Action=Get-User-Claim-Values Target=a***n Data={"Claims":{},"Profile":"default"} Outcome=Success
TID: [-1234] [2026-10-01 20:10:21,810]  INFO {AUDIT_LOG} - Initiator=w**************r Action=Get-User-Claim-Values Target=a***n Data={"Claims":{},"Profile":"default"} Outcome=Success
TID: [-1234] [2026-10-01 20:10:21,810]  INFO {AUDIT_LOG} - Initiator=w**************r Action=Get-User-Claim-Values Target=a***n Data={"Claims":{},"Profile":"default"} Outcome=Success
TID: [-1234] [2026-10-01 20:10:21,825]  INFO {AUDIT_LOG} - Initiator=w**************r Action=Get-User-Claim-Values Target=a***n Data={"Claims":{},"Profile":"default"} Outcome=Success
TID: [-1234] [2026-10-01 20:10:21,825]  INFO {AUDIT_LOG} - Initiator=w**************r Action=Get-User-Claim-Values Target=a***n Data={"Claims":{},"Profile":"default"} Outcome=Success
TID: [-1234] [2026-10-01 20:10:21,825]  INFO {AUDIT_LOG} - Initiator=w**************r Action=Get-User-Claim-Values Target=a***n Data={"Claims":{},"Profile":"default"} Outcome=Success
TID: [-1234] [2026-10-01 20:10:23,308]  INFO {AUDIT_LOG} - POST /api/am/publisher/apis/e2751bd4-70e9-4e96-9c39-c0d334d80213/revisions user: admin@carbon.super app: lOKNtRmYnWO18JvYCYJANhTjS6sa
TID: [-1234] [2026-10-01 20:10:23,360]  INFO {AUDIT_LOG} - POST /api/am/publisher/apis/e2751bd4-70e9-4e96-9c39-c0d334d80213/deploy-revision?revisionId=b2cf23ba-8c9b-4835-a4d6-b27b87362c6e user: admin@carbon.super app: lOKNtRmYnWO18JvYCYJANhTjS6sa
TID: [-1234] [2026-10-01 20:10:23,515]  INFO {AUDIT_LOG} - GET /api/am/publisher/apis/e2751bd4-70e9-4e96-9c39-c0d334d80213/revisions user: admin@carbon.super app: lOKNtRmYnWO18JvYCYJANhTjS6sa
TID: [-1234] [2026-10-01 20:10:23,515]  INFO {AUDIT_LOG} - GET /api/am/publisher/apis/e2751bd4-70e9-4e96-9c39-c0d334d80213/revisions?query=deployed%3Atrue user: admin@carbon.super app: lOKNtRmYnWO18JvYCYJANhTjS6sa
TID: [-1234] [2026-10-01 20:10:23,732]  INFO {AUDIT_LOG} - Initiator=w**************r Action=Get-User-Claim-Values Target=a***n Data={"Claims":{},"Profile":"default"} Outcome=Success
TID: [-1234] [2026-10-01 20:10:23,733]  INFO {AUDIT_LOG} - Initiator=w**************r Action=Get-User-Claim-Values Target=a***n Data={"Claims":{},"Profile":"default"} Outcome=Success
TID: [-1234] [2026-10-01 20:10:23,733]  INFO {AUDIT_LOG} - Initiator=w**************r Action=Get-User-Claim-Values Target=a***n Data={"Claims":{},"Profile":"default"} Outcome=Success
TID: [-1234] [2026-10-01 20:10:26,669]  INFO {AUDIT_LOG} - GET /api/am/publisher/apis/e2751bd4-70e9-4e96-9c39-c0d334d80213/revisions?query=deployed%3Atrue user: admin@carbon.super app: lOKNtRmYnWO18JvYCYJANhTjS6sa
TID: [-1234] [2026-10-01 20:10:28,069]  INFO {AUDIT_LOG} - GET /api/am/publisher/settings user: admin@carbon.super app: lOKNtRmYnWO18JvYCYJANhTjS6sa
TID: [-1234] [2026-10-01 20:10:28,071]  INFO {AUDIT_LOG} - GET /api/am/publisher/apis/e2751bd4-70e9-4e96-9c39-c0d334d80213/monetization user: admin@carbon.super app: lOKNtRmYnWO18JvYCYJANhTjS6sa
TID: [-1234] [2026-10-01 20:10:28,108]  INFO {AUDIT_LOG} - GET /api/am/publisher/apis/e2751bd4-70e9-4e96-9c39-c0d334d80213/subscription-policies user: admin@carbon.super app: lOKNtRmYnWO18JvYCYJANhTjS6sa
TID: [-1234] [2026-10-01 20:10:28,108]  INFO {AUDIT_LOG} - GET /api/am/publisher/apis/e2751bd4-70e9-4e96-9c39-c0d334d80213/monetization user: admin@carbon.super app: lOKNtRmYnWO18JvYCYJANhTjS6sa
TID: [-1234] [2026-10-01 20:10:28,171]  INFO {AUDIT_LOG} - GET /api/am/publisher/settings user: admin@carbon.super app: lOKNtRmYnWO18JvYCYJANhTjS6sa
TID: [-1234] [2026-10-01 20:10:28,751]  INFO {AUDIT_LOG} - Initiator=w**************r Action=Get-User-Claim-Values Target=a***n Data={"Claims":{},"Profile":"default"} Outcome=Success
TID: [-1234] [2026-10-01 20:10:28,751]  INFO {AUDIT_LOG} - Initiator=w**************r Action=Get-User-Claim-Values Target=a***n Data={"Claims":{},"Profile":"default"} Outcome=Success
TID: [-1234] [2026-10-01 20:10:28,751]  INFO {AUDIT_LOG} - Initiator=w**************r Action=Get-User-Claim-Values Target=a***n Data={"Claims":{},"Profile":"default"} Outcome=Success
TID: [] [2026-10-01 20:10:28,809]  INFO {AUDIT_LOG} - {"performedBy":"SYSTEM: carbon.super","action":"undeployed","type":"API","info":"e2751bd4-70e9-4e96-9c39-c0d334d80213"}
TID: [] [2026-10-01 20:10:28,836]  INFO {AUDIT_LOG} - {"performedBy":"SYSTEM: carbon.super","action":"deployed","type":"API","info":"e2751bd4-70e9-4e96-9c39-c0d334d80213"}
TID: [-1234] [2026-10-01 20:10:28,845]  INFO {AUDIT_LOG} - Initiator=w**************r Action=Get-User-Claim-Values Target=a***n Data={"Claims":{},"Profile":"default"} Outcome=Success
TID: [-1234] [2026-10-01 20:10:28,846]  INFO {AUDIT_LOG} - Initiator=w**************r Action=Get-User-Claim-Values Target=a***n Data={"Claims":{},"Profile":"default"} Outcome=Success
TID: [-1234] [2026-10-01 20:10:28,846]  INFO {AUDIT_LOG} - Initiator=w**************r Action=Get-User-Claim-Values Target=a***n Data={"Claims":{},"Profile":"default"} Outcome=Success
TID: [-1234] [2026-10-01 20:10:29,095]  INFO {AUDIT_LOG} - Initiator=w**************r Action=Get-User-Claim-Values Target=a***n Data={"Claims":{},"Profile":"default"} Outcome=Success
TID: [-1234] [2026-10-01 20:10:29,095]  INFO {AUDIT_LOG} - Initiator=w**************r Action=Get-User-Claim-Values Target=a***n Data={"Claims":{},"Profile":"default"} Outcome=Success
TID: [-1234] [2026-10-01 20:10:29,096]  INFO {AUDIT_LOG} - Initiator=w**************r Action=Get-User-Claim-Values Target=a***n Data={"Claims":{},"Profile":"default"} Outcome=Success
TID: [-1234] [2026-10-01 20:10:30,042]  INFO {AUDIT_LOG} - GET /api/am/publisher/apis/e2751bd4-70e9-4e96-9c39-c0d334d80213/documents?limit=1000 user: admin@carbon.super app: lOKNtRmYnWO18JvYCYJANhTjS6sa
TID: [-1234] [2026-10-01 20:10:31,413]  INFO {AUDIT_LOG} - GET /api/am/publisher/tenants?state=ACTIVE user: admin@carbon.super app: lOKNtRmYnWO18JvYCYJANhTjS6sa
TID: [-1234] [2026-10-01 20:10:31,413]  INFO {AUDIT_LOG} - GET /api/am/publisher/subscriptions?apiId=e2751bd4-70e9-4e96-9c39-c0d334d80213 user: admin@carbon.super app: lOKNtRmYnWO18JvYCYJANhTjS6sa
TID: [-1234] [2026-10-01 20:10:31,472]  INFO {AUDIT_LOG} - GET /api/am/publisher/apis/e2751bd4-70e9-4e96-9c39-c0d334d80213/monetization user: admin@carbon.super app: lOKNtRmYnWO18JvYCYJANhTjS6sa
TID: [-1234] [2026-10-01 20:10:31,472]  INFO {AUDIT_LOG} - GET /api/am/publisher/throttling-policies/subscription?isAiApi=false user: admin@carbon.super app: lOKNtRmYnWO18JvYCYJANhTjS6sa
TID: [-1234] [2026-10-01 20:10:31,472]  INFO {AUDIT_LOG} - GET /api/am/publisher/subscriptions?apiId=e2751bd4-70e9-4e96-9c39-c0d334d80213&limit=2000&offset=0 user: admin@carbon.super app: lOKNtRmYnWO18JvYCYJANhTjS6sa
TID: [-1234] [2026-10-01 20:10:31,472]  INFO {AUDIT_LOG} - GET /api/am/publisher/apis/e2751bd4-70e9-4e96-9c39-c0d334d80213/subscription-policies?isAiApi=false user: admin@carbon.super app: lOKNtRmYnWO18JvYCYJANhTjS6sa
TID: [-1234] [2026-10-01 20:10:32,029]  INFO {AUDIT_LOG} - GET /api/am/publisher/key-managers user: admin@carbon.super app: lOKNtRmYnWO18JvYCYJANhTjS6sa
TID: [-1234] [2026-10-01 20:10:32,101]  INFO {AUDIT_LOG} - GET /api/am/publisher/key-managers user: admin@carbon.super app: lOKNtRmYnWO18JvYCYJANhTjS6sa
TID: [-1234] [2026-10-01 20:10:32,101]  INFO {AUDIT_LOG} - GET /api/am/publisher/apis/e2751bd4-70e9-4e96-9c39-c0d334d80213/client-certs/PRODUCTION user: admin@carbon.super app: lOKNtRmYnWO18JvYCYJANhTjS6sa
TID: [-1234] [2026-10-01 20:10:32,101]  INFO {AUDIT_LOG} - GET /api/am/publisher/apis/e2751bd4-70e9-4e96-9c39-c0d334d80213/client-certs/SANDBOX user: admin@carbon.super app: lOKNtRmYnWO18JvYCYJANhTjS6sa
TID: [-1234] [2026-10-01 20:10:32,149]  INFO {AUDIT_LOG} - GET /api/am/publisher/key-managers user: admin@carbon.super app: lOKNtRmYnWO18JvYCYJANhTjS6sa
TID: [-1234] [2026-10-01 20:10:37,865]  INFO {AUDIT_LOG} - GET /api/am/publisher/key-managers user: admin@carbon.super app: lOKNtRmYnWO18JvYCYJANhTjS6sa
TID: [-1234] [2026-10-01 20:10:38,552]  INFO {AUDIT_LOG} - GET /api/am/publisher/key-managers user: admin@carbon.super app: lOKNtRmYnWO18JvYCYJANhTjS6sa
TID: [-1234] [2026-10-01 20:10:38,795]  INFO {AUDIT_LOG} - Initiator=w**************r Action=Get-User-Claim-Values Target=a***n Data={"Claims":{},"Profile":"default"} Outcome=Success
TID: [-1234] [2026-10-01 20:10:38,795]  INFO {AUDIT_LOG} - Initiator=w**************r Action=Get-User-Claim-Values Target=a***n Data={"Claims":{},"Profile":"default"} Outcome=Success
TID: [-1234] [2026-10-01 20:10:38,796]  INFO {AUDIT_LOG} - Initiator=w**************r Action=Get-User-Claim-Values Target=a***n Data={"Claims":{},"Profile":"default"} Outcome=Success
TID: [-1234] [2026-10-01 20:10:48,172]  INFO {AUDIT_LOG} - GET /api/am/publisher/apis/e2751bd4-70e9-4e96-9c39-c0d334d80213/swagger user: admin@carbon.super app: lOKNtRmYnWO18JvYCYJANhTjS6sa
TID: [-1234] [2026-10-01 20:10:48,172]  INFO {AUDIT_LOG} - GET /api/am/publisher/apis/e2751bd4-70e9-4e96-9c39-c0d334d80213/deployments user: admin@carbon.super app: lOKNtRmYnWO18JvYCYJANhTjS6sa
TID: [-1234] [2026-10-01 20:10:48,182]  INFO {AUDIT_LOG} - POST /api/am/publisher/apis/e2751bd4-70e9-4e96-9c39-c0d334d80213/generate-key user: admin@carbon.super app: lOKNtRmYnWO18JvYCYJANhTjS6sa
TID: [-1234] [2026-10-01 20:11:08,794]  INFO {AUDIT_LOG} - Initiator=w**************r Action=Get-User-Claim-Values Target=a***n Data={"Claims":{},"Profile":"default"} Outcome=Success
TID: [-1234] [2026-10-01 20:11:08,794]  INFO {AUDIT_LOG} - Initiator=w**************r Action=Get-User-Claim-Values Target=a***n Data={"Claims":{},"Profile":"default"} Outcome=Success
TID: [-1234] [2026-10-01 20:11:08,794]  INFO {AUDIT_LOG} - Initiator=w**************r Action=Get-User-Claim-Values Target=a***n Data={"Claims":{},"Profile":"default"} Outcome=Success
TID: [-1234] [2026-10-01 20:11:33,026]  INFO {AUDIT_LOG} - GET /api/am/publisher/tenants?state=ACTIVE user: admin@carbon.super app: lOKNtRmYnWO18JvYCYJANhTjS6sa
TID: [-1234] [2026-10-01 20:11:33,026]  INFO {AUDIT_LOG} - GET /api/am/publisher/api-categories user: admin@carbon.super app: lOKNtRmYnWO18JvYCYJANhTjS6sa
TID: [-1234] [2026-10-01 20:11:33,026]  INFO {AUDIT_LOG} - GET /api/am/publisher/apis/e2751bd4-70e9-4e96-9c39-c0d334d80213/documents?limit=1000 user: admin@carbon.super app: lOKNtRmYnWO18JvYCYJANhTjS6sa
TID: [-1234] [2026-10-01 20:11:33,030]  INFO {AUDIT_LOG} - GET /api/am/publisher/labels user: admin@carbon.super app: lOKNtRmYnWO18JvYCYJANhTjS6sa
TID: [-1234] [2026-10-01 20:11:33,031]  INFO {AUDIT_LOG} - GET /api/am/publisher/apis/e2751bd4-70e9-4e96-9c39-c0d334d80213/labels user: admin@carbon.super app: lOKNtRmYnWO18JvYCYJANhTjS6sa
TID: [-1234] [2026-10-01 20:11:34,767]  INFO {AUDIT_LOG} - GET /api/am/publisher/subscriptions?apiId=e2751bd4-70e9-4e96-9c39-c0d334d80213 user: admin@carbon.super app: lOKNtRmYnWO18JvYCYJANhTjS6sa
TID: [-1234] [2026-10-01 20:11:34,767]  INFO {AUDIT_LOG} - GET /api/am/publisher/tenants?state=ACTIVE user: admin@carbon.super app: lOKNtRmYnWO18JvYCYJANhTjS6sa
TID: [-1234] [2026-10-01 20:11:34,846]  INFO {AUDIT_LOG} - GET /api/am/publisher/apis/e2751bd4-70e9-4e96-9c39-c0d334d80213/monetization user: admin@carbon.super app: lOKNtRmYnWO18JvYCYJANhTjS6sa
TID: [-1234] [2026-10-01 20:11:34,846]  INFO {AUDIT_LOG} - GET /api/am/publisher/subscriptions?apiId=e2751bd4-70e9-4e96-9c39-c0d334d80213&limit=2000&offset=0 user: admin@carbon.super app: lOKNtRmYnWO18JvYCYJANhTjS6sa
TID: [-1234] [2026-10-01 20:11:34,846]  INFO {AUDIT_LOG} - GET /api/am/publisher/throttling-policies/subscription?isAiApi=false user: admin@carbon.super app: lOKNtRmYnWO18JvYCYJANhTjS6sa
TID: [-1234] [2026-10-01 20:11:34,846]  INFO {AUDIT_LOG} - GET /api/am/publisher/apis/e2751bd4-70e9-4e96-9c39-c0d334d80213/subscription-policies?isAiApi=false user: admin@carbon.super app: lOKNtRmYnWO18JvYCYJANhTjS6sa
TID: [-1234] [2026-10-01 20:11:36,186]  INFO {AUDIT_LOG} - GET /api/am/publisher/apis/e2751bd4-70e9-4e96-9c39-c0d334d80213/documents?limit=1000 user: admin@carbon.super app: lOKNtRmYnWO18JvYCYJANhTjS6sa
TID: [-1234] [2026-10-01 20:11:36,186]  INFO {AUDIT_LOG} - GET /api/am/publisher/tenants?state=ACTIVE user: admin@carbon.super app: lOKNtRmYnWO18JvYCYJANhTjS6sa
TID: [-1234] [2026-10-01 20:11:36,186]  INFO {AUDIT_LOG} - GET /api/am/publisher/labels user: admin@carbon.super app: lOKNtRmYnWO18JvYCYJANhTjS6sa
TID: [-1234] [2026-10-01 20:11:36,186]  INFO {AUDIT_LOG} - GET /api/am/publisher/api-categories user: admin@carbon.super app: lOKNtRmYnWO18JvYCYJANhTjS6sa
TID: [-1234] [2026-10-01 20:11:36,186]  INFO {AUDIT_LOG} - GET /api/am/publisher/apis/e2751bd4-70e9-4e96-9c39-c0d334d80213/labels user: admin@carbon.super app: lOKNtRmYnWO18JvYCYJANhTjS6sa
TID: [-1234] [2026-10-01 20:11:37,466]  INFO {AUDIT_LOG} - GET /api/am/publisher/tenants?state=ACTIVE user: admin@carbon.super app: lOKNtRmYnWO18JvYCYJANhTjS6sa
TID: [-1234] [2026-10-01 20:11:37,466]  INFO {AUDIT_LOG} - GET /api/am/publisher/subscriptions?apiId=e2751bd4-70e9-4e96-9c39-c0d334d80213 user: admin@carbon.super app: lOKNtRmYnWO18JvYCYJANhTjS6sa
TID: [-1234] [2026-10-01 20:11:37,530]  INFO {AUDIT_LOG} - GET /api/am/publisher/throttling-policies/subscription?isAiApi=false user: admin@carbon.super app: lOKNtRmYnWO18JvYCYJANhTjS6sa
TID: [-1234] [2026-10-01 20:11:37,530]  INFO {AUDIT_LOG} - GET /api/am/publisher/subscriptions?apiId=e2751bd4-70e9-4e96-9c39-c0d334d80213&limit=2000&offset=0 user: admin@carbon.super app: lOKNtRmYnWO18JvYCYJANhTjS6sa
TID: [-1234] [2026-10-01 20:11:37,531]  INFO {AUDIT_LOG} - GET /api/am/publisher/apis/e2751bd4-70e9-4e96-9c39-c0d334d80213/monetization user: admin@carbon.super app: lOKNtRmYnWO18JvYCYJANhTjS6sa
TID: [-1234] [2026-10-01 20:11:37,531]  INFO {AUDIT_LOG} - GET /api/am/publisher/apis/e2751bd4-70e9-4e96-9c39-c0d334d80213/subscription-policies?isAiApi=false user: admin@carbon.super app: lOKNtRmYnWO18JvYCYJANhTjS6sa
TID: [-1234] [2026-10-01 20:11:38,438]  INFO {AUDIT_LOG} - GET /api/am/publisher/apis/e2751bd4-70e9-4e96-9c39-c0d334d80213/documents?limit=1000 user: admin@carbon.super app: lOKNtRmYnWO18JvYCYJANhTjS6sa
TID: [-1234] [2026-10-01 20:11:38,795]  INFO {AUDIT_LOG} - Initiator=w**************r Action=Get-User-Claim-Values Target=a***n Data={"Claims":{},"Profile":"default"} Outcome=Success
TID: [-1234] [2026-10-01 20:11:38,795]  INFO {AUDIT_LOG} - Initiator=w**************r Action=Get-User-Claim-Values Target=a***n Data={"Claims":{},"Profile":"default"} Outcome=Success
TID: [-1234] [2026-10-01 20:11:38,795]  INFO {AUDIT_LOG} - Initiator=w**************r Action=Get-User-Claim-Values Target=a***n Data={"Claims":{},"Profile":"default"} Outcome=Success
TID: [-1234] [2026-10-01 20:11:39,033]  INFO {AUDIT_LOG} - GET /api/am/publisher/apis/e2751bd4-70e9-4e96-9c39-c0d334d80213/comments?limit=5&offset=0 user: admin@carbon.super app: lOKNtRmYnWO18JvYCYJANhTjS6sa
TID: [-1234] [2026-10-01 20:11:39,782]  INFO {AUDIT_LOG} - GET /api/am/publisher/key-managers user: admin@carbon.super app: lOKNtRmYnWO18JvYCYJANhTjS6sa
TID: [-1234] [2026-10-01 20:11:39,846]  INFO {AUDIT_LOG} - GET /api/am/publisher/key-managers user: admin@carbon.super app: lOKNtRmYnWO18JvYCYJANhTjS6sa
TID: [-1234] [2026-10-01 20:11:39,846]  INFO {AUDIT_LOG} - GET /api/am/publisher/apis/e2751bd4-70e9-4e96-9c39-c0d334d80213/client-certs/SANDBOX user: admin@carbon.super app: lOKNtRmYnWO18JvYCYJANhTjS6sa
TID: [-1234] [2026-10-01 20:11:39,846]  INFO {AUDIT_LOG} - GET /api/am/publisher/apis/e2751bd4-70e9-4e96-9c39-c0d334d80213/client-certs/PRODUCTION user: admin@carbon.super app: lOKNtRmYnWO18JvYCYJANhTjS6sa
TID: [-1234] [2026-10-01 20:11:39,883]  INFO {AUDIT_LOG} - GET /api/am/publisher/key-managers user: admin@carbon.super app: lOKNtRmYnWO18JvYCYJANhTjS6sa
TID: [-1234] [2026-10-01 20:11:42,188]  INFO {AUDIT_LOG} - GET /api/am/publisher/apis/e2751bd4-70e9-4e96-9c39-c0d334d80213/swagger user: admin@carbon.super app: lOKNtRmYnWO18JvYCYJANhTjS6sa
TID: [-1234] [2026-10-01 20:11:42,188]  INFO {AUDIT_LOG} - GET /api/am/publisher/scopes?limit=2000&offset=0 user: admin@carbon.super app: lOKNtRmYnWO18JvYCYJANhTjS6sa
TID: [-1234] [2026-10-01 20:11:42,188]  INFO {AUDIT_LOG} - GET /api/am/publisher/throttling-policies/api?limit=80 user: admin@carbon.super app: lOKNtRmYnWO18JvYCYJANhTjS6sa
TID: [-1234] [2026-10-01 20:11:42,188]  INFO {AUDIT_LOG} - GET /api/am/publisher/apis/e2751bd4-70e9-4e96-9c39-c0d334d80213/amznResourceNames user: admin@carbon.super app: lOKNtRmYnWO18JvYCYJANhTjS6sa
TID: [-1234] [2026-10-01 20:11:44,581]  INFO {AUDIT_LOG} - GET /api/am/publisher/apis/e2751bd4-70e9-4e96-9c39-c0d334d80213/swagger user: admin@carbon.super app: lOKNtRmYnWO18JvYCYJANhTjS6sa
TID: [-1234] [2026-10-01 20:11:48,305]  INFO {AUDIT_LOG} - GET /api/am/publisher/api-categories user: admin@carbon.super app: lOKNtRmYnWO18JvYCYJANhTjS6sa
TID: [-1234] [2026-10-01 20:11:48,305]  INFO {AUDIT_LOG} - GET /api/am/publisher/labels user: admin@carbon.super app: lOKNtRmYnWO18JvYCYJANhTjS6sa
TID: [-1234] [2026-10-01 20:11:48,305]  INFO {AUDIT_LOG} - GET /api/am/publisher/tenants?state=ACTIVE user: admin@carbon.super app: lOKNtRmYnWO18JvYCYJANhTjS6sa
TID: [-1234] [2026-10-01 20:11:48,305]  INFO {AUDIT_LOG} - GET /api/am/publisher/apis/e2751bd4-70e9-4e96-9c39-c0d334d80213/labels user: admin@carbon.super app: lOKNtRmYnWO18JvYCYJANhTjS6sa
TID: [-1234] [2026-10-01 20:11:48,305]  INFO {AUDIT_LOG} - GET /api/am/publisher/apis/e2751bd4-70e9-4e96-9c39-c0d334d80213/documents?limit=1000 user: admin@carbon.super app: lOKNtRmYnWO18JvYCYJANhTjS6sa
TID: [-1234] [2026-10-01 20:11:50,127]  INFO {AUDIT_LOG} - GET /api/am/publisher/tenants?state=ACTIVE user: admin@carbon.super app: lOKNtRmYnWO18JvYCYJANhTjS6sa
TID: [-1234] [2026-10-01 20:11:50,127]  INFO {AUDIT_LOG} - GET /api/am/publisher/subscriptions?apiId=e2751bd4-70e9-4e96-9c39-c0d334d80213 user: admin@carbon.super app: lOKNtRmYnWO18JvYCYJANhTjS6sa
TID: [-1234] [2026-10-01 20:11:50,184]  INFO {AUDIT_LOG} - GET /api/am/publisher/apis/e2751bd4-70e9-4e96-9c39-c0d334d80213/subscription-policies?isAiApi=false user: admin@carbon.super app: lOKNtRmYnWO18JvYCYJANhTjS6sa
TID: [-1234] [2026-10-01 20:11:50,184]  INFO {AUDIT_LOG} - GET /api/am/publisher/subscriptions?apiId=e2751bd4-70e9-4e96-9c39-c0d334d80213&limit=2000&offset=0 user: admin@carbon.super app: lOKNtRmYnWO18JvYCYJANhTjS6sa
TID: [-1234] [2026-10-01 20:11:50,184]  INFO {AUDIT_LOG} - GET /api/am/publisher/throttling-policies/subscription?isAiApi=false user: admin@carbon.super app: lOKNtRmYnWO18JvYCYJANhTjS6sa
TID: [-1234] [2026-10-01 20:11:50,184]  INFO {AUDIT_LOG} - GET /api/am/publisher/apis/e2751bd4-70e9-4e96-9c39-c0d334d80213/monetization user: admin@carbon.super app: lOKNtRmYnWO18JvYCYJANhTjS6sa
TID: [-1234] [2026-10-01 20:11:54,933]  INFO {AUDIT_LOG} - GET /api/am/publisher/apis/e2751bd4-70e9-4e96-9c39-c0d334d80213/documents?limit=1000 user: admin@carbon.super app: lOKNtRmYnWO18JvYCYJANhTjS6sa
TID: [-1234] [2026-10-01 20:11:55,963]  INFO {AUDIT_LOG} - GET /api/am/publisher/apis/e2751bd4-70e9-4e96-9c39-c0d334d80213/comments?limit=5&offset=0 user: admin@carbon.super app: lOKNtRmYnWO18JvYCYJANhTjS6sa
TID: [-1234] [2026-10-01 20:11:57,312]  INFO {AUDIT_LOG} - GET /api/am/publisher/key-managers user: admin@carbon.super app: lOKNtRmYnWO18JvYCYJANhTjS6sa
TID: [-1234] [2026-10-01 20:11:57,373]  INFO {AUDIT_LOG} - GET /api/am/publisher/key-managers user: admin@carbon.super app: lOKNtRmYnWO18JvYCYJANhTjS6sa
TID: [-1234] [2026-10-01 20:11:57,373]  INFO {AUDIT_LOG} - GET /api/am/publisher/apis/e2751bd4-70e9-4e96-9c39-c0d334d80213/client-certs/SANDBOX user: admin@carbon.super app: lOKNtRmYnWO18JvYCYJANhTjS6sa
TID: [-1234] [2026-10-01 20:11:57,373]  INFO {AUDIT_LOG} - GET /api/am/publisher/apis/e2751bd4-70e9-4e96-9c39-c0d334d80213/client-certs/PRODUCTION user: admin@carbon.super app: lOKNtRmYnWO18JvYCYJANhTjS6sa
TID: [-1234] [2026-10-01 20:11:57,409]  INFO {AUDIT_LOG} - GET /api/am/publisher/key-managers user: admin@carbon.super app: lOKNtRmYnWO18JvYCYJANhTjS6sa
TID: [-1234] [2026-10-01 20:12:01,456]  INFO {AUDIT_LOG} - GET /api/am/publisher/apis/e2751bd4-70e9-4e96-9c39-c0d334d80213/swagger user: admin@carbon.super app: lOKNtRmYnWO18JvYCYJANhTjS6sa
TID: [-1234] [2026-10-01 20:12:01,456]  INFO {AUDIT_LOG} - GET /api/am/publisher/throttling-policies/api?limit=80 user: admin@carbon.super app: lOKNtRmYnWO18JvYCYJANhTjS6sa
TID: [-1234] [2026-10-01 20:12:01,456]  INFO {AUDIT_LOG} - GET /api/am/publisher/scopes?limit=2000&offset=0 user: admin@carbon.super app: lOKNtRmYnWO18JvYCYJANhTjS6sa
TID: [-1234] [2026-10-01 20:12:01,456]  INFO {AUDIT_LOG} - GET /api/am/publisher/apis/e2751bd4-70e9-4e96-9c39-c0d334d80213/amznResourceNames user: admin@carbon.super app: lOKNtRmYnWO18JvYCYJANhTjS6sa
TID: [-1234] [2026-10-01 20:12:03,497]  INFO {AUDIT_LOG} - GET /api/am/publisher/apis/e2751bd4-70e9-4e96-9c39-c0d334d80213/swagger user: admin@carbon.super app: lOKNtRmYnWO18JvYCYJANhTjS6sa
TID: [-1234] [2026-10-01 20:12:04,169]  INFO {AUDIT_LOG} - GET /api/am/publisher/apis/e2751bd4-70e9-4e96-9c39-c0d334d80213/swagger user: admin@carbon.super app: lOKNtRmYnWO18JvYCYJANhTjS6sa
TID: [-1234] [2026-10-01 20:12:04,181]  INFO {AUDIT_LOG} - GET /api/am/publisher/endpoint-certificates?endpoint=http%3A%2F%2Flocalhost%3A8081%2Fv1%2Fbilhetes user: admin@carbon.super app: lOKNtRmYnWO18JvYCYJANhTjS6sa
TID: [-1234] [2026-10-01 20:12:08,795]  INFO {AUDIT_LOG} - Initiator=w**************r Action=Get-User-Claim-Values Target=a***n Data={"Claims":{},"Profile":"default"} Outcome=Success
TID: [-1234] [2026-10-01 20:12:08,795]  INFO {AUDIT_LOG} - Initiator=w**************r Action=Get-User-Claim-Values Target=a***n Data={"Claims":{},"Profile":"default"} Outcome=Success
TID: [-1234] [2026-10-01 20:12:08,795]  INFO {AUDIT_LOG} - Initiator=w**************r Action=Get-User-Claim-Values Target=a***n Data={"Claims":{},"Profile":"default"} Outcome=Success
TID: [-1234] [2026-10-01 20:12:21,563]  INFO {AUDIT_LOG} - PUT /api/am/publisher/apis/e2751bd4-70e9-4e96-9c39-c0d334d80213 user: admin@carbon.super app: lOKNtRmYnWO18JvYCYJANhTjS6sa
TID: [] [2026-10-01 20:12:21,596]  INFO {AUDIT_LOG} - Initiator=w**************r Action=Get-User-Claim-Values Target=a***n Data={"Claims":{},"Profile":"default"} Outcome=Success
TID: [] [2026-10-01 20:12:21,597]  INFO {AUDIT_LOG} - Initiator=w**************r Action=Get-User-Claim-Values Target=a***n Data={"Claims":{},"Profile":"default"} Outcome=Success
TID: [] [2026-10-01 20:12:21,597]  INFO {AUDIT_LOG} - Initiator=w**************r Action=Get-User-Claim-Values Target=a***n Data={"Claims":{},"Profile":"default"} Outcome=Success
TID: [-1234] [2026-10-01 20:12:21,627]  INFO {AUDIT_LOG} - {"performedBy":"admin","action":"updated","type":"API","info":{"provider":"admin","name":"Api Exemplo","context":"/teste/0.1","version":"0.1"}}
TID: [-1234] [2026-10-01 20:12:21,915]  INFO {AUDIT_LOG} - Initiator=w**************r Action=Get-User-Claim-Values Target=a***n Data={"Claims":{},"Profile":"default"} Outcome=Success
TID: [-1234] [2026-10-01 20:12:21,915]  INFO {AUDIT_LOG} - Initiator=w**************r Action=Get-User-Claim-Values Target=a***n Data={"Claims":{},"Profile":"default"} Outcome=Success
TID: [-1234] [2026-10-01 20:12:21,915]  INFO {AUDIT_LOG} - Initiator=w**************r Action=Get-User-Claim-Values Target=a***n Data={"Claims":{},"Profile":"default"} Outcome=Success
TID: [-1234] [2026-10-01 20:12:21,929]  INFO {AUDIT_LOG} - Initiator=w**************r Action=Get-User-Claim-Values Target=a***n Data={"Claims":{},"Profile":"default"} Outcome=Success
TID: [-1234] [2026-10-01 20:12:21,930]  INFO {AUDIT_LOG} - Initiator=w**************r Action=Get-User-Claim-Values Target=a***n Data={"Claims":{},"Profile":"default"} Outcome=Success
TID: [-1234] [2026-10-01 20:12:21,930]  INFO {AUDIT_LOG} - Initiator=w**************r Action=Get-User-Claim-Values Target=a***n Data={"Claims":{},"Profile":"default"} Outcome=Success
TID: [-1234] [2026-10-01 20:12:30,346]  INFO {AUDIT_LOG} - PUT /api/am/publisher/apis/e2751bd4-70e9-4e96-9c39-c0d334d80213 user: admin@carbon.super app: lOKNtRmYnWO18JvYCYJANhTjS6sa
TID: [] [2026-10-01 20:12:30,377]  INFO {AUDIT_LOG} - Initiator=w**************r Action=Get-User-Claim-Values Target=a***n Data={"Claims":{},"Profile":"default"} Outcome=Success
TID: [] [2026-10-01 20:12:30,377]  INFO {AUDIT_LOG} - Initiator=w**************r Action=Get-User-Claim-Values Target=a***n Data={"Claims":{},"Profile":"default"} Outcome=Success
TID: [] [2026-10-01 20:12:30,377]  INFO {AUDIT_LOG} - Initiator=w**************r Action=Get-User-Claim-Values Target=a***n Data={"Claims":{},"Profile":"default"} Outcome=Success
TID: [-1234] [2026-10-01 20:12:30,395]  INFO {AUDIT_LOG} - {"performedBy":"admin","action":"updated","type":"API","info":{"provider":"admin","name":"Api Exemplo","context":"/teste/0.1","version":"0.1"}}
TID: [-1234] [2026-10-01 20:12:30,476]  INFO {AUDIT_LOG} - GET /api/am/publisher/apis/e2751bd4-70e9-4e96-9c39-c0d334d80213/asyncapi user: admin@carbon.super app: lOKNtRmYnWO18JvYCYJANhTjS6sa
TID: [-1234] [2026-10-01 20:12:30,881]  INFO {AUDIT_LOG} - Initiator=w**************r Action=Get-User-Claim-Values Target=a***n Data={"Claims":{},"Profile":"default"} Outcome=Success
TID: [-1234] [2026-10-01 20:12:30,881]  INFO {AUDIT_LOG} - Initiator=w**************r Action=Get-User-Claim-Values Target=a***n Data={"Claims":{},"Profile":"default"} Outcome=Success
TID: [-1234] [2026-10-01 20:12:30,881]  INFO {AUDIT_LOG} - Initiator=w**************r Action=Get-User-Claim-Values Target=a***n Data={"Claims":{},"Profile":"default"} Outcome=Success
TID: [-1234] [2026-10-01 20:12:30,894]  INFO {AUDIT_LOG} - Initiator=w**************r Action=Get-User-Claim-Values Target=a***n Data={"Claims":{},"Profile":"default"} Outcome=Success
TID: [-1234] [2026-10-01 20:12:30,894]  INFO {AUDIT_LOG} - Initiator=w**************r Action=Get-User-Claim-Values Target=a***n Data={"Claims":{},"Profile":"default"} Outcome=Success
TID: [-1234] [2026-10-01 20:12:30,894]  INFO {AUDIT_LOG} - Initiator=w**************r Action=Get-User-Claim-Values Target=a***n Data={"Claims":{},"Profile":"default"} Outcome=Success
TID: [-1234] [2026-10-01 20:12:38,794]  INFO {AUDIT_LOG} - Initiator=w**************r Action=Get-User-Claim-Values Target=a***n Data={"Claims":{},"Profile":"default"} Outcome=Success
TID: [-1234] [2026-10-01 20:12:38,794]  INFO {AUDIT_LOG} - Initiator=w**************r Action=Get-User-Claim-Values Target=a***n Data={"Claims":{},"Profile":"default"} Outcome=Success
TID: [-1234] [2026-10-01 20:12:38,794]  INFO {AUDIT_LOG} - Initiator=w**************r Action=Get-User-Claim-Values Target=a***n Data={"Claims":{},"Profile":"default"} Outcome=Success
TID: [-1234] [2026-10-01 20:12:42,063]  INFO {AUDIT_LOG} - DELETE /api/am/publisher/apis/e2751bd4-70e9-4e96-9c39-c0d334d80213/revisions/0cbae379-50cf-44e8-8037-8598f984b66a user: admin@carbon.super app: lOKNtRmYnWO18JvYCYJANhTjS6sa
TID: [-1234] [2026-10-01 20:12:42,140]  INFO {AUDIT_LOG} - GET /api/am/publisher/apis/e2751bd4-70e9-4e96-9c39-c0d334d80213/revisions user: admin@carbon.super app: lOKNtRmYnWO18JvYCYJANhTjS6sa
TID: [-1234] [2026-10-01 20:12:42,140]  INFO {AUDIT_LOG} - POST /api/am/publisher/apis/e2751bd4-70e9-4e96-9c39-c0d334d80213/revisions user: admin@carbon.super app: lOKNtRmYnWO18JvYCYJANhTjS6sa
TID: [-1234] [2026-10-01 20:12:42,248]  INFO {AUDIT_LOG} - POST /api/am/publisher/apis/e2751bd4-70e9-4e96-9c39-c0d334d80213/deploy-revision?revisionId=b87a284a-d606-423f-b08a-8897954d661b user: admin@carbon.super app: lOKNtRmYnWO18JvYCYJANhTjS6sa
TID: [] [2026-10-01 20:12:42,266]  INFO {AUDIT_LOG} - Initiator=w**************r Action=Get-User-Claim-Values Target=a***n Data={"Claims":{},"Profile":"default"} Outcome=Success
TID: [] [2026-10-01 20:12:42,266]  INFO {AUDIT_LOG} - Initiator=w**************r Action=Get-User-Claim-Values Target=a***n Data={"Claims":{},"Profile":"default"} Outcome=Success
TID: [] [2026-10-01 20:12:42,266]  INFO {AUDIT_LOG} - Initiator=w**************r Action=Get-User-Claim-Values Target=a***n Data={"Claims":{},"Profile":"default"} Outcome=Success
TID: [] [2026-10-01 20:12:42,266]  INFO {AUDIT_LOG} - Initiator=w**************r Action=Get-User-Claim-Values Target=a***n Data={"Claims":{},"Profile":"default"} Outcome=Success
TID: [] [2026-10-01 20:12:42,266]  INFO {AUDIT_LOG} - Initiator=w**************r Action=Get-User-Claim-Values Target=a***n Data={"Claims":{},"Profile":"default"} Outcome=Success
TID: [] [2026-10-01 20:12:42,266]  INFO {AUDIT_LOG} - Initiator=w**************r Action=Get-User-Claim-Values Target=a***n Data={"Claims":{},"Profile":"default"} Outcome=Success
TID: [-1234] [2026-10-01 20:12:42,402]  INFO {AUDIT_LOG} - GET /api/am/publisher/apis/e2751bd4-70e9-4e96-9c39-c0d334d80213/revisions?query=deployed%3Atrue user: admin@carbon.super app: lOKNtRmYnWO18JvYCYJANhTjS6sa
TID: [-1234] [2026-10-01 20:12:42,402]  INFO {AUDIT_LOG} - GET /api/am/publisher/apis/e2751bd4-70e9-4e96-9c39-c0d334d80213/revisions user: admin@carbon.super app: lOKNtRmYnWO18JvYCYJANhTjS6sa
TID: [-1234] [2026-10-01 20:12:42,865]  INFO {AUDIT_LOG} - Initiator=w**************r Action=Get-User-Claim-Values Target=a***n Data={"Claims":{},"Profile":"default"} Outcome=Success
TID: [-1234] [2026-10-01 20:12:42,866]  INFO {AUDIT_LOG} - Initiator=w**************r Action=Get-User-Claim-Values Target=a***n Data={"Claims":{},"Profile":"default"} Outcome=Success
TID: [-1234] [2026-10-01 20:12:42,866]  INFO {AUDIT_LOG} - Initiator=w**************r Action=Get-User-Claim-Values Target=a***n Data={"Claims":{},"Profile":"default"} Outcome=Success
TID: [-1234] [2026-10-01 20:12:45,550]  INFO {AUDIT_LOG} - GET /api/am/publisher/apis/e2751bd4-70e9-4e96-9c39-c0d334d80213/revisions?query=deployed%3Atrue user: admin@carbon.super app: lOKNtRmYnWO18JvYCYJANhTjS6sa
TID: [-1234] [2026-10-01 20:12:47,881]  INFO {AUDIT_LOG} - Initiator=w**************r Action=Get-User-Claim-Values Target=a***n Data={"Claims":{},"Profile":"default"} Outcome=Success
TID: [-1234] [2026-10-01 20:12:47,881]  INFO {AUDIT_LOG} - Initiator=w**************r Action=Get-User-Claim-Values Target=a***n Data={"Claims":{},"Profile":"default"} Outcome=Success
TID: [-1234] [2026-10-01 20:12:47,881]  INFO {AUDIT_LOG} - Initiator=w**************r Action=Get-User-Claim-Values Target=a***n Data={"Claims":{},"Profile":"default"} Outcome=Success
TID: [] [2026-10-01 20:12:47,934]  INFO {AUDIT_LOG} - {"performedBy":"SYSTEM: carbon.super","action":"undeployed","type":"API","info":"e2751bd4-70e9-4e96-9c39-c0d334d80213"}
TID: [] [2026-10-01 20:12:47,958]  INFO {AUDIT_LOG} - {"performedBy":"SYSTEM: carbon.super","action":"deployed","type":"API","info":"e2751bd4-70e9-4e96-9c39-c0d334d80213"}
TID: [-1234] [2026-10-01 20:12:47,966]  INFO {AUDIT_LOG} - Initiator=w**************r Action=Get-User-Claim-Values Target=a***n Data={"Claims":{},"Profile":"default"} Outcome=Success
TID: [-1234] [2026-10-01 20:12:47,967]  INFO {AUDIT_LOG} - Initiator=w**************r Action=Get-User-Claim-Values Target=a***n Data={"Claims":{},"Profile":"default"} Outcome=Success
TID: [-1234] [2026-10-01 20:12:47,967]  INFO {AUDIT_LOG} - Initiator=w**************r Action=Get-User-Claim-Values Target=a***n Data={"Claims":{},"Profile":"default"} Outcome=Success
TID: [-1234] [2026-10-01 20:12:48,665]  INFO {AUDIT_LOG} - GET /api/am/publisher/apis/e2751bd4-70e9-4e96-9c39-c0d334d80213/revisions?query=deployed%3Atrue user: admin@carbon.super app: lOKNtRmYnWO18JvYCYJANhTjS6sa
TID: [-1234] [2026-10-01 20:12:49,096]  INFO {AUDIT_LOG} - Initiator=w**************r Action=Get-User-Claim-Values Target=a***n Data={"Claims":{},"Profile":"default"} Outcome=Success
TID: [-1234] [2026-10-01 20:12:49,096]  INFO {AUDIT_LOG} - Initiator=w**************r Action=Get-User-Claim-Values Target=a***n Data={"Claims":{},"Profile":"default"} Outcome=Success
TID: [-1234] [2026-10-01 20:12:49,096]  INFO {AUDIT_LOG} - Initiator=w**************r Action=Get-User-Claim-Values Target=a***n Data={"Claims":{},"Profile":"default"} Outcome=Success
TID: [-1234] [2026-10-01 20:12:49,291]  INFO {AUDIT_LOG} - GET /api/am/publisher/settings user: admin@carbon.super app: lOKNtRmYnWO18JvYCYJANhTjS6sa
TID: [-1234] [2026-10-01 20:12:49,873]  INFO {AUDIT_LOG} - GET /api/am/publisher/apis/e2751bd4-70e9-4e96-9c39-c0d334d80213/swagger user: admin@carbon.super app: lOKNtRmYnWO18JvYCYJANhTjS6sa
TID: [-1234] [2026-10-01 20:12:49,887]  INFO {AUDIT_LOG} - GET /api/am/publisher/endpoint-certificates?endpoint=https%3A%2F%2Flocalhost%3A8081%2Fv1%2Fbilhetes user: admin@carbon.super app: lOKNtRmYnWO18JvYCYJANhTjS6sa
TID: [-1234] [2026-10-01 20:12:51,278]  INFO {AUDIT_LOG} - GET /api/am/publisher/apis/e2751bd4-70e9-4e96-9c39-c0d334d80213/swagger user: admin@carbon.super app: lOKNtRmYnWO18JvYCYJANhTjS6sa
TID: [-1234] [2026-10-01 20:12:51,823]  INFO {AUDIT_LOG} - GET /api/am/publisher/apis/e2751bd4-70e9-4e96-9c39-c0d334d80213/swagger user: admin@carbon.super app: lOKNtRmYnWO18JvYCYJANhTjS6sa
TID: [-1234] [2026-10-01 20:12:51,823]  INFO {AUDIT_LOG} - GET /api/am/publisher/throttling-policies/api?limit=80 user: admin@carbon.super app: lOKNtRmYnWO18JvYCYJANhTjS6sa
TID: [-1234] [2026-10-01 20:12:51,823]  INFO {AUDIT_LOG} - GET /api/am/publisher/scopes?limit=2000&offset=0 user: admin@carbon.super app: lOKNtRmYnWO18JvYCYJANhTjS6sa
TID: [-1234] [2026-10-01 20:12:51,823]  INFO {AUDIT_LOG} - GET /api/am/publisher/apis/e2751bd4-70e9-4e96-9c39-c0d334d80213/amznResourceNames user: admin@carbon.super app: lOKNtRmYnWO18JvYCYJANhTjS6sa
TID: [-1234] [2026-10-01 20:12:58,016]  INFO {AUDIT_LOG} - GET /api/am/publisher/apis/e2751bd4-70e9-4e96-9c39-c0d334d80213/deployments user: admin@carbon.super app: lOKNtRmYnWO18JvYCYJANhTjS6sa
TID: [-1234] [2026-10-01 20:12:58,027]  INFO {AUDIT_LOG} - GET /api/am/publisher/apis/e2751bd4-70e9-4e96-9c39-c0d334d80213/swagger user: admin@carbon.super app: lOKNtRmYnWO18JvYCYJANhTjS6sa
TID: [-1234] [2026-10-01 20:12:58,027]  INFO {AUDIT_LOG} - POST /api/am/publisher/apis/e2751bd4-70e9-4e96-9c39-c0d334d80213/generate-key user: admin@carbon.super app: lOKNtRmYnWO18JvYCYJANhTjS6sa
TID: [-1234] [2026-10-01 20:13:08,795]  INFO {AUDIT_LOG} - Initiator=w**************r Action=Get-User-Claim-Values Target=a***n Data={"Claims":{},"Profile":"default"} Outcome=Success
TID: [-1234] [2026-10-01 20:13:08,795]  INFO {AUDIT_LOG} - Initiator=w**************r Action=Get-User-Claim-Values Target=a***n Data={"Claims":{},"Profile":"default"} Outcome=Success
TID: [-1234] [2026-10-01 20:13:08,795]  INFO {AUDIT_LOG} - Initiator=w**************r Action=Get-User-Claim-Values Target=a***n Data={"Claims":{},"Profile":"default"} Outcome=Success
TID: [-1234] [2026-10-01 20:13:38,794]  INFO {AUDIT_LOG} - Initiator=w**************r Action=Get-User-Claim-Values Target=a***n Data={"Claims":{},"Profile":"default"} Outcome=Success
TID: [-1234] [2026-10-01 20:13:38,794]  INFO {AUDIT_LOG} - Initiator=w**************r Action=Get-User-Claim-Values Target=a***n Data={"Claims":{},"Profile":"default"} Outcome=Success
TID: [-1234] [2026-10-01 20:13:38,794]  INFO {AUDIT_LOG} - Initiator=w**************r Action=Get-User-Claim-Values Target=a***n Data={"Claims":{},"Profile":"default"} Outcome=Success
TID: [-1234] [2026-10-01 20:14:08,794]  INFO {AUDIT_LOG} - Initiator=w**************r Action=Get-User-Claim-Values Target=a***n Data={"Claims":{},"Profile":"default"} Outcome=Success
TID: [-1234] [2026-10-01 20:14:08,794]  INFO {AUDIT_LOG} - Initiator=w**************r Action=Get-User-Claim-Values Target=a***n Data={"Claims":{},"Profile":"default"} Outcome=Success
TID: [-1234] [2026-10-01 20:14:08,794]  INFO {AUDIT_LOG} - Initiator=w**************r Action=Get-User-Claim-Values Target=a***n Data={"Claims":{},"Profile":"default"} Outcome=Success
TID: [-1234] [2026-10-01 20:14:38,794]  INFO {AUDIT_LOG} - Initiator=w**************r Action=Get-User-Claim-Values Target=a***n Data={"Claims":{},"Profile":"default"} Outcome=Success
TID: [-1234] [2026-10-01 20:14:38,794]  INFO {AUDIT_LOG} - Initiator=w**************r Action=Get-User-Claim-Values Target=a***n Data={"Claims":{},"Profile":"default"} Outcome=Success
TID: [-1234] [2026-10-01 20:14:38,794]  INFO {AUDIT_LOG} - Initiator=w**************r Action=Get-User-Claim-Values Target=a***n Data={"Claims":{},"Profile":"default"} Outcome=Success
TID: [-1234] [2026-10-01 20:14:42,278]  INFO {AUDIT_LOG} - GET /api/am/publisher/apis/e2751bd4-70e9-4e96-9c39-c0d334d80213/amznResourceNames user: admin@carbon.super app: lOKNtRmYnWO18JvYCYJANhTjS6sa
TID: [-1234] [2026-10-01 20:14:42,278]  INFO {AUDIT_LOG} - GET /api/am/publisher/apis/e2751bd4-70e9-4e96-9c39-c0d334d80213/swagger user: admin@carbon.super app: lOKNtRmYnWO18JvYCYJANhTjS6sa
TID: [-1234] [2026-10-01 20:14:42,278]  INFO {AUDIT_LOG} - GET /api/am/publisher/scopes?limit=2000&offset=0 user: admin@carbon.super app: lOKNtRmYnWO18JvYCYJANhTjS6sa
TID: [-1234] [2026-10-01 20:14:42,285]  INFO {AUDIT_LOG} - GET /api/am/publisher/throttling-policies/api?limit=80 user: admin@carbon.super app: lOKNtRmYnWO18JvYCYJANhTjS6sa
TID: [-1234] [2026-10-01 20:15:01,182]  INFO {AUDIT_LOG} - GET /api/am/publisher/apis/e2751bd4-70e9-4e96-9c39-c0d334d80213/swagger user: admin@carbon.super app: lOKNtRmYnWO18JvYCYJANhTjS6sa
TID: [-1234] [2026-10-01 20:15:08,795]  INFO {AUDIT_LOG} - Initiator=w**************r Action=Get-User-Claim-Values Target=a***n Data={"Claims":{},"Profile":"default"} Outcome=Success
TID: [-1234] [2026-10-01 20:15:08,795]  INFO {AUDIT_LOG} - Initiator=w**************r Action=Get-User-Claim-Values Target=a***n Data={"Claims":{},"Profile":"default"} Outcome=Success
TID: [-1234] [2026-10-01 20:15:08,795]  INFO {AUDIT_LOG} - Initiator=w**************r Action=Get-User-Claim-Values Target=a***n Data={"Claims":{},"Profile":"default"} Outcome=Success
TID: [-1234] [2026-10-01 20:15:33,692]  INFO {AUDIT_LOG} - GET /api/am/publisher/apis/e2751bd4-70e9-4e96-9c39-c0d334d80213/swagger user: admin@carbon.super app: lOKNtRmYnWO18JvYCYJANhTjS6sa
TID: [-1234] [2026-10-01 20:15:33,696]  INFO {AUDIT_LOG} - GET /api/am/publisher/apis/e2751bd4-70e9-4e96-9c39-c0d334d80213/amznResourceNames user: admin@carbon.super app: lOKNtRmYnWO18JvYCYJANhTjS6sa
TID: [-1234] [2026-10-01 20:15:33,704]  INFO {AUDIT_LOG} - GET /api/am/publisher/scopes?limit=2000&offset=0 user: admin@carbon.super app: lOKNtRmYnWO18JvYCYJANhTjS6sa
TID: [-1234] [2026-10-01 20:15:33,706]  INFO {AUDIT_LOG} - GET /api/am/publisher/throttling-policies/api?limit=80 user: admin@carbon.super app: lOKNtRmYnWO18JvYCYJANhTjS6sa
TID: [-1234] [2026-10-01 20:15:38,795]  INFO {AUDIT_LOG} - Initiator=w**************r Action=Get-User-Claim-Values Target=a***n Data={"Claims":{},"Profile":"default"} Outcome=Success
TID: [-1234] [2026-10-01 20:15:38,795]  INFO {AUDIT_LOG} - Initiator=w**************r Action=Get-User-Claim-Values Target=a***n Data={"Claims":{},"Profile":"default"} Outcome=Success
TID: [-1234] [2026-10-01 20:15:38,795]  INFO {AUDIT_LOG} - Initiator=w**************r Action=Get-User-Claim-Values Target=a***n Data={"Claims":{},"Profile":"default"} Outcome=Success
TID: [-1234] [2026-10-01 20:15:53,446]  INFO {AUDIT_LOG} - Initiator=w**************r Action=Get-User-Claim-Value Target=a***n Data={"Claim":"http://wso2.org/claims/organization"} Outcome=Success
TID: [-1234] [2026-10-01 20:15:53,447]  INFO {AUDIT_LOG} - GET /api/am/publisher/apis/e2751bd4-70e9-4e96-9c39-c0d334d80213/swagger user: admin@carbon.super app: lOKNtRmYnWO18JvYCYJANhTjS6sa
TID: [-1234] [2026-10-01 20:16:00,730]  INFO {AUDIT_LOG} - GET /api/am/publisher/linter-custom-rules?apiId=e2751bd4-70e9-4e96-9c39-c0d334d80213 user: admin@carbon.super app: lOKNtRmYnWO18JvYCYJANhTjS6sa
TID: [-1234] [2026-10-01 20:16:08,795]  INFO {AUDIT_LOG} - Initiator=w**************r Action=Get-User-Claim-Values Target=a***n Data={"Claims":{},"Profile":"default"} Outcome=Success
TID: [-1234] [2026-10-01 20:16:08,795]  INFO {AUDIT_LOG} - Initiator=w**************r Action=Get-User-Claim-Values Target=a***n Data={"Claims":{},"Profile":"default"} Outcome=Success
TID: [-1234] [2026-10-01 20:16:08,795]  INFO {AUDIT_LOG} - Initiator=w**************r Action=Get-User-Claim-Values Target=a***n Data={"Claims":{},"Profile":"default"} Outcome=Success
TID: [-1234] [2026-10-01 20:16:18,175]  INFO {AUDIT_LOG} - GET /api/am/publisher/linter-custom-rules?apiId=e2751bd4-70e9-4e96-9c39-c0d334d80213 user: admin@carbon.super app: lOKNtRmYnWO18JvYCYJANhTjS6sa
TID: [-1234] [2026-10-01 20:16:18,668]  INFO {AUDIT_LOG} - POST /api/am/publisher/apis/validate-openapi user: admin@carbon.super app: lOKNtRmYnWO18JvYCYJANhTjS6sa
TID: [-1234] [2026-10-01 20:16:27,090]  INFO {AUDIT_LOG} - POST /api/am/publisher/apis/validate-openapi user: admin@carbon.super app: lOKNtRmYnWO18JvYCYJANhTjS6sa
TID: [-1234] [2026-10-01 20:16:27,099]  INFO {AUDIT_LOG} - PUT /api/am/publisher/apis/e2751bd4-70e9-4e96-9c39-c0d334d80213/swagger user: admin@carbon.super app: lOKNtRmYnWO18JvYCYJANhTjS6sa
TID: [] [2026-10-01 20:16:27,138]  INFO {AUDIT_LOG} - Initiator=w**************r Action=Get-User-Claim-Values Target=a***n Data={"Claims":{},"Profile":"default"} Outcome=Success
TID: [] [2026-10-01 20:16:27,138]  INFO {AUDIT_LOG} - Initiator=w**************r Action=Get-User-Claim-Values Target=a***n Data={"Claims":{},"Profile":"default"} Outcome=Success
TID: [] [2026-10-01 20:16:27,138]  INFO {AUDIT_LOG} - Initiator=w**************r Action=Get-User-Claim-Values Target=a***n Data={"Claims":{},"Profile":"default"} Outcome=Success
TID: [-1234] [2026-10-01 20:16:27,165]  INFO {AUDIT_LOG} - {"performedBy":"admin","action":"updated","type":"API","info":{"provider":"admin","name":"Api Exemplo","context":"/teste/0.1","version":"0.1"}}
TID: [-1234] [2026-10-01 20:16:27,189]  INFO {AUDIT_LOG} - GET /api/am/publisher/apis/e2751bd4-70e9-4e96-9c39-c0d334d80213 user: admin@carbon.super app: lOKNtRmYnWO18JvYCYJANhTjS6sa
TID: [-1234] [2026-10-01 20:16:28,090]  INFO {AUDIT_LOG} - Initiator=w**************r Action=Get-User-Claim-Values Target=a***n Data={"Claims":{},"Profile":"default"} Outcome=Success
TID: [-1234] [2026-10-01 20:16:28,091]  INFO {AUDIT_LOG} - Initiator=w**************r Action=Get-User-Claim-Values Target=a***n Data={"Claims":{},"Profile":"default"} Outcome=Success
TID: [-1234] [2026-10-01 20:16:28,091]  INFO {AUDIT_LOG} - Initiator=w**************r Action=Get-User-Claim-Values Target=a***n Data={"Claims":{},"Profile":"default"} Outcome=Success
TID: [-1234] [2026-10-01 20:16:28,104]  INFO {AUDIT_LOG} - Initiator=w**************r Action=Get-User-Claim-Values Target=a***n Data={"Claims":{},"Profile":"default"} Outcome=Success
TID: [-1234] [2026-10-01 20:16:28,104]  INFO {AUDIT_LOG} - Initiator=w**************r Action=Get-User-Claim-Values Target=a***n Data={"Claims":{},"Profile":"default"} Outcome=Success
TID: [-1234] [2026-10-01 20:16:28,105]  INFO {AUDIT_LOG} - Initiator=w**************r Action=Get-User-Claim-Values Target=a***n Data={"Claims":{},"Profile":"default"} Outcome=Success
TID: [-1234] [2026-10-01 20:16:33,269]  INFO {AUDIT_LOG} - GET /api/am/publisher/tenants?state=ACTIVE user: admin@carbon.super app: lOKNtRmYnWO18JvYCYJANhTjS6sa
TID: [-1234] [2026-10-01 20:16:33,269]  INFO {AUDIT_LOG} - GET /api/am/publisher/api-categories user: admin@carbon.super app: lOKNtRmYnWO18JvYCYJANhTjS6sa
TID: [-1234] [2026-10-01 20:16:33,270]  INFO {AUDIT_LOG} - GET /api/am/publisher/apis/e2751bd4-70e9-4e96-9c39-c0d334d80213/documents?limit=1000 user: admin@carbon.super app: lOKNtRmYnWO18JvYCYJANhTjS6sa
TID: [-1234] [2026-10-01 20:16:33,270]  INFO {AUDIT_LOG} - GET /api/am/publisher/apis/e2751bd4-70e9-4e96-9c39-c0d334d80213/labels user: admin@carbon.super app: lOKNtRmYnWO18JvYCYJANhTjS6sa
TID: [-1234] [2026-10-01 20:16:33,275]  INFO {AUDIT_LOG} - GET /api/am/publisher/labels user: admin@carbon.super app: lOKNtRmYnWO18JvYCYJANhTjS6sa
TID: [-1234] [2026-10-01 20:16:36,072]  INFO {AUDIT_LOG} - GET /api/am/publisher/key-managers user: admin@carbon.super app: lOKNtRmYnWO18JvYCYJANhTjS6sa
TID: [-1234] [2026-10-01 20:16:36,143]  INFO {AUDIT_LOG} - GET /api/am/publisher/apis/e2751bd4-70e9-4e96-9c39-c0d334d80213/client-certs/SANDBOX user: admin@carbon.super app: lOKNtRmYnWO18JvYCYJANhTjS6sa
TID: [-1234] [2026-10-01 20:16:36,143]  INFO {AUDIT_LOG} - GET /api/am/publisher/key-managers user: admin@carbon.super app: lOKNtRmYnWO18JvYCYJANhTjS6sa
TID: [-1234] [2026-10-01 20:16:36,143]  INFO {AUDIT_LOG} - GET /api/am/publisher/apis/e2751bd4-70e9-4e96-9c39-c0d334d80213/client-certs/PRODUCTION user: admin@carbon.super app: lOKNtRmYnWO18JvYCYJANhTjS6sa
TID: [-1234] [2026-10-01 20:16:36,182]  INFO {AUDIT_LOG} - GET /api/am/publisher/key-managers user: admin@carbon.super app: lOKNtRmYnWO18JvYCYJANhTjS6sa
TID: [-1234] [2026-10-01 20:16:38,794]  INFO {AUDIT_LOG} - Initiator=w**************r Action=Get-User-Claim-Values Target=a***n Data={"Claims":{},"Profile":"default"} Outcome=Success
TID: [-1234] [2026-10-01 20:16:38,794]  INFO {AUDIT_LOG} - Initiator=w**************r Action=Get-User-Claim-Values Target=a***n Data={"Claims":{},"Profile":"default"} Outcome=Success
TID: [-1234] [2026-10-01 20:16:38,794]  INFO {AUDIT_LOG} - Initiator=w**************r Action=Get-User-Claim-Values Target=a***n Data={"Claims":{},"Profile":"default"} Outcome=Success
TID: [-1234] [2026-10-01 20:16:39,015]  INFO {AUDIT_LOG} - GET /api/am/publisher/throttling-policies/api?limit=80 user: admin@carbon.super app: lOKNtRmYnWO18JvYCYJANhTjS6sa
TID: [-1234] [2026-10-01 20:16:39,015]  INFO {AUDIT_LOG} - GET /api/am/publisher/scopes?limit=2000&offset=0 user: admin@carbon.super app: lOKNtRmYnWO18JvYCYJANhTjS6sa
TID: [-1234] [2026-10-01 20:16:39,015]  INFO {AUDIT_LOG} - GET /api/am/publisher/apis/e2751bd4-70e9-4e96-9c39-c0d334d80213/swagger user: admin@carbon.super app: lOKNtRmYnWO18JvYCYJANhTjS6sa
TID: [-1234] [2026-10-01 20:16:39,015]  INFO {AUDIT_LOG} - GET /api/am/publisher/apis/e2751bd4-70e9-4e96-9c39-c0d334d80213/amznResourceNames user: admin@carbon.super app: lOKNtRmYnWO18JvYCYJANhTjS6sa
TID: [-1234] [2026-10-01 20:16:40,264]  INFO {AUDIT_LOG} - GET /api/am/publisher/key-managers user: admin@carbon.super app: lOKNtRmYnWO18JvYCYJANhTjS6sa
TID: [-1234] [2026-10-01 20:16:40,323]  INFO {AUDIT_LOG} - GET /api/am/publisher/key-managers user: admin@carbon.super app: lOKNtRmYnWO18JvYCYJANhTjS6sa
TID: [-1234] [2026-10-01 20:16:40,323]  INFO {AUDIT_LOG} - GET /api/am/publisher/apis/e2751bd4-70e9-4e96-9c39-c0d334d80213/client-certs/SANDBOX user: admin@carbon.super app: lOKNtRmYnWO18JvYCYJANhTjS6sa
TID: [-1234] [2026-10-01 20:16:40,323]  INFO {AUDIT_LOG} - GET /api/am/publisher/apis/e2751bd4-70e9-4e96-9c39-c0d334d80213/client-certs/PRODUCTION user: admin@carbon.super app: lOKNtRmYnWO18JvYCYJANhTjS6sa
TID: [-1234] [2026-10-01 20:16:40,358]  INFO {AUDIT_LOG} - GET /api/am/publisher/key-managers user: admin@carbon.super app: lOKNtRmYnWO18JvYCYJANhTjS6sa
TID: [-1234] [2026-10-01 20:16:44,891]  INFO {AUDIT_LOG} - GET /api/am/publisher/scopes?limit=2000&offset=0 user: admin@carbon.super app: lOKNtRmYnWO18JvYCYJANhTjS6sa
TID: [-1234] [2026-10-01 20:16:44,891]  INFO {AUDIT_LOG} - GET /api/am/publisher/apis/e2751bd4-70e9-4e96-9c39-c0d334d80213/swagger user: admin@carbon.super app: lOKNtRmYnWO18JvYCYJANhTjS6sa
TID: [-1234] [2026-10-01 20:16:44,891]  INFO {AUDIT_LOG} - GET /api/am/publisher/apis/e2751bd4-70e9-4e96-9c39-c0d334d80213/amznResourceNames user: admin@carbon.super app: lOKNtRmYnWO18JvYCYJANhTjS6sa
TID: [-1234] [2026-10-01 20:16:44,891]  INFO {AUDIT_LOG} - GET /api/am/publisher/throttling-policies/api?limit=80 user: admin@carbon.super app: lOKNtRmYnWO18JvYCYJANhTjS6sa
TID: [-1234] [2026-10-01 20:16:45,645]  INFO {AUDIT_LOG} - GET /api/am/publisher/apis/e2751bd4-70e9-4e96-9c39-c0d334d80213/swagger user: admin@carbon.super app: lOKNtRmYnWO18JvYCYJANhTjS6sa
TID: [-1234] [2026-10-01 20:16:47,415]  INFO {AUDIT_LOG} - GET /api/am/publisher/apis/e2751bd4-70e9-4e96-9c39-c0d334d80213/swagger user: admin@carbon.super app: lOKNtRmYnWO18JvYCYJANhTjS6sa
TID: [-1234] [2026-10-01 20:16:47,427]  INFO {AUDIT_LOG} - GET /api/am/publisher/endpoint-certificates?endpoint=https%3A%2F%2Flocalhost%3A8081%2Fv1%2Fbilhetes user: admin@carbon.super app: lOKNtRmYnWO18JvYCYJANhTjS6sa
TID: [-1234] [2026-10-01 20:16:49,630]  INFO {AUDIT_LOG} - GET /api/am/publisher/tenants?state=ACTIVE user: admin@carbon.super app: lOKNtRmYnWO18JvYCYJANhTjS6sa
TID: [-1234] [2026-10-01 20:16:49,630]  INFO {AUDIT_LOG} - GET /api/am/publisher/api-categories user: admin@carbon.super app: lOKNtRmYnWO18JvYCYJANhTjS6sa
TID: [-1234] [2026-10-01 20:16:49,630]  INFO {AUDIT_LOG} - GET /api/am/publisher/apis/e2751bd4-70e9-4e96-9c39-c0d334d80213/labels user: admin@carbon.super app: lOKNtRmYnWO18JvYCYJANhTjS6sa
TID: [-1234] [2026-10-01 20:16:49,630]  INFO {AUDIT_LOG} - GET /api/am/publisher/apis/e2751bd4-70e9-4e96-9c39-c0d334d80213/documents?limit=1000 user: admin@carbon.super app: lOKNtRmYnWO18JvYCYJANhTjS6sa
TID: [-1234] [2026-10-01 20:16:49,635]  INFO {AUDIT_LOG} - GET /api/am/publisher/labels user: admin@carbon.super app: lOKNtRmYnWO18JvYCYJANhTjS6sa
TID: [-1234] [2026-10-01 20:16:51,129]  INFO {AUDIT_LOG} - GET /api/am/publisher/tenants?state=ACTIVE user: admin@carbon.super app: lOKNtRmYnWO18JvYCYJANhTjS6sa
TID: [-1234] [2026-10-01 20:16:51,129]  INFO {AUDIT_LOG} - GET /api/am/publisher/subscriptions?apiId=e2751bd4-70e9-4e96-9c39-c0d334d80213 user: admin@carbon.super app: lOKNtRmYnWO18JvYCYJANhTjS6sa
TID: [-1234] [2026-10-01 20:16:51,186]  INFO {AUDIT_LOG} - GET /api/am/publisher/apis/e2751bd4-70e9-4e96-9c39-c0d334d80213/monetization user: admin@carbon.super app: lOKNtRmYnWO18JvYCYJANhTjS6sa
TID: [-1234] [2026-10-01 20:16:51,186]  INFO {AUDIT_LOG} - GET /api/am/publisher/throttling-policies/subscription?isAiApi=false user: admin@carbon.super app: lOKNtRmYnWO18JvYCYJANhTjS6sa
TID: [-1234] [2026-10-01 20:16:51,186]  INFO {AUDIT_LOG} - GET /api/am/publisher/subscriptions?apiId=e2751bd4-70e9-4e96-9c39-c0d334d80213&limit=2000&offset=0 user: admin@carbon.super app: lOKNtRmYnWO18JvYCYJANhTjS6sa
TID: [-1234] [2026-10-01 20:16:51,187]  INFO {AUDIT_LOG} - GET /api/am/publisher/apis/e2751bd4-70e9-4e96-9c39-c0d334d80213/subscription-policies?isAiApi=false user: admin@carbon.super app: lOKNtRmYnWO18JvYCYJANhTjS6sa
TID: [-1234] [2026-10-01 20:16:52,004]  INFO {AUDIT_LOG} - GET /api/am/publisher/apis/e2751bd4-70e9-4e96-9c39-c0d334d80213/documents?limit=1000 user: admin@carbon.super app: lOKNtRmYnWO18JvYCYJANhTjS6sa
TID: [-1234] [2026-10-01 20:16:52,634]  INFO {AUDIT_LOG} - GET /api/am/publisher/apis/e2751bd4-70e9-4e96-9c39-c0d334d80213/comments?limit=5&offset=0 user: admin@carbon.super app: lOKNtRmYnWO18JvYCYJANhTjS6sa
TID: [-1234] [2026-10-01 20:16:53,840]  INFO {AUDIT_LOG} - GET /api/am/publisher/key-managers user: admin@carbon.super app: lOKNtRmYnWO18JvYCYJANhTjS6sa
TID: [-1234] [2026-10-01 20:16:53,900]  INFO {AUDIT_LOG} - GET /api/am/publisher/key-managers user: admin@carbon.super app: lOKNtRmYnWO18JvYCYJANhTjS6sa
TID: [-1234] [2026-10-01 20:16:53,900]  INFO {AUDIT_LOG} - GET /api/am/publisher/apis/e2751bd4-70e9-4e96-9c39-c0d334d80213/client-certs/PRODUCTION user: admin@carbon.super app: lOKNtRmYnWO18JvYCYJANhTjS6sa
TID: [-1234] [2026-10-01 20:16:53,900]  INFO {AUDIT_LOG} - GET /api/am/publisher/apis/e2751bd4-70e9-4e96-9c39-c0d334d80213/client-certs/SANDBOX user: admin@carbon.super app: lOKNtRmYnWO18JvYCYJANhTjS6sa
TID: [-1234] [2026-10-01 20:16:53,934]  INFO {AUDIT_LOG} - GET /api/am/publisher/key-managers user: admin@carbon.super app: lOKNtRmYnWO18JvYCYJANhTjS6sa
TID: [-1234] [2026-10-01 20:17:01,109]  INFO {AUDIT_LOG} - GET /api/am/publisher/apis/e2751bd4-70e9-4e96-9c39-c0d334d80213/swagger user: admin@carbon.super app: lOKNtRmYnWO18JvYCYJANhTjS6sa
TID: [-1234] [2026-10-01 20:17:01,111]  INFO {AUDIT_LOG} - GET /api/am/publisher/throttling-policies/api?limit=80 user: admin@carbon.super app: lOKNtRmYnWO18JvYCYJANhTjS6sa
TID: [-1234] [2026-10-01 20:17:01,111]  INFO {AUDIT_LOG} - GET /api/am/publisher/scopes?limit=2000&offset=0 user: admin@carbon.super app: lOKNtRmYnWO18JvYCYJANhTjS6sa
TID: [-1234] [2026-10-01 20:17:01,111]  INFO {AUDIT_LOG} - GET /api/am/publisher/apis/e2751bd4-70e9-4e96-9c39-c0d334d80213/amznResourceNames user: admin@carbon.super app: lOKNtRmYnWO18JvYCYJANhTjS6sa
TID: [-1234] [2026-10-01 20:17:02,351]  INFO {AUDIT_LOG} - GET /api/am/publisher/apis/e2751bd4-70e9-4e96-9c39-c0d334d80213/swagger user: admin@carbon.super app: lOKNtRmYnWO18JvYCYJANhTjS6sa
TID: [-1234] [2026-10-01 20:17:03,094]  INFO {AUDIT_LOG} - GET /api/am/publisher/apis/e2751bd4-70e9-4e96-9c39-c0d334d80213/swagger user: admin@carbon.super app: lOKNtRmYnWO18JvYCYJANhTjS6sa
TID: [-1234] [2026-10-01 20:17:03,110]  INFO {AUDIT_LOG} - GET /api/am/publisher/endpoint-certificates?endpoint=https%3A%2F%2Flocalhost%3A8081%2Fv1%2Fbilhetes user: admin@carbon.super app: lOKNtRmYnWO18JvYCYJANhTjS6sa
TID: [-1234] [2026-10-01 20:17:03,975]  INFO {AUDIT_LOG} - GET /api/am/publisher/settings user: admin@carbon.super app: lOKNtRmYnWO18JvYCYJANhTjS6sa
TID: [-1234] [2026-10-01 20:17:04,514]  INFO {AUDIT_LOG} - GET /api/am/publisher/apis/e2751bd4-70e9-4e96-9c39-c0d334d80213/swagger user: admin@carbon.super app: lOKNtRmYnWO18JvYCYJANhTjS6sa
TID: [-1234] [2026-10-01 20:17:04,530]  INFO {AUDIT_LOG} - GET /api/am/publisher/endpoint-certificates?endpoint=https%3A%2F%2Flocalhost%3A8081%2Fv1%2Fbilhetes user: admin@carbon.super app: lOKNtRmYnWO18JvYCYJANhTjS6sa
TID: [-1234] [2026-10-01 20:17:08,795]  INFO {AUDIT_LOG} - Initiator=w**************r Action=Get-User-Claim-Values Target=a***n Data={"Claims":{},"Profile":"default"} Outcome=Success
TID: [-1234] [2026-10-01 20:17:08,796]  INFO {AUDIT_LOG} - Initiator=w**************r Action=Get-User-Claim-Values Target=a***n Data={"Claims":{},"Profile":"default"} Outcome=Success
TID: [-1234] [2026-10-01 20:17:08,796]  INFO {AUDIT_LOG} - Initiator=w**************r Action=Get-User-Claim-Values Target=a***n Data={"Claims":{},"Profile":"default"} Outcome=Success
TID: [-1234] [2026-10-01 20:17:22,027]  INFO {AUDIT_LOG} - PUT /api/am/publisher/apis/e2751bd4-70e9-4e96-9c39-c0d334d80213 user: admin@carbon.super app: lOKNtRmYnWO18JvYCYJANhTjS6sa
TID: [] [2026-10-01 20:17:22,059]  INFO {AUDIT_LOG} - Initiator=w**************r Action=Get-User-Claim-Values Target=a***n Data={"Claims":{},"Profile":"default"} Outcome=Success
TID: [] [2026-10-01 20:17:22,059]  INFO {AUDIT_LOG} - Initiator=w**************r Action=Get-User-Claim-Values Target=a***n Data={"Claims":{},"Profile":"default"} Outcome=Success
TID: [] [2026-10-01 20:17:22,059]  INFO {AUDIT_LOG} - Initiator=w**************r Action=Get-User-Claim-Values Target=a***n Data={"Claims":{},"Profile":"default"} Outcome=Success
TID: [-1234] [2026-10-01 20:17:22,089]  INFO {AUDIT_LOG} - {"performedBy":"admin","action":"updated","type":"API","info":{"provider":"admin","name":"Api Exemplo","context":"/teste/0.1","version":"0.1"}}
TID: [-1234] [2026-10-01 20:17:22,172]  INFO {AUDIT_LOG} - GET /api/am/publisher/apis/e2751bd4-70e9-4e96-9c39-c0d334d80213/asyncapi user: admin@carbon.super app: lOKNtRmYnWO18JvYCYJANhTjS6sa
TID: [-1234] [2026-10-01 20:17:23,184]  INFO {AUDIT_LOG} - Initiator=w**************r Action=Get-User-Claim-Values Target=a***n Data={"Claims":{},"Profile":"default"} Outcome=Success
TID: [-1234] [2026-10-01 20:17:23,184]  INFO {AUDIT_LOG} - Initiator=w**************r Action=Get-User-Claim-Values Target=a***n Data={"Claims":{},"Profile":"default"} Outcome=Success
TID: [-1234] [2026-10-01 20:17:23,184]  INFO {AUDIT_LOG} - Initiator=w**************r Action=Get-User-Claim-Values Target=a***n Data={"Claims":{},"Profile":"default"} Outcome=Success
TID: [-1234] [2026-10-01 20:17:23,200]  INFO {AUDIT_LOG} - Initiator=w**************r Action=Get-User-Claim-Values Target=a***n Data={"Claims":{},"Profile":"default"} Outcome=Success
TID: [-1234] [2026-10-01 20:17:23,200]  INFO {AUDIT_LOG} - Initiator=w**************r Action=Get-User-Claim-Values Target=a***n Data={"Claims":{},"Profile":"default"} Outcome=Success
TID: [-1234] [2026-10-01 20:17:23,200]  INFO {AUDIT_LOG} - Initiator=w**************r Action=Get-User-Claim-Values Target=a***n Data={"Claims":{},"Profile":"default"} Outcome=Success
TID: [-1234] [2026-10-01 20:17:26,452]  INFO {AUDIT_LOG} - DELETE /api/am/publisher/apis/e2751bd4-70e9-4e96-9c39-c0d334d80213/revisions/8443a3c7-1ada-46e1-b240-51535d87492c user: admin@carbon.super app: lOKNtRmYnWO18JvYCYJANhTjS6sa
TID: [-1234] [2026-10-01 20:17:26,524]  INFO {AUDIT_LOG} - GET /api/am/publisher/apis/e2751bd4-70e9-4e96-9c39-c0d334d80213/revisions user: admin@carbon.super app: lOKNtRmYnWO18JvYCYJANhTjS6sa
TID: [-1234] [2026-10-01 20:17:26,524]  INFO {AUDIT_LOG} - POST /api/am/publisher/apis/e2751bd4-70e9-4e96-9c39-c0d334d80213/revisions user: admin@carbon.super app: lOKNtRmYnWO18JvYCYJANhTjS6sa
TID: [-1234] [2026-10-01 20:17:26,627]  INFO {AUDIT_LOG} - POST /api/am/publisher/apis/e2751bd4-70e9-4e96-9c39-c0d334d80213/deploy-revision?revisionId=6db052de-a5e6-4c41-8e75-f220d695c9f1 user: admin@carbon.super app: lOKNtRmYnWO18JvYCYJANhTjS6sa
TID: [-1234] [2026-10-01 20:17:26,793]  INFO {AUDIT_LOG} - GET /api/am/publisher/apis/e2751bd4-70e9-4e96-9c39-c0d334d80213/revisions user: admin@carbon.super app: lOKNtRmYnWO18JvYCYJANhTjS6sa
TID: [-1234] [2026-10-01 20:17:26,793]  INFO {AUDIT_LOG} - GET /api/am/publisher/apis/e2751bd4-70e9-4e96-9c39-c0d334d80213/revisions?query=deployed%3Atrue user: admin@carbon.super app: lOKNtRmYnWO18JvYCYJANhTjS6sa
TID: [-1234] [2026-10-01 20:17:27,209]  INFO {AUDIT_LOG} - Initiator=w**************r Action=Get-User-Claim-Values Target=a***n Data={"Claims":{},"Profile":"default"} Outcome=Success
TID: [-1234] [2026-10-01 20:17:27,210]  INFO {AUDIT_LOG} - Initiator=w**************r Action=Get-User-Claim-Values Target=a***n Data={"Claims":{},"Profile":"default"} Outcome=Success
TID: [-1234] [2026-10-01 20:17:27,210]  INFO {AUDIT_LOG} - Initiator=w**************r Action=Get-User-Claim-Values Target=a***n Data={"Claims":{},"Profile":"default"} Outcome=Success
TID: [-1234] [2026-10-01 20:17:29,342]  INFO {AUDIT_LOG} - DELETE /api/am/publisher/apis/e2751bd4-70e9-4e96-9c39-c0d334d80213/revisions/282abcf8-8a26-40cf-a30b-8ebbb68c1f47 user: admin@carbon.super app: lOKNtRmYnWO18JvYCYJANhTjS6sa
TID: [-1234] [2026-10-01 20:17:29,395]  INFO {AUDIT_LOG} - GET /api/am/publisher/apis/e2751bd4-70e9-4e96-9c39-c0d334d80213/revisions user: admin@carbon.super app: lOKNtRmYnWO18JvYCYJANhTjS6sa
TID: [-1234] [2026-10-01 20:17:29,940]  INFO {AUDIT_LOG} - GET /api/am/publisher/apis/e2751bd4-70e9-4e96-9c39-c0d334d80213/revisions?query=deployed%3Atrue user: admin@carbon.super app: lOKNtRmYnWO18JvYCYJANhTjS6sa
TID: [-1234] [2026-10-01 20:17:31,533]  INFO {AUDIT_LOG} - DELETE /api/am/publisher/apis/e2751bd4-70e9-4e96-9c39-c0d334d80213/revisions/1b1eef81-3e69-43c0-8262-3281fb6dae4d user: admin@carbon.super app: lOKNtRmYnWO18JvYCYJANhTjS6sa
TID: [-1234] [2026-10-01 20:17:31,589]  INFO {AUDIT_LOG} - GET /api/am/publisher/apis/e2751bd4-70e9-4e96-9c39-c0d334d80213/revisions user: admin@carbon.super app: lOKNtRmYnWO18JvYCYJANhTjS6sa
TID: [-1234] [2026-10-01 20:17:32,223]  INFO {AUDIT_LOG} - Initiator=w**************r Action=Get-User-Claim-Values Target=a***n Data={"Claims":{},"Profile":"default"} Outcome=Success
TID: [-1234] [2026-10-01 20:17:32,223]  INFO {AUDIT_LOG} - Initiator=w**************r Action=Get-User-Claim-Values Target=a***n Data={"Claims":{},"Profile":"default"} Outcome=Success
TID: [-1234] [2026-10-01 20:17:32,223]  INFO {AUDIT_LOG} - Initiator=w**************r Action=Get-User-Claim-Values Target=a***n Data={"Claims":{},"Profile":"default"} Outcome=Success
TID: [] [2026-10-01 20:17:32,271]  INFO {AUDIT_LOG} - {"performedBy":"SYSTEM: carbon.super","action":"undeployed","type":"API","info":"e2751bd4-70e9-4e96-9c39-c0d334d80213"}
TID: [] [2026-10-01 20:17:32,294]  INFO {AUDIT_LOG} - {"performedBy":"SYSTEM: carbon.super","action":"deployed","type":"API","info":"e2751bd4-70e9-4e96-9c39-c0d334d80213"}
TID: [-1234] [2026-10-01 20:17:32,303]  INFO {AUDIT_LOG} - Initiator=w**************r Action=Get-User-Claim-Values Target=a***n Data={"Claims":{},"Profile":"default"} Outcome=Success
TID: [-1234] [2026-10-01 20:17:32,303]  INFO {AUDIT_LOG} - Initiator=w**************r Action=Get-User-Claim-Values Target=a***n Data={"Claims":{},"Profile":"default"} Outcome=Success
TID: [-1234] [2026-10-01 20:17:32,303]  INFO {AUDIT_LOG} - Initiator=w**************r Action=Get-User-Claim-Values Target=a***n Data={"Claims":{},"Profile":"default"} Outcome=Success
TID: [-1234] [2026-10-01 20:17:33,055]  INFO {AUDIT_LOG} - GET /api/am/publisher/apis/e2751bd4-70e9-4e96-9c39-c0d334d80213/revisions?query=deployed%3Atrue user: admin@carbon.super app: lOKNtRmYnWO18JvYCYJANhTjS6sa
TID: [-1234] [2026-10-01 20:17:33,093]  INFO {AUDIT_LOG} - Initiator=w**************r Action=Get-User-Claim-Values Target=a***n Data={"Claims":{},"Profile":"default"} Outcome=Success
TID: [-1234] [2026-10-01 20:17:33,094]  INFO {AUDIT_LOG} - Initiator=w**************r Action=Get-User-Claim-Values Target=a***n Data={"Claims":{},"Profile":"default"} Outcome=Success
TID: [-1234] [2026-10-01 20:17:33,094]  INFO {AUDIT_LOG} - Initiator=w**************r Action=Get-User-Claim-Values Target=a***n Data={"Claims":{},"Profile":"default"} Outcome=Success
TID: [-1234] [2026-10-01 20:17:34,126]  INFO {AUDIT_LOG} - GET /api/am/publisher/scopes?limit=2000&offset=0 user: admin@carbon.super app: lOKNtRmYnWO18JvYCYJANhTjS6sa
TID: [-1234] [2026-10-01 20:17:34,126]  INFO {AUDIT_LOG} - GET /api/am/publisher/apis/e2751bd4-70e9-4e96-9c39-c0d334d80213/swagger user: admin@carbon.super app: lOKNtRmYnWO18JvYCYJANhTjS6sa
TID: [-1234] [2026-10-01 20:17:34,126]  INFO {AUDIT_LOG} - GET /api/am/publisher/throttling-policies/api?limit=80 user: admin@carbon.super app: lOKNtRmYnWO18JvYCYJANhTjS6sa
TID: [-1234] [2026-10-01 20:17:34,126]  INFO {AUDIT_LOG} - GET /api/am/publisher/apis/e2751bd4-70e9-4e96-9c39-c0d334d80213/amznResourceNames user: admin@carbon.super app: lOKNtRmYnWO18JvYCYJANhTjS6sa
TID: [-1234] [2026-10-01 20:17:38,794]  INFO {AUDIT_LOG} - Initiator=w**************r Action=Get-User-Claim-Values Target=a***n Data={"Claims":{},"Profile":"default"} Outcome=Success
TID: [-1234] [2026-10-01 20:17:38,795]  INFO {AUDIT_LOG} - Initiator=w**************r Action=Get-User-Claim-Values Target=a***n Data={"Claims":{},"Profile":"default"} Outcome=Success
TID: [-1234] [2026-10-01 20:17:38,795]  INFO {AUDIT_LOG} - Initiator=w**************r Action=Get-User-Claim-Values Target=a***n Data={"Claims":{},"Profile":"default"} Outcome=Success
TID: [-1234] [2026-10-01 20:17:40,108]  INFO {AUDIT_LOG} - GET /api/am/publisher/apis/e2751bd4-70e9-4e96-9c39-c0d334d80213/swagger user: admin@carbon.super app: lOKNtRmYnWO18JvYCYJANhTjS6sa
TID: [-1234] [2026-10-01 20:17:41,127]  INFO {AUDIT_LOG} - GET /api/am/publisher/apis/e2751bd4-70e9-4e96-9c39-c0d334d80213/swagger user: admin@carbon.super app: lOKNtRmYnWO18JvYCYJANhTjS6sa
TID: [-1234] [2026-10-01 20:17:41,138]  INFO {AUDIT_LOG} - GET /api/am/publisher/endpoint-certificates?endpoint=https%3A%2F%2Flocalhost%3A8081 user: admin@carbon.super app: lOKNtRmYnWO18JvYCYJANhTjS6sa
TID: [-1234] [2026-10-01 20:17:44,289]  INFO {AUDIT_LOG} - GET /api/am/publisher/apis/e2751bd4-70e9-4e96-9c39-c0d334d80213/deployments user: admin@carbon.super app: lOKNtRmYnWO18JvYCYJANhTjS6sa
TID: [-1234] [2026-10-01 20:17:44,289]  INFO {AUDIT_LOG} - GET /api/am/publisher/apis/e2751bd4-70e9-4e96-9c39-c0d334d80213/swagger user: admin@carbon.super app: lOKNtRmYnWO18JvYCYJANhTjS6sa
TID: [-1234] [2026-10-01 20:17:44,298]  INFO {AUDIT_LOG} - POST /api/am/publisher/apis/e2751bd4-70e9-4e96-9c39-c0d334d80213/generate-key user: admin@carbon.super app: lOKNtRmYnWO18JvYCYJANhTjS6sa
TID: [-1234] [2026-10-01 20:18:08,794]  INFO {AUDIT_LOG} - Initiator=w**************r Action=Get-User-Claim-Values Target=a***n Data={"Claims":{},"Profile":"default"} Outcome=Success
TID: [-1234] [2026-10-01 20:18:08,794]  INFO {AUDIT_LOG} - Initiator=w**************r Action=Get-User-Claim-Values Target=a***n Data={"Claims":{},"Profile":"default"} Outcome=Success
TID: [-1234] [2026-10-01 20:18:08,794]  INFO {AUDIT_LOG} - Initiator=w**************r Action=Get-User-Claim-Values Target=a***n Data={"Claims":{},"Profile":"default"} Outcome=Success
TID: [-1234] [2026-10-01 20:18:38,795]  INFO {AUDIT_LOG} - Initiator=w**************r Action=Get-User-Claim-Values Target=a***n Data={"Claims":{},"Profile":"default"} Outcome=Success
TID: [-1234] [2026-10-01 20:18:38,795]  INFO {AUDIT_LOG} - Initiator=w**************r Action=Get-User-Claim-Values Target=a***n Data={"Claims":{},"Profile":"default"} Outcome=Success
TID: [-1234] [2026-10-01 20:18:38,795]  INFO {AUDIT_LOG} - Initiator=w**************r Action=Get-User-Claim-Values Target=a***n Data={"Claims":{},"Profile":"default"} Outcome=Success
TID: [-1234] [2026-10-01 20:19:08,793]  INFO {AUDIT_LOG} - Initiator=w**************r Action=Get-User-Claim-Values Target=a***n Data={"Claims":{},"Profile":"default"} Outcome=Success
TID: [-1234] [2026-10-01 20:19:08,794]  INFO {AUDIT_LOG} - Initiator=w**************r Action=Get-User-Claim-Values Target=a***n Data={"Claims":{},"Profile":"default"} Outcome=Success
TID: [-1234] [2026-10-01 20:19:08,794]  INFO {AUDIT_LOG} - Initiator=w**************r Action=Get-User-Claim-Values Target=a***n Data={"Claims":{},"Profile":"default"} Outcome=Success
TID: [-1234] [2026-10-01 20:19:38,795]  INFO {AUDIT_LOG} - Initiator=w**************r Action=Get-User-Claim-Values Target=a***n Data={"Claims":{},"Profile":"default"} Outcome=Success
TID: [-1234] [2026-10-01 20:19:38,795]  INFO {AUDIT_LOG} - Initiator=w**************r Action=Get-User-Claim-Values Target=a***n Data={"Claims":{},"Profile":"default"} Outcome=Success
TID: [-1234] [2026-10-01 20:19:38,795]  INFO {AUDIT_LOG} - Initiator=w**************r Action=Get-User-Claim-Values Target=a***n Data={"Claims":{},"Profile":"default"} Outcome=Success
TID: [-1234] [2026-10-01 20:20:08,793]  INFO {AUDIT_LOG} - Initiator=w**************r Action=Get-User-Claim-Values Target=a***n Data={"Claims":{},"Profile":"default"} Outcome=Success
TID: [-1234] [2026-10-01 20:20:08,793]  INFO {AUDIT_LOG} - Initiator=w**************r Action=Get-User-Claim-Values Target=a***n Data={"Claims":{},"Profile":"default"} Outcome=Success
TID: [-1234] [2026-10-01 20:20:08,793]  INFO {AUDIT_LOG} - Initiator=w**************r Action=Get-User-Claim-Values Target=a***n Data={"Claims":{},"Profile":"default"} Outcome=Success
TID: [-1234] [2026-10-01 20:20:38,798]  INFO {AUDIT_LOG} - Initiator=w**************r Action=Get-User-Claim-Values Target=a***n Data={"Claims":{},"Profile":"default"} Outcome=Success
TID: [-1234] [2026-10-01 20:20:38,798]  INFO {AUDIT_LOG} - Initiator=w**************r Action=Get-User-Claim-Values Target=a***n Data={"Claims":{},"Profile":"default"} Outcome=Success
TID: [-1234] [2026-10-01 20:20:38,798]  INFO {AUDIT_LOG} - Initiator=w**************r Action=Get-User-Claim-Values Target=a***n Data={"Claims":{},"Profile":"default"} Outcome=Success
TID: [-1234] [2026-10-01 20:21:08,793]  INFO {AUDIT_LOG} - Initiator=w**************r Action=Get-User-Claim-Values Target=a***n Data={"Claims":{},"Profile":"default"} Outcome=Success
TID: [-1234] [2026-10-01 20:21:08,793]  INFO {AUDIT_LOG} - Initiator=w**************r Action=Get-User-Claim-Values Target=a***n Data={"Claims":{},"Profile":"default"} Outcome=Success
TID: [-1234] [2026-10-01 20:21:08,793]  INFO {AUDIT_LOG} - Initiator=w**************r Action=Get-User-Claim-Values Target=a***n Data={"Claims":{},"Profile":"default"} Outcome=Success
TID: [-1234] [2026-10-01 20:21:38,795]  INFO {AUDIT_LOG} - Initiator=w**************r Action=Get-User-Claim-Values Target=a***n Data={"Claims":{},"Profile":"default"} Outcome=Success
TID: [-1234] [2026-10-01 20:21:38,795]  INFO {AUDIT_LOG} - Initiator=w**************r Action=Get-User-Claim-Values Target=a***n Data={"Claims":{},"Profile":"default"} Outcome=Success
TID: [-1234] [2026-10-01 20:21:38,795]  INFO {AUDIT_LOG} - Initiator=w**************r Action=Get-User-Claim-Values Target=a***n Data={"Claims":{},"Profile":"default"} Outcome=Success
TID: [-1234] [2026-10-01 20:22:08,795]  INFO {AUDIT_LOG} - Initiator=w**************r Action=Get-User-Claim-Values Target=a***n Data={"Claims":{},"Profile":"default"} Outcome=Success
TID: [-1234] [2026-10-01 20:22:08,795]  INFO {AUDIT_LOG} - Initiator=w**************r Action=Get-User-Claim-Values Target=a***n Data={"Claims":{},"Profile":"default"} Outcome=Success
TID: [-1234] [2026-10-01 20:22:08,795]  INFO {AUDIT_LOG} - Initiator=w**************r Action=Get-User-Claim-Values Target=a***n Data={"Claims":{},"Profile":"default"} Outcome=Success
TID: [-1234] [2026-10-01 20:22:38,795]  INFO {AUDIT_LOG} - Initiator=w**************r Action=Get-User-Claim-Values Target=a***n Data={"Claims":{},"Profile":"default"} Outcome=Success
TID: [-1234] [2026-10-01 20:22:38,795]  INFO {AUDIT_LOG} - Initiator=w**************r Action=Get-User-Claim-Values Target=a***n Data={"Claims":{},"Profile":"default"} Outcome=Success
TID: [-1234] [2026-10-01 20:22:38,795]  INFO {AUDIT_LOG} - Initiator=w**************r Action=Get-User-Claim-Values Target=a***n Data={"Claims":{},"Profile":"default"} Outcome=Success
TID: [-1234] [2026-10-01 20:23:08,794]  INFO {AUDIT_LOG} - Initiator=w**************r Action=Get-User-Claim-Values Target=a***n Data={"Claims":{},"Profile":"default"} Outcome=Success
TID: [-1234] [2026-10-01 20:23:08,794]  INFO {AUDIT_LOG} - Initiator=w**************r Action=Get-User-Claim-Values Target=a***n Data={"Claims":{},"Profile":"default"} Outcome=Success
TID: [-1234] [2026-10-01 20:23:08,794]  INFO {AUDIT_LOG} - Initiator=w**************r Action=Get-User-Claim-Values Target=a***n Data={"Claims":{},"Profile":"default"} Outcome=Success
TID: [-1234] [2026-10-01 20:23:25,124]  INFO {AUDIT_LOG} - Initiator=w**************r Action=Get-User-Claim-Value Target=a***n Data={"Claim":"http://wso2.org/claims/organization"} Outcome=Success
TID: [-1234] [2026-10-01 20:23:25,125]  INFO {AUDIT_LOG} - GET /api/am/publisher/apis/e2751bd4-70e9-4e96-9c39-c0d334d80213/swagger user: admin@carbon.super app: lOKNtRmYnWO18JvYCYJANhTjS6sa
TID: [-1234] [2026-10-01 20:23:28,369]  INFO {AUDIT_LOG} - GET /api/am/publisher/apis/e2751bd4-70e9-4e96-9c39-c0d334d80213/swagger user: admin@carbon.super app: lOKNtRmYnWO18JvYCYJANhTjS6sa
TID: [-1234] [2026-10-01 20:23:28,370]  INFO {AUDIT_LOG} - GET /api/am/publisher/apis/e2751bd4-70e9-4e96-9c39-c0d334d80213/amznResourceNames user: admin@carbon.super app: lOKNtRmYnWO18JvYCYJANhTjS6sa
TID: [-1234] [2026-10-01 20:23:28,378]  INFO {AUDIT_LOG} - GET /api/am/publisher/scopes?limit=2000&offset=0 user: admin@carbon.super app: lOKNtRmYnWO18JvYCYJANhTjS6sa
TID: [-1234] [2026-10-01 20:23:28,378]  INFO {AUDIT_LOG} - GET /api/am/publisher/throttling-policies/api?limit=80 user: admin@carbon.super app: lOKNtRmYnWO18JvYCYJANhTjS6sa
TID: [-1234] [2026-10-01 20:23:38,795]  INFO {AUDIT_LOG} - Initiator=w**************r Action=Get-User-Claim-Values Target=a***n Data={"Claims":{},"Profile":"default"} Outcome=Success
TID: [-1234] [2026-10-01 20:23:38,796]  INFO {AUDIT_LOG} - Initiator=w**************r Action=Get-User-Claim-Values Target=a***n Data={"Claims":{},"Profile":"default"} Outcome=Success
TID: [-1234] [2026-10-01 20:23:38,796]  INFO {AUDIT_LOG} - Initiator=w**************r Action=Get-User-Claim-Values Target=a***n Data={"Claims":{},"Profile":"default"} Outcome=Success
TID: [-1234] [2026-10-01 20:24:08,794]  INFO {AUDIT_LOG} - Initiator=w**************r Action=Get-User-Claim-Values Target=a***n Data={"Claims":{},"Profile":"default"} Outcome=Success
TID: [-1234] [2026-10-01 20:24:08,794]  INFO {AUDIT_LOG} - Initiator=w**************r Action=Get-User-Claim-Values Target=a***n Data={"Claims":{},"Profile":"default"} Outcome=Success
TID: [-1234] [2026-10-01 20:24:08,794]  INFO {AUDIT_LOG} - Initiator=w**************r Action=Get-User-Claim-Values Target=a***n Data={"Claims":{},"Profile":"default"} Outcome=Success
TID: [-1234] [2026-10-01 20:24:38,796]  INFO {AUDIT_LOG} - Initiator=w**************r Action=Get-User-Claim-Values Target=a***n Data={"Claims":{},"Profile":"default"} Outcome=Success
TID: [-1234] [2026-10-01 20:24:38,796]  INFO {AUDIT_LOG} - Initiator=w**************r Action=Get-User-Claim-Values Target=a***n Data={"Claims":{},"Profile":"default"} Outcome=Success
TID: [-1234] [2026-10-01 20:24:38,796]  INFO {AUDIT_LOG} - Initiator=w**************r Action=Get-User-Claim-Values Target=a***n Data={"Claims":{},"Profile":"default"} Outcome=Success
TID: [-1234] [2026-10-01 20:25:08,801]  INFO {AUDIT_LOG} - Initiator=w**************r Action=Get-User-Claim-Values Target=a***n Data={"Claims":{},"Profile":"default"} Outcome=Success
TID: [-1234] [2026-10-01 20:25:08,801]  INFO {AUDIT_LOG} - Initiator=w**************r Action=Get-User-Claim-Values Target=a***n Data={"Claims":{},"Profile":"default"} Outcome=Success
TID: [-1234] [2026-10-01 20:25:08,801]  INFO {AUDIT_LOG} - Initiator=w**************r Action=Get-User-Claim-Values Target=a***n Data={"Claims":{},"Profile":"default"} Outcome=Success
TID: [-1234] [2026-10-01 20:25:38,793]  INFO {AUDIT_LOG} - Initiator=w**************r Action=Get-User-Claim-Values Target=a***n Data={"Claims":{},"Profile":"default"} Outcome=Success
TID: [-1234] [2026-10-01 20:25:38,794]  INFO {AUDIT_LOG} - Initiator=w**************r Action=Get-User-Claim-Values Target=a***n Data={"Claims":{},"Profile":"default"} Outcome=Success
TID: [-1234] [2026-10-01 20:25:38,794]  INFO {AUDIT_LOG} - Initiator=w**************r Action=Get-User-Claim-Values Target=a***n Data={"Claims":{},"Profile":"default"} Outcome=Success
TID: [-1234] [2026-10-01 20:26:05,340]  INFO {AUDIT_LOG} - PUT /api/am/publisher/apis/e2751bd4-70e9-4e96-9c39-c0d334d80213/swagger user: admin@carbon.super app: lOKNtRmYnWO18JvYCYJANhTjS6sa
TID: [] [2026-10-01 20:26:05,402]  INFO {AUDIT_LOG} - Initiator=w**************r Action=Get-User-Claim-Values Target=a***n Data={"Claims":{},"Profile":"default"} Outcome=Success
TID: [] [2026-10-01 20:26:05,402]  INFO {AUDIT_LOG} - Initiator=w**************r Action=Get-User-Claim-Values Target=a***n Data={"Claims":{},"Profile":"default"} Outcome=Success
TID: [] [2026-10-01 20:26:05,402]  INFO {AUDIT_LOG} - Initiator=w**************r Action=Get-User-Claim-Values Target=a***n Data={"Claims":{},"Profile":"default"} Outcome=Success
TID: [] [2026-10-01 20:26:05,412]  INFO {AUDIT_LOG} - Initiator=w**************r Action=Get-User-Claim-Values Target=a***n Data={"Claims":{},"Profile":"default"} Outcome=Success
TID: [] [2026-10-01 20:26:05,412]  INFO {AUDIT_LOG} - Initiator=w**************r Action=Get-User-Claim-Values Target=a***n Data={"Claims":{},"Profile":"default"} Outcome=Success
TID: [] [2026-10-01 20:26:05,412]  INFO {AUDIT_LOG} - Initiator=w**************r Action=Get-User-Claim-Values Target=a***n Data={"Claims":{},"Profile":"default"} Outcome=Success
TID: [] [2026-10-01 20:26:05,417]  INFO {AUDIT_LOG} - Initiator=w**************r Action=Get-Roles-of-User Target=a***n Data={"Filter":"*","Roles":["Internal/subscriber","Internal/creator","Internal/publisher","Internal/everyone","Internal/devops","admin","Internal/analytics","Internal/observer","Internal/integration_dev"]} Outcome=Success
TID: [-1234] [2026-10-01 20:26:05,441]  INFO {AUDIT_LOG} - {"performedBy":"admin","action":"updated","type":"API","info":{"provider":"admin","name":"Api Exemplo","context":"/teste/0.1","version":"0.1"}}
TID: [-1234] [2026-10-01 20:26:05,471]  INFO {AUDIT_LOG} - GET /api/am/publisher/apis/e2751bd4-70e9-4e96-9c39-c0d334d80213 user: admin@carbon.super app: lOKNtRmYnWO18JvYCYJANhTjS6sa
TID: [-1234] [2026-10-01 20:26:05,645]  INFO {AUDIT_LOG} - Initiator=w**************r Action=Get-User-Claim-Values Target=a***n Data={"Claims":{},"Profile":"default"} Outcome=Success
TID: [-1234] [2026-10-01 20:26:05,645]  INFO {AUDIT_LOG} - Initiator=w**************r Action=Get-User-Claim-Values Target=a***n Data={"Claims":{},"Profile":"default"} Outcome=Success
TID: [-1234] [2026-10-01 20:26:05,646]  INFO {AUDIT_LOG} - Initiator=w**************r Action=Get-User-Claim-Values Target=a***n Data={"Claims":{},"Profile":"default"} Outcome=Success
TID: [-1234] [2026-10-01 20:26:05,659]  INFO {AUDIT_LOG} - Initiator=w**************r Action=Get-User-Claim-Values Target=a***n Data={"Claims":{},"Profile":"default"} Outcome=Success
TID: [-1234] [2026-10-01 20:26:05,659]  INFO {AUDIT_LOG} - Initiator=w**************r Action=Get-User-Claim-Values Target=a***n Data={"Claims":{},"Profile":"default"} Outcome=Success
TID: [-1234] [2026-10-01 20:26:05,659]  INFO {AUDIT_LOG} - Initiator=w**************r Action=Get-User-Claim-Values Target=a***n Data={"Claims":{},"Profile":"default"} Outcome=Success
TID: [-1234] [2026-10-01 20:26:08,794]  INFO {AUDIT_LOG} - Initiator=w**************r Action=Get-User-Claim-Values Target=a***n Data={"Claims":{},"Profile":"default"} Outcome=Success
TID: [-1234] [2026-10-01 20:26:08,794]  INFO {AUDIT_LOG} - Initiator=w**************r Action=Get-User-Claim-Values Target=a***n Data={"Claims":{},"Profile":"default"} Outcome=Success
TID: [-1234] [2026-10-01 20:26:08,794]  INFO {AUDIT_LOG} - Initiator=w**************r Action=Get-User-Claim-Values Target=a***n Data={"Claims":{},"Profile":"default"} Outcome=Success
TID: [-1234] [2026-10-01 20:26:15,652]  INFO {AUDIT_LOG} - GET /api/am/publisher/apis/e2751bd4-70e9-4e96-9c39-c0d334d80213/swagger user: admin@carbon.super app: lOKNtRmYnWO18JvYCYJANhTjS6sa
TID: [-1234] [2026-10-01 20:26:25,998]  INFO {AUDIT_LOG} - GET /api/am/publisher/linter-custom-rules?apiId=e2751bd4-70e9-4e96-9c39-c0d334d80213 user: admin@carbon.super app: lOKNtRmYnWO18JvYCYJANhTjS6sa
TID: [-1234] [2026-10-01 20:26:38,794]  INFO {AUDIT_LOG} - Initiator=w**************r Action=Get-User-Claim-Values Target=a***n Data={"Claims":{},"Profile":"default"} Outcome=Success
TID: [-1234] [2026-10-01 20:26:38,795]  INFO {AUDIT_LOG} - Initiator=w**************r Action=Get-User-Claim-Values Target=a***n Data={"Claims":{},"Profile":"default"} Outcome=Success
TID: [-1234] [2026-10-01 20:26:38,795]  INFO {AUDIT_LOG} - Initiator=w**************r Action=Get-User-Claim-Values Target=a***n Data={"Claims":{},"Profile":"default"} Outcome=Success
TID: [-1234] [2026-10-01 20:27:04,457]  INFO {AUDIT_LOG} - GET /api/am/publisher/linter-custom-rules?apiId=e2751bd4-70e9-4e96-9c39-c0d334d80213 user: admin@carbon.super app: lOKNtRmYnWO18JvYCYJANhTjS6sa
TID: [-1234] [2026-10-01 20:27:08,793]  INFO {AUDIT_LOG} - Initiator=w**************r Action=Get-User-Claim-Values Target=a***n Data={"Claims":{},"Profile":"default"} Outcome=Success
TID: [-1234] [2026-10-01 20:27:08,794]  INFO {AUDIT_LOG} - Initiator=w**************r Action=Get-User-Claim-Values Target=a***n Data={"Claims":{},"Profile":"default"} Outcome=Success
TID: [-1234] [2026-10-01 20:27:08,794]  INFO {AUDIT_LOG} - Initiator=w**************r Action=Get-User-Claim-Values Target=a***n Data={"Claims":{},"Profile":"default"} Outcome=Success
TID: [-1234] [2026-10-01 20:27:34,954]  INFO {AUDIT_LOG} - GET /api/am/publisher/linter-custom-rules?apiId=e2751bd4-70e9-4e96-9c39-c0d334d80213 user: admin@carbon.super app: lOKNtRmYnWO18JvYCYJANhTjS6sa
TID: [-1234] [2026-10-01 20:27:35,439]  INFO {AUDIT_LOG} - POST /api/am/publisher/apis/validate-openapi user: admin@carbon.super app: lOKNtRmYnWO18JvYCYJANhTjS6sa
TID: [-1234] [2026-10-01 20:27:38,795]  INFO {AUDIT_LOG} - Initiator=w**************r Action=Get-User-Claim-Values Target=a***n Data={"Claims":{},"Profile":"default"} Outcome=Success
TID: [-1234] [2026-10-01 20:27:38,795]  INFO {AUDIT_LOG} - Initiator=w**************r Action=Get-User-Claim-Values Target=a***n Data={"Claims":{},"Profile":"default"} Outcome=Success
TID: [-1234] [2026-10-01 20:27:38,795]  INFO {AUDIT_LOG} - Initiator=w**************r Action=Get-User-Claim-Values Target=a***n Data={"Claims":{},"Profile":"default"} Outcome=Success
TID: [-1234] [2026-10-01 20:27:39,828]  INFO {AUDIT_LOG} - GET /api/am/publisher/linter-custom-rules?apiId=e2751bd4-70e9-4e96-9c39-c0d334d80213 user: admin@carbon.super app: lOKNtRmYnWO18JvYCYJANhTjS6sa
TID: [-1234] [2026-10-01 20:27:41,750]  INFO {AUDIT_LOG} - GET /api/am/publisher/linter-custom-rules?apiId=e2751bd4-70e9-4e96-9c39-c0d334d80213 user: admin@carbon.super app: lOKNtRmYnWO18JvYCYJANhTjS6sa
TID: [-1234] [2026-10-01 20:27:42,230]  INFO {AUDIT_LOG} - POST /api/am/publisher/apis/validate-openapi user: admin@carbon.super app: lOKNtRmYnWO18JvYCYJANhTjS6sa
TID: [-1234] [2026-10-01 20:28:08,800]  INFO {AUDIT_LOG} - Initiator=w**************r Action=Get-User-Claim-Values Target=a***n Data={"Claims":{},"Profile":"default"} Outcome=Success
TID: [-1234] [2026-10-01 20:28:08,800]  INFO {AUDIT_LOG} - Initiator=w**************r Action=Get-User-Claim-Values Target=a***n Data={"Claims":{},"Profile":"default"} Outcome=Success
TID: [-1234] [2026-10-01 20:28:08,801]  INFO {AUDIT_LOG} - Initiator=w**************r Action=Get-User-Claim-Values Target=a***n Data={"Claims":{},"Profile":"default"} Outcome=Success
TID: [-1234] [2026-10-01 20:28:38,793]  INFO {AUDIT_LOG} - Initiator=w**************r Action=Get-User-Claim-Values Target=a***n Data={"Claims":{},"Profile":"default"} Outcome=Success
TID: [-1234] [2026-10-01 20:28:38,793]  INFO {AUDIT_LOG} - Initiator=w**************r Action=Get-User-Claim-Values Target=a***n Data={"Claims":{},"Profile":"default"} Outcome=Success
TID: [-1234] [2026-10-01 20:28:38,794]  INFO {AUDIT_LOG} - Initiator=w**************r Action=Get-User-Claim-Values Target=a***n Data={"Claims":{},"Profile":"default"} Outcome=Success
TID: [-1234] [2026-10-01 20:29:08,793]  INFO {AUDIT_LOG} - Initiator=w**************r Action=Get-User-Claim-Values Target=a***n Data={"Claims":{},"Profile":"default"} Outcome=Success
TID: [-1234] [2026-10-01 20:29:08,794]  INFO {AUDIT_LOG} - Initiator=w**************r Action=Get-User-Claim-Values Target=a***n Data={"Claims":{},"Profile":"default"} Outcome=Success
TID: [-1234] [2026-10-01 20:29:08,794]  INFO {AUDIT_LOG} - Initiator=w**************r Action=Get-User-Claim-Values Target=a***n Data={"Claims":{},"Profile":"default"} Outcome=Success
TID: [-1234] [2026-10-01 20:29:38,794]  INFO {AUDIT_LOG} - Initiator=w**************r Action=Get-User-Claim-Values Target=a***n Data={"Claims":{},"Profile":"default"} Outcome=Success
TID: [-1234] [2026-10-01 20:29:38,795]  INFO {AUDIT_LOG} - Initiator=w**************r Action=Get-User-Claim-Values Target=a***n Data={"Claims":{},"Profile":"default"} Outcome=Success
TID: [-1234] [2026-10-01 20:29:38,795]  INFO {AUDIT_LOG} - Initiator=w**************r Action=Get-User-Claim-Values Target=a***n Data={"Claims":{},"Profile":"default"} Outcome=Success
TID: [-1234] [2026-10-01 20:29:57,571]  INFO {AUDIT_LOG} - Initiator=w**************r Action=Get-User-Claim-Value Target=a***n Data={"Claim":"http://wso2.org/claims/organization"} Outcome=Success
TID: [-1234] [2026-10-01 20:29:57,576]  INFO {AUDIT_LOG} - GET /api/am/publisher/linter-custom-rules?apiId=e2751bd4-70e9-4e96-9c39-c0d334d80213 user: admin@carbon.super app: lOKNtRmYnWO18JvYCYJANhTjS6sa
TID: [-1234] [2026-10-01 20:29:58,044]  INFO {AUDIT_LOG} - POST /api/am/publisher/apis/validate-openapi user: admin@carbon.super app: lOKNtRmYnWO18JvYCYJANhTjS6sa
TID: [-1234] [2026-10-01 20:29:58,298]  INFO {AUDIT_LOG} - GET /api/am/publisher/linter-custom-rules?apiId=e2751bd4-70e9-4e96-9c39-c0d334d80213 user: admin@carbon.super app: lOKNtRmYnWO18JvYCYJANhTjS6sa
TID: [-1234] [2026-10-01 20:29:58,792]  INFO {AUDIT_LOG} - POST /api/am/publisher/apis/validate-openapi user: admin@carbon.super app: lOKNtRmYnWO18JvYCYJANhTjS6sa
TID: [-1234] [2026-10-01 20:30:08,374]  INFO {AUDIT_LOG} - GET /api/am/publisher/linter-custom-rules?apiId=e2751bd4-70e9-4e96-9c39-c0d334d80213 user: admin@carbon.super app: lOKNtRmYnWO18JvYCYJANhTjS6sa
TID: [-1234] [2026-10-01 20:30:08,796]  INFO {AUDIT_LOG} - Initiator=w**************r Action=Get-User-Claim-Values Target=a***n Data={"Claims":{},"Profile":"default"} Outcome=Success
TID: [-1234] [2026-10-01 20:30:08,796]  INFO {AUDIT_LOG} - Initiator=w**************r Action=Get-User-Claim-Values Target=a***n Data={"Claims":{},"Profile":"default"} Outcome=Success
TID: [-1234] [2026-10-01 20:30:08,796]  INFO {AUDIT_LOG} - Initiator=w**************r Action=Get-User-Claim-Values Target=a***n Data={"Claims":{},"Profile":"default"} Outcome=Success
TID: [-1234] [2026-10-01 20:30:08,874]  INFO {AUDIT_LOG} - GET /api/am/publisher/linter-custom-rules?apiId=e2751bd4-70e9-4e96-9c39-c0d334d80213 user: admin@carbon.super app: lOKNtRmYnWO18JvYCYJANhTjS6sa
TID: [-1234] [2026-10-01 20:30:08,900]  INFO {AUDIT_LOG} - POST /api/am/publisher/apis/validate-openapi user: admin@carbon.super app: lOKNtRmYnWO18JvYCYJANhTjS6sa
TID: [-1234] [2026-10-01 20:30:09,355]  INFO {AUDIT_LOG} - POST /api/am/publisher/apis/validate-openapi user: admin@carbon.super app: lOKNtRmYnWO18JvYCYJANhTjS6sa
TID: [-1234] [2026-10-01 20:30:11,455]  INFO {AUDIT_LOG} - GET /api/am/publisher/linter-custom-rules?apiId=e2751bd4-70e9-4e96-9c39-c0d334d80213 user: admin@carbon.super app: lOKNtRmYnWO18JvYCYJANhTjS6sa
TID: [-1234] [2026-10-01 20:30:11,805]  INFO {AUDIT_LOG} - GET /api/am/publisher/linter-custom-rules?apiId=e2751bd4-70e9-4e96-9c39-c0d334d80213 user: admin@carbon.super app: lOKNtRmYnWO18JvYCYJANhTjS6sa
TID: [-1234] [2026-10-01 20:30:11,938]  INFO {AUDIT_LOG} - POST /api/am/publisher/apis/validate-openapi user: admin@carbon.super app: lOKNtRmYnWO18JvYCYJANhTjS6sa
TID: [-1234] [2026-10-01 20:30:12,291]  INFO {AUDIT_LOG} - POST /api/am/publisher/apis/validate-openapi user: admin@carbon.super app: lOKNtRmYnWO18JvYCYJANhTjS6sa
TID: [-1234] [2026-10-01 20:30:16,551]  INFO {AUDIT_LOG} - GET /api/am/publisher/linter-custom-rules?apiId=e2751bd4-70e9-4e96-9c39-c0d334d80213 user: admin@carbon.super app: lOKNtRmYnWO18JvYCYJANhTjS6sa
TID: [-1234] [2026-10-01 20:30:17,033]  INFO {AUDIT_LOG} - POST /api/am/publisher/apis/validate-openapi user: admin@carbon.super app: lOKNtRmYnWO18JvYCYJANhTjS6sa
TID: [-1234] [2026-10-01 20:30:38,794]  INFO {AUDIT_LOG} - Initiator=w**************r Action=Get-User-Claim-Values Target=a***n Data={"Claims":{},"Profile":"default"} Outcome=Success
TID: [-1234] [2026-10-01 20:30:38,794]  INFO {AUDIT_LOG} - Initiator=w**************r Action=Get-User-Claim-Values Target=a***n Data={"Claims":{},"Profile":"default"} Outcome=Success
TID: [-1234] [2026-10-01 20:30:38,794]  INFO {AUDIT_LOG} - Initiator=w**************r Action=Get-User-Claim-Values Target=a***n Data={"Claims":{},"Profile":"default"} Outcome=Success
TID: [-1234] [2026-10-01 20:31:08,795]  INFO {AUDIT_LOG} - Initiator=w**************r Action=Get-User-Claim-Values Target=a***n Data={"Claims":{},"Profile":"default"} Outcome=Success
TID: [-1234] [2026-10-01 20:31:08,795]  INFO {AUDIT_LOG} - Initiator=w**************r Action=Get-User-Claim-Values Target=a***n Data={"Claims":{},"Profile":"default"} Outcome=Success
TID: [-1234] [2026-10-01 20:31:08,795]  INFO {AUDIT_LOG} - Initiator=w**************r Action=Get-User-Claim-Values Target=a***n Data={"Claims":{},"Profile":"default"} Outcome=Success
TID: [-1234] [2026-10-01 20:31:38,794]  INFO {AUDIT_LOG} - Initiator=w**************r Action=Get-User-Claim-Values Target=a***n Data={"Claims":{},"Profile":"default"} Outcome=Success
TID: [-1234] [2026-10-01 20:31:38,794]  INFO {AUDIT_LOG} - Initiator=w**************r Action=Get-User-Claim-Values Target=a***n Data={"Claims":{},"Profile":"default"} Outcome=Success
TID: [-1234] [2026-10-01 20:31:38,794]  INFO {AUDIT_LOG} - Initiator=w**************r Action=Get-User-Claim-Values Target=a***n Data={"Claims":{},"Profile":"default"} Outcome=Success
TID: [-1234] [2026-10-01 20:31:49,452]  INFO {AUDIT_LOG} - GET /api/am/publisher/linter-custom-rules?apiId=e2751bd4-70e9-4e96-9c39-c0d334d80213 user: admin@carbon.super app: lOKNtRmYnWO18JvYCYJANhTjS6sa
TID: [-1234] [2026-10-01 20:31:49,849]  INFO {AUDIT_LOG} - GET /api/am/publisher/linter-custom-rules?apiId=e2751bd4-70e9-4e96-9c39-c0d334d80213 user: admin@carbon.super app: lOKNtRmYnWO18JvYCYJANhTjS6sa
TID: [-1234] [2026-10-01 20:31:49,918]  INFO {AUDIT_LOG} - POST /api/am/publisher/apis/validate-openapi user: admin@carbon.super app: lOKNtRmYnWO18JvYCYJANhTjS6sa
TID: [-1234] [2026-10-01 20:31:50,330]  INFO {AUDIT_LOG} - POST /api/am/publisher/apis/validate-openapi user: admin@carbon.super app: lOKNtRmYnWO18JvYCYJANhTjS6sa
TID: [-1234] [2026-10-01 20:31:50,470]  INFO {AUDIT_LOG} - GET /api/am/publisher/linter-custom-rules?apiId=e2751bd4-70e9-4e96-9c39-c0d334d80213 user: admin@carbon.super app: lOKNtRmYnWO18JvYCYJANhTjS6sa
TID: [-1234] [2026-10-01 20:31:50,955]  INFO {AUDIT_LOG} - POST /api/am/publisher/apis/validate-openapi user: admin@carbon.super app: lOKNtRmYnWO18JvYCYJANhTjS6sa
TID: [-1234] [2026-10-01 20:31:56,875]  INFO {AUDIT_LOG} - GET /api/am/publisher/linter-custom-rules?apiId=e2751bd4-70e9-4e96-9c39-c0d334d80213 user: admin@carbon.super app: lOKNtRmYnWO18JvYCYJANhTjS6sa
TID: [-1234] [2026-10-01 20:31:57,066]  INFO {AUDIT_LOG} - GET /api/am/publisher/linter-custom-rules?apiId=e2751bd4-70e9-4e96-9c39-c0d334d80213 user: admin@carbon.super app: lOKNtRmYnWO18JvYCYJANhTjS6sa
TID: [-1234] [2026-10-01 20:31:57,229]  INFO {AUDIT_LOG} - GET /api/am/publisher/linter-custom-rules?apiId=e2751bd4-70e9-4e96-9c39-c0d334d80213 user: admin@carbon.super app: lOKNtRmYnWO18JvYCYJANhTjS6sa
TID: [-1234] [2026-10-01 20:31:57,367]  INFO {AUDIT_LOG} - POST /api/am/publisher/apis/validate-openapi user: admin@carbon.super app: lOKNtRmYnWO18JvYCYJANhTjS6sa
TID: [-1234] [2026-10-01 20:31:57,553]  INFO {AUDIT_LOG} - POST /api/am/publisher/apis/validate-openapi user: admin@carbon.super app: lOKNtRmYnWO18JvYCYJANhTjS6sa
TID: [-1234] [2026-10-01 20:31:57,708]  INFO {AUDIT_LOG} - POST /api/am/publisher/apis/validate-openapi user: admin@carbon.super app: lOKNtRmYnWO18JvYCYJANhTjS6sa
TID: [-1234] [2026-10-01 20:32:08,798]  INFO {AUDIT_LOG} - Initiator=w**************r Action=Get-User-Claim-Values Target=a***n Data={"Claims":{},"Profile":"default"} Outcome=Success
TID: [-1234] [2026-10-01 20:32:08,799]  INFO {AUDIT_LOG} - Initiator=w**************r Action=Get-User-Claim-Values Target=a***n Data={"Claims":{},"Profile":"default"} Outcome=Success
TID: [-1234] [2026-10-01 20:32:08,799]  INFO {AUDIT_LOG} - Initiator=w**************r Action=Get-User-Claim-Values Target=a***n Data={"Claims":{},"Profile":"default"} Outcome=Success
TID: [-1234] [2026-10-01 20:32:38,794]  INFO {AUDIT_LOG} - Initiator=w**************r Action=Get-User-Claim-Values Target=a***n Data={"Claims":{},"Profile":"default"} Outcome=Success
TID: [-1234] [2026-10-01 20:32:38,794]  INFO {AUDIT_LOG} - Initiator=w**************r Action=Get-User-Claim-Values Target=a***n Data={"Claims":{},"Profile":"default"} Outcome=Success
TID: [-1234] [2026-10-01 20:32:38,794]  INFO {AUDIT_LOG} - Initiator=w**************r Action=Get-User-Claim-Values Target=a***n Data={"Claims":{},"Profile":"default"} Outcome=Success
TID: [-1234] [2026-10-01 20:32:57,160]  INFO {AUDIT_LOG} - GET /api/am/publisher/linter-custom-rules?apiId=e2751bd4-70e9-4e96-9c39-c0d334d80213 user: admin@carbon.super app: lOKNtRmYnWO18JvYCYJANhTjS6sa
TID: [-1234] [2026-10-01 20:32:57,640]  INFO {AUDIT_LOG} - POST /api/am/publisher/apis/validate-openapi user: admin@carbon.super app: lOKNtRmYnWO18JvYCYJANhTjS6sa
TID: [-1234] [2026-10-01 20:33:00,387]  INFO {AUDIT_LOG} - GET /api/am/publisher/linter-custom-rules?apiId=e2751bd4-70e9-4e96-9c39-c0d334d80213 user: admin@carbon.super app: lOKNtRmYnWO18JvYCYJANhTjS6sa
TID: [-1234] [2026-10-01 20:33:00,872]  INFO {AUDIT_LOG} - POST /api/am/publisher/apis/validate-openapi user: admin@carbon.super app: lOKNtRmYnWO18JvYCYJANhTjS6sa
TID: [-1234] [2026-10-01 20:33:01,248]  INFO {AUDIT_LOG} - GET /api/am/publisher/linter-custom-rules?apiId=e2751bd4-70e9-4e96-9c39-c0d334d80213 user: admin@carbon.super app: lOKNtRmYnWO18JvYCYJANhTjS6sa
TID: [-1234] [2026-10-01 20:33:01,749]  INFO {AUDIT_LOG} - POST /api/am/publisher/apis/validate-openapi user: admin@carbon.super app: lOKNtRmYnWO18JvYCYJANhTjS6sa
TID: [-1234] [2026-10-01 20:33:08,798]  INFO {AUDIT_LOG} - Initiator=w**************r Action=Get-User-Claim-Values Target=a***n Data={"Claims":{},"Profile":"default"} Outcome=Success
TID: [-1234] [2026-10-01 20:33:08,799]  INFO {AUDIT_LOG} - Initiator=w**************r Action=Get-User-Claim-Values Target=a***n Data={"Claims":{},"Profile":"default"} Outcome=Success
TID: [-1234] [2026-10-01 20:33:08,799]  INFO {AUDIT_LOG} - Initiator=w**************r Action=Get-User-Claim-Values Target=a***n Data={"Claims":{},"Profile":"default"} Outcome=Success
TID: [-1234] [2026-10-01 20:33:18,306]  INFO {AUDIT_LOG} - GET /api/am/publisher/linter-custom-rules?apiId=e2751bd4-70e9-4e96-9c39-c0d334d80213 user: admin@carbon.super app: lOKNtRmYnWO18JvYCYJANhTjS6sa
TID: [-1234] [2026-10-01 20:33:18,746]  INFO {AUDIT_LOG} - GET /api/am/publisher/linter-custom-rules?apiId=e2751bd4-70e9-4e96-9c39-c0d334d80213 user: admin@carbon.super app: lOKNtRmYnWO18JvYCYJANhTjS6sa
TID: [-1234] [2026-10-01 20:33:18,809]  INFO {AUDIT_LOG} - POST /api/am/publisher/apis/validate-openapi user: admin@carbon.super app: lOKNtRmYnWO18JvYCYJANhTjS6sa
TID: [-1234] [2026-10-01 20:33:19,240]  INFO {AUDIT_LOG} - POST /api/am/publisher/apis/validate-openapi user: admin@carbon.super app: lOKNtRmYnWO18JvYCYJANhTjS6sa
TID: [-1234] [2026-10-01 20:33:24,910]  INFO {AUDIT_LOG} - GET /api/am/publisher/linter-custom-rules?apiId=e2751bd4-70e9-4e96-9c39-c0d334d80213 user: admin@carbon.super app: lOKNtRmYnWO18JvYCYJANhTjS6sa
TID: [-1234] [2026-10-01 20:33:25,399]  INFO {AUDIT_LOG} - POST /api/am/publisher/apis/validate-openapi user: admin@carbon.super app: lOKNtRmYnWO18JvYCYJANhTjS6sa
TID: [-1234] [2026-10-01 20:33:25,733]  INFO {AUDIT_LOG} - GET /api/am/publisher/linter-custom-rules?apiId=e2751bd4-70e9-4e96-9c39-c0d334d80213 user: admin@carbon.super app: lOKNtRmYnWO18JvYCYJANhTjS6sa
TID: [-1234] [2026-10-01 20:33:26,220]  INFO {AUDIT_LOG} - POST /api/am/publisher/apis/validate-openapi user: admin@carbon.super app: lOKNtRmYnWO18JvYCYJANhTjS6sa
TID: [-1234] [2026-10-01 20:33:26,437]  INFO {AUDIT_LOG} - GET /api/am/publisher/linter-custom-rules?apiId=e2751bd4-70e9-4e96-9c39-c0d334d80213 user: admin@carbon.super app: lOKNtRmYnWO18JvYCYJANhTjS6sa
TID: [-1234] [2026-10-01 20:33:26,934]  INFO {AUDIT_LOG} - POST /api/am/publisher/apis/validate-openapi user: admin@carbon.super app: lOKNtRmYnWO18JvYCYJANhTjS6sa
TID: [-1234] [2026-10-01 20:33:38,793]  INFO {AUDIT_LOG} - Initiator=w**************r Action=Get-User-Claim-Values Target=a***n Data={"Claims":{},"Profile":"default"} Outcome=Success
TID: [-1234] [2026-10-01 20:33:38,794]  INFO {AUDIT_LOG} - Initiator=w**************r Action=Get-User-Claim-Values Target=a***n Data={"Claims":{},"Profile":"default"} Outcome=Success
TID: [-1234] [2026-10-01 20:33:38,794]  INFO {AUDIT_LOG} - Initiator=w**************r Action=Get-User-Claim-Values Target=a***n Data={"Claims":{},"Profile":"default"} Outcome=Success
TID: [-1234] [2026-10-01 20:33:43,564]  INFO {AUDIT_LOG} - GET /api/am/publisher/linter-custom-rules?apiId=e2751bd4-70e9-4e96-9c39-c0d334d80213 user: admin@carbon.super app: lOKNtRmYnWO18JvYCYJANhTjS6sa
TID: [-1234] [2026-10-01 20:33:43,755]  INFO {AUDIT_LOG} - GET /api/am/publisher/linter-custom-rules?apiId=e2751bd4-70e9-4e96-9c39-c0d334d80213 user: admin@carbon.super app: lOKNtRmYnWO18JvYCYJANhTjS6sa
TID: [-1234] [2026-10-01 20:33:43,910]  INFO {AUDIT_LOG} - GET /api/am/publisher/linter-custom-rules?apiId=e2751bd4-70e9-4e96-9c39-c0d334d80213 user: admin@carbon.super app: lOKNtRmYnWO18JvYCYJANhTjS6sa
TID: [-1234] [2026-10-01 20:33:44,038]  INFO {AUDIT_LOG} - GET /api/am/publisher/linter-custom-rules?apiId=e2751bd4-70e9-4e96-9c39-c0d334d80213 user: admin@carbon.super app: lOKNtRmYnWO18JvYCYJANhTjS6sa
TID: [-1234] [2026-10-01 20:33:44,064]  INFO {AUDIT_LOG} - POST /api/am/publisher/apis/validate-openapi user: admin@carbon.super app: lOKNtRmYnWO18JvYCYJANhTjS6sa
TID: [-1234] [2026-10-01 20:33:44,196]  INFO {AUDIT_LOG} - GET /api/am/publisher/linter-custom-rules?apiId=e2751bd4-70e9-4e96-9c39-c0d334d80213 user: admin@carbon.super app: lOKNtRmYnWO18JvYCYJANhTjS6sa
TID: [-1234] [2026-10-01 20:33:44,238]  INFO {AUDIT_LOG} - POST /api/am/publisher/apis/validate-openapi user: admin@carbon.super app: lOKNtRmYnWO18JvYCYJANhTjS6sa
TID: [-1234] [2026-10-01 20:33:44,390]  INFO {AUDIT_LOG} - POST /api/am/publisher/apis/validate-openapi user: admin@carbon.super app: lOKNtRmYnWO18JvYCYJANhTjS6sa
TID: [-1234] [2026-10-01 20:33:44,531]  INFO {AUDIT_LOG} - POST /api/am/publisher/apis/validate-openapi user: admin@carbon.super app: lOKNtRmYnWO18JvYCYJANhTjS6sa
TID: [-1234] [2026-10-01 20:33:44,679]  INFO {AUDIT_LOG} - POST /api/am/publisher/apis/validate-openapi user: admin@carbon.super app: lOKNtRmYnWO18JvYCYJANhTjS6sa
TID: [-1234] [2026-10-01 20:33:52,270]  INFO {AUDIT_LOG} - GET /api/am/publisher/linter-custom-rules?apiId=e2751bd4-70e9-4e96-9c39-c0d334d80213 user: admin@carbon.super app: lOKNtRmYnWO18JvYCYJANhTjS6sa
TID: [-1234] [2026-10-01 20:33:52,570]  INFO {AUDIT_LOG} - GET /api/am/publisher/linter-custom-rules?apiId=e2751bd4-70e9-4e96-9c39-c0d334d80213 user: admin@carbon.super app: lOKNtRmYnWO18JvYCYJANhTjS6sa
TID: [-1234] [2026-10-01 20:33:53,062]  INFO {AUDIT_LOG} - POST /api/am/publisher/apis/validate-openapi user: admin@carbon.super app: lOKNtRmYnWO18JvYCYJANhTjS6sa
TID: [-1234] [2026-10-01 20:34:00,345]  INFO {AUDIT_LOG} - POST /api/am/publisher/apis/validate-openapi user: admin@carbon.super app: lOKNtRmYnWO18JvYCYJANhTjS6sa
TID: [-1234] [2026-10-01 20:34:00,371]  INFO {AUDIT_LOG} - GET /api/am/publisher/apis/e2751bd4-70e9-4e96-9c39-c0d334d80213/asyncapi user: admin@carbon.super app: lOKNtRmYnWO18JvYCYJANhTjS6sa
TID: [-1234] [2026-10-01 20:34:00,452]  INFO {AUDIT_LOG} - PUT /api/am/publisher/apis/e2751bd4-70e9-4e96-9c39-c0d334d80213/swagger user: admin@carbon.super app: lOKNtRmYnWO18JvYCYJANhTjS6sa
TID: [] [2026-10-01 20:34:00,495]  INFO {AUDIT_LOG} - Initiator=w**************r Action=Get-User-Claim-Values Target=a***n Data={"Claims":{},"Profile":"default"} Outcome=Success
TID: [] [2026-10-01 20:34:00,495]  INFO {AUDIT_LOG} - Initiator=w**************r Action=Get-User-Claim-Values Target=a***n Data={"Claims":{},"Profile":"default"} Outcome=Success
TID: [] [2026-10-01 20:34:00,495]  INFO {AUDIT_LOG} - Initiator=w**************r Action=Get-User-Claim-Values Target=a***n Data={"Claims":{},"Profile":"default"} Outcome=Success
TID: [-1234] [2026-10-01 20:34:00,522]  INFO {AUDIT_LOG} - {"performedBy":"admin","action":"updated","type":"API","info":{"provider":"admin","name":"Api Exemplo","context":"/teste/0.1","version":"0.1"}}
TID: [-1234] [2026-10-01 20:34:00,551]  INFO {AUDIT_LOG} - GET /api/am/publisher/apis/e2751bd4-70e9-4e96-9c39-c0d334d80213 user: admin@carbon.super app: lOKNtRmYnWO18JvYCYJANhTjS6sa
TID: [-1234] [2026-10-01 20:34:01,135]  INFO {AUDIT_LOG} - Initiator=w**************r Action=Get-User-Claim-Values Target=a***n Data={"Claims":{},"Profile":"default"} Outcome=Success
TID: [-1234] [2026-10-01 20:34:01,136]  INFO {AUDIT_LOG} - Initiator=w**************r Action=Get-User-Claim-Values Target=a***n Data={"Claims":{},"Profile":"default"} Outcome=Success
TID: [-1234] [2026-10-01 20:34:01,136]  INFO {AUDIT_LOG} - Initiator=w**************r Action=Get-User-Claim-Values Target=a***n Data={"Claims":{},"Profile":"default"} Outcome=Success
TID: [-1234] [2026-10-01 20:34:01,149]  INFO {AUDIT_LOG} - Initiator=w**************r Action=Get-User-Claim-Values Target=a***n Data={"Claims":{},"Profile":"default"} Outcome=Success
TID: [-1234] [2026-10-01 20:34:01,149]  INFO {AUDIT_LOG} - Initiator=w**************r Action=Get-User-Claim-Values Target=a***n Data={"Claims":{},"Profile":"default"} Outcome=Success
TID: [-1234] [2026-10-01 20:34:01,149]  INFO {AUDIT_LOG} - Initiator=w**************r Action=Get-User-Claim-Values Target=a***n Data={"Claims":{},"Profile":"default"} Outcome=Success
TID: [-1234] [2026-10-01 20:34:06,333]  INFO {AUDIT_LOG} - POST /api/am/publisher/apis/e2751bd4-70e9-4e96-9c39-c0d334d80213/revisions user: admin@carbon.super app: lOKNtRmYnWO18JvYCYJANhTjS6sa
TID: [-1234] [2026-10-01 20:34:06,388]  INFO {AUDIT_LOG} - POST /api/am/publisher/apis/e2751bd4-70e9-4e96-9c39-c0d334d80213/deploy-revision?revisionId=b5c78126-567c-4317-9ca6-ec5cef23b9a7 user: admin@carbon.super app: lOKNtRmYnWO18JvYCYJANhTjS6sa
TID: [-1234] [2026-10-01 20:34:06,542]  INFO {AUDIT_LOG} - GET /api/am/publisher/apis/e2751bd4-70e9-4e96-9c39-c0d334d80213/revisions user: admin@carbon.super app: lOKNtRmYnWO18JvYCYJANhTjS6sa
TID: [-1234] [2026-10-01 20:34:06,545]  INFO {AUDIT_LOG} - GET /api/am/publisher/apis/e2751bd4-70e9-4e96-9c39-c0d334d80213/revisions?query=deployed%3Atrue user: admin@carbon.super app: lOKNtRmYnWO18JvYCYJANhTjS6sa
TID: [-1234] [2026-10-01 20:34:07,085]  INFO {AUDIT_LOG} - Initiator=w**************r Action=Get-User-Claim-Values Target=a***n Data={"Claims":{},"Profile":"default"} Outcome=Success
TID: [-1234] [2026-10-01 20:34:07,085]  INFO {AUDIT_LOG} - Initiator=w**************r Action=Get-User-Claim-Values Target=a***n Data={"Claims":{},"Profile":"default"} Outcome=Success
TID: [-1234] [2026-10-01 20:34:07,085]  INFO {AUDIT_LOG} - Initiator=w**************r Action=Get-User-Claim-Values Target=a***n Data={"Claims":{},"Profile":"default"} Outcome=Success
TID: [-1234] [2026-10-01 20:34:08,792]  INFO {AUDIT_LOG} - Initiator=w**************r Action=Get-User-Claim-Values Target=a***n Data={"Claims":{},"Profile":"default"} Outcome=Success
TID: [-1234] [2026-10-01 20:34:08,792]  INFO {AUDIT_LOG} - Initiator=w**************r Action=Get-User-Claim-Values Target=a***n Data={"Claims":{},"Profile":"default"} Outcome=Success
TID: [-1234] [2026-10-01 20:34:08,793]  INFO {AUDIT_LOG} - Initiator=w**************r Action=Get-User-Claim-Values Target=a***n Data={"Claims":{},"Profile":"default"} Outcome=Success
TID: [-1234] [2026-10-01 20:34:09,705]  INFO {AUDIT_LOG} - GET /api/am/publisher/apis/e2751bd4-70e9-4e96-9c39-c0d334d80213/revisions?query=deployed%3Atrue user: admin@carbon.super app: lOKNtRmYnWO18JvYCYJANhTjS6sa
TID: [-1234] [2026-10-01 20:34:12,101]  INFO {AUDIT_LOG} - Initiator=w**************r Action=Get-User-Claim-Values Target=a***n Data={"Claims":{},"Profile":"default"} Outcome=Success
TID: [-1234] [2026-10-01 20:34:12,101]  INFO {AUDIT_LOG} - Initiator=w**************r Action=Get-User-Claim-Values Target=a***n Data={"Claims":{},"Profile":"default"} Outcome=Success
TID: [-1234] [2026-10-01 20:34:12,102]  INFO {AUDIT_LOG} - Initiator=w**************r Action=Get-User-Claim-Values Target=a***n Data={"Claims":{},"Profile":"default"} Outcome=Success
TID: [] [2026-10-01 20:34:12,148]  INFO {AUDIT_LOG} - {"performedBy":"SYSTEM: carbon.super","action":"undeployed","type":"API","info":"e2751bd4-70e9-4e96-9c39-c0d334d80213"}
TID: [] [2026-10-01 20:34:12,168]  INFO {AUDIT_LOG} - {"performedBy":"SYSTEM: carbon.super","action":"deployed","type":"API","info":"e2751bd4-70e9-4e96-9c39-c0d334d80213"}
TID: [-1234] [2026-10-01 20:34:12,175]  INFO {AUDIT_LOG} - Initiator=w**************r Action=Get-User-Claim-Values Target=a***n Data={"Claims":{},"Profile":"default"} Outcome=Success
TID: [-1234] [2026-10-01 20:34:12,176]  INFO {AUDIT_LOG} - Initiator=w**************r Action=Get-User-Claim-Values Target=a***n Data={"Claims":{},"Profile":"default"} Outcome=Success
TID: [-1234] [2026-10-01 20:34:12,176]  INFO {AUDIT_LOG} - Initiator=w**************r Action=Get-User-Claim-Values Target=a***n Data={"Claims":{},"Profile":"default"} Outcome=Success
TID: [-1234] [2026-10-01 20:34:12,840]  INFO {AUDIT_LOG} - GET /api/am/publisher/apis/e2751bd4-70e9-4e96-9c39-c0d334d80213/revisions?query=deployed%3Atrue user: admin@carbon.super app: lOKNtRmYnWO18JvYCYJANhTjS6sa
TID: [-1234] [2026-10-01 20:34:13,095]  INFO {AUDIT_LOG} - Initiator=w**************r Action=Get-User-Claim-Values Target=a***n Data={"Claims":{},"Profile":"default"} Outcome=Success
TID: [-1234] [2026-10-01 20:34:13,095]  INFO {AUDIT_LOG} - Initiator=w**************r Action=Get-User-Claim-Values Target=a***n Data={"Claims":{},"Profile":"default"} Outcome=Success
TID: [-1234] [2026-10-01 20:34:13,095]  INFO {AUDIT_LOG} - Initiator=w**************r Action=Get-User-Claim-Values Target=a***n Data={"Claims":{},"Profile":"default"} Outcome=Success
TID: [-1234] [2026-10-01 20:34:13,243]  INFO {AUDIT_LOG} - GET /api/am/publisher/apis/e2751bd4-70e9-4e96-9c39-c0d334d80213/swagger user: admin@carbon.super app: lOKNtRmYnWO18JvYCYJANhTjS6sa
TID: [-1234] [2026-10-01 20:34:14,389]  INFO {AUDIT_LOG} - GET /api/am/publisher/apis/e2751bd4-70e9-4e96-9c39-c0d334d80213/swagger user: admin@carbon.super app: lOKNtRmYnWO18JvYCYJANhTjS6sa
TID: [-1234] [2026-10-01 20:34:14,410]  INFO {AUDIT_LOG} - GET /api/am/publisher/endpoint-certificates?endpoint=https%3A%2F%2Flocalhost%3A8081 user: admin@carbon.super app: lOKNtRmYnWO18JvYCYJANhTjS6sa
TID: [-1234] [2026-10-01 20:34:15,764]  INFO {AUDIT_LOG} - GET /api/am/publisher/tenants?state=ACTIVE user: admin@carbon.super app: lOKNtRmYnWO18JvYCYJANhTjS6sa
TID: [-1234] [2026-10-01 20:34:15,766]  INFO {AUDIT_LOG} - GET /api/am/publisher/api-categories user: admin@carbon.super app: lOKNtRmYnWO18JvYCYJANhTjS6sa
TID: [-1234] [2026-10-01 20:34:15,772]  INFO {AUDIT_LOG} - GET /api/am/publisher/apis/e2751bd4-70e9-4e96-9c39-c0d334d80213/labels user: admin@carbon.super app: lOKNtRmYnWO18JvYCYJANhTjS6sa
TID: [-1234] [2026-10-01 20:34:15,772]  INFO {AUDIT_LOG} - GET /api/am/publisher/apis/e2751bd4-70e9-4e96-9c39-c0d334d80213/documents?limit=1000 user: admin@carbon.super app: lOKNtRmYnWO18JvYCYJANhTjS6sa
TID: [-1234] [2026-10-01 20:34:15,772]  INFO {AUDIT_LOG} - GET /api/am/publisher/labels user: admin@carbon.super app: lOKNtRmYnWO18JvYCYJANhTjS6sa
TID: [-1234] [2026-10-01 20:34:20,015]  INFO {AUDIT_LOG} - GET /api/am/publisher/apis/e2751bd4-70e9-4e96-9c39-c0d334d80213/deployments user: admin@carbon.super app: lOKNtRmYnWO18JvYCYJANhTjS6sa
TID: [-1234] [2026-10-01 20:34:20,023]  INFO {AUDIT_LOG} - GET /api/am/publisher/apis/e2751bd4-70e9-4e96-9c39-c0d334d80213/swagger user: admin@carbon.super app: lOKNtRmYnWO18JvYCYJANhTjS6sa
TID: [-1234] [2026-10-01 20:34:20,024]  INFO {AUDIT_LOG} - POST /api/am/publisher/apis/e2751bd4-70e9-4e96-9c39-c0d334d80213/generate-key user: admin@carbon.super app: lOKNtRmYnWO18JvYCYJANhTjS6sa
TID: [-1234] [2026-10-01 20:34:38,794]  INFO {AUDIT_LOG} - Initiator=w**************r Action=Get-User-Claim-Values Target=a***n Data={"Claims":{},"Profile":"default"} Outcome=Success
TID: [-1234] [2026-10-01 20:34:38,794]  INFO {AUDIT_LOG} - Initiator=w**************r Action=Get-User-Claim-Values Target=a***n Data={"Claims":{},"Profile":"default"} Outcome=Success
TID: [-1234] [2026-10-01 20:34:38,794]  INFO {AUDIT_LOG} - Initiator=w**************r Action=Get-User-Claim-Values Target=a***n Data={"Claims":{},"Profile":"default"} Outcome=Success
TID: [] [2026-10-01 20:34:43,382]  INFO {AUDIT_LOG} - Initiator=w**************r Action=Get-User-Claim-Values Target=a***n Data={"Claims":{},"Profile":"default"} Outcome=Success
TID: [] [2026-10-01 20:34:43,382]  INFO {AUDIT_LOG} - Initiator=w**************r Action=Get-User-Claim-Values Target=a***n Data={"Claims":{},"Profile":"default"} Outcome=Success
TID: [] [2026-10-01 20:34:43,382]  INFO {AUDIT_LOG} - Initiator=w**************r Action=Get-User-Claim-Values Target=a***n Data={"Claims":{},"Profile":"default"} Outcome=Success
TID: [-1234] [2026-10-01 20:35:08,801]  INFO {AUDIT_LOG} - Initiator=w**************r Action=Get-User-Claim-Values Target=a***n Data={"Claims":{},"Profile":"default"} Outcome=Success
TID: [-1234] [2026-10-01 20:35:08,802]  INFO {AUDIT_LOG} - Initiator=w**************r Action=Get-User-Claim-Values Target=a***n Data={"Claims":{},"Profile":"default"} Outcome=Success
TID: [-1234] [2026-10-01 20:35:08,802]  INFO {AUDIT_LOG} - Initiator=w**************r Action=Get-User-Claim-Values Target=a***n Data={"Claims":{},"Profile":"default"} Outcome=Success
TID: [-1234] [2026-10-01 20:35:38,794]  INFO {AUDIT_LOG} - Initiator=w**************r Action=Get-User-Claim-Values Target=a***n Data={"Claims":{},"Profile":"default"} Outcome=Success
TID: [-1234] [2026-10-01 20:35:38,794]  INFO {AUDIT_LOG} - Initiator=w**************r Action=Get-User-Claim-Values Target=a***n Data={"Claims":{},"Profile":"default"} Outcome=Success
TID: [-1234] [2026-10-01 20:35:38,794]  INFO {AUDIT_LOG} - Initiator=w**************r Action=Get-User-Claim-Values Target=a***n Data={"Claims":{},"Profile":"default"} Outcome=Success
TID: [-1234] [2026-10-01 20:36:08,795]  INFO {AUDIT_LOG} - Initiator=w**************r Action=Get-User-Claim-Values Target=a***n Data={"Claims":{},"Profile":"default"} Outcome=Success
TID: [-1234] [2026-10-01 20:36:08,795]  INFO {AUDIT_LOG} - Initiator=w**************r Action=Get-User-Claim-Values Target=a***n Data={"Claims":{},"Profile":"default"} Outcome=Success
TID: [-1234] [2026-10-01 20:36:08,795]  INFO {AUDIT_LOG} - Initiator=w**************r Action=Get-User-Claim-Values Target=a***n Data={"Claims":{},"Profile":"default"} Outcome=Success
TID: [-1234] [2026-10-01 20:36:38,793]  INFO {AUDIT_LOG} - Initiator=w**************r Action=Get-User-Claim-Values Target=a***n Data={"Claims":{},"Profile":"default"} Outcome=Success
TID: [-1234] [2026-10-01 20:36:38,794]  INFO {AUDIT_LOG} - Initiator=w**************r Action=Get-User-Claim-Values Target=a***n Data={"Claims":{},"Profile":"default"} Outcome=Success
TID: [-1234] [2026-10-01 20:36:38,794]  INFO {AUDIT_LOG} - Initiator=w**************r Action=Get-User-Claim-Values Target=a***n Data={"Claims":{},"Profile":"default"} Outcome=Success
TID: [-1234] [2026-10-01 20:37:08,794]  INFO {AUDIT_LOG} - Initiator=w**************r Action=Get-User-Claim-Values Target=a***n Data={"Claims":{},"Profile":"default"} Outcome=Success
TID: [-1234] [2026-10-01 20:37:08,795]  INFO {AUDIT_LOG} - Initiator=w**************r Action=Get-User-Claim-Values Target=a***n Data={"Claims":{},"Profile":"default"} Outcome=Success
TID: [-1234] [2026-10-01 20:37:08,795]  INFO {AUDIT_LOG} - Initiator=w**************r Action=Get-User-Claim-Values Target=a***n Data={"Claims":{},"Profile":"default"} Outcome=Success
TID: [-1234] [2026-10-01 20:37:38,794]  INFO {AUDIT_LOG} - Initiator=w**************r Action=Get-User-Claim-Values Target=a***n Data={"Claims":{},"Profile":"default"} Outcome=Success
TID: [-1234] [2026-10-01 20:37:38,794]  INFO {AUDIT_LOG} - Initiator=w**************r Action=Get-User-Claim-Values Target=a***n Data={"Claims":{},"Profile":"default"} Outcome=Success
TID: [-1234] [2026-10-01 20:37:38,794]  INFO {AUDIT_LOG} - Initiator=w**************r Action=Get-User-Claim-Values Target=a***n Data={"Claims":{},"Profile":"default"} Outcome=Success
TID: [-1234] [2026-10-01 20:38:08,794]  INFO {AUDIT_LOG} - Initiator=w**************r Action=Get-User-Claim-Values Target=a***n Data={"Claims":{},"Profile":"default"} Outcome=Success
TID: [-1234] [2026-10-01 20:38:08,795]  INFO {AUDIT_LOG} - Initiator=w**************r Action=Get-User-Claim-Values Target=a***n Data={"Claims":{},"Profile":"default"} Outcome=Success
TID: [-1234] [2026-10-01 20:38:08,795]  INFO {AUDIT_LOG} - Initiator=w**************r Action=Get-User-Claim-Values Target=a***n Data={"Claims":{},"Profile":"default"} Outcome=Success
TID: [-1234] [2026-10-01 20:38:38,794]  INFO {AUDIT_LOG} - Initiator=w**************r Action=Get-User-Claim-Values Target=a***n Data={"Claims":{},"Profile":"default"} Outcome=Success
TID: [-1234] [2026-10-01 20:38:38,794]  INFO {AUDIT_LOG} - Initiator=w**************r Action=Get-User-Claim-Values Target=a***n Data={"Claims":{},"Profile":"default"} Outcome=Success
TID: [-1234] [2026-10-01 20:38:38,794]  INFO {AUDIT_LOG} - Initiator=w**************r Action=Get-User-Claim-Values Target=a***n Data={"Claims":{},"Profile":"default"} Outcome=Success
TID: [-1234] [2026-10-01 20:39:08,794]  INFO {AUDIT_LOG} - Initiator=w**************r Action=Get-User-Claim-Values Target=a***n Data={"Claims":{},"Profile":"default"} Outcome=Success
TID: [-1234] [2026-10-01 20:39:08,794]  INFO {AUDIT_LOG} - Initiator=w**************r Action=Get-User-Claim-Values Target=a***n Data={"Claims":{},"Profile":"default"} Outcome=Success
TID: [-1234] [2026-10-01 20:39:08,795]  INFO {AUDIT_LOG} - Initiator=w**************r Action=Get-User-Claim-Values Target=a***n Data={"Claims":{},"Profile":"default"} Outcome=Success
TID: [-1234] [2026-10-01 20:39:38,793]  INFO {AUDIT_LOG} - Initiator=w**************r Action=Get-User-Claim-Values Target=a***n Data={"Claims":{},"Profile":"default"} Outcome=Success
TID: [-1234] [2026-10-01 20:39:38,794]  INFO {AUDIT_LOG} - Initiator=w**************r Action=Get-User-Claim-Values Target=a***n Data={"Claims":{},"Profile":"default"} Outcome=Success
TID: [-1234] [2026-10-01 20:39:38,794]  INFO {AUDIT_LOG} - Initiator=w**************r Action=Get-User-Claim-Values Target=a***n Data={"Claims":{},"Profile":"default"} Outcome=Success
TID: [-1234] [2026-10-01 20:40:02,272]  INFO {AUDIT_LOG} - Initiator=w**************r Action=Get-User-Claim-Value Target=a***n Data={"Claim":"http://wso2.org/claims/organization"} Outcome=Success
TID: [-1234] [2026-10-01 20:40:02,273]  INFO {AUDIT_LOG} - GET /api/am/publisher/key-managers user: admin@carbon.super app: lOKNtRmYnWO18JvYCYJANhTjS6sa
TID: [-1234] [2026-10-01 20:40:02,347]  INFO {AUDIT_LOG} - GET /api/am/publisher/apis/e2751bd4-70e9-4e96-9c39-c0d334d80213/client-certs/PRODUCTION user: admin@carbon.super app: lOKNtRmYnWO18JvYCYJANhTjS6sa
TID: [-1234] [2026-10-01 20:40:02,349]  INFO {AUDIT_LOG} - GET /api/am/publisher/key-managers user: admin@carbon.super app: lOKNtRmYnWO18JvYCYJANhTjS6sa
TID: [-1234] [2026-10-01 20:40:02,350]  INFO {AUDIT_LOG} - GET /api/am/publisher/apis/e2751bd4-70e9-4e96-9c39-c0d334d80213/client-certs/SANDBOX user: admin@carbon.super app: lOKNtRmYnWO18JvYCYJANhTjS6sa
TID: [-1234] [2026-10-01 20:40:02,391]  INFO {AUDIT_LOG} - GET /api/am/publisher/key-managers user: admin@carbon.super app: lOKNtRmYnWO18JvYCYJANhTjS6sa
TID: [-1234] [2026-10-01 20:40:05,381]  INFO {AUDIT_LOG} - GET /api/am/publisher/apis/e2751bd4-70e9-4e96-9c39-c0d334d80213/swagger user: admin@carbon.super app: lOKNtRmYnWO18JvYCYJANhTjS6sa
TID: [-1234] [2026-10-01 20:40:06,161]  INFO {AUDIT_LOG} - GET /api/am/publisher/apis/e2751bd4-70e9-4e96-9c39-c0d334d80213/swagger user: admin@carbon.super app: lOKNtRmYnWO18JvYCYJANhTjS6sa
TID: [-1234] [2026-10-01 20:40:06,161]  INFO {AUDIT_LOG} - GET /api/am/publisher/scopes?limit=2000&offset=0 user: admin@carbon.super app: lOKNtRmYnWO18JvYCYJANhTjS6sa
TID: [-1234] [2026-10-01 20:40:06,162]  INFO {AUDIT_LOG} - GET /api/am/publisher/apis/e2751bd4-70e9-4e96-9c39-c0d334d80213/amznResourceNames user: admin@carbon.super app: lOKNtRmYnWO18JvYCYJANhTjS6sa
TID: [-1234] [2026-10-01 20:40:06,169]  INFO {AUDIT_LOG} - GET /api/am/publisher/throttling-policies/api?limit=80 user: admin@carbon.super app: lOKNtRmYnWO18JvYCYJANhTjS6sa
TID: [-1234] [2026-10-01 20:40:08,342]  INFO {AUDIT_LOG} - GET /api/am/publisher/key-managers user: admin@carbon.super app: lOKNtRmYnWO18JvYCYJANhTjS6sa
TID: [-1234] [2026-10-01 20:40:08,417]  INFO {AUDIT_LOG} - GET /api/am/publisher/key-managers user: admin@carbon.super app: lOKNtRmYnWO18JvYCYJANhTjS6sa
TID: [-1234] [2026-10-01 20:40:08,417]  INFO {AUDIT_LOG} - GET /api/am/publisher/apis/e2751bd4-70e9-4e96-9c39-c0d334d80213/client-certs/SANDBOX user: admin@carbon.super app: lOKNtRmYnWO18JvYCYJANhTjS6sa
TID: [-1234] [2026-10-01 20:40:08,417]  INFO {AUDIT_LOG} - GET /api/am/publisher/apis/e2751bd4-70e9-4e96-9c39-c0d334d80213/client-certs/PRODUCTION user: admin@carbon.super app: lOKNtRmYnWO18JvYCYJANhTjS6sa
TID: [-1234] [2026-10-01 20:40:08,454]  INFO {AUDIT_LOG} - GET /api/am/publisher/key-managers user: admin@carbon.super app: lOKNtRmYnWO18JvYCYJANhTjS6sa
TID: [-1234] [2026-10-01 20:40:08,793]  INFO {AUDIT_LOG} - Initiator=w**************r Action=Get-User-Claim-Values Target=a***n Data={"Claims":{},"Profile":"default"} Outcome=Success
TID: [-1234] [2026-10-01 20:40:08,793]  INFO {AUDIT_LOG} - Initiator=w**************r Action=Get-User-Claim-Values Target=a***n Data={"Claims":{},"Profile":"default"} Outcome=Success
TID: [-1234] [2026-10-01 20:40:08,793]  INFO {AUDIT_LOG} - Initiator=w**************r Action=Get-User-Claim-Values Target=a***n Data={"Claims":{},"Profile":"default"} Outcome=Success
TID: [-1234] [2026-10-01 20:40:10,032]  INFO {AUDIT_LOG} - GET /api/am/publisher/apis/e2751bd4-70e9-4e96-9c39-c0d334d80213/swagger user: admin@carbon.super app: lOKNtRmYnWO18JvYCYJANhTjS6sa
TID: [-1234] [2026-10-01 20:40:10,051]  INFO {AUDIT_LOG} - GET /api/am/publisher/endpoint-certificates?endpoint=https%3A%2F%2Flocalhost%3A8081 user: admin@carbon.super app: lOKNtRmYnWO18JvYCYJANhTjS6sa
TID: [-1234] [2026-10-01 20:40:21,369]  INFO {AUDIT_LOG} - PUT /api/am/publisher/apis/e2751bd4-70e9-4e96-9c39-c0d334d80213 user: admin@carbon.super app: lOKNtRmYnWO18JvYCYJANhTjS6sa
TID: [] [2026-10-01 20:40:21,412]  INFO {AUDIT_LOG} - Initiator=w**************r Action=Get-User-Claim-Values Target=a***n Data={"Claims":{},"Profile":"default"} Outcome=Success
TID: [] [2026-10-01 20:40:21,413]  INFO {AUDIT_LOG} - Initiator=w**************r Action=Get-User-Claim-Values Target=a***n Data={"Claims":{},"Profile":"default"} Outcome=Success
TID: [] [2026-10-01 20:40:21,413]  INFO {AUDIT_LOG} - Initiator=w**************r Action=Get-User-Claim-Values Target=a***n Data={"Claims":{},"Profile":"default"} Outcome=Success
TID: [-1234] [2026-10-01 20:40:21,441]  INFO {AUDIT_LOG} - {"performedBy":"admin","action":"updated","type":"API","info":{"provider":"admin","name":"Api Exemplo","context":"/teste/0.1","version":"0.1"}}
TID: [-1234] [2026-10-01 20:40:21,520]  INFO {AUDIT_LOG} - GET /api/am/publisher/apis/e2751bd4-70e9-4e96-9c39-c0d334d80213/asyncapi user: admin@carbon.super app: lOKNtRmYnWO18JvYCYJANhTjS6sa
TID: [-1234] [2026-10-01 20:40:22,458]  INFO {AUDIT_LOG} - Initiator=w**************r Action=Get-User-Claim-Values Target=a***n Data={"Claims":{},"Profile":"default"} Outcome=Success
TID: [-1234] [2026-10-01 20:40:22,458]  INFO {AUDIT_LOG} - Initiator=w**************r Action=Get-User-Claim-Values Target=a***n Data={"Claims":{},"Profile":"default"} Outcome=Success
TID: [-1234] [2026-10-01 20:40:22,458]  INFO {AUDIT_LOG} - Initiator=w**************r Action=Get-User-Claim-Values Target=a***n Data={"Claims":{},"Profile":"default"} Outcome=Success
TID: [-1234] [2026-10-01 20:40:22,472]  INFO {AUDIT_LOG} - Initiator=w**************r Action=Get-User-Claim-Values Target=a***n Data={"Claims":{},"Profile":"default"} Outcome=Success
TID: [-1234] [2026-10-01 20:40:22,472]  INFO {AUDIT_LOG} - Initiator=w**************r Action=Get-User-Claim-Values Target=a***n Data={"Claims":{},"Profile":"default"} Outcome=Success
TID: [-1234] [2026-10-01 20:40:22,473]  INFO {AUDIT_LOG} - Initiator=w**************r Action=Get-User-Claim-Values Target=a***n Data={"Claims":{},"Profile":"default"} Outcome=Success
TID: [-1234] [2026-10-01 20:40:22,949]  INFO {AUDIT_LOG} - POST /api/am/publisher/apis/e2751bd4-70e9-4e96-9c39-c0d334d80213/revisions user: admin@carbon.super app: lOKNtRmYnWO18JvYCYJANhTjS6sa
TID: [-1234] [2026-10-01 20:40:23,000]  INFO {AUDIT_LOG} - POST /api/am/publisher/apis/e2751bd4-70e9-4e96-9c39-c0d334d80213/deploy-revision?revisionId=64546510-3988-4f4f-80ba-9721fad3af61 user: admin@carbon.super app: lOKNtRmYnWO18JvYCYJANhTjS6sa
TID: [-1234] [2026-10-01 20:40:23,185]  INFO {AUDIT_LOG} - GET /api/am/publisher/apis/e2751bd4-70e9-4e96-9c39-c0d334d80213/revisions?query=deployed%3Atrue user: admin@carbon.super app: lOKNtRmYnWO18JvYCYJANhTjS6sa
TID: [-1234] [2026-10-01 20:40:23,185]  INFO {AUDIT_LOG} - GET /api/am/publisher/apis/e2751bd4-70e9-4e96-9c39-c0d334d80213/revisions user: admin@carbon.super app: lOKNtRmYnWO18JvYCYJANhTjS6sa
TID: [-1234] [2026-10-01 20:40:23,470]  INFO {AUDIT_LOG} - Initiator=w**************r Action=Get-User-Claim-Values Target=a***n Data={"Claims":{},"Profile":"default"} Outcome=Success
TID: [-1234] [2026-10-01 20:40:23,470]  INFO {AUDIT_LOG} - Initiator=w**************r Action=Get-User-Claim-Values Target=a***n Data={"Claims":{},"Profile":"default"} Outcome=Success
TID: [-1234] [2026-10-01 20:40:23,470]  INFO {AUDIT_LOG} - Initiator=w**************r Action=Get-User-Claim-Values Target=a***n Data={"Claims":{},"Profile":"default"} Outcome=Success
TID: [-1234] [2026-10-01 20:40:25,877]  INFO {AUDIT_LOG} - GET /api/am/publisher/apis/e2751bd4-70e9-4e96-9c39-c0d334d80213/deployments user: admin@carbon.super app: lOKNtRmYnWO18JvYCYJANhTjS6sa
TID: [-1234] [2026-10-01 20:40:25,877]  INFO {AUDIT_LOG} - GET /api/am/publisher/apis/e2751bd4-70e9-4e96-9c39-c0d334d80213/swagger user: admin@carbon.super app: lOKNtRmYnWO18JvYCYJANhTjS6sa
TID: [-1234] [2026-10-01 20:40:25,885]  INFO {AUDIT_LOG} - POST /api/am/publisher/apis/e2751bd4-70e9-4e96-9c39-c0d334d80213/generate-key user: admin@carbon.super app: lOKNtRmYnWO18JvYCYJANhTjS6sa
TID: [-1234] [2026-10-01 20:40:28,483]  INFO {AUDIT_LOG} - Initiator=w**************r Action=Get-User-Claim-Values Target=a***n Data={"Claims":{},"Profile":"default"} Outcome=Success
TID: [-1234] [2026-10-01 20:40:28,483]  INFO {AUDIT_LOG} - Initiator=w**************r Action=Get-User-Claim-Values Target=a***n Data={"Claims":{},"Profile":"default"} Outcome=Success
TID: [-1234] [2026-10-01 20:40:28,483]  INFO {AUDIT_LOG} - Initiator=w**************r Action=Get-User-Claim-Values Target=a***n Data={"Claims":{},"Profile":"default"} Outcome=Success
TID: [] [2026-10-01 20:40:28,530]  INFO {AUDIT_LOG} - {"performedBy":"SYSTEM: carbon.super","action":"undeployed","type":"API","info":"e2751bd4-70e9-4e96-9c39-c0d334d80213"}
TID: [] [2026-10-01 20:40:28,558]  INFO {AUDIT_LOG} - {"performedBy":"SYSTEM: carbon.super","action":"deployed","type":"API","info":"e2751bd4-70e9-4e96-9c39-c0d334d80213"}
TID: [-1234] [2026-10-01 20:40:28,565]  INFO {AUDIT_LOG} - Initiator=w**************r Action=Get-User-Claim-Values Target=a***n Data={"Claims":{},"Profile":"default"} Outcome=Success
TID: [-1234] [2026-10-01 20:40:28,566]  INFO {AUDIT_LOG} - Initiator=w**************r Action=Get-User-Claim-Values Target=a***n Data={"Claims":{},"Profile":"default"} Outcome=Success
TID: [-1234] [2026-10-01 20:40:28,566]  INFO {AUDIT_LOG} - Initiator=w**************r Action=Get-User-Claim-Values Target=a***n Data={"Claims":{},"Profile":"default"} Outcome=Success
TID: [-1234] [2026-10-01 20:40:29,093]  INFO {AUDIT_LOG} - Initiator=w**************r Action=Get-User-Claim-Values Target=a***n Data={"Claims":{},"Profile":"default"} Outcome=Success
TID: [-1234] [2026-10-01 20:40:29,094]  INFO {AUDIT_LOG} - Initiator=w**************r Action=Get-User-Claim-Values Target=a***n Data={"Claims":{},"Profile":"default"} Outcome=Success
TID: [-1234] [2026-10-01 20:40:29,094]  INFO {AUDIT_LOG} - Initiator=w**************r Action=Get-User-Claim-Values Target=a***n Data={"Claims":{},"Profile":"default"} Outcome=Success
TID: [-1234] [2026-10-01 20:40:38,794]  INFO {AUDIT_LOG} - Initiator=w**************r Action=Get-User-Claim-Values Target=a***n Data={"Claims":{},"Profile":"default"} Outcome=Success
TID: [-1234] [2026-10-01 20:40:38,794]  INFO {AUDIT_LOG} - Initiator=w**************r Action=Get-User-Claim-Values Target=a***n Data={"Claims":{},"Profile":"default"} Outcome=Success
TID: [-1234] [2026-10-01 20:40:38,794]  INFO {AUDIT_LOG} - Initiator=w**************r Action=Get-User-Claim-Values Target=a***n Data={"Claims":{},"Profile":"default"} Outcome=Success
TID: [-1234] [2026-10-01 20:41:08,794]  INFO {AUDIT_LOG} - Initiator=w**************r Action=Get-User-Claim-Values Target=a***n Data={"Claims":{},"Profile":"default"} Outcome=Success
TID: [-1234] [2026-10-01 20:41:08,794]  INFO {AUDIT_LOG} - Initiator=w**************r Action=Get-User-Claim-Values Target=a***n Data={"Claims":{},"Profile":"default"} Outcome=Success
TID: [-1234] [2026-10-01 20:41:08,794]  INFO {AUDIT_LOG} - Initiator=w**************r Action=Get-User-Claim-Values Target=a***n Data={"Claims":{},"Profile":"default"} Outcome=Success
TID: [-1234] [2026-10-01 20:41:26,513]  INFO {AUDIT_LOG} - GET /api/am/publisher/apis/e2751bd4-70e9-4e96-9c39-c0d334d80213/swagger user: admin@carbon.super app: lOKNtRmYnWO18JvYCYJANhTjS6sa
TID: [-1234] [2026-10-01 20:41:29,793]  INFO {AUDIT_LOG} - GET /api/am/publisher/linter-custom-rules?apiId=e2751bd4-70e9-4e96-9c39-c0d334d80213 user: admin@carbon.super app: lOKNtRmYnWO18JvYCYJANhTjS6sa
TID: [-1234] [2026-10-01 20:41:38,796]  INFO {AUDIT_LOG} - Initiator=w**************r Action=Get-User-Claim-Values Target=a***n Data={"Claims":{},"Profile":"default"} Outcome=Success
TID: [-1234] [2026-10-01 20:41:38,796]  INFO {AUDIT_LOG} - Initiator=w**************r Action=Get-User-Claim-Values Target=a***n Data={"Claims":{},"Profile":"default"} Outcome=Success
TID: [-1234] [2026-10-01 20:41:38,796]  INFO {AUDIT_LOG} - Initiator=w**************r Action=Get-User-Claim-Values Target=a***n Data={"Claims":{},"Profile":"default"} Outcome=Success
TID: [-1234] [2026-10-01 20:41:56,375]  INFO {AUDIT_LOG} - GET /api/am/publisher/linter-custom-rules?apiId=e2751bd4-70e9-4e96-9c39-c0d334d80213 user: admin@carbon.super app: lOKNtRmYnWO18JvYCYJANhTjS6sa
TID: [-1234] [2026-10-01 20:41:56,857]  INFO {AUDIT_LOG} - POST /api/am/publisher/apis/validate-openapi user: admin@carbon.super app: lOKNtRmYnWO18JvYCYJANhTjS6sa
TID: [-1234] [2026-10-01 20:42:08,794]  INFO {AUDIT_LOG} - Initiator=w**************r Action=Get-User-Claim-Values Target=a***n Data={"Claims":{},"Profile":"default"} Outcome=Success
TID: [-1234] [2026-10-01 20:42:08,794]  INFO {AUDIT_LOG} - Initiator=w**************r Action=Get-User-Claim-Values Target=a***n Data={"Claims":{},"Profile":"default"} Outcome=Success
TID: [-1234] [2026-10-01 20:42:08,794]  INFO {AUDIT_LOG} - Initiator=w**************r Action=Get-User-Claim-Values Target=a***n Data={"Claims":{},"Profile":"default"} Outcome=Success
TID: [-1234] [2026-10-01 20:42:34,843]  INFO {AUDIT_LOG} - POST /api/am/publisher/apis/validate-openapi user: admin@carbon.super app: lOKNtRmYnWO18JvYCYJANhTjS6sa
TID: [-1234] [2026-10-01 20:42:34,877]  INFO {AUDIT_LOG} - GET /api/am/publisher/apis/e2751bd4-70e9-4e96-9c39-c0d334d80213/asyncapi user: admin@carbon.super app: lOKNtRmYnWO18JvYCYJANhTjS6sa
TID: [-1234] [2026-10-01 20:42:34,966]  INFO {AUDIT_LOG} - PUT /api/am/publisher/apis/e2751bd4-70e9-4e96-9c39-c0d334d80213/swagger user: admin@carbon.super app: lOKNtRmYnWO18JvYCYJANhTjS6sa
TID: [] [2026-10-01 20:42:34,997]  INFO {AUDIT_LOG} - Initiator=w**************r Action=Get-User-Claim-Values Target=a***n Data={"Claims":{},"Profile":"default"} Outcome=Success
TID: [] [2026-10-01 20:42:34,997]  INFO {AUDIT_LOG} - Initiator=w**************r Action=Get-User-Claim-Values Target=a***n Data={"Claims":{},"Profile":"default"} Outcome=Success
TID: [] [2026-10-01 20:42:34,997]  INFO {AUDIT_LOG} - Initiator=w**************r Action=Get-User-Claim-Values Target=a***n Data={"Claims":{},"Profile":"default"} Outcome=Success
TID: [] [2026-10-01 20:42:35,000]  INFO {AUDIT_LOG} - Initiator=w**************r Action=Get-Roles-of-User Target=a***n Data={"Filter":"*","Roles":["Internal/subscriber","Internal/creator","Internal/publisher","Internal/everyone","Internal/devops","admin","Internal/analytics","Internal/observer","Internal/integration_dev"]} Outcome=Success
TID: [-1234] [2026-10-01 20:42:35,021]  INFO {AUDIT_LOG} - {"performedBy":"admin","action":"updated","type":"API","info":{"provider":"admin","name":"Api Exemplo","context":"/teste/0.1","version":"0.1"}}
TID: [-1234] [2026-10-01 20:42:35,047]  INFO {AUDIT_LOG} - GET /api/am/publisher/apis/e2751bd4-70e9-4e96-9c39-c0d334d80213 user: admin@carbon.super app: lOKNtRmYnWO18JvYCYJANhTjS6sa
TID: [-1234] [2026-10-01 20:42:35,635]  INFO {AUDIT_LOG} - Initiator=w**************r Action=Get-User-Claim-Values Target=a***n Data={"Claims":{},"Profile":"default"} Outcome=Success
TID: [-1234] [2026-10-01 20:42:35,635]  INFO {AUDIT_LOG} - Initiator=w**************r Action=Get-User-Claim-Values Target=a***n Data={"Claims":{},"Profile":"default"} Outcome=Success
TID: [-1234] [2026-10-01 20:42:35,635]  INFO {AUDIT_LOG} - Initiator=w**************r Action=Get-User-Claim-Values Target=a***n Data={"Claims":{},"Profile":"default"} Outcome=Success
TID: [-1234] [2026-10-01 20:42:35,648]  INFO {AUDIT_LOG} - Initiator=w**************r Action=Get-User-Claim-Values Target=a***n Data={"Claims":{},"Profile":"default"} Outcome=Success
TID: [-1234] [2026-10-01 20:42:35,648]  INFO {AUDIT_LOG} - Initiator=w**************r Action=Get-User-Claim-Values Target=a***n Data={"Claims":{},"Profile":"default"} Outcome=Success
TID: [-1234] [2026-10-01 20:42:35,648]  INFO {AUDIT_LOG} - Initiator=w**************r Action=Get-User-Claim-Values Target=a***n Data={"Claims":{},"Profile":"default"} Outcome=Success
TID: [-1234] [2026-10-01 20:42:38,792]  INFO {AUDIT_LOG} - Initiator=w**************r Action=Get-User-Claim-Values Target=a***n Data={"Claims":{},"Profile":"default"} Outcome=Success
TID: [-1234] [2026-10-01 20:42:38,792]  INFO {AUDIT_LOG} - Initiator=w**************r Action=Get-User-Claim-Values Target=a***n Data={"Claims":{},"Profile":"default"} Outcome=Success
TID: [-1234] [2026-10-01 20:42:38,793]  INFO {AUDIT_LOG} - Initiator=w**************r Action=Get-User-Claim-Values Target=a***n Data={"Claims":{},"Profile":"default"} Outcome=Success
TID: [-1234] [2026-10-01 20:42:40,109]  INFO {AUDIT_LOG} - DELETE /api/am/publisher/apis/e2751bd4-70e9-4e96-9c39-c0d334d80213/revisions/b2cf23ba-8c9b-4835-a4d6-b27b87362c6e user: admin@carbon.super app: lOKNtRmYnWO18JvYCYJANhTjS6sa
TID: [-1234] [2026-10-01 20:42:40,178]  INFO {AUDIT_LOG} - POST /api/am/publisher/apis/e2751bd4-70e9-4e96-9c39-c0d334d80213/revisions user: admin@carbon.super app: lOKNtRmYnWO18JvYCYJANhTjS6sa
TID: [-1234] [2026-10-01 20:42:40,181]  INFO {AUDIT_LOG} - GET /api/am/publisher/apis/e2751bd4-70e9-4e96-9c39-c0d334d80213/revisions user: admin@carbon.super app: lOKNtRmYnWO18JvYCYJANhTjS6sa
TID: [-1234] [2026-10-01 20:42:40,282]  INFO {AUDIT_LOG} - POST /api/am/publisher/apis/e2751bd4-70e9-4e96-9c39-c0d334d80213/deploy-revision?revisionId=698281f4-9a0f-4a10-802a-a28086eb4170 user: admin@carbon.super app: lOKNtRmYnWO18JvYCYJANhTjS6sa
TID: [] [2026-10-01 20:42:40,299]  INFO {AUDIT_LOG} - Initiator=w**************r Action=Get-User-Claim-Values Target=a***n Data={"Claims":{},"Profile":"default"} Outcome=Success
TID: [] [2026-10-01 20:42:40,299]  INFO {AUDIT_LOG} - Initiator=w**************r Action=Get-User-Claim-Values Target=a***n Data={"Claims":{},"Profile":"default"} Outcome=Success
TID: [] [2026-10-01 20:42:40,299]  INFO {AUDIT_LOG} - Initiator=w**************r Action=Get-User-Claim-Values Target=a***n Data={"Claims":{},"Profile":"default"} Outcome=Success
TID: [] [2026-10-01 20:42:40,300]  INFO {AUDIT_LOG} - Initiator=w**************r Action=Get-User-Claim-Values Target=a***n Data={"Claims":{},"Profile":"default"} Outcome=Success
TID: [] [2026-10-01 20:42:40,300]  INFO {AUDIT_LOG} - Initiator=w**************r Action=Get-User-Claim-Values Target=a***n Data={"Claims":{},"Profile":"default"} Outcome=Success
TID: [] [2026-10-01 20:42:40,300]  INFO {AUDIT_LOG} - Initiator=w**************r Action=Get-User-Claim-Values Target=a***n Data={"Claims":{},"Profile":"default"} Outcome=Success
TID: [-1234] [2026-10-01 20:42:40,430]  INFO {AUDIT_LOG} - GET /api/am/publisher/apis/e2751bd4-70e9-4e96-9c39-c0d334d80213/revisions user: admin@carbon.super app: lOKNtRmYnWO18JvYCYJANhTjS6sa
TID: [-1234] [2026-10-01 20:42:40,430]  INFO {AUDIT_LOG} - GET /api/am/publisher/apis/e2751bd4-70e9-4e96-9c39-c0d334d80213/revisions?query=deployed%3Atrue user: admin@carbon.super app: lOKNtRmYnWO18JvYCYJANhTjS6sa
TID: [-1234] [2026-10-01 20:42:40,575]  INFO {AUDIT_LOG} - Initiator=w**************r Action=Get-User-Claim-Values Target=a***n Data={"Claims":{},"Profile":"default"} Outcome=Success
TID: [-1234] [2026-10-01 20:42:40,575]  INFO {AUDIT_LOG} - Initiator=w**************r Action=Get-User-Claim-Values Target=a***n Data={"Claims":{},"Profile":"default"} Outcome=Success
TID: [-1234] [2026-10-01 20:42:40,575]  INFO {AUDIT_LOG} - Initiator=w**************r Action=Get-User-Claim-Values Target=a***n Data={"Claims":{},"Profile":"default"} Outcome=Success
TID: [-1234] [2026-10-01 20:42:42,908]  INFO {AUDIT_LOG} - GET /api/am/publisher/apis/e2751bd4-70e9-4e96-9c39-c0d334d80213/swagger user: admin@carbon.super app: lOKNtRmYnWO18JvYCYJANhTjS6sa
TID: [-1234] [2026-10-01 20:42:42,910]  INFO {AUDIT_LOG} - GET /api/am/publisher/apis/e2751bd4-70e9-4e96-9c39-c0d334d80213/amznResourceNames user: admin@carbon.super app: lOKNtRmYnWO18JvYCYJANhTjS6sa
TID: [-1234] [2026-10-01 20:42:42,921]  INFO {AUDIT_LOG} - GET /api/am/publisher/scopes?limit=2000&offset=0 user: admin@carbon.super app: lOKNtRmYnWO18JvYCYJANhTjS6sa
TID: [-1234] [2026-10-01 20:42:42,921]  INFO {AUDIT_LOG} - GET /api/am/publisher/throttling-policies/api?limit=80 user: admin@carbon.super app: lOKNtRmYnWO18JvYCYJANhTjS6sa
TID: [-1234] [2026-10-01 20:42:45,590]  INFO {AUDIT_LOG} - Initiator=w**************r Action=Get-User-Claim-Values Target=a***n Data={"Claims":{},"Profile":"default"} Outcome=Success
TID: [-1234] [2026-10-01 20:42:45,591]  INFO {AUDIT_LOG} - Initiator=w**************r Action=Get-User-Claim-Values Target=a***n Data={"Claims":{},"Profile":"default"} Outcome=Success
TID: [-1234] [2026-10-01 20:42:45,591]  INFO {AUDIT_LOG} - Initiator=w**************r Action=Get-User-Claim-Values Target=a***n Data={"Claims":{},"Profile":"default"} Outcome=Success
TID: [] [2026-10-01 20:42:45,640]  INFO {AUDIT_LOG} - {"performedBy":"SYSTEM: carbon.super","action":"undeployed","type":"API","info":"e2751bd4-70e9-4e96-9c39-c0d334d80213"}
TID: [] [2026-10-01 20:42:45,659]  INFO {AUDIT_LOG} - {"performedBy":"SYSTEM: carbon.super","action":"deployed","type":"API","info":"e2751bd4-70e9-4e96-9c39-c0d334d80213"}
TID: [-1234] [2026-10-01 20:42:45,667]  INFO {AUDIT_LOG} - Initiator=w**************r Action=Get-User-Claim-Values Target=a***n Data={"Claims":{},"Profile":"default"} Outcome=Success
TID: [-1234] [2026-10-01 20:42:45,667]  INFO {AUDIT_LOG} - Initiator=w**************r Action=Get-User-Claim-Values Target=a***n Data={"Claims":{},"Profile":"default"} Outcome=Success
TID: [-1234] [2026-10-01 20:42:45,667]  INFO {AUDIT_LOG} - Initiator=w**************r Action=Get-User-Claim-Values Target=a***n Data={"Claims":{},"Profile":"default"} Outcome=Success
TID: [-1234] [2026-10-01 20:42:47,093]  INFO {AUDIT_LOG} - Initiator=w**************r Action=Get-User-Claim-Values Target=a***n Data={"Claims":{},"Profile":"default"} Outcome=Success
TID: [-1234] [2026-10-01 20:42:47,093]  INFO {AUDIT_LOG} - Initiator=w**************r Action=Get-User-Claim-Values Target=a***n Data={"Claims":{},"Profile":"default"} Outcome=Success
TID: [-1234] [2026-10-01 20:42:47,094]  INFO {AUDIT_LOG} - Initiator=w**************r Action=Get-User-Claim-Values Target=a***n Data={"Claims":{},"Profile":"default"} Outcome=Success
TID: [-1234] [2026-10-01 20:42:48,682]  INFO {AUDIT_LOG} - GET /api/am/publisher/apis/e2751bd4-70e9-4e96-9c39-c0d334d80213/deployments user: admin@carbon.super app: lOKNtRmYnWO18JvYCYJANhTjS6sa
TID: [-1234] [2026-10-01 20:42:48,688]  INFO {AUDIT_LOG} - GET /api/am/publisher/apis/e2751bd4-70e9-4e96-9c39-c0d334d80213/swagger user: admin@carbon.super app: lOKNtRmYnWO18JvYCYJANhTjS6sa
TID: [-1234] [2026-10-01 20:42:48,689]  INFO {AUDIT_LOG} - POST /api/am/publisher/apis/e2751bd4-70e9-4e96-9c39-c0d334d80213/generate-key user: admin@carbon.super app: lOKNtRmYnWO18JvYCYJANhTjS6sa
TID: [-1234] [2026-10-01 20:43:08,796]  INFO {AUDIT_LOG} - Initiator=w**************r Action=Get-User-Claim-Values Target=a***n Data={"Claims":{},"Profile":"default"} Outcome=Success
TID: [-1234] [2026-10-01 20:43:08,797]  INFO {AUDIT_LOG} - Initiator=w**************r Action=Get-User-Claim-Values Target=a***n Data={"Claims":{},"Profile":"default"} Outcome=Success
TID: [-1234] [2026-10-01 20:43:08,797]  INFO {AUDIT_LOG} - Initiator=w**************r Action=Get-User-Claim-Values Target=a***n Data={"Claims":{},"Profile":"default"} Outcome=Success
TID: [-1234] [2026-10-01 20:43:14,925]  INFO {AUDIT_LOG} - GET /api/am/publisher/key-managers user: admin@carbon.super app: lOKNtRmYnWO18JvYCYJANhTjS6sa
TID: [-1234] [2026-10-01 20:43:15,003]  INFO {AUDIT_LOG} - GET /api/am/publisher/key-managers user: admin@carbon.super app: lOKNtRmYnWO18JvYCYJANhTjS6sa
TID: [-1234] [2026-10-01 20:43:15,003]  INFO {AUDIT_LOG} - GET /api/am/publisher/apis/e2751bd4-70e9-4e96-9c39-c0d334d80213/client-certs/SANDBOX user: admin@carbon.super app: lOKNtRmYnWO18JvYCYJANhTjS6sa
TID: [-1234] [2026-10-01 20:43:15,003]  INFO {AUDIT_LOG} - GET /api/am/publisher/apis/e2751bd4-70e9-4e96-9c39-c0d334d80213/client-certs/PRODUCTION user: admin@carbon.super app: lOKNtRmYnWO18JvYCYJANhTjS6sa
TID: [-1234] [2026-10-01 20:43:15,046]  INFO {AUDIT_LOG} - GET /api/am/publisher/key-managers user: admin@carbon.super app: lOKNtRmYnWO18JvYCYJANhTjS6sa
TID: [-1234] [2026-10-01 20:43:16,340]  INFO {AUDIT_LOG} - GET /api/am/publisher/apis/e2751bd4-70e9-4e96-9c39-c0d334d80213/swagger user: admin@carbon.super app: lOKNtRmYnWO18JvYCYJANhTjS6sa
TID: [-1234] [2026-10-01 20:43:16,341]  INFO {AUDIT_LOG} - GET /api/am/publisher/apis/e2751bd4-70e9-4e96-9c39-c0d334d80213/amznResourceNames user: admin@carbon.super app: lOKNtRmYnWO18JvYCYJANhTjS6sa
TID: [-1234] [2026-10-01 20:43:16,341]  INFO {AUDIT_LOG} - GET /api/am/publisher/throttling-policies/api?limit=80 user: admin@carbon.super app: lOKNtRmYnWO18JvYCYJANhTjS6sa
TID: [-1234] [2026-10-01 20:43:16,341]  INFO {AUDIT_LOG} - GET /api/am/publisher/scopes?limit=2000&offset=0 user: admin@carbon.super app: lOKNtRmYnWO18JvYCYJANhTjS6sa
TID: [-1234] [2026-10-01 20:43:17,466]  INFO {AUDIT_LOG} - GET /api/am/publisher/apis/e2751bd4-70e9-4e96-9c39-c0d334d80213/swagger user: admin@carbon.super app: lOKNtRmYnWO18JvYCYJANhTjS6sa
TID: [-1234] [2026-10-01 20:43:18,397]  INFO {AUDIT_LOG} - GET /api/am/publisher/key-managers user: admin@carbon.super app: lOKNtRmYnWO18JvYCYJANhTjS6sa
TID: [-1234] [2026-10-01 20:43:18,475]  INFO {AUDIT_LOG} - GET /api/am/publisher/key-managers user: admin@carbon.super app: lOKNtRmYnWO18JvYCYJANhTjS6sa
TID: [-1234] [2026-10-01 20:43:18,475]  INFO {AUDIT_LOG} - GET /api/am/publisher/apis/e2751bd4-70e9-4e96-9c39-c0d334d80213/client-certs/PRODUCTION user: admin@carbon.super app: lOKNtRmYnWO18JvYCYJANhTjS6sa
TID: [-1234] [2026-10-01 20:43:18,475]  INFO {AUDIT_LOG} - GET /api/am/publisher/apis/e2751bd4-70e9-4e96-9c39-c0d334d80213/client-certs/SANDBOX user: admin@carbon.super app: lOKNtRmYnWO18JvYCYJANhTjS6sa
TID: [-1234] [2026-10-01 20:43:18,519]  INFO {AUDIT_LOG} - GET /api/am/publisher/key-managers user: admin@carbon.super app: lOKNtRmYnWO18JvYCYJANhTjS6sa
TID: [-1234] [2026-10-01 20:43:21,376]  INFO {AUDIT_LOG} - GET /api/am/publisher/apis/e2751bd4-70e9-4e96-9c39-c0d334d80213/swagger user: admin@carbon.super app: lOKNtRmYnWO18JvYCYJANhTjS6sa
TID: [-1234] [2026-10-01 20:43:21,980]  INFO {AUDIT_LOG} - GET /api/am/publisher/apis/e2751bd4-70e9-4e96-9c39-c0d334d80213/swagger user: admin@carbon.super app: lOKNtRmYnWO18JvYCYJANhTjS6sa
TID: [-1234] [2026-10-01 20:43:22,002]  INFO {AUDIT_LOG} - GET /api/am/publisher/endpoint-certificates?endpoint=http%3A%2F%2Fhost.docker.internal%3A8081 user: admin@carbon.super app: lOKNtRmYnWO18JvYCYJANhTjS6sa
TID: [-1234] [2026-10-01 20:43:33,845]  INFO {AUDIT_LOG} - GET /api/am/publisher/apis?limit=5&offset=0 user: admin@carbon.super app: lOKNtRmYnWO18JvYCYJANhTjS6sa
TID: [-1234] [2026-10-01 20:43:33,845]  INFO {AUDIT_LOG} - GET /api/am/publisher/api-products?limit=5&offset=0 user: admin@carbon.super app: lOKNtRmYnWO18JvYCYJANhTjS6sa
TID: [-1234] [2026-10-01 20:43:33,850]  INFO {AUDIT_LOG} - GET /api/am/publisher/mcp-servers?limit=5&offset=0 user: admin@carbon.super app: lOKNtRmYnWO18JvYCYJANhTjS6sa
TID: [-1234] [2026-10-01 20:43:33,861]  INFO {AUDIT_LOG} - GET /api/am/publisher/api-products?limit=5&offset=0 user: admin@carbon.super app: lOKNtRmYnWO18JvYCYJANhTjS6sa
TID: [-1234] [2026-10-01 20:43:33,868]  INFO {AUDIT_LOG} - GET /api/am/publisher/apis?limit=5&offset=0 user: admin@carbon.super app: lOKNtRmYnWO18JvYCYJANhTjS6sa
TID: [-1234] [2026-10-01 20:43:36,010]  INFO {AUDIT_LOG} - GET /api/am/publisher/search?limit=1&offset=0&query=name%3APizzaShackAPI%20version%3A1.0%20context%3Apizzashack user: admin@carbon.super app: lOKNtRmYnWO18JvYCYJANhTjS6sa
TID: [-1234] [2026-10-01 20:43:38,796]  INFO {AUDIT_LOG} - Initiator=w**************r Action=Get-User-Claim-Values Target=a***n Data={"Claims":{},"Profile":"default"} Outcome=Success
TID: [-1234] [2026-10-01 20:43:38,796]  INFO {AUDIT_LOG} - Initiator=w**************r Action=Get-User-Claim-Values Target=a***n Data={"Claims":{},"Profile":"default"} Outcome=Success
TID: [-1234] [2026-10-01 20:43:38,796]  INFO {AUDIT_LOG} - Initiator=w**************r Action=Get-User-Claim-Values Target=a***n Data={"Claims":{},"Profile":"default"} Outcome=Success
TID: [-1234] [2026-10-01 20:44:01,706]  INFO {AUDIT_LOG} - POST /api/am/publisher/apis/validate?query=name%3Arhconsultaapi&limit=10&offset=0 user: admin@carbon.super app: lOKNtRmYnWO18JvYCYJANhTjS6sa
TID: [-1234] [2026-10-01 20:44:08,796]  INFO {AUDIT_LOG} - Initiator=w**************r Action=Get-User-Claim-Values Target=a***n Data={"Claims":{},"Profile":"default"} Outcome=Success
TID: [-1234] [2026-10-01 20:44:08,796]  INFO {AUDIT_LOG} - Initiator=w**************r Action=Get-User-Claim-Values Target=a***n Data={"Claims":{},"Profile":"default"} Outcome=Success
TID: [-1234] [2026-10-01 20:44:08,796]  INFO {AUDIT_LOG} - Initiator=w**************r Action=Get-User-Claim-Values Target=a***n Data={"Claims":{},"Profile":"default"} Outcome=Success
TID: [-1234] [2026-10-01 20:44:09,628]  INFO {AUDIT_LOG} - POST /api/am/publisher/apis/validate?query=name%3Arhconsultaapi&limit=10&offset=0 user: admin@carbon.super app: lOKNtRmYnWO18JvYCYJANhTjS6sa
TID: [-1234] [2026-10-01 20:44:26,989]  INFO {AUDIT_LOG} - POST /api/am/publisher/apis/validate?query=name%3Arhconsultaapi&limit=10&offset=0 user: admin@carbon.super app: lOKNtRmYnWO18JvYCYJANhTjS6sa
TID: [-1234] [2026-10-01 20:44:31,656]  INFO {AUDIT_LOG} - POST /api/am/publisher/apis/validate?query=name%3Arhconsultaapi&limit=10&offset=0 user: admin@carbon.super app: lOKNtRmYnWO18JvYCYJANhTjS6sa
TID: [-1234] [2026-10-01 20:44:38,794]  INFO {AUDIT_LOG} - Initiator=w**************r Action=Get-User-Claim-Values Target=a***n Data={"Claims":{},"Profile":"default"} Outcome=Success
TID: [-1234] [2026-10-01 20:44:38,795]  INFO {AUDIT_LOG} - Initiator=w**************r Action=Get-User-Claim-Values Target=a***n Data={"Claims":{},"Profile":"default"} Outcome=Success
TID: [-1234] [2026-10-01 20:44:38,795]  INFO {AUDIT_LOG} - Initiator=w**************r Action=Get-User-Claim-Values Target=a***n Data={"Claims":{},"Profile":"default"} Outcome=Success
TID: [-1234] [2026-10-01 20:45:08,794]  INFO {AUDIT_LOG} - Initiator=w**************r Action=Get-User-Claim-Values Target=a***n Data={"Claims":{},"Profile":"default"} Outcome=Success
TID: [-1234] [2026-10-01 20:45:08,794]  INFO {AUDIT_LOG} - Initiator=w**************r Action=Get-User-Claim-Values Target=a***n Data={"Claims":{},"Profile":"default"} Outcome=Success
TID: [-1234] [2026-10-01 20:45:08,794]  INFO {AUDIT_LOG} - Initiator=w**************r Action=Get-User-Claim-Values Target=a***n Data={"Claims":{},"Profile":"default"} Outcome=Success
TID: [-1234] [2026-10-01 20:45:38,794]  INFO {AUDIT_LOG} - Initiator=w**************r Action=Get-User-Claim-Values Target=a***n Data={"Claims":{},"Profile":"default"} Outcome=Success
TID: [-1234] [2026-10-01 20:45:38,795]  INFO {AUDIT_LOG} - Initiator=w**************r Action=Get-User-Claim-Values Target=a***n Data={"Claims":{},"Profile":"default"} Outcome=Success
TID: [-1234] [2026-10-01 20:45:38,795]  INFO {AUDIT_LOG} - Initiator=w**************r Action=Get-User-Claim-Values Target=a***n Data={"Claims":{},"Profile":"default"} Outcome=Success
TID: [-1234] [2026-10-01 20:45:47,500]  INFO {AUDIT_LOG} - Initiator=w**************r Action=Get-User-Claim-Value Target=a***n Data={"Claim":"http://wso2.org/claims/organization"} Outcome=Success
TID: [-1234] [2026-10-01 20:45:47,502]  INFO {AUDIT_LOG} - POST /api/am/publisher/apis/validate?query=context%3A%2Frhconsulta&limit=10&offset=0 user: admin@carbon.super app: lOKNtRmYnWO18JvYCYJANhTjS6sa
TID: [-1234] [2026-10-01 20:45:49,587]  INFO {AUDIT_LOG} - GET /api/am/publisher/throttling-policies/subscription user: admin@carbon.super app: lOKNtRmYnWO18JvYCYJANhTjS6sa
TID: [-1234] [2026-10-01 20:45:49,610]  INFO {AUDIT_LOG} - POST /api/am/publisher/apis?openAPIVersion=v3 user: admin@carbon.super app: lOKNtRmYnWO18JvYCYJANhTjS6sa
TID: [-1234] [2026-10-01 20:45:49,692]  INFO {AUDIT_LOG} - {"performedBy":"admin","action":"created","type":"API","info":{"provider":"admin","name":"RhConsultaAPI","context":"/RhConsulta/0.1","version":"0.1"}}
TID: [] [2026-10-01 20:45:49,702]  INFO {AUDIT_LOG} - Initiator=w**************r Action=Get-User-Claim-Values Target=a***n Data={"Claims":{},"Profile":"default"} Outcome=Success
TID: [] [2026-10-01 20:45:49,703]  INFO {AUDIT_LOG} - Initiator=w**************r Action=Get-User-Claim-Values Target=a***n Data={"Claims":{},"Profile":"default"} Outcome=Success
TID: [] [2026-10-01 20:45:49,703]  INFO {AUDIT_LOG} - Initiator=w**************r Action=Get-User-Claim-Values Target=a***n Data={"Claims":{},"Profile":"default"} Outcome=Success
TID: [-1234] [2026-10-01 20:45:49,743]  INFO {AUDIT_LOG} - POST /api/am/publisher/apis/9bd21ad2-f02e-4ee2-8be2-444f274257a8/revisions user: admin@carbon.super app: lOKNtRmYnWO18JvYCYJANhTjS6sa
TID: [-1234] [2026-10-01 20:45:49,806]  INFO {AUDIT_LOG} - POST /api/am/publisher/apis/9bd21ad2-f02e-4ee2-8be2-444f274257a8/deploy-revision?revisionId=57836767-7d1a-4539-9f1e-7a2bdd1e3ea1 user: admin@carbon.super app: lOKNtRmYnWO18JvYCYJANhTjS6sa
TID: [-1234] [2026-10-01 20:45:49,824]  INFO {AUDIT_LOG} - POST /api/am/publisher/apis/change-lifecycle?action=Publish&apiId=9bd21ad2-f02e-4ee2-8be2-444f274257a8 user: admin@carbon.super app: lOKNtRmYnWO18JvYCYJANhTjS6sa
TID: [-1234] [2026-10-01 20:45:49,882]  INFO {AUDIT_LOG} - {"performedBy":"admin","action":"lifecycle-changed","type":"API","info":{"provider":"admin","name":"RhConsultaAPI","context":"/RhConsulta/0.1","version":"0.1"}}
TID: [-1234] [2026-10-01 20:45:49,940]  INFO {AUDIT_LOG} - GET /api/am/publisher/apis/9bd21ad2-f02e-4ee2-8be2-444f274257a8 user: admin@carbon.super app: lOKNtRmYnWO18JvYCYJANhTjS6sa
TID: [-1234] [2026-10-01 20:45:49,943]  INFO {AUDIT_LOG} - GET /api/am/publisher/tenants?state=active user: admin@carbon.super app: lOKNtRmYnWO18JvYCYJANhTjS6sa
TID: [-1234] [2026-10-01 20:45:50,129]  INFO {AUDIT_LOG} - GET /api/am/publisher/settings user: admin@carbon.super app: lOKNtRmYnWO18JvYCYJANhTjS6sa
TID: [-1234] [2026-10-01 20:45:50,133]  INFO {AUDIT_LOG} - GET /api/am/publisher/apis/9bd21ad2-f02e-4ee2-8be2-444f274257a8/swagger user: admin@carbon.super app: lOKNtRmYnWO18JvYCYJANhTjS6sa
TID: [-1234] [2026-10-01 20:45:50,136]  INFO {AUDIT_LOG} - GET /api/am/publisher/apis/9bd21ad2-f02e-4ee2-8be2-444f274257a8/revisions user: admin@carbon.super app: lOKNtRmYnWO18JvYCYJANhTjS6sa
TID: [-1234] [2026-10-01 20:45:50,136]  INFO {AUDIT_LOG} - GET /api/am/publisher/me/organization-information user: admin@carbon.super app: lOKNtRmYnWO18JvYCYJANhTjS6sa
TID: [-1234] [2026-10-01 20:45:50,136]  INFO {AUDIT_LOG} - GET /api/am/publisher/apis/9bd21ad2-f02e-4ee2-8be2-444f274257a8/revisions?query=deployed%3Atrue user: admin@carbon.super app: lOKNtRmYnWO18JvYCYJANhTjS6sa
TID: [-1234] [2026-10-01 20:45:50,142]  INFO {AUDIT_LOG} - GET /api/am/publisher/apis/9bd21ad2-f02e-4ee2-8be2-444f274257a8/revisions?query=deployed%3Atrue user: admin@carbon.super app: lOKNtRmYnWO18JvYCYJANhTjS6sa
TID: [-1234] [2026-10-01 20:45:50,810]  INFO {AUDIT_LOG} - Initiator=w**************r Action=Get-User-Claim-Values Target=a***n Data={"Claims":{},"Profile":"default"} Outcome=Success
TID: [-1234] [2026-10-01 20:45:50,810]  INFO {AUDIT_LOG} - Initiator=w**************r Action=Get-User-Claim-Values Target=a***n Data={"Claims":{},"Profile":"default"} Outcome=Success
TID: [-1234] [2026-10-01 20:45:50,810]  INFO {AUDIT_LOG} - Initiator=w**************r Action=Get-User-Claim-Values Target=a***n Data={"Claims":{},"Profile":"default"} Outcome=Success
TID: [-1234] [2026-10-01 20:45:50,810]  INFO {AUDIT_LOG} - Initiator=w**************r Action=Get-User-Claim-Values Target=a***n Data={"Claims":{},"Profile":"default"} Outcome=Success
TID: [-1234] [2026-10-01 20:45:50,810]  INFO {AUDIT_LOG} - Initiator=w**************r Action=Get-User-Claim-Values Target=a***n Data={"Claims":{},"Profile":"default"} Outcome=Success
TID: [-1234] [2026-10-01 20:45:50,810]  INFO {AUDIT_LOG} - Initiator=w**************r Action=Get-User-Claim-Values Target=a***n Data={"Claims":{},"Profile":"default"} Outcome=Success
TID: [-1234] [2026-10-01 20:45:52,693]  INFO {AUDIT_LOG} - GET /api/am/publisher/apis?limit=5&offset=0 user: admin@carbon.super app: lOKNtRmYnWO18JvYCYJANhTjS6sa
TID: [-1234] [2026-10-01 20:45:52,693]  INFO {AUDIT_LOG} - GET /api/am/publisher/mcp-servers?limit=5&offset=0 user: admin@carbon.super app: lOKNtRmYnWO18JvYCYJANhTjS6sa
TID: [-1234] [2026-10-01 20:45:52,693]  INFO {AUDIT_LOG} - GET /api/am/publisher/api-products?limit=5&offset=0 user: admin@carbon.super app: lOKNtRmYnWO18JvYCYJANhTjS6sa
TID: [-1234] [2026-10-01 20:45:52,706]  INFO {AUDIT_LOG} - GET /api/am/publisher/api-products?limit=5&offset=0 user: admin@carbon.super app: lOKNtRmYnWO18JvYCYJANhTjS6sa
TID: [-1234] [2026-10-01 20:45:52,710]  INFO {AUDIT_LOG} - GET /api/am/publisher/apis?limit=5&offset=0 user: admin@carbon.super app: lOKNtRmYnWO18JvYCYJANhTjS6sa
TID: [-1234] [2026-10-01 20:45:55,827]  INFO {AUDIT_LOG} - Initiator=w**************r Action=Get-User-Claim-Values Target=a***n Data={"Claims":{},"Profile":"default"} Outcome=Success
TID: [-1234] [2026-10-01 20:45:55,827]  INFO {AUDIT_LOG} - Initiator=w**************r Action=Get-User-Claim-Values Target=a***n Data={"Claims":{},"Profile":"default"} Outcome=Success
TID: [-1234] [2026-10-01 20:45:55,828]  INFO {AUDIT_LOG} - Initiator=w**************r Action=Get-User-Claim-Values Target=a***n Data={"Claims":{},"Profile":"default"} Outcome=Success
TID: [] [2026-10-01 20:45:55,890]  INFO {AUDIT_LOG} - {"performedBy":"SYSTEM: carbon.super","action":"deployed","type":"API","info":"9bd21ad2-f02e-4ee2-8be2-444f274257a8"}
TID: [-1234] [2026-10-01 20:45:55,898]  INFO {AUDIT_LOG} - Initiator=w**************r Action=Get-User-Claim-Values Target=a***n Data={"Claims":{},"Profile":"default"} Outcome=Success
TID: [-1234] [2026-10-01 20:45:55,898]  INFO {AUDIT_LOG} - Initiator=w**************r Action=Get-User-Claim-Values Target=a***n Data={"Claims":{},"Profile":"default"} Outcome=Success
TID: [-1234] [2026-10-01 20:45:55,898]  INFO {AUDIT_LOG} - Initiator=w**************r Action=Get-User-Claim-Values Target=a***n Data={"Claims":{},"Profile":"default"} Outcome=Success
TID: [-1234] [2026-10-01 20:45:57,093]  INFO {AUDIT_LOG} - Initiator=w**************r Action=Get-User-Claim-Values Target=a***n Data={"Claims":{},"Profile":"default"} Outcome=Success
TID: [-1234] [2026-10-01 20:45:57,093]  INFO {AUDIT_LOG} - Initiator=w**************r Action=Get-User-Claim-Values Target=a***n Data={"Claims":{},"Profile":"default"} Outcome=Success
TID: [-1234] [2026-10-01 20:45:57,093]  INFO {AUDIT_LOG} - Initiator=w**************r Action=Get-User-Claim-Values Target=a***n Data={"Claims":{},"Profile":"default"} Outcome=Success
TID: [-1234] [2026-10-01 20:46:00,488]  INFO {AUDIT_LOG} - GET /api/am/publisher/apis/9bd21ad2-f02e-4ee2-8be2-444f274257a8 user: admin@carbon.super app: lOKNtRmYnWO18JvYCYJANhTjS6sa
TID: [-1234] [2026-10-01 20:46:00,488]  INFO {AUDIT_LOG} - GET /api/am/publisher/tenants?state=active user: admin@carbon.super app: lOKNtRmYnWO18JvYCYJANhTjS6sa
TID: [-1234] [2026-10-01 20:46:00,640]  INFO {AUDIT_LOG} - GET /api/am/publisher/settings user: admin@carbon.super app: lOKNtRmYnWO18JvYCYJANhTjS6sa
TID: [-1234] [2026-10-01 20:46:00,642]  INFO {AUDIT_LOG} - GET /api/am/publisher/apis/9bd21ad2-f02e-4ee2-8be2-444f274257a8/revisions user: admin@carbon.super app: lOKNtRmYnWO18JvYCYJANhTjS6sa
TID: [-1234] [2026-10-01 20:46:00,642]  INFO {AUDIT_LOG} - GET /api/am/publisher/apis/9bd21ad2-f02e-4ee2-8be2-444f274257a8/swagger user: admin@carbon.super app: lOKNtRmYnWO18JvYCYJANhTjS6sa
TID: [-1234] [2026-10-01 20:46:00,642]  INFO {AUDIT_LOG} - GET /api/am/publisher/me/organization-information user: admin@carbon.super app: lOKNtRmYnWO18JvYCYJANhTjS6sa
TID: [-1234] [2026-10-01 20:46:00,642]  INFO {AUDIT_LOG} - GET /api/am/publisher/apis/9bd21ad2-f02e-4ee2-8be2-444f274257a8/revisions?query=deployed%3Atrue user: admin@carbon.super app: lOKNtRmYnWO18JvYCYJANhTjS6sa
TID: [-1234] [2026-10-01 20:46:00,646]  INFO {AUDIT_LOG} - GET /api/am/publisher/apis/9bd21ad2-f02e-4ee2-8be2-444f274257a8/revisions?query=deployed%3Atrue user: admin@carbon.super app: lOKNtRmYnWO18JvYCYJANhTjS6sa
TID: [-1234] [2026-10-01 20:46:02,674]  INFO {AUDIT_LOG} - GET /api/am/publisher/apis/9bd21ad2-f02e-4ee2-8be2-444f274257a8/swagger user: admin@carbon.super app: lOKNtRmYnWO18JvYCYJANhTjS6sa
TID: [-1234] [2026-10-01 20:46:03,723]  INFO {AUDIT_LOG} - GET /api/am/publisher/apis/9bd21ad2-f02e-4ee2-8be2-444f274257a8/swagger user: admin@carbon.super app: lOKNtRmYnWO18JvYCYJANhTjS6sa
TID: [-1234] [2026-10-01 20:46:03,745]  INFO {AUDIT_LOG} - GET /api/am/publisher/endpoint-certificates?endpoint=http%3A%2F%2Fhost.docker.internal%3A8082 user: admin@carbon.super app: lOKNtRmYnWO18JvYCYJANhTjS6sa
TID: [-1234] [2026-10-01 20:46:04,832]  INFO {AUDIT_LOG} - GET /api/am/publisher/settings user: admin@carbon.super app: lOKNtRmYnWO18JvYCYJANhTjS6sa
TID: [-1234] [2026-10-01 20:46:05,983]  INFO {AUDIT_LOG} - GET /api/am/publisher/apis/9bd21ad2-f02e-4ee2-8be2-444f274257a8/swagger user: admin@carbon.super app: lOKNtRmYnWO18JvYCYJANhTjS6sa
TID: [-1234] [2026-10-01 20:46:07,015]  INFO {AUDIT_LOG} - GET /api/am/publisher/apis/9bd21ad2-f02e-4ee2-8be2-444f274257a8/swagger user: admin@carbon.super app: lOKNtRmYnWO18JvYCYJANhTjS6sa
TID: [-1234] [2026-10-01 20:46:07,037]  INFO {AUDIT_LOG} - GET /api/am/publisher/endpoint-certificates?endpoint=http%3A%2F%2Fhost.docker.internal%3A8082 user: admin@carbon.super app: lOKNtRmYnWO18JvYCYJANhTjS6sa
TID: [-1234] [2026-10-01 20:46:08,794]  INFO {AUDIT_LOG} - Initiator=w**************r Action=Get-User-Claim-Values Target=a***n Data={"Claims":{},"Profile":"default"} Outcome=Success
TID: [-1234] [2026-10-01 20:46:08,794]  INFO {AUDIT_LOG} - Initiator=w**************r Action=Get-User-Claim-Values Target=a***n Data={"Claims":{},"Profile":"default"} Outcome=Success
TID: [-1234] [2026-10-01 20:46:08,794]  INFO {AUDIT_LOG} - Initiator=w**************r Action=Get-User-Claim-Values Target=a***n Data={"Claims":{},"Profile":"default"} Outcome=Success
TID: [-1234] [2026-10-01 20:46:11,397]  INFO {AUDIT_LOG} - GET /api/am/publisher/apis/9bd21ad2-f02e-4ee2-8be2-444f274257a8/swagger user: admin@carbon.super app: lOKNtRmYnWO18JvYCYJANhTjS6sa
TID: [-1234] [2026-10-01 20:46:14,204]  INFO {AUDIT_LOG} - GET /api/am/publisher/apis/9bd21ad2-f02e-4ee2-8be2-444f274257a8/swagger user: admin@carbon.super app: lOKNtRmYnWO18JvYCYJANhTjS6sa
TID: [-1234] [2026-10-01 20:46:14,207]  INFO {AUDIT_LOG} - GET /api/am/publisher/apis/9bd21ad2-f02e-4ee2-8be2-444f274257a8/amznResourceNames user: admin@carbon.super app: lOKNtRmYnWO18JvYCYJANhTjS6sa
TID: [-1234] [2026-10-01 20:46:14,212]  INFO {AUDIT_LOG} - GET /api/am/publisher/scopes?limit=2000&offset=0 user: admin@carbon.super app: lOKNtRmYnWO18JvYCYJANhTjS6sa
TID: [-1234] [2026-10-01 20:46:14,212]  INFO {AUDIT_LOG} - GET /api/am/publisher/throttling-policies/api?limit=80 user: admin@carbon.super app: lOKNtRmYnWO18JvYCYJANhTjS6sa
TID: [-1234] [2026-10-01 20:46:37,850]  INFO {AUDIT_LOG} - PUT /api/am/publisher/apis/9bd21ad2-f02e-4ee2-8be2-444f274257a8/swagger user: admin@carbon.super app: lOKNtRmYnWO18JvYCYJANhTjS6sa
TID: [] [2026-10-01 20:46:37,898]  INFO {AUDIT_LOG} - Initiator=w**************r Action=Get-User-Claim-Values Target=a***n Data={"Claims":{},"Profile":"default"} Outcome=Success
TID: [] [2026-10-01 20:46:37,898]  INFO {AUDIT_LOG} - Initiator=w**************r Action=Get-User-Claim-Values Target=a***n Data={"Claims":{},"Profile":"default"} Outcome=Success
TID: [] [2026-10-01 20:46:37,898]  INFO {AUDIT_LOG} - Initiator=w**************r Action=Get-User-Claim-Values Target=a***n Data={"Claims":{},"Profile":"default"} Outcome=Success
TID: [-1234] [2026-10-01 20:46:37,916]  INFO {AUDIT_LOG} - {"performedBy":"admin","action":"updated","type":"API","info":{"provider":"admin","name":"RhConsultaAPI","context":"/RhConsulta/0.1","version":"0.1"}}
TID: [-1234] [2026-10-01 20:46:37,943]  INFO {AUDIT_LOG} - GET /api/am/publisher/apis/9bd21ad2-f02e-4ee2-8be2-444f274257a8 user: admin@carbon.super app: lOKNtRmYnWO18JvYCYJANhTjS6sa
TID: [-1234] [2026-10-01 20:46:38,796]  INFO {AUDIT_LOG} - Initiator=w**************r Action=Get-User-Claim-Values Target=a***n Data={"Claims":{},"Profile":"default"} Outcome=Success
TID: [-1234] [2026-10-01 20:46:38,796]  INFO {AUDIT_LOG} - Initiator=w**************r Action=Get-User-Claim-Values Target=a***n Data={"Claims":{},"Profile":"default"} Outcome=Success
TID: [-1234] [2026-10-01 20:46:38,796]  INFO {AUDIT_LOG} - Initiator=w**************r Action=Get-User-Claim-Values Target=a***n Data={"Claims":{},"Profile":"default"} Outcome=Success
TID: [-1234] [2026-10-01 20:46:38,871]  INFO {AUDIT_LOG} - Initiator=w**************r Action=Get-User-Claim-Values Target=a***n Data={"Claims":{},"Profile":"default"} Outcome=Success
TID: [-1234] [2026-10-01 20:46:38,871]  INFO {AUDIT_LOG} - Initiator=w**************r Action=Get-User-Claim-Values Target=a***n Data={"Claims":{},"Profile":"default"} Outcome=Success
TID: [-1234] [2026-10-01 20:46:38,871]  INFO {AUDIT_LOG} - Initiator=w**************r Action=Get-User-Claim-Values Target=a***n Data={"Claims":{},"Profile":"default"} Outcome=Success
TID: [-1234] [2026-10-01 20:46:38,883]  INFO {AUDIT_LOG} - Initiator=w**************r Action=Get-User-Claim-Values Target=a***n Data={"Claims":{},"Profile":"default"} Outcome=Success
TID: [-1234] [2026-10-01 20:46:38,883]  INFO {AUDIT_LOG} - Initiator=w**************r Action=Get-User-Claim-Values Target=a***n Data={"Claims":{},"Profile":"default"} Outcome=Success
TID: [-1234] [2026-10-01 20:46:38,883]  INFO {AUDIT_LOG} - Initiator=w**************r Action=Get-User-Claim-Values Target=a***n Data={"Claims":{},"Profile":"default"} Outcome=Success
TID: [-1234] [2026-10-01 20:46:41,097]  INFO {AUDIT_LOG} - PUT /api/am/publisher/apis/9bd21ad2-f02e-4ee2-8be2-444f274257a8/swagger user: admin@carbon.super app: lOKNtRmYnWO18JvYCYJANhTjS6sa
TID: [-1234] [2026-10-01 20:46:41,141]  INFO {AUDIT_LOG} - {"performedBy":"admin","action":"updated","type":"API","info":{"provider":"admin","name":"RhConsultaAPI","context":"/RhConsulta/0.1","version":"0.1"}}
TID: [-1234] [2026-10-01 20:46:41,167]  INFO {AUDIT_LOG} - GET /api/am/publisher/apis/9bd21ad2-f02e-4ee2-8be2-444f274257a8 user: admin@carbon.super app: lOKNtRmYnWO18JvYCYJANhTjS6sa
TID: [-1234] [2026-10-01 20:46:41,280]  INFO {AUDIT_LOG} - GET /api/am/publisher/apis/9bd21ad2-f02e-4ee2-8be2-444f274257a8/asyncapi user: admin@carbon.super app: lOKNtRmYnWO18JvYCYJANhTjS6sa
TID: [-1234] [2026-10-01 20:46:41,797]  INFO {AUDIT_LOG} - Initiator=w**************r Action=Get-User-Claim-Values Target=a***n Data={"Claims":{},"Profile":"default"} Outcome=Success
TID: [-1234] [2026-10-01 20:46:41,797]  INFO {AUDIT_LOG} - Initiator=w**************r Action=Get-User-Claim-Values Target=a***n Data={"Claims":{},"Profile":"default"} Outcome=Success
TID: [-1234] [2026-10-01 20:46:41,798]  INFO {AUDIT_LOG} - Initiator=w**************r Action=Get-User-Claim-Values Target=a***n Data={"Claims":{},"Profile":"default"} Outcome=Success
TID: [-1234] [2026-10-01 20:46:41,807]  INFO {AUDIT_LOG} - Initiator=w**************r Action=Get-User-Claim-Values Target=a***n Data={"Claims":{},"Profile":"default"} Outcome=Success
TID: [-1234] [2026-10-01 20:46:41,808]  INFO {AUDIT_LOG} - Initiator=w**************r Action=Get-User-Claim-Values Target=a***n Data={"Claims":{},"Profile":"default"} Outcome=Success
TID: [-1234] [2026-10-01 20:46:41,808]  INFO {AUDIT_LOG} - Initiator=w**************r Action=Get-User-Claim-Values Target=a***n Data={"Claims":{},"Profile":"default"} Outcome=Success
TID: [-1234] [2026-10-01 20:46:42,682]  INFO {AUDIT_LOG} - POST /api/am/publisher/apis/9bd21ad2-f02e-4ee2-8be2-444f274257a8/revisions user: admin@carbon.super app: lOKNtRmYnWO18JvYCYJANhTjS6sa
TID: [-1234] [2026-10-01 20:46:42,727]  INFO {AUDIT_LOG} - POST /api/am/publisher/apis/9bd21ad2-f02e-4ee2-8be2-444f274257a8/deploy-revision?revisionId=572d6519-2a84-433a-81f8-c526853400e2 user: admin@carbon.super app: lOKNtRmYnWO18JvYCYJANhTjS6sa
TID: [-1234] [2026-10-01 20:46:42,893]  INFO {AUDIT_LOG} - GET /api/am/publisher/apis/9bd21ad2-f02e-4ee2-8be2-444f274257a8/revisions user: admin@carbon.super app: lOKNtRmYnWO18JvYCYJANhTjS6sa
TID: [-1234] [2026-10-01 20:46:42,893]  INFO {AUDIT_LOG} - GET /api/am/publisher/apis/9bd21ad2-f02e-4ee2-8be2-444f274257a8/revisions?query=deployed%3Atrue user: admin@carbon.super app: lOKNtRmYnWO18JvYCYJANhTjS6sa
TID: [-1234] [2026-10-01 20:46:43,811]  INFO {AUDIT_LOG} - Initiator=w**************r Action=Get-User-Claim-Values Target=a***n Data={"Claims":{},"Profile":"default"} Outcome=Success
TID: [-1234] [2026-10-01 20:46:43,811]  INFO {AUDIT_LOG} - Initiator=w**************r Action=Get-User-Claim-Values Target=a***n Data={"Claims":{},"Profile":"default"} Outcome=Success
TID: [-1234] [2026-10-01 20:46:43,811]  INFO {AUDIT_LOG} - Initiator=w**************r Action=Get-User-Claim-Values Target=a***n Data={"Claims":{},"Profile":"default"} Outcome=Success
TID: [-1234] [2026-10-01 20:46:44,193]  INFO {AUDIT_LOG} - GET /api/am/publisher/apis/9bd21ad2-f02e-4ee2-8be2-444f274257a8/deployments user: admin@carbon.super app: lOKNtRmYnWO18JvYCYJANhTjS6sa
TID: [-1234] [2026-10-01 20:46:44,198]  INFO {AUDIT_LOG} - GET /api/am/publisher/apis/9bd21ad2-f02e-4ee2-8be2-444f274257a8/swagger user: admin@carbon.super app: lOKNtRmYnWO18JvYCYJANhTjS6sa
TID: [-1234] [2026-10-01 20:46:44,203]  INFO {AUDIT_LOG} - POST /api/am/publisher/apis/9bd21ad2-f02e-4ee2-8be2-444f274257a8/generate-key user: admin@carbon.super app: lOKNtRmYnWO18JvYCYJANhTjS6sa
TID: [-1234] [2026-10-01 20:46:48,823]  INFO {AUDIT_LOG} - Initiator=w**************r Action=Get-User-Claim-Values Target=a***n Data={"Claims":{},"Profile":"default"} Outcome=Success
TID: [-1234] [2026-10-01 20:46:48,823]  INFO {AUDIT_LOG} - Initiator=w**************r Action=Get-User-Claim-Values Target=a***n Data={"Claims":{},"Profile":"default"} Outcome=Success
TID: [-1234] [2026-10-01 20:46:48,823]  INFO {AUDIT_LOG} - Initiator=w**************r Action=Get-User-Claim-Values Target=a***n Data={"Claims":{},"Profile":"default"} Outcome=Success
TID: [] [2026-10-01 20:46:48,866]  INFO {AUDIT_LOG} - {"performedBy":"SYSTEM: carbon.super","action":"undeployed","type":"API","info":"9bd21ad2-f02e-4ee2-8be2-444f274257a8"}
TID: [] [2026-10-01 20:46:48,888]  INFO {AUDIT_LOG} - {"performedBy":"SYSTEM: carbon.super","action":"deployed","type":"API","info":"9bd21ad2-f02e-4ee2-8be2-444f274257a8"}
TID: [-1234] [2026-10-01 20:46:48,896]  INFO {AUDIT_LOG} - Initiator=w**************r Action=Get-User-Claim-Values Target=a***n Data={"Claims":{},"Profile":"default"} Outcome=Success
TID: [-1234] [2026-10-01 20:46:48,896]  INFO {AUDIT_LOG} - Initiator=w**************r Action=Get-User-Claim-Values Target=a***n Data={"Claims":{},"Profile":"default"} Outcome=Success
TID: [-1234] [2026-10-01 20:46:48,896]  INFO {AUDIT_LOG} - Initiator=w**************r Action=Get-User-Claim-Values Target=a***n Data={"Claims":{},"Profile":"default"} Outcome=Success
TID: [-1234] [2026-10-01 20:46:49,095]  INFO {AUDIT_LOG} - Initiator=w**************r Action=Get-User-Claim-Values Target=a***n Data={"Claims":{},"Profile":"default"} Outcome=Success
TID: [-1234] [2026-10-01 20:46:49,095]  INFO {AUDIT_LOG} - Initiator=w**************r Action=Get-User-Claim-Values Target=a***n Data={"Claims":{},"Profile":"default"} Outcome=Success
TID: [-1234] [2026-10-01 20:46:49,095]  INFO {AUDIT_LOG} - Initiator=w**************r Action=Get-User-Claim-Values Target=a***n Data={"Claims":{},"Profile":"default"} Outcome=Success
TID: [-1234] [2026-10-01 20:47:08,794]  INFO {AUDIT_LOG} - Initiator=w**************r Action=Get-User-Claim-Values Target=a***n Data={"Claims":{},"Profile":"default"} Outcome=Success
TID: [-1234] [2026-10-01 20:47:08,795]  INFO {AUDIT_LOG} - Initiator=w**************r Action=Get-User-Claim-Values Target=a***n Data={"Claims":{},"Profile":"default"} Outcome=Success
TID: [-1234] [2026-10-01 20:47:08,795]  INFO {AUDIT_LOG} - Initiator=w**************r Action=Get-User-Claim-Values Target=a***n Data={"Claims":{},"Profile":"default"} Outcome=Success
TID: [-1234] [2026-10-01 20:47:16,762]  INFO {AUDIT_LOG} - GET /api/am/publisher/apis?limit=5&offset=0 user: admin@carbon.super app: lOKNtRmYnWO18JvYCYJANhTjS6sa
TID: [-1234] [2026-10-01 20:47:16,768]  INFO {AUDIT_LOG} - GET /api/am/publisher/api-products?limit=5&offset=0 user: admin@carbon.super app: lOKNtRmYnWO18JvYCYJANhTjS6sa
TID: [-1234] [2026-10-01 20:47:16,778]  INFO {AUDIT_LOG} - GET /api/am/publisher/mcp-servers?limit=5&offset=0 user: admin@carbon.super app: lOKNtRmYnWO18JvYCYJANhTjS6sa
TID: [-1234] [2026-10-01 20:47:16,778]  INFO {AUDIT_LOG} - GET /api/am/publisher/api-products?limit=5&offset=0 user: admin@carbon.super app: lOKNtRmYnWO18JvYCYJANhTjS6sa
TID: [-1234] [2026-10-01 20:47:16,791]  INFO {AUDIT_LOG} - GET /api/am/publisher/apis?limit=5&offset=0 user: admin@carbon.super app: lOKNtRmYnWO18JvYCYJANhTjS6sa
TID: [-1234] [2026-10-01 20:47:19,037]  INFO {AUDIT_LOG} - GET /api/am/publisher/search?limit=1&offset=0&query=name%3APizzaShackAPI%20version%3A1.0%20context%3Apizzashack user: admin@carbon.super app: lOKNtRmYnWO18JvYCYJANhTjS6sa
TID: [-1234] [2026-10-01 20:47:33,445]  INFO {AUDIT_LOG} - POST /api/am/publisher/apis/validate?query=name%3Arelatorio&limit=10&offset=0 user: admin@carbon.super app: lOKNtRmYnWO18JvYCYJANhTjS6sa
TID: [-1234] [2026-10-01 20:47:38,619]  INFO {AUDIT_LOG} - POST /api/am/publisher/apis/validate?query=name%3Arelatoriolegacy&limit=10&offset=0 user: admin@carbon.super app: lOKNtRmYnWO18JvYCYJANhTjS6sa
TID: [-1234] [2026-10-01 20:47:38,793]  INFO {AUDIT_LOG} - Initiator=w**************r Action=Get-User-Claim-Values Target=a***n Data={"Claims":{},"Profile":"default"} Outcome=Success
TID: [-1234] [2026-10-01 20:47:38,793]  INFO {AUDIT_LOG} - Initiator=w**************r Action=Get-User-Claim-Values Target=a***n Data={"Claims":{},"Profile":"default"} Outcome=Success
TID: [-1234] [2026-10-01 20:47:38,793]  INFO {AUDIT_LOG} - Initiator=w**************r Action=Get-User-Claim-Values Target=a***n Data={"Claims":{},"Profile":"default"} Outcome=Success
TID: [-1234] [2026-10-01 20:47:45,021]  INFO {AUDIT_LOG} - POST /api/am/publisher/apis/validate?query=name%3Arelatoriolegacyapi&limit=10&offset=0 user: admin@carbon.super app: lOKNtRmYnWO18JvYCYJANhTjS6sa
TID: [-1234] [2026-10-01 20:47:50,132]  INFO {AUDIT_LOG} - POST /api/am/publisher/apis/validate?query=context%3A%2Frelatorio&limit=10&offset=0 user: admin@carbon.super app: lOKNtRmYnWO18JvYCYJANhTjS6sa
TID: [-1234] [2026-10-01 20:48:06,527]  INFO {AUDIT_LOG} - GET /api/am/publisher/throttling-policies/subscription user: admin@carbon.super app: lOKNtRmYnWO18JvYCYJANhTjS6sa
TID: [-1234] [2026-10-01 20:48:06,547]  INFO {AUDIT_LOG} - POST /api/am/publisher/apis?openAPIVersion=v3 user: admin@carbon.super app: lOKNtRmYnWO18JvYCYJANhTjS6sa
TID: [-1234] [2026-10-01 20:48:06,589]  INFO {AUDIT_LOG} - {"performedBy":"admin","action":"created","type":"API","info":{"provider":"admin","name":"RelatorioLegacyApi","context":"/Relatorio/0.2","version":"0.2"}}
TID: [] [2026-10-01 20:48:06,598]  INFO {AUDIT_LOG} - Initiator=w**************r Action=Get-User-Claim-Values Target=a***n Data={"Claims":{},"Profile":"default"} Outcome=Success
TID: [] [2026-10-01 20:48:06,598]  INFO {AUDIT_LOG} - Initiator=w**************r Action=Get-User-Claim-Values Target=a***n Data={"Claims":{},"Profile":"default"} Outcome=Success
TID: [] [2026-10-01 20:48:06,598]  INFO {AUDIT_LOG} - Initiator=w**************r Action=Get-User-Claim-Values Target=a***n Data={"Claims":{},"Profile":"default"} Outcome=Success
TID: [-1234] [2026-10-01 20:48:06,627]  INFO {AUDIT_LOG} - POST /api/am/publisher/apis/fad559f5-1e65-405e-83cc-a844eff07a6e/revisions user: admin@carbon.super app: lOKNtRmYnWO18JvYCYJANhTjS6sa
TID: [-1234] [2026-10-01 20:48:06,684]  INFO {AUDIT_LOG} - POST /api/am/publisher/apis/fad559f5-1e65-405e-83cc-a844eff07a6e/deploy-revision?revisionId=ecbe0765-72b5-42e3-a20f-f18e655529fe user: admin@carbon.super app: lOKNtRmYnWO18JvYCYJANhTjS6sa
TID: [-1234] [2026-10-01 20:48:06,698]  INFO {AUDIT_LOG} - POST /api/am/publisher/apis/change-lifecycle?action=Publish&apiId=fad559f5-1e65-405e-83cc-a844eff07a6e user: admin@carbon.super app: lOKNtRmYnWO18JvYCYJANhTjS6sa
TID: [-1234] [2026-10-01 20:48:06,737]  INFO {AUDIT_LOG} - {"performedBy":"admin","action":"lifecycle-changed","type":"API","info":{"provider":"admin","name":"RelatorioLegacyApi","context":"/Relatorio/0.2","version":"0.2"}}
TID: [-1234] [2026-10-01 20:48:06,790]  INFO {AUDIT_LOG} - GET /api/am/publisher/tenants?state=active user: admin@carbon.super app: lOKNtRmYnWO18JvYCYJANhTjS6sa
TID: [-1234] [2026-10-01 20:48:06,790]  INFO {AUDIT_LOG} - GET /api/am/publisher/apis/fad559f5-1e65-405e-83cc-a844eff07a6e user: admin@carbon.super app: lOKNtRmYnWO18JvYCYJANhTjS6sa
TID: [-1234] [2026-10-01 20:48:06,923]  INFO {AUDIT_LOG} - Initiator=w**************r Action=Get-User-Claim-Values Target=a***n Data={"Claims":{},"Profile":"default"} Outcome=Success
TID: [-1234] [2026-10-01 20:48:06,923]  INFO {AUDIT_LOG} - Initiator=w**************r Action=Get-User-Claim-Values Target=a***n Data={"Claims":{},"Profile":"default"} Outcome=Success
TID: [-1234] [2026-10-01 20:48:06,923]  INFO {AUDIT_LOG} - Initiator=w**************r Action=Get-User-Claim-Values Target=a***n Data={"Claims":{},"Profile":"default"} Outcome=Success
TID: [-1234] [2026-10-01 20:48:06,923]  INFO {AUDIT_LOG} - Initiator=w**************r Action=Get-User-Claim-Values Target=a***n Data={"Claims":{},"Profile":"default"} Outcome=Success
TID: [-1234] [2026-10-01 20:48:06,923]  INFO {AUDIT_LOG} - Initiator=w**************r Action=Get-User-Claim-Values Target=a***n Data={"Claims":{},"Profile":"default"} Outcome=Success
TID: [-1234] [2026-10-01 20:48:06,923]  INFO {AUDIT_LOG} - Initiator=w**************r Action=Get-User-Claim-Values Target=a***n Data={"Claims":{},"Profile":"default"} Outcome=Success
TID: [-1234] [2026-10-01 20:48:06,942]  INFO {AUDIT_LOG} - GET /api/am/publisher/settings user: admin@carbon.super app: lOKNtRmYnWO18JvYCYJANhTjS6sa
TID: [-1234] [2026-10-01 20:48:06,945]  INFO {AUDIT_LOG} - GET /api/am/publisher/me/organization-information user: admin@carbon.super app: lOKNtRmYnWO18JvYCYJANhTjS6sa
TID: [-1234] [2026-10-01 20:48:06,945]  INFO {AUDIT_LOG} - GET /api/am/publisher/apis/fad559f5-1e65-405e-83cc-a844eff07a6e/revisions user: admin@carbon.super app: lOKNtRmYnWO18JvYCYJANhTjS6sa
TID: [-1234] [2026-10-01 20:48:06,945]  INFO {AUDIT_LOG} - GET /api/am/publisher/apis/fad559f5-1e65-405e-83cc-a844eff07a6e/swagger user: admin@carbon.super app: lOKNtRmYnWO18JvYCYJANhTjS6sa
TID: [-1234] [2026-10-01 20:48:06,945]  INFO {AUDIT_LOG} - GET /api/am/publisher/apis/fad559f5-1e65-405e-83cc-a844eff07a6e/revisions?query=deployed%3Atrue user: admin@carbon.super app: lOKNtRmYnWO18JvYCYJANhTjS6sa
TID: [-1234] [2026-10-01 20:48:06,967]  INFO {AUDIT_LOG} - GET /api/am/publisher/apis/fad559f5-1e65-405e-83cc-a844eff07a6e/revisions?query=deployed%3Atrue user: admin@carbon.super app: lOKNtRmYnWO18JvYCYJANhTjS6sa
TID: [-1234] [2026-10-01 20:48:08,379]  INFO {AUDIT_LOG} - GET /api/am/publisher/apis/fad559f5-1e65-405e-83cc-a844eff07a6e/swagger user: admin@carbon.super app: lOKNtRmYnWO18JvYCYJANhTjS6sa
TID: [-1234] [2026-10-01 20:48:08,798]  INFO {AUDIT_LOG} - Initiator=w**************r Action=Get-User-Claim-Values Target=a***n Data={"Claims":{},"Profile":"default"} Outcome=Success
TID: [-1234] [2026-10-01 20:48:08,798]  INFO {AUDIT_LOG} - Initiator=w**************r Action=Get-User-Claim-Values Target=a***n Data={"Claims":{},"Profile":"default"} Outcome=Success
TID: [-1234] [2026-10-01 20:48:08,798]  INFO {AUDIT_LOG} - Initiator=w**************r Action=Get-User-Claim-Values Target=a***n Data={"Claims":{},"Profile":"default"} Outcome=Success
TID: [-1234] [2026-10-01 20:48:09,586]  INFO {AUDIT_LOG} - GET /api/am/publisher/apis/fad559f5-1e65-405e-83cc-a844eff07a6e/swagger user: admin@carbon.super app: lOKNtRmYnWO18JvYCYJANhTjS6sa
TID: [-1234] [2026-10-01 20:48:09,605]  INFO {AUDIT_LOG} - GET /api/am/publisher/endpoint-certificates?endpoint=http%3A%2F%2Fhost.docker.internal%3A8083 user: admin@carbon.super app: lOKNtRmYnWO18JvYCYJANhTjS6sa
TID: [-1234] [2026-10-01 20:48:11,939]  INFO {AUDIT_LOG} - Initiator=w**************r Action=Get-User-Claim-Values Target=a***n Data={"Claims":{},"Profile":"default"} Outcome=Success
TID: [-1234] [2026-10-01 20:48:11,939]  INFO {AUDIT_LOG} - Initiator=w**************r Action=Get-User-Claim-Values Target=a***n Data={"Claims":{},"Profile":"default"} Outcome=Success
TID: [-1234] [2026-10-01 20:48:11,939]  INFO {AUDIT_LOG} - Initiator=w**************r Action=Get-User-Claim-Values Target=a***n Data={"Claims":{},"Profile":"default"} Outcome=Success
TID: [] [2026-10-01 20:48:12,002]  INFO {AUDIT_LOG} - {"performedBy":"SYSTEM: carbon.super","action":"deployed","type":"API","info":"fad559f5-1e65-405e-83cc-a844eff07a6e"}
TID: [-1234] [2026-10-01 20:48:12,009]  INFO {AUDIT_LOG} - Initiator=w**************r Action=Get-User-Claim-Values Target=a***n Data={"Claims":{},"Profile":"default"} Outcome=Success
TID: [-1234] [2026-10-01 20:48:12,009]  INFO {AUDIT_LOG} - Initiator=w**************r Action=Get-User-Claim-Values Target=a***n Data={"Claims":{},"Profile":"default"} Outcome=Success
TID: [-1234] [2026-10-01 20:48:12,009]  INFO {AUDIT_LOG} - Initiator=w**************r Action=Get-User-Claim-Values Target=a***n Data={"Claims":{},"Profile":"default"} Outcome=Success
TID: [-1234] [2026-10-01 20:48:12,577]  INFO {AUDIT_LOG} - GET /api/am/publisher/apis/fad559f5-1e65-405e-83cc-a844eff07a6e/amznResourceNames user: admin@carbon.super app: lOKNtRmYnWO18JvYCYJANhTjS6sa
TID: [-1234] [2026-10-01 20:48:12,577]  INFO {AUDIT_LOG} - GET /api/am/publisher/throttling-policies/api?limit=80 user: admin@carbon.super app: lOKNtRmYnWO18JvYCYJANhTjS6sa
TID: [-1234] [2026-10-01 20:48:12,577]  INFO {AUDIT_LOG} - GET /api/am/publisher/scopes?limit=2000&offset=0 user: admin@carbon.super app: lOKNtRmYnWO18JvYCYJANhTjS6sa
TID: [-1234] [2026-10-01 20:48:12,577]  INFO {AUDIT_LOG} - GET /api/am/publisher/apis/fad559f5-1e65-405e-83cc-a844eff07a6e/swagger user: admin@carbon.super app: lOKNtRmYnWO18JvYCYJANhTjS6sa
TID: [-1234] [2026-10-01 20:48:13,093]  INFO {AUDIT_LOG} - Initiator=w**************r Action=Get-User-Claim-Values Target=a***n Data={"Claims":{},"Profile":"default"} Outcome=Success
TID: [-1234] [2026-10-01 20:48:13,093]  INFO {AUDIT_LOG} - Initiator=w**************r Action=Get-User-Claim-Values Target=a***n Data={"Claims":{},"Profile":"default"} Outcome=Success
TID: [-1234] [2026-10-01 20:48:13,094]  INFO {AUDIT_LOG} - Initiator=w**************r Action=Get-User-Claim-Values Target=a***n Data={"Claims":{},"Profile":"default"} Outcome=Success
TID: [-1234] [2026-10-01 20:48:38,794]  INFO {AUDIT_LOG} - Initiator=w**************r Action=Get-User-Claim-Values Target=a***n Data={"Claims":{},"Profile":"default"} Outcome=Success
TID: [-1234] [2026-10-01 20:48:38,794]  INFO {AUDIT_LOG} - Initiator=w**************r Action=Get-User-Claim-Values Target=a***n Data={"Claims":{},"Profile":"default"} Outcome=Success
TID: [-1234] [2026-10-01 20:48:38,794]  INFO {AUDIT_LOG} - Initiator=w**************r Action=Get-User-Claim-Values Target=a***n Data={"Claims":{},"Profile":"default"} Outcome=Success
TID: [-1234] [2026-10-01 20:48:41,963]  INFO {AUDIT_LOG} - PUT /api/am/publisher/apis/fad559f5-1e65-405e-83cc-a844eff07a6e/swagger user: admin@carbon.super app: lOKNtRmYnWO18JvYCYJANhTjS6sa
TID: [] [2026-10-01 20:48:41,998]  INFO {AUDIT_LOG} - Initiator=w**************r Action=Get-User-Claim-Values Target=a***n Data={"Claims":{},"Profile":"default"} Outcome=Success
TID: [] [2026-10-01 20:48:41,999]  INFO {AUDIT_LOG} - Initiator=w**************r Action=Get-User-Claim-Values Target=a***n Data={"Claims":{},"Profile":"default"} Outcome=Success
TID: [] [2026-10-01 20:48:41,999]  INFO {AUDIT_LOG} - Initiator=w**************r Action=Get-User-Claim-Values Target=a***n Data={"Claims":{},"Profile":"default"} Outcome=Success
TID: [-1234] [2026-10-01 20:48:42,020]  INFO {AUDIT_LOG} - {"performedBy":"admin","action":"updated","type":"API","info":{"provider":"admin","name":"RelatorioLegacyApi","context":"/Relatorio/0.2","version":"0.2"}}
TID: [-1234] [2026-10-01 20:48:42,044]  INFO {AUDIT_LOG} - GET /api/am/publisher/apis/fad559f5-1e65-405e-83cc-a844eff07a6e user: admin@carbon.super app: lOKNtRmYnWO18JvYCYJANhTjS6sa
TID: [-1234] [2026-10-01 20:48:42,163]  INFO {AUDIT_LOG} - GET /api/am/publisher/apis/fad559f5-1e65-405e-83cc-a844eff07a6e/asyncapi user: admin@carbon.super app: lOKNtRmYnWO18JvYCYJANhTjS6sa
TID: [-1234] [2026-10-01 20:48:42,912]  INFO {AUDIT_LOG} - Initiator=w**************r Action=Get-User-Claim-Values Target=a***n Data={"Claims":{},"Profile":"default"} Outcome=Success
TID: [-1234] [2026-10-01 20:48:42,912]  INFO {AUDIT_LOG} - Initiator=w**************r Action=Get-User-Claim-Values Target=a***n Data={"Claims":{},"Profile":"default"} Outcome=Success
TID: [-1234] [2026-10-01 20:48:42,912]  INFO {AUDIT_LOG} - Initiator=w**************r Action=Get-User-Claim-Values Target=a***n Data={"Claims":{},"Profile":"default"} Outcome=Success
TID: [-1234] [2026-10-01 20:48:42,925]  INFO {AUDIT_LOG} - Initiator=w**************r Action=Get-User-Claim-Values Target=a***n Data={"Claims":{},"Profile":"default"} Outcome=Success
TID: [-1234] [2026-10-01 20:48:42,925]  INFO {AUDIT_LOG} - Initiator=w**************r Action=Get-User-Claim-Values Target=a***n Data={"Claims":{},"Profile":"default"} Outcome=Success
TID: [-1234] [2026-10-01 20:48:42,925]  INFO {AUDIT_LOG} - Initiator=w**************r Action=Get-User-Claim-Values Target=a***n Data={"Claims":{},"Profile":"default"} Outcome=Success
TID: [-1234] [2026-10-01 20:48:45,216]  INFO {AUDIT_LOG} - GET /api/am/publisher/apis/fad559f5-1e65-405e-83cc-a844eff07a6e/revisions?query=deployed%3Atrue user: admin@carbon.super app: lOKNtRmYnWO18JvYCYJANhTjS6sa
TID: [-1234] [2026-10-01 20:48:51,352]  INFO {AUDIT_LOG} - GET /api/am/publisher/labels user: admin@carbon.super app: lOKNtRmYnWO18JvYCYJANhTjS6sa
TID: [-1234] [2026-10-01 20:48:51,352]  INFO {AUDIT_LOG} - GET /api/am/publisher/api-categories user: admin@carbon.super app: lOKNtRmYnWO18JvYCYJANhTjS6sa
TID: [-1234] [2026-10-01 20:48:51,352]  INFO {AUDIT_LOG} - GET /api/am/publisher/tenants?state=ACTIVE user: admin@carbon.super app: lOKNtRmYnWO18JvYCYJANhTjS6sa
TID: [-1234] [2026-10-01 20:48:51,352]  INFO {AUDIT_LOG} - GET /api/am/publisher/apis/fad559f5-1e65-405e-83cc-a844eff07a6e/documents?limit=1000 user: admin@carbon.super app: lOKNtRmYnWO18JvYCYJANhTjS6sa
TID: [-1234] [2026-10-01 20:48:51,353]  INFO {AUDIT_LOG} - GET /api/am/publisher/apis/fad559f5-1e65-405e-83cc-a844eff07a6e/labels user: admin@carbon.super app: lOKNtRmYnWO18JvYCYJANhTjS6sa
TID: [-1234] [2026-10-01 20:48:54,386]  INFO {AUDIT_LOG} - GET /api/am/publisher/tenants?state=ACTIVE user: admin@carbon.super app: lOKNtRmYnWO18JvYCYJANhTjS6sa
TID: [-1234] [2026-10-01 20:48:54,386]  INFO {AUDIT_LOG} - GET /api/am/publisher/api-categories user: admin@carbon.super app: lOKNtRmYnWO18JvYCYJANhTjS6sa
TID: [-1234] [2026-10-01 20:48:54,386]  INFO {AUDIT_LOG} - GET /api/am/publisher/apis/fad559f5-1e65-405e-83cc-a844eff07a6e/documents?limit=1000 user: admin@carbon.super app: lOKNtRmYnWO18JvYCYJANhTjS6sa
TID: [-1234] [2026-10-01 20:48:54,386]  INFO {AUDIT_LOG} - GET /api/am/publisher/apis/fad559f5-1e65-405e-83cc-a844eff07a6e/labels user: admin@carbon.super app: lOKNtRmYnWO18JvYCYJANhTjS6sa
TID: [-1234] [2026-10-01 20:48:54,391]  INFO {AUDIT_LOG} - GET /api/am/publisher/labels user: admin@carbon.super app: lOKNtRmYnWO18JvYCYJANhTjS6sa
TID: [-1234] [2026-10-01 20:48:57,545]  INFO {AUDIT_LOG} - GET /api/am/publisher/apis/fad559f5-1e65-405e-83cc-a844eff07a6e/swagger user: admin@carbon.super app: lOKNtRmYnWO18JvYCYJANhTjS6sa
TID: [-1234] [2026-10-01 20:48:58,301]  INFO {AUDIT_LOG} - GET /api/am/publisher/apis/fad559f5-1e65-405e-83cc-a844eff07a6e/swagger user: admin@carbon.super app: lOKNtRmYnWO18JvYCYJANhTjS6sa
TID: [-1234] [2026-10-01 20:48:58,325]  INFO {AUDIT_LOG} - GET /api/am/publisher/endpoint-certificates?endpoint=http%3A%2F%2Fhost.docker.internal%3A8083 user: admin@carbon.super app: lOKNtRmYnWO18JvYCYJANhTjS6sa
TID: [-1234] [2026-10-01 20:48:59,164]  INFO {AUDIT_LOG} - GET /api/am/publisher/settings user: admin@carbon.super app: lOKNtRmYnWO18JvYCYJANhTjS6sa
TID: [-1234] [2026-10-01 20:49:00,042]  INFO {AUDIT_LOG} - GET /api/am/publisher/key-managers user: admin@carbon.super app: lOKNtRmYnWO18JvYCYJANhTjS6sa
TID: [-1234] [2026-10-01 20:49:00,100]  INFO {AUDIT_LOG} - GET /api/am/publisher/key-managers user: admin@carbon.super app: lOKNtRmYnWO18JvYCYJANhTjS6sa
TID: [-1234] [2026-10-01 20:49:00,100]  INFO {AUDIT_LOG} - GET /api/am/publisher/apis/fad559f5-1e65-405e-83cc-a844eff07a6e/client-certs/PRODUCTION user: admin@carbon.super app: lOKNtRmYnWO18JvYCYJANhTjS6sa
TID: [-1234] [2026-10-01 20:49:00,100]  INFO {AUDIT_LOG} - GET /api/am/publisher/apis/fad559f5-1e65-405e-83cc-a844eff07a6e/client-certs/SANDBOX user: admin@carbon.super app: lOKNtRmYnWO18JvYCYJANhTjS6sa
TID: [-1234] [2026-10-01 20:49:00,129]  INFO {AUDIT_LOG} - GET /api/am/publisher/key-managers user: admin@carbon.super app: lOKNtRmYnWO18JvYCYJANhTjS6sa
TID: [-1234] [2026-10-01 20:49:00,704]  INFO {AUDIT_LOG} - GET /api/am/publisher/apis/fad559f5-1e65-405e-83cc-a844eff07a6e/swagger user: admin@carbon.super app: lOKNtRmYnWO18JvYCYJANhTjS6sa
TID: [-1234] [2026-10-01 20:49:00,706]  INFO {AUDIT_LOG} - GET /api/am/publisher/scopes?limit=2000&offset=0 user: admin@carbon.super app: lOKNtRmYnWO18JvYCYJANhTjS6sa
TID: [-1234] [2026-10-01 20:49:00,706]  INFO {AUDIT_LOG} - GET /api/am/publisher/throttling-policies/api?limit=80 user: admin@carbon.super app: lOKNtRmYnWO18JvYCYJANhTjS6sa
TID: [-1234] [2026-10-01 20:49:00,706]  INFO {AUDIT_LOG} - GET /api/am/publisher/apis/fad559f5-1e65-405e-83cc-a844eff07a6e/amznResourceNames user: admin@carbon.super app: lOKNtRmYnWO18JvYCYJANhTjS6sa
TID: [-1234] [2026-10-01 20:49:05,214]  INFO {AUDIT_LOG} - GET /api/am/publisher/tenants?state=ACTIVE user: admin@carbon.super app: lOKNtRmYnWO18JvYCYJANhTjS6sa
TID: [-1234] [2026-10-01 20:49:05,214]  INFO {AUDIT_LOG} - GET /api/am/publisher/api-categories user: admin@carbon.super app: lOKNtRmYnWO18JvYCYJANhTjS6sa
TID: [-1234] [2026-10-01 20:49:05,215]  INFO {AUDIT_LOG} - GET /api/am/publisher/labels user: admin@carbon.super app: lOKNtRmYnWO18JvYCYJANhTjS6sa
TID: [-1234] [2026-10-01 20:49:05,215]  INFO {AUDIT_LOG} - GET /api/am/publisher/apis/fad559f5-1e65-405e-83cc-a844eff07a6e/labels user: admin@carbon.super app: lOKNtRmYnWO18JvYCYJANhTjS6sa
TID: [-1234] [2026-10-01 20:49:05,215]  INFO {AUDIT_LOG} - GET /api/am/publisher/apis/fad559f5-1e65-405e-83cc-a844eff07a6e/documents?limit=1000 user: admin@carbon.super app: lOKNtRmYnWO18JvYCYJANhTjS6sa
TID: [-1234] [2026-10-01 20:49:05,770]  INFO {AUDIT_LOG} - GET /api/am/publisher/tenants?state=ACTIVE user: admin@carbon.super app: lOKNtRmYnWO18JvYCYJANhTjS6sa
TID: [-1234] [2026-10-01 20:49:05,770]  INFO {AUDIT_LOG} - GET /api/am/publisher/subscriptions?apiId=fad559f5-1e65-405e-83cc-a844eff07a6e user: admin@carbon.super app: lOKNtRmYnWO18JvYCYJANhTjS6sa
TID: [-1234] [2026-10-01 20:49:05,833]  INFO {AUDIT_LOG} - GET /api/am/publisher/apis/fad559f5-1e65-405e-83cc-a844eff07a6e/subscription-policies?isAiApi=false user: admin@carbon.super app: lOKNtRmYnWO18JvYCYJANhTjS6sa
TID: [-1234] [2026-10-01 20:49:05,833]  INFO {AUDIT_LOG} - GET /api/am/publisher/apis/fad559f5-1e65-405e-83cc-a844eff07a6e/monetization user: admin@carbon.super app: lOKNtRmYnWO18JvYCYJANhTjS6sa
TID: [-1234] [2026-10-01 20:49:05,833]  INFO {AUDIT_LOG} - GET /api/am/publisher/throttling-policies/subscription?isAiApi=false user: admin@carbon.super app: lOKNtRmYnWO18JvYCYJANhTjS6sa
TID: [-1234] [2026-10-01 20:49:05,833]  INFO {AUDIT_LOG} - GET /api/am/publisher/subscriptions?apiId=fad559f5-1e65-405e-83cc-a844eff07a6e&limit=2000&offset=0 user: admin@carbon.super app: lOKNtRmYnWO18JvYCYJANhTjS6sa
TID: [-1234] [2026-10-01 20:49:07,455]  INFO {AUDIT_LOG} - GET /api/am/publisher/key-managers user: admin@carbon.super app: lOKNtRmYnWO18JvYCYJANhTjS6sa
TID: [-1234] [2026-10-01 20:49:07,508]  INFO {AUDIT_LOG} - GET /api/am/publisher/key-managers user: admin@carbon.super app: lOKNtRmYnWO18JvYCYJANhTjS6sa
TID: [-1234] [2026-10-01 20:49:07,508]  INFO {AUDIT_LOG} - GET /api/am/publisher/apis/fad559f5-1e65-405e-83cc-a844eff07a6e/client-certs/PRODUCTION user: admin@carbon.super app: lOKNtRmYnWO18JvYCYJANhTjS6sa
TID: [-1234] [2026-10-01 20:49:07,508]  INFO {AUDIT_LOG} - GET /api/am/publisher/apis/fad559f5-1e65-405e-83cc-a844eff07a6e/client-certs/SANDBOX user: admin@carbon.super app: lOKNtRmYnWO18JvYCYJANhTjS6sa
TID: [-1234] [2026-10-01 20:49:07,541]  INFO {AUDIT_LOG} - GET /api/am/publisher/key-managers user: admin@carbon.super app: lOKNtRmYnWO18JvYCYJANhTjS6sa
TID: [-1234] [2026-10-01 20:49:08,793]  INFO {AUDIT_LOG} - Initiator=w**************r Action=Get-User-Claim-Values Target=a***n Data={"Claims":{},"Profile":"default"} Outcome=Success
TID: [-1234] [2026-10-01 20:49:08,793]  INFO {AUDIT_LOG} - Initiator=w**************r Action=Get-User-Claim-Values Target=a***n Data={"Claims":{},"Profile":"default"} Outcome=Success
TID: [-1234] [2026-10-01 20:49:08,793]  INFO {AUDIT_LOG} - Initiator=w**************r Action=Get-User-Claim-Values Target=a***n Data={"Claims":{},"Profile":"default"} Outcome=Success
TID: [-1234] [2026-10-01 20:49:09,945]  INFO {AUDIT_LOG} - GET /api/am/publisher/apis/fad559f5-1e65-405e-83cc-a844eff07a6e/swagger user: admin@carbon.super app: lOKNtRmYnWO18JvYCYJANhTjS6sa
TID: [-1234] [2026-10-01 20:49:09,946]  INFO {AUDIT_LOG} - GET /api/am/publisher/scopes?limit=2000&offset=0 user: admin@carbon.super app: lOKNtRmYnWO18JvYCYJANhTjS6sa
TID: [-1234] [2026-10-01 20:49:09,946]  INFO {AUDIT_LOG} - GET /api/am/publisher/throttling-policies/api?limit=80 user: admin@carbon.super app: lOKNtRmYnWO18JvYCYJANhTjS6sa
TID: [-1234] [2026-10-01 20:49:09,946]  INFO {AUDIT_LOG} - GET /api/am/publisher/apis/fad559f5-1e65-405e-83cc-a844eff07a6e/amznResourceNames user: admin@carbon.super app: lOKNtRmYnWO18JvYCYJANhTjS6sa
TID: [-1234] [2026-10-01 20:49:11,123]  INFO {AUDIT_LOG} - GET /api/am/publisher/apis/fad559f5-1e65-405e-83cc-a844eff07a6e/swagger user: admin@carbon.super app: lOKNtRmYnWO18JvYCYJANhTjS6sa
TID: [-1234] [2026-10-01 20:49:11,944]  INFO {AUDIT_LOG} - GET /api/am/publisher/settings user: admin@carbon.super app: lOKNtRmYnWO18JvYCYJANhTjS6sa
TID: [-1234] [2026-10-01 20:49:12,645]  INFO {AUDIT_LOG} - GET /api/am/publisher/apis/fad559f5-1e65-405e-83cc-a844eff07a6e/swagger user: admin@carbon.super app: lOKNtRmYnWO18JvYCYJANhTjS6sa
TID: [-1234] [2026-10-01 20:49:12,663]  INFO {AUDIT_LOG} - GET /api/am/publisher/endpoint-certificates?endpoint=http%3A%2F%2Fhost.docker.internal%3A8083 user: admin@carbon.super app: lOKNtRmYnWO18JvYCYJANhTjS6sa
TID: [-1234] [2026-10-01 20:49:16,435]  INFO {AUDIT_LOG} - GET /api/am/publisher/apis/fad559f5-1e65-405e-83cc-a844eff07a6e/swagger user: admin@carbon.super app: lOKNtRmYnWO18JvYCYJANhTjS6sa
TID: [-1234] [2026-10-01 20:49:16,435]  INFO {AUDIT_LOG} - GET /api/am/publisher/apis/fad559f5-1e65-405e-83cc-a844eff07a6e/deployments user: admin@carbon.super app: lOKNtRmYnWO18JvYCYJANhTjS6sa
TID: [-1234] [2026-10-01 20:49:16,442]  INFO {AUDIT_LOG} - POST /api/am/publisher/apis/fad559f5-1e65-405e-83cc-a844eff07a6e/generate-key user: admin@carbon.super app: lOKNtRmYnWO18JvYCYJANhTjS6sa
TID: [-1234] [2026-10-01 20:49:38,794]  INFO {AUDIT_LOG} - Initiator=w**************r Action=Get-User-Claim-Values Target=a***n Data={"Claims":{},"Profile":"default"} Outcome=Success
TID: [-1234] [2026-10-01 20:49:38,795]  INFO {AUDIT_LOG} - Initiator=w**************r Action=Get-User-Claim-Values Target=a***n Data={"Claims":{},"Profile":"default"} Outcome=Success
TID: [-1234] [2026-10-01 20:49:38,795]  INFO {AUDIT_LOG} - Initiator=w**************r Action=Get-User-Claim-Values Target=a***n Data={"Claims":{},"Profile":"default"} Outcome=Success
TID: [-1234] [2026-10-01 20:49:54,140]  INFO {AUDIT_LOG} - GET /api/am/publisher/key-managers user: admin@carbon.super app: lOKNtRmYnWO18JvYCYJANhTjS6sa
TID: [-1234] [2026-10-01 20:49:54,219]  INFO {AUDIT_LOG} - GET /api/am/publisher/key-managers user: admin@carbon.super app: lOKNtRmYnWO18JvYCYJANhTjS6sa
TID: [-1234] [2026-10-01 20:49:54,220]  INFO {AUDIT_LOG} - GET /api/am/publisher/apis/fad559f5-1e65-405e-83cc-a844eff07a6e/client-certs/SANDBOX user: admin@carbon.super app: lOKNtRmYnWO18JvYCYJANhTjS6sa
TID: [-1234] [2026-10-01 20:49:54,220]  INFO {AUDIT_LOG} - GET /api/am/publisher/apis/fad559f5-1e65-405e-83cc-a844eff07a6e/client-certs/PRODUCTION user: admin@carbon.super app: lOKNtRmYnWO18JvYCYJANhTjS6sa
TID: [-1234] [2026-10-01 20:49:54,257]  INFO {AUDIT_LOG} - GET /api/am/publisher/key-managers user: admin@carbon.super app: lOKNtRmYnWO18JvYCYJANhTjS6sa
TID: [-1234] [2026-10-01 20:49:54,992]  INFO {AUDIT_LOG} - GET /api/am/publisher/apis/fad559f5-1e65-405e-83cc-a844eff07a6e/swagger user: admin@carbon.super app: lOKNtRmYnWO18JvYCYJANhTjS6sa
TID: [-1234] [2026-10-01 20:49:54,994]  INFO {AUDIT_LOG} - GET /api/am/publisher/scopes?limit=2000&offset=0 user: admin@carbon.super app: lOKNtRmYnWO18JvYCYJANhTjS6sa
TID: [-1234] [2026-10-01 20:49:54,994]  INFO {AUDIT_LOG} - GET /api/am/publisher/apis/fad559f5-1e65-405e-83cc-a844eff07a6e/amznResourceNames user: admin@carbon.super app: lOKNtRmYnWO18JvYCYJANhTjS6sa
TID: [-1234] [2026-10-01 20:49:54,994]  INFO {AUDIT_LOG} - GET /api/am/publisher/throttling-policies/api?limit=80 user: admin@carbon.super app: lOKNtRmYnWO18JvYCYJANhTjS6sa
TID: [-1234] [2026-10-01 20:49:55,957]  INFO {AUDIT_LOG} - GET /api/am/publisher/apis/fad559f5-1e65-405e-83cc-a844eff07a6e/swagger user: admin@carbon.super app: lOKNtRmYnWO18JvYCYJANhTjS6sa
TID: [-1234] [2026-10-01 20:49:56,948]  INFO {AUDIT_LOG} - GET /api/am/publisher/apis/fad559f5-1e65-405e-83cc-a844eff07a6e/swagger user: admin@carbon.super app: lOKNtRmYnWO18JvYCYJANhTjS6sa
TID: [-1234] [2026-10-01 20:49:56,972]  INFO {AUDIT_LOG} - GET /api/am/publisher/endpoint-certificates?endpoint=http%3A%2F%2Fhost.docker.internal%3A8083 user: admin@carbon.super app: lOKNtRmYnWO18JvYCYJANhTjS6sa
TID: [-1234] [2026-10-01 20:50:08,794]  INFO {AUDIT_LOG} - Initiator=w**************r Action=Get-User-Claim-Values Target=a***n Data={"Claims":{},"Profile":"default"} Outcome=Success
TID: [-1234] [2026-10-01 20:50:08,795]  INFO {AUDIT_LOG} - Initiator=w**************r Action=Get-User-Claim-Values Target=a***n Data={"Claims":{},"Profile":"default"} Outcome=Success
TID: [-1234] [2026-10-01 20:50:08,795]  INFO {AUDIT_LOG} - Initiator=w**************r Action=Get-User-Claim-Values Target=a***n Data={"Claims":{},"Profile":"default"} Outcome=Success
TID: [-1234] [2026-10-01 20:50:29,439]  INFO {AUDIT_LOG} - GET /api/am/publisher/apis/fad559f5-1e65-405e-83cc-a844eff07a6e/swagger user: admin@carbon.super app: lOKNtRmYnWO18JvYCYJANhTjS6sa
TID: [-1234] [2026-10-01 20:50:36,057]  INFO {AUDIT_LOG} - GET /api/am/publisher/apis/fad559f5-1e65-405e-83cc-a844eff07a6e/swagger user: admin@carbon.super app: lOKNtRmYnWO18JvYCYJANhTjS6sa
TID: [-1234] [2026-10-01 20:50:36,081]  INFO {AUDIT_LOG} - GET /api/am/publisher/endpoint-certificates?endpoint=http%3A%2F%2Fhost.docker.internal%3A8083 user: admin@carbon.super app: lOKNtRmYnWO18JvYCYJANhTjS6sa
TID: [-1234] [2026-10-01 20:50:37,177]  INFO {AUDIT_LOG} - GET /api/am/publisher/operation-policies?limit=500 user: admin@carbon.super app: lOKNtRmYnWO18JvYCYJANhTjS6sa
TID: [-1234] [2026-10-01 20:50:37,177]  INFO {AUDIT_LOG} - GET /api/am/publisher/apis/fad559f5-1e65-405e-83cc-a844eff07a6e/operation-policies?limit=500 user: admin@carbon.super app: lOKNtRmYnWO18JvYCYJANhTjS6sa
TID: [-1234] [2026-10-01 20:50:37,177]  INFO {AUDIT_LOG} - GET /api/am/publisher/apis/fad559f5-1e65-405e-83cc-a844eff07a6e/swagger user: admin@carbon.super app: lOKNtRmYnWO18JvYCYJANhTjS6sa
TID: [-1234] [2026-10-01 20:50:38,762]  INFO {AUDIT_LOG} - GET /api/am/publisher/settings user: admin@carbon.super app: lOKNtRmYnWO18JvYCYJANhTjS6sa
TID: [-1234] [2026-10-01 20:50:38,800]  INFO {AUDIT_LOG} - Initiator=w**************r Action=Get-User-Claim-Values Target=a***n Data={"Claims":{},"Profile":"default"} Outcome=Success
TID: [-1234] [2026-10-01 20:50:38,800]  INFO {AUDIT_LOG} - Initiator=w**************r Action=Get-User-Claim-Values Target=a***n Data={"Claims":{},"Profile":"default"} Outcome=Success
TID: [-1234] [2026-10-01 20:50:38,800]  INFO {AUDIT_LOG} - Initiator=w**************r Action=Get-User-Claim-Values Target=a***n Data={"Claims":{},"Profile":"default"} Outcome=Success
TID: [-1234] [2026-10-01 20:50:39,814]  INFO {AUDIT_LOG} - GET /api/am/publisher/apis/fad559f5-1e65-405e-83cc-a844eff07a6e/swagger user: admin@carbon.super app: lOKNtRmYnWO18JvYCYJANhTjS6sa
TID: [-1234] [2026-10-01 20:50:41,362]  INFO {AUDIT_LOG} - Initiator=w**************r Action=Get-User-Claim-Values Target=a***n Data={"Claims":{},"Profile":"default"} Outcome=Success
TID: [-1234] [2026-10-01 20:50:41,363]  INFO {AUDIT_LOG} - Initiator=w**************r Action=Get-User-Claim-Values Target=a***n Data={"ServiceProviderName":"apim_publisher","Claims":{"http://wso2.org/claims/username":"a***n","http://wso2.org/claims/userid":"3b0ad53a-aebd-42fa-b767-c60140e01226","http://wso2.org/claims/role":"I***********************************************************************************************************************************************************v","http://wso2.org/claims/userprincipal":"a***n"}} Outcome=Success
TID: [-1234] [2026-10-01 20:50:41,370]  INFO {AUDIT_LOG} - Initiator : 3b0ad53a-aebd-42fa-b767-c60140e01226 | Action : UpdateSession | Data : { {"traceId":"3c2b7bee-1fee-494e-bd50-b21eda04ad02","RememberMe":true,"sessionContextId":"f2e9e39908aa70d8981fda26d63627a2c32677e994c3c5593ae56f0b801e8eae","AuthenticatedUserTenantDomain":"carbon.super","AuthenticatedUser":"a***n","LastAccessedTimestamp":1790898641367} } | Result : Success 
TID: [-1234] [2026-10-01 20:50:41,371]  INFO {AUDIT_LOG} - Initiator : 3b0ad53a-aebd-42fa-b767-c60140e01226 | Action : Login | Target : ApplicationAuthenticationFramework | Data : { "ContextIdentifier" : "170a8db6-9c2f-4a15-9038-52a166fa0a7d","AuthenticatedUser" : "a***n","AuthenticatedUserTenantDomain" : "carbon.super","ServiceProviderName" : "apim_publisher","RequestType" : "oidc","RelyingParty" : "lOKNtRmYnWO18JvYCYJANhTjS6sa","AuthenticatedIdPs" : "eyJ0eXAiOiJKV1QiLCJhbGciOiJIUzI1NiJ9.eyJpc3MiOiJ3c28yIiwiZXhwIjoxNzkwODk4NjQ0MzYyLCJpYXQiOjE3OTA4OTg2NDEzNjIsImlkcHMiOlt7ImlkcCI6IkxPQ0FMIiwiYXV0aGVudGljYXRvciI6IkJhc2ljQXV0aGVudGljYXRvciJ9XX0.RYa7duknLA-NV_rIlOsts_84pzzZ4bP7plYHmJZIyIg","User Agent" : "null","RemoteAddress" : "null","UserStoreDomain" : "PRIMARY" } | Result : Success 
TID: [-1234] [2026-10-01 20:50:41,474]  INFO {AUDIT_LOG} - Initiator=w**************r Action=Get-User-List Target=null Data={"Claim Value":"a***n","Users":["a***n"],"Claim":"http://wso2.org/claims/username"} Outcome=Success
TID: [-1234] [2026-10-01 20:50:41,476]  INFO {AUDIT_LOG} - Initiator=w**************r Action=Get-User-Claim-Values Target=a***n Data={"Claims":{},"Profile":"default"} Outcome=Success
TID: [-1234] [2026-10-01 20:50:41,476]  INFO {AUDIT_LOG} - Initiator=w**************r Action=Get-User-Claim-Values Target=a***n Data={"Claims":{},"Profile":"default"} Outcome=Success
TID: [-1234] [2026-10-01 20:50:41,477]  INFO {AUDIT_LOG} - Initiator=w**************r Action=Get-User-Claim-Values Target=a***n Data={"Claims":{},"Profile":"default"} Outcome=Success
TID: [-1234] [2026-10-01 20:50:42,049]  INFO {AUDIT_LOG} - Initiator=w**************r Action=Get-User-Claim-Value Target=a***n Data={"Claim":"http://wso2.org/claims/organization"} Outcome=Success
TID: [-1234] [2026-10-01 20:50:42,049]  INFO {AUDIT_LOG} - Initiator=w**************r Action=Get-User-Claim-Value Target=a***n Data={"Claim":"http://wso2.org/claims/organization"} Outcome=Success
TID: [-1234] [2026-10-01 20:50:42,049]  INFO {AUDIT_LOG} - GET /api/am/publisher/apis?limit=5&offset=0 user: admin@carbon.super app: lOKNtRmYnWO18JvYCYJANhTjS6sa
TID: [-1234] [2026-10-01 20:50:42,049]  INFO {AUDIT_LOG} - GET /api/am/publisher/api-products?limit=5&offset=0 user: admin@carbon.super app: lOKNtRmYnWO18JvYCYJANhTjS6sa
TID: [-1234] [2026-10-01 20:50:42,050]  INFO {AUDIT_LOG} - Initiator=w**************r Action=Get-User-Claim-Value Target=a***n Data={"Claim":"http://wso2.org/claims/organization"} Outcome=Success
TID: [-1234] [2026-10-01 20:50:42,050]  INFO {AUDIT_LOG} - GET /api/am/publisher/settings user: admin@carbon.super app: lOKNtRmYnWO18JvYCYJANhTjS6sa
TID: [-1234] [2026-10-01 20:50:42,174]  INFO {AUDIT_LOG} - GET /api/am/publisher/apis?limit=5&offset=0 user: admin@carbon.super app: lOKNtRmYnWO18JvYCYJANhTjS6sa
TID: [-1234] [2026-10-01 20:50:42,174]  INFO {AUDIT_LOG} - GET /api/am/publisher/mcp-servers?limit=5&offset=0 user: admin@carbon.super app: lOKNtRmYnWO18JvYCYJANhTjS6sa
TID: [-1234] [2026-10-01 20:50:42,174]  INFO {AUDIT_LOG} - GET /api/am/publisher/api-products?limit=5&offset=0 user: admin@carbon.super app: lOKNtRmYnWO18JvYCYJANhTjS6sa
TID: [-1234] [2026-10-01 20:50:48,883]  INFO {AUDIT_LOG} - GET /api/am/publisher/tenants?state=active user: admin@carbon.super app: lOKNtRmYnWO18JvYCYJANhTjS6sa
TID: [-1234] [2026-10-01 20:50:48,883]  INFO {AUDIT_LOG} - GET /api/am/publisher/apis/fad559f5-1e65-405e-83cc-a844eff07a6e user: admin@carbon.super app: lOKNtRmYnWO18JvYCYJANhTjS6sa
TID: [-1234] [2026-10-01 20:50:49,049]  INFO {AUDIT_LOG} - GET /api/am/publisher/settings user: admin@carbon.super app: lOKNtRmYnWO18JvYCYJANhTjS6sa
TID: [-1234] [2026-10-01 20:50:49,052]  INFO {AUDIT_LOG} - GET /api/am/publisher/me/organization-information user: admin@carbon.super app: lOKNtRmYnWO18JvYCYJANhTjS6sa
TID: [-1234] [2026-10-01 20:50:49,053]  INFO {AUDIT_LOG} - GET /api/am/publisher/apis/fad559f5-1e65-405e-83cc-a844eff07a6e/revisions user: admin@carbon.super app: lOKNtRmYnWO18JvYCYJANhTjS6sa
TID: [-1234] [2026-10-01 20:50:49,053]  INFO {AUDIT_LOG} - GET /api/am/publisher/apis/fad559f5-1e65-405e-83cc-a844eff07a6e/swagger user: admin@carbon.super app: lOKNtRmYnWO18JvYCYJANhTjS6sa
TID: [-1234] [2026-10-01 20:50:49,053]  INFO {AUDIT_LOG} - GET /api/am/publisher/apis/fad559f5-1e65-405e-83cc-a844eff07a6e/revisions?query=deployed%3Atrue user: admin@carbon.super app: lOKNtRmYnWO18JvYCYJANhTjS6sa
TID: [-1234] [2026-10-01 20:50:49,058]  INFO {AUDIT_LOG} - GET /api/am/publisher/apis/fad559f5-1e65-405e-83cc-a844eff07a6e/revisions?query=deployed%3Atrue user: admin@carbon.super app: lOKNtRmYnWO18JvYCYJANhTjS6sa
TID: [-1234] [2026-10-01 20:50:50,253]  INFO {AUDIT_LOG} - GET /api/am/publisher/apis/fad559f5-1e65-405e-83cc-a844eff07a6e/asyncapi user: admin@carbon.super app: lOKNtRmYnWO18JvYCYJANhTjS6sa
TID: [-1234] [2026-10-01 20:50:51,611]  INFO {AUDIT_LOG} - GET /api/am/publisher/apis/fad559f5-1e65-405e-83cc-a844eff07a6e/swagger user: admin@carbon.super app: lOKNtRmYnWO18JvYCYJANhTjS6sa
TID: [-1234] [2026-10-01 20:50:51,611]  INFO {AUDIT_LOG} - GET /api/am/publisher/apis/fad559f5-1e65-405e-83cc-a844eff07a6e/deployments user: admin@carbon.super app: lOKNtRmYnWO18JvYCYJANhTjS6sa
TID: [-1234] [2026-10-01 20:50:51,618]  INFO {AUDIT_LOG} - POST /api/am/publisher/apis/fad559f5-1e65-405e-83cc-a844eff07a6e/generate-key user: admin@carbon.super app: lOKNtRmYnWO18JvYCYJANhTjS6sa
TID: [-1234] [2026-10-01 20:51:08,794]  INFO {AUDIT_LOG} - Initiator=w**************r Action=Get-User-Claim-Values Target=a***n Data={"Claims":{},"Profile":"default"} Outcome=Success
TID: [-1234] [2026-10-01 20:51:08,795]  INFO {AUDIT_LOG} - Initiator=w**************r Action=Get-User-Claim-Values Target=a***n Data={"Claims":{},"Profile":"default"} Outcome=Success
TID: [-1234] [2026-10-01 20:51:08,795]  INFO {AUDIT_LOG} - Initiator=w**************r Action=Get-User-Claim-Values Target=a***n Data={"Claims":{},"Profile":"default"} Outcome=Success
TID: [-1234] [2026-10-01 20:51:14,777]  INFO {AUDIT_LOG} - GET /api/am/publisher/apis/fad559f5-1e65-405e-83cc-a844eff07a6e/swagger user: admin@carbon.super app: lOKNtRmYnWO18JvYCYJANhTjS6sa
TID: [-1234] [2026-10-01 20:51:15,744]  INFO {AUDIT_LOG} - GET /api/am/publisher/apis/fad559f5-1e65-405e-83cc-a844eff07a6e/swagger user: admin@carbon.super app: lOKNtRmYnWO18JvYCYJANhTjS6sa
TID: [-1234] [2026-10-01 20:51:15,762]  INFO {AUDIT_LOG} - GET /api/am/publisher/endpoint-certificates?endpoint=http%3A%2F%2Fhost.docker.internal%3A8083 user: admin@carbon.super app: lOKNtRmYnWO18JvYCYJANhTjS6sa
TID: [-1234] [2026-10-01 20:51:18,268]  INFO {AUDIT_LOG} - GET /api/am/publisher/settings user: admin@carbon.super app: lOKNtRmYnWO18JvYCYJANhTjS6sa
TID: [-1234] [2026-10-01 20:51:18,801]  INFO {AUDIT_LOG} - GET /api/am/publisher/apis/fad559f5-1e65-405e-83cc-a844eff07a6e/swagger user: admin@carbon.super app: lOKNtRmYnWO18JvYCYJANhTjS6sa
TID: [-1234] [2026-10-01 20:51:18,802]  INFO {AUDIT_LOG} - GET /api/am/publisher/operation-policies?limit=500 user: admin@carbon.super app: lOKNtRmYnWO18JvYCYJANhTjS6sa
TID: [-1234] [2026-10-01 20:51:18,802]  INFO {AUDIT_LOG} - GET /api/am/publisher/apis/fad559f5-1e65-405e-83cc-a844eff07a6e/operation-policies?limit=500 user: admin@carbon.super app: lOKNtRmYnWO18JvYCYJANhTjS6sa
TID: [-1234] [2026-10-01 20:51:19,547]  INFO {AUDIT_LOG} - GET /api/am/publisher/apis/fad559f5-1e65-405e-83cc-a844eff07a6e/swagger user: admin@carbon.super app: lOKNtRmYnWO18JvYCYJANhTjS6sa
TID: [-1234] [2026-10-01 20:51:19,549]  INFO {AUDIT_LOG} - GET /api/am/publisher/throttling-policies/api?limit=80 user: admin@carbon.super app: lOKNtRmYnWO18JvYCYJANhTjS6sa
TID: [-1234] [2026-10-01 20:51:19,549]  INFO {AUDIT_LOG} - GET /api/am/publisher/apis/fad559f5-1e65-405e-83cc-a844eff07a6e/amznResourceNames user: admin@carbon.super app: lOKNtRmYnWO18JvYCYJANhTjS6sa
TID: [-1234] [2026-10-01 20:51:19,549]  INFO {AUDIT_LOG} - GET /api/am/publisher/scopes?limit=2000&offset=0 user: admin@carbon.super app: lOKNtRmYnWO18JvYCYJANhTjS6sa
TID: [-1234] [2026-10-01 20:51:38,796]  INFO {AUDIT_LOG} - Initiator=w**************r Action=Get-User-Claim-Values Target=a***n Data={"Claims":{},"Profile":"default"} Outcome=Success
TID: [-1234] [2026-10-01 20:51:38,796]  INFO {AUDIT_LOG} - Initiator=w**************r Action=Get-User-Claim-Values Target=a***n Data={"Claims":{},"Profile":"default"} Outcome=Success
TID: [-1234] [2026-10-01 20:51:38,796]  INFO {AUDIT_LOG} - Initiator=w**************r Action=Get-User-Claim-Values Target=a***n Data={"Claims":{},"Profile":"default"} Outcome=Success
TID: [-1234] [2026-10-01 20:51:45,001]  INFO {AUDIT_LOG} - PUT /api/am/publisher/apis/fad559f5-1e65-405e-83cc-a844eff07a6e/swagger user: admin@carbon.super app: lOKNtRmYnWO18JvYCYJANhTjS6sa
TID: [] [2026-10-01 20:51:45,036]  INFO {AUDIT_LOG} - Initiator=w**************r Action=Get-User-Claim-Values Target=a***n Data={"Claims":{},"Profile":"default"} Outcome=Success
TID: [] [2026-10-01 20:51:45,036]  INFO {AUDIT_LOG} - Initiator=w**************r Action=Get-User-Claim-Values Target=a***n Data={"Claims":{},"Profile":"default"} Outcome=Success
TID: [] [2026-10-01 20:51:45,036]  INFO {AUDIT_LOG} - Initiator=w**************r Action=Get-User-Claim-Values Target=a***n Data={"Claims":{},"Profile":"default"} Outcome=Success
TID: [-1234] [2026-10-01 20:51:45,054]  INFO {AUDIT_LOG} - {"performedBy":"admin","action":"updated","type":"API","info":{"provider":"admin","name":"RelatorioLegacyApi","context":"/Relatorio/0.2","version":"0.2"}}
TID: [-1234] [2026-10-01 20:51:45,084]  INFO {AUDIT_LOG} - GET /api/am/publisher/apis/fad559f5-1e65-405e-83cc-a844eff07a6e user: admin@carbon.super app: lOKNtRmYnWO18JvYCYJANhTjS6sa
TID: [-1234] [2026-10-01 20:51:45,220]  INFO {AUDIT_LOG} - GET /api/am/publisher/apis/fad559f5-1e65-405e-83cc-a844eff07a6e/asyncapi user: admin@carbon.super app: lOKNtRmYnWO18JvYCYJANhTjS6sa
TID: [-1234] [2026-10-01 20:51:46,161]  INFO {AUDIT_LOG} - Initiator=w**************r Action=Get-User-Claim-Values Target=a***n Data={"Claims":{},"Profile":"default"} Outcome=Success
TID: [-1234] [2026-10-01 20:51:46,162]  INFO {AUDIT_LOG} - Initiator=w**************r Action=Get-User-Claim-Values Target=a***n Data={"Claims":{},"Profile":"default"} Outcome=Success
TID: [-1234] [2026-10-01 20:51:46,162]  INFO {AUDIT_LOG} - Initiator=w**************r Action=Get-User-Claim-Values Target=a***n Data={"Claims":{},"Profile":"default"} Outcome=Success
TID: [-1234] [2026-10-01 20:51:46,174]  INFO {AUDIT_LOG} - Initiator=w**************r Action=Get-User-Claim-Values Target=a***n Data={"Claims":{},"Profile":"default"} Outcome=Success
TID: [-1234] [2026-10-01 20:51:46,175]  INFO {AUDIT_LOG} - Initiator=w**************r Action=Get-User-Claim-Values Target=a***n Data={"Claims":{},"Profile":"default"} Outcome=Success
TID: [-1234] [2026-10-01 20:51:46,175]  INFO {AUDIT_LOG} - Initiator=w**************r Action=Get-User-Claim-Values Target=a***n Data={"Claims":{},"Profile":"default"} Outcome=Success
TID: [-1234] [2026-10-01 20:51:46,532]  INFO {AUDIT_LOG} - POST /api/am/publisher/apis/fad559f5-1e65-405e-83cc-a844eff07a6e/revisions user: admin@carbon.super app: lOKNtRmYnWO18JvYCYJANhTjS6sa
TID: [-1234] [2026-10-01 20:51:46,587]  INFO {AUDIT_LOG} - POST /api/am/publisher/apis/fad559f5-1e65-405e-83cc-a844eff07a6e/deploy-revision?revisionId=c38d159d-4711-4dc3-9a7f-c3906e154d4e user: admin@carbon.super app: lOKNtRmYnWO18JvYCYJANhTjS6sa
TID: [-1234] [2026-10-01 20:51:46,745]  INFO {AUDIT_LOG} - GET /api/am/publisher/apis/fad559f5-1e65-405e-83cc-a844eff07a6e/revisions user: admin@carbon.super app: lOKNtRmYnWO18JvYCYJANhTjS6sa
TID: [-1234] [2026-10-01 20:51:46,745]  INFO {AUDIT_LOG} - GET /api/am/publisher/apis/fad559f5-1e65-405e-83cc-a844eff07a6e/revisions?query=deployed%3Atrue user: admin@carbon.super app: lOKNtRmYnWO18JvYCYJANhTjS6sa
TID: [-1234] [2026-10-01 20:51:47,170]  INFO {AUDIT_LOG} - Initiator=w**************r Action=Get-User-Claim-Values Target=a***n Data={"Claims":{},"Profile":"default"} Outcome=Success
TID: [-1234] [2026-10-01 20:51:47,170]  INFO {AUDIT_LOG} - Initiator=w**************r Action=Get-User-Claim-Values Target=a***n Data={"Claims":{},"Profile":"default"} Outcome=Success
TID: [-1234] [2026-10-01 20:51:47,170]  INFO {AUDIT_LOG} - Initiator=w**************r Action=Get-User-Claim-Values Target=a***n Data={"Claims":{},"Profile":"default"} Outcome=Success
TID: [-1234] [2026-10-01 20:51:49,295]  INFO {AUDIT_LOG} - GET /api/am/publisher/apis/fad559f5-1e65-405e-83cc-a844eff07a6e/deployments user: admin@carbon.super app: lOKNtRmYnWO18JvYCYJANhTjS6sa
TID: [-1234] [2026-10-01 20:51:49,302]  INFO {AUDIT_LOG} - GET /api/am/publisher/apis/fad559f5-1e65-405e-83cc-a844eff07a6e/swagger user: admin@carbon.super app: lOKNtRmYnWO18JvYCYJANhTjS6sa
TID: [-1234] [2026-10-01 20:51:49,306]  INFO {AUDIT_LOG} - POST /api/am/publisher/apis/fad559f5-1e65-405e-83cc-a844eff07a6e/generate-key user: admin@carbon.super app: lOKNtRmYnWO18JvYCYJANhTjS6sa
TID: [-1234] [2026-10-01 20:51:52,183]  INFO {AUDIT_LOG} - Initiator=w**************r Action=Get-User-Claim-Values Target=a***n Data={"Claims":{},"Profile":"default"} Outcome=Success
TID: [-1234] [2026-10-01 20:51:52,183]  INFO {AUDIT_LOG} - Initiator=w**************r Action=Get-User-Claim-Values Target=a***n Data={"Claims":{},"Profile":"default"} Outcome=Success
TID: [-1234] [2026-10-01 20:51:52,183]  INFO {AUDIT_LOG} - Initiator=w**************r Action=Get-User-Claim-Values Target=a***n Data={"Claims":{},"Profile":"default"} Outcome=Success
TID: [] [2026-10-01 20:51:52,227]  INFO {AUDIT_LOG} - {"performedBy":"SYSTEM: carbon.super","action":"undeployed","type":"API","info":"fad559f5-1e65-405e-83cc-a844eff07a6e"}
TID: [] [2026-10-01 20:51:52,246]  INFO {AUDIT_LOG} - {"performedBy":"SYSTEM: carbon.super","action":"deployed","type":"API","info":"fad559f5-1e65-405e-83cc-a844eff07a6e"}
TID: [-1234] [2026-10-01 20:51:52,253]  INFO {AUDIT_LOG} - Initiator=w**************r Action=Get-User-Claim-Values Target=a***n Data={"Claims":{},"Profile":"default"} Outcome=Success
TID: [-1234] [2026-10-01 20:51:52,253]  INFO {AUDIT_LOG} - Initiator=w**************r Action=Get-User-Claim-Values Target=a***n Data={"Claims":{},"Profile":"default"} Outcome=Success
TID: [-1234] [2026-10-01 20:51:52,253]  INFO {AUDIT_LOG} - Initiator=w**************r Action=Get-User-Claim-Values Target=a***n Data={"Claims":{},"Profile":"default"} Outcome=Success
TID: [-1234] [2026-10-01 20:51:53,092]  INFO {AUDIT_LOG} - Initiator=w**************r Action=Get-User-Claim-Values Target=a***n Data={"Claims":{},"Profile":"default"} Outcome=Success
TID: [-1234] [2026-10-01 20:51:53,093]  INFO {AUDIT_LOG} - Initiator=w**************r Action=Get-User-Claim-Values Target=a***n Data={"Claims":{},"Profile":"default"} Outcome=Success
TID: [-1234] [2026-10-01 20:51:53,093]  INFO {AUDIT_LOG} - Initiator=w**************r Action=Get-User-Claim-Values Target=a***n Data={"Claims":{},"Profile":"default"} Outcome=Success
TID: [-1234] [2026-10-01 20:52:08,794]  INFO {AUDIT_LOG} - Initiator=w**************r Action=Get-User-Claim-Values Target=a***n Data={"Claims":{},"Profile":"default"} Outcome=Success
TID: [-1234] [2026-10-01 20:52:08,795]  INFO {AUDIT_LOG} - Initiator=w**************r Action=Get-User-Claim-Values Target=a***n Data={"Claims":{},"Profile":"default"} Outcome=Success
TID: [-1234] [2026-10-01 20:52:08,795]  INFO {AUDIT_LOG} - Initiator=w**************r Action=Get-User-Claim-Values Target=a***n Data={"Claims":{},"Profile":"default"} Outcome=Success
TID: [-1234] [2026-10-01 20:52:32,813]  INFO {AUDIT_LOG} - GET /api/am/publisher/apis/fad559f5-1e65-405e-83cc-a844eff07a6e/swagger user: admin@carbon.super app: lOKNtRmYnWO18JvYCYJANhTjS6sa
TID: [-1234] [2026-10-01 20:52:32,814]  INFO {AUDIT_LOG} - GET /api/am/publisher/scopes?limit=2000&offset=0 user: admin@carbon.super app: lOKNtRmYnWO18JvYCYJANhTjS6sa
TID: [-1234] [2026-10-01 20:52:32,814]  INFO {AUDIT_LOG} - GET /api/am/publisher/apis/fad559f5-1e65-405e-83cc-a844eff07a6e/amznResourceNames user: admin@carbon.super app: lOKNtRmYnWO18JvYCYJANhTjS6sa
TID: [-1234] [2026-10-01 20:52:32,816]  INFO {AUDIT_LOG} - GET /api/am/publisher/throttling-policies/api?limit=80 user: admin@carbon.super app: lOKNtRmYnWO18JvYCYJANhTjS6sa
TID: [-1234] [2026-10-01 20:52:33,502]  INFO {AUDIT_LOG} - GET /api/am/publisher/apis/fad559f5-1e65-405e-83cc-a844eff07a6e/swagger user: admin@carbon.super app: lOKNtRmYnWO18JvYCYJANhTjS6sa
TID: [-1234] [2026-10-01 20:52:34,338]  INFO {AUDIT_LOG} - GET /api/am/publisher/apis/fad559f5-1e65-405e-83cc-a844eff07a6e/swagger user: admin@carbon.super app: lOKNtRmYnWO18JvYCYJANhTjS6sa
TID: [-1234] [2026-10-01 20:52:34,340]  INFO {AUDIT_LOG} - GET /api/am/publisher/apis/fad559f5-1e65-405e-83cc-a844eff07a6e/amznResourceNames user: admin@carbon.super app: lOKNtRmYnWO18JvYCYJANhTjS6sa
TID: [-1234] [2026-10-01 20:52:34,345]  INFO {AUDIT_LOG} - GET /api/am/publisher/scopes?limit=2000&offset=0 user: admin@carbon.super app: lOKNtRmYnWO18JvYCYJANhTjS6sa
TID: [-1234] [2026-10-01 20:52:34,346]  INFO {AUDIT_LOG} - GET /api/am/publisher/throttling-policies/api?limit=80 user: admin@carbon.super app: lOKNtRmYnWO18JvYCYJANhTjS6sa
TID: [-1234] [2026-10-01 20:52:38,794]  INFO {AUDIT_LOG} - Initiator=w**************r Action=Get-User-Claim-Values Target=a***n Data={"Claims":{},"Profile":"default"} Outcome=Success
TID: [-1234] [2026-10-01 20:52:38,794]  INFO {AUDIT_LOG} - Initiator=w**************r Action=Get-User-Claim-Values Target=a***n Data={"Claims":{},"Profile":"default"} Outcome=Success
TID: [-1234] [2026-10-01 20:52:38,794]  INFO {AUDIT_LOG} - Initiator=w**************r Action=Get-User-Claim-Values Target=a***n Data={"Claims":{},"Profile":"default"} Outcome=Success
