TID: [] [] [2026-10-04 00:01:26,828]  INFO {org.wso2.carbon.core.init.CarbonServerManager} - Shutdown hook triggered....
TID: [] [] [2026-10-04 00:01:26,828]  INFO {org.wso2.carbon.core.init.CarbonServerManager} - Gracefully shutting down WSO2 API Manager...
TID: [] [] [2026-10-04 00:01:26,829]  INFO {org.wso2.carbon.core.ServerManagement} - Starting to switch to maintenance mode...
TID: [] [] [2026-10-04 00:01:26,830]  INFO {org.apache.synapse.transport.passthru.PassThroughHttpListener} - Stopping Pass-through HTTP Listener..
TID: [] [] [2026-10-04 00:01:26,830]  INFO {org.apache.synapse.transport.passthru.PassThroughHttpMultiSSLListener} - Stopping Pass-through HTTPS Listener..
TID: [] [] [2026-10-04 00:01:26,830]  INFO {org.apache.synapse.transport.passthru.core.PassThroughListeningIOReactorManager} - Pausing  IO Reactor bind for port 8243
TID: [] [] [2026-10-04 00:01:26,830]  INFO {org.apache.synapse.transport.passthru.core.PassThroughListeningIOReactorManager} - Pausing  IO Reactor bind for port 8280
TID: [] [] [2026-10-04 00:01:26,830]  INFO {org.apache.synapse.transport.passthru.core.PassThroughListeningIOReactorManager} - Shutting down IO Reactor bind for port 8280
TID: [] [] [2026-10-04 00:01:26,830]  INFO {org.apache.synapse.transport.passthru.core.PassThroughListeningIOReactorManager} - Shutting down IO Reactor bind for port 8243
TID: [] [] [2026-10-04 00:01:26,842]  INFO {org.apache.synapse.transport.passthru.core.PassThroughListeningIOReactorManager} - HTTPS-Listener I/O dispatcher Listener shutdown.
TID: [] [] [2026-10-04 00:01:26,843]  INFO {org.apache.synapse.transport.passthru.core.PassThroughListeningIOReactorManager} - HTTP-Listener I/O dispatcher Listener shutdown.
TID: [] [] [2026-10-04 00:01:26,843]  INFO {org.wso2.carbon.core.ServerManagement} - Stopped all transport listeners
TID: [] [] [2026-10-04 00:01:26,843]  INFO {org.apache.synapse.transport.passthru.PassThroughHttpListener} - Destroying PassThroughHttpListener
TID: [] [] [2026-10-04 00:01:26,852]  INFO {org.apache.synapse.transport.passthru.PassThroughHttpMultiSSLListener} - Destroying PassThroughHttpListener
TID: [] [] [2026-10-04 00:01:26,852]  INFO {org.wso2.carbon.core.ServerManagement} - Waiting for request service completion...
TID: [] [] [2026-10-04 00:01:26,856]  INFO {org.wso2.carbon.core.ServerManagement} - All requests have been served.
TID: [] [] [2026-10-04 00:01:26,856]  INFO {org.wso2.carbon.core.ServerManagement} - Waiting for deployment completion...
TID: [] [] [2026-10-04 00:01:26,896]  INFO {org.wso2.carbon.webapp.mgt.WebApplication} - Unloaded webapp: StandardEngine[Catalina].StandardHost[localhost].StandardContext[/admin]
TID: [] [] [2026-10-04 00:01:26,917]  INFO {org.wso2.carbon.webapp.mgt.WebApplication} - Unloaded webapp: StandardEngine[Catalina].StandardHost[localhost].StandardContext[/devportal]
TID: [] [] [2026-10-04 00:01:27,433]  INFO {org.wso2.carbon.webapp.mgt.WebApplication} - Unloaded webapp: StandardEngine[Catalina].StandardHost[localhost].StandardContext[/authenticationendpoint]
TID: [] [] [2026-10-04 00:01:27,449]  INFO {org.wso2.carbon.webapp.mgt.WebApplication} - Unloaded webapp: StandardEngine[Catalina].StandardHost[localhost].StandardContext[/publisher]
TID: [] [] [2026-10-04 00:01:27,556]  INFO {org.wso2.carbon.webapp.mgt.WebApplication} - Unloaded webapp: StandardEngine[Catalina].StandardHost[localhost].StandardContext[/accountrecoveryendpoint]
TID: [] [] [2026-10-04 00:01:27,571]  INFO {org.wso2.carbon.webapp.mgt.WebApplication} - Unloaded webapp: StandardEngine[Catalina].StandardHost[localhost].StandardContext[/api/am/publisher]
TID: [] [] [2026-10-04 00:01:27,669]  INFO {org.wso2.carbon.webapp.mgt.WebApplication} - Unloaded webapp: StandardEngine[Catalina].StandardHost[localhost].StandardContext[/api/am/gateway/v2]
TID: [] [] [2026-10-04 00:01:27,812]  INFO {org.wso2.carbon.webapp.mgt.WebApplication} - Unloaded webapp: StandardEngine[Catalina].StandardHost[localhost].StandardContext[/keymanager-operations]
TID: [] [] [2026-10-04 00:01:27,825]  INFO {org.wso2.carbon.webapp.mgt.WebApplication} - Unloaded webapp: StandardEngine[Catalina].StandardHost[localhost].StandardContext[/oauth2]
TID: [] [] [2026-10-04 00:01:28,239]  INFO {org.wso2.carbon.webapp.mgt.WebApplication} - Unloaded webapp: StandardEngine[Catalina].StandardHost[localhost].StandardContext[/api/identity/oauth2/dcr/v1.1]
TID: [] [] [2026-10-04 00:01:28,335]  INFO {org.wso2.carbon.webapp.mgt.WebApplication} - Unloaded webapp: StandardEngine[Catalina].StandardHost[localhost].StandardContext[/client-registration/v0.17]
TID: [] [] [2026-10-04 00:01:28,411]  INFO {org.wso2.carbon.webapp.mgt.WebApplication} - Unloaded webapp: StandardEngine[Catalina].StandardHost[localhost].StandardContext[/internal/data/v1]
TID: [] [] [2026-10-04 00:01:28,425]  INFO {org.wso2.carbon.webapp.mgt.WebApplication} - Unloaded webapp: StandardEngine[Catalina].StandardHost[localhost].StandardContext[/api/am/governance]
TID: [] [] [2026-10-04 00:01:28,535]  INFO {org.wso2.carbon.webapp.mgt.WebApplication} - Unloaded webapp: StandardEngine[Catalina].StandardHost[localhost].StandardContext[/api/am/devops/v0]
TID: [] [] [2026-10-04 00:01:28,811]  INFO {org.wso2.carbon.webapp.mgt.WebApplication} - Unloaded webapp: StandardEngine[Catalina].StandardHost[localhost].StandardContext[/api/identity/auth/v1.1]
TID: [] [] [2026-10-04 00:01:28,976]  INFO {org.wso2.carbon.webapp.mgt.WebApplication} - Unloaded webapp: StandardEngine[Catalina].StandardHost[localhost].StandardContext[/api/identity/user/v1.0]
TID: [] [] [2026-10-04 00:01:29,101]  INFO {org.wso2.carbon.webapp.mgt.WebApplication} - Unloaded webapp: StandardEngine[Catalina].StandardHost[localhost].StandardContext[/api/am/admin]
TID: [] [] [2026-10-04 00:01:29,522]  INFO {org.wso2.carbon.webapp.mgt.WebApplication} - Unloaded webapp: StandardEngine[Catalina].StandardHost[localhost].StandardContext[/api/identity/consent-mgt/v1.0]
TID: [] [] [2026-10-04 00:01:29,883]  INFO {org.wso2.carbon.webapp.mgt.WebApplication} - Unloaded webapp: StandardEngine[Catalina].StandardHost[localhost].StandardContext[/api/identity/oauth2/v1.0]
TID: [] [] [2026-10-04 00:01:30,044]  INFO {org.wso2.carbon.webapp.mgt.WebApplication} - Unloaded webapp: StandardEngine[Catalina].StandardHost[localhost].StandardContext[/api/identity/recovery/v0.9]
TID: [] [] [2026-10-04 00:01:30,054]  INFO {org.wso2.carbon.webapp.mgt.WebApplication} - Unloaded webapp: StandardEngine[Catalina].StandardHost[localhost].StandardContext[/api/am/service-catalog/v1]
TID: [] [] [2026-10-04 00:01:30,059]  INFO {org.wso2.carbon.webapp.mgt.WebApplication} - Unloaded webapp: StandardEngine[Catalina].StandardHost[localhost].StandardContext[/am/sample/calculator/v1]
TID: [] [] [2026-10-04 00:01:30,066]  INFO {org.wso2.carbon.webapp.mgt.WebApplication} - Unloaded webapp: StandardEngine[Catalina].StandardHost[localhost].StandardContext[/am/sample/pizzashack/v1]
TID: [] [] [2026-10-04 00:01:30,160]  INFO {org.wso2.carbon.webapp.mgt.WebApplication} - Unloaded webapp: StandardEngine[Catalina].StandardHost[localhost].StandardContext[/api/am/devportal]
TID: [] [] [2026-10-04 00:01:30,160]  INFO {org.wso2.carbon.core.ServerManagement} - All deployment tasks have been completed.
TID: [] [] [2026-10-04 00:01:30,160]  INFO {org.wso2.carbon.core.ServerManagement} - Waiting for server task completion...
TID: [] [] [2026-10-04 00:01:30,163]  INFO {org.wso2.carbon.registry.core.internal.RegistryCoreServiceComponent} - Writing logs 
TID: [] [] [2026-10-04 00:01:30,163]  INFO {org.wso2.carbon.core.ServerManagement} - All server tasks have been completed.
TID: [] [] [2026-10-04 00:01:30,163]  INFO {org.wso2.carbon.core.init.CarbonServerManager} - Shutting down WSO2 API Manager...
TID: [] [] [2026-10-04 00:01:30,163]  INFO {org.wso2.carbon.apimgt.common.jms.JMSTransportHandler} - Starting to Shutdown the Listener...
TID: [] [] [2026-10-04 00:01:31,167]  INFO {org.wso2.carbon.apimgt.common.jms.JMSTaskManager} - Task manager for jms consumer 1000 shutdown
TID: [] [] [2026-10-04 00:01:31,167]  INFO {org.wso2.carbon.apimgt.common.jms.JMSListener} - Stopped listening for JMS messages to listener : Siddhi-JMS-Consumer#notification
TID: [] [] [2026-10-04 00:01:31,168]  INFO {org.wso2.carbon.apimgt.common.jms.JMSTransportHandler} - Starting to Shutdown the Listener...
TID: [] [] [2026-10-04 00:01:32,173]  INFO {org.wso2.carbon.apimgt.common.jms.JMSTaskManager} - Task manager for jms consumer 1000 shutdown
TID: [] [] [2026-10-04 00:01:32,173]  INFO {org.wso2.carbon.apimgt.common.jms.JMSListener} - Stopped listening for JMS messages to listener : Siddhi-JMS-Consumer#keyManager
TID: [] [] [2026-10-04 00:01:33,176]  INFO {org.wso2.carbon.apimgt.common.jms.JMSTaskManager} - Task manager for jms consumer 1000 shutdown
TID: [] [] [2026-10-04 00:01:33,176]  INFO {org.wso2.carbon.apimgt.common.jms.JMSListener} - Stopped listening for JMS messages to listener : Siddhi-JMS-Consumer#notification
TID: [] [] [2026-10-04 00:01:34,179]  INFO {org.wso2.carbon.apimgt.common.jms.JMSTaskManager} - Task manager for jms consumer 1000 shutdown
TID: [] [] [2026-10-04 00:01:34,179]  INFO {org.wso2.carbon.apimgt.common.jms.JMSListener} - Stopped listening for JMS messages to listener : Siddhi-JMS-Consumer#notification
TID: [] [] [2026-10-04 00:01:34,179]  INFO {org.wso2.carbon.apimgt.common.jms.JMSTransportHandler} - Starting to Shutdown the Listener...
TID: [] [] [2026-10-04 00:01:35,180]  INFO {org.wso2.carbon.apimgt.common.jms.JMSTaskManager} - Task manager for jms consumer 1000 shutdown
TID: [] [] [2026-10-04 00:01:35,180]  INFO {org.wso2.carbon.apimgt.common.jms.JMSListener} - Stopped listening for JMS messages to listener : Siddhi-JMS-Consumer#notification
TID: [] [] [2026-10-04 00:01:35,180]  INFO {org.wso2.carbon.apimgt.common.jms.JMSTransportHandler} - Starting to Shutdown the Listener...
TID: [] [] [2026-10-04 00:01:36,182]  INFO {org.wso2.carbon.apimgt.common.jms.JMSTaskManager} - Task manager for jms consumer 1000 shutdown
TID: [] [] [2026-10-04 00:01:36,182]  INFO {org.wso2.carbon.apimgt.common.jms.JMSListener} - Stopped listening for JMS messages to listener : Siddhi-JMS-Consumer#throttleData
TID: [] [] [2026-10-04 00:01:36,182]  INFO {org.wso2.carbon.apimgt.common.jms.JMSTransportHandler} - Starting to Shutdown the Listener...
TID: [] [] [2026-10-04 00:01:37,184]  INFO {org.wso2.carbon.apimgt.common.jms.JMSTaskManager} - Task manager for jms consumer 1000 shutdown
TID: [] [] [2026-10-04 00:01:37,184]  INFO {org.wso2.carbon.apimgt.common.jms.JMSListener} - Stopped listening for JMS messages to listener : Siddhi-JMS-Consumer#tokenRevocation
TID: [] [] [2026-10-04 00:01:38,186]  INFO {org.wso2.carbon.apimgt.common.jms.JMSTaskManager} - Task manager for jms consumer 1000 shutdown
TID: [] [] [2026-10-04 00:01:38,186]  INFO {org.wso2.carbon.apimgt.common.jms.JMSListener} - Stopped listening for JMS messages to listener : Siddhi-JMS-Consumer#cacheInvalidation
TID: [] [] [2026-10-04 00:01:39,187]  INFO {org.wso2.carbon.apimgt.common.jms.JMSTaskManager} - Task manager for jms consumer 1000 shutdown
TID: [] [] [2026-10-04 00:01:39,187]  INFO {org.wso2.carbon.apimgt.common.jms.JMSListener} - Stopped listening for JMS messages to listener : Siddhi-JMS-Consumer#notification
TID: [] [] [2026-10-04 00:01:40,188]  INFO {org.wso2.carbon.apimgt.common.jms.JMSTaskManager} - Task manager for jms consumer 1000 shutdown
TID: [] [] [2026-10-04 00:01:40,188]  INFO {org.wso2.carbon.apimgt.common.jms.JMSListener} - Stopped listening for JMS messages to listener : Siddhi-JMS-Consumer#throttleData
TID: [] [] [2026-10-04 00:01:41,193]  INFO {org.wso2.carbon.apimgt.common.jms.JMSTaskManager} - Task manager for jms consumer 1000 shutdown
TID: [] [] [2026-10-04 00:01:41,193]  INFO {org.wso2.carbon.apimgt.common.jms.JMSListener} - Stopped listening for JMS messages to listener : Siddhi-JMS-Consumer#asyncWebhooksData
TID: [] [] [2026-10-04 00:01:41,193]  INFO {org.wso2.carbon.apimgt.gateway.notifiers.DeploymentStatusNotifier} - Shutting down DeploymentStatusNotifier
TID: [] [] [2026-10-04 00:01:41,195]  INFO {org.wso2.carbon.apimgt.common.jms.JMSTransportHandler} - Starting to Shutdown the Listener...
TID: [] [] [2026-10-04 00:01:41,195]  INFO {org.wso2.carbon.apimgt.common.jms.JMSTransportHandler} - Starting to Shutdown the Listener...
TID: [] [] [2026-10-04 00:01:41,195]  INFO {org.wso2.carbon.apimgt.common.jms.JMSTransportHandler} - Starting to Shutdown the Listener...
TID: [] [] [2026-10-04 00:01:41,195]  INFO {org.wso2.carbon.apimgt.common.jms.JMSTransportHandler} - Starting to Shutdown the Listener...
TID: [] [] [2026-10-04 00:01:41,195]  INFO {org.wso2.carbon.apimgt.common.jms.JMSTransportHandler} - Starting to Shutdown the Listener...
TID: [] [] [2026-10-04 00:01:41,205]  INFO {org.wso2.carbon.core.init.CarbonServerManager} - Shutting down OSGi framework...
TID: [] [] [2026-10-04 00:01:41,223]  INFO {org.wso2.carbon.core.init.CarbonServerManager} - Stopping CarbonServerManager...
TID: [] [] [2026-10-04 00:01:41,224]  INFO {org.wso2.carbon.websocket.transport.WebsocketTransportSender} - WSS Sender Shutdown
TID: [] [] [2026-10-04 00:01:41,235]  INFO {org.apache.synapse.transport.passthru.PassThroughHttpSender} - HTTP Sender shutdown
TID: [] [] [2026-10-04 00:01:41,236]  INFO {org.apache.synapse.transport.passthru.PassThroughHttpSSLSender} - HTTPS Sender shutdown
TID: [] [] [2026-10-04 00:01:41,236]  INFO {org.wso2.carbon.websocket.transport.WebsocketTransportSender} - WS Sender Shutdown
TID: [] [] [2026-10-04 00:01:41,236]  INFO {org.apache.synapse.transport.passthru.PassThroughHttpListener} - Destroying PassThroughHttpListener
TID: [] [] [2026-10-04 00:01:41,236]  INFO {org.apache.synapse.transport.passthru.PassThroughHttpMultiSSLListener} - Destroying PassThroughHttpListener
TID: [] [] [2026-10-04 00:01:41,255]  INFO {org.wso2.carbon.event.processor.core.internal.CarbonEventProcessorService} - Successfully shutdown ExecutionPlans
TID: [] [] [2026-10-04 00:01:41,267]  INFO {org.wso2.carbon.apimgt.governance.impl.ComplianceEvaluationScheduler} - Shutting down Evaluation Request Scheduler...
TID: [] [] [2026-10-04 00:01:41,268]  INFO {org.wso2.carbon.apimgt.governance.impl.ComplianceEvaluationScheduler} - Evaluation Request Scheduler shut down.
TID: [] [] [2026-10-04 00:01:41,317]  INFO {org.apache.synapse.Axis2SynapseController} - Undeploying the Synapse service...
TID: [] [] [2026-10-04 00:01:41,317]  INFO {org.apache.synapse.Axis2SynapseController} - Undeploying Proxy services...
TID: [] [] [2026-10-04 00:01:41,317]  INFO {org.apache.synapse.Axis2SynapseController} - Undeploying EventSources...
TID: [] [] [2026-10-04 00:01:41,317]  INFO {org.apache.synapse.inbound.InboundEndpoint} - Destroying Inbound Endpoint: WebSocketInboundEndpoint
TID: [] [] [2026-10-04 00:01:41,318]  INFO {org.apache.synapse.inbound.InboundEndpoint} - Destroying Inbound Endpoint: SecureWebSocketEP
TID: [] [] [2026-10-04 00:01:41,318]  INFO {org.apache.synapse.inbound.InboundEndpoint} - Destroying Inbound Endpoint: WebhookServer
TID: [] [] [2026-10-04 00:01:41,318]  INFO {org.apache.synapse.inbound.InboundEndpoint} - Destroying Inbound Endpoint: SecureWebhookServer
TID: [] [] [2026-10-04 00:01:41,319]  INFO {org.apache.synapse.api.API} - {api:prod--RhConsultaAPI:v0.1} Destroying API: prod--RhConsultaAPI:v0.1
TID: [] [] [2026-10-04 00:01:41,319]  INFO {org.apache.synapse.api.API} - {api:prod--Bilhetador-api:v0.1} Destroying API: prod--Bilhetador-api:v0.1
TID: [] [] [2026-10-04 00:01:41,319]  INFO {org.apache.synapse.api.API} - {api:prod--RelatorioLegacyApi:v0.2} Destroying API: prod--RelatorioLegacyApi:v0.2
TID: [] [] [2026-10-04 00:01:41,319]  INFO {org.apache.synapse.api.API} - {api:_HealthCheckAPI_} Destroying API: _HealthCheckAPI_
TID: [] [] [2026-10-04 00:01:41,319]  INFO {org.apache.synapse.api.API} - {api:prod--Api Exemplo:v0.1} Destroying API: prod--Api Exemplo:v0.1
TID: [] [] [2026-10-04 00:01:41,319]  INFO {org.apache.synapse.api.API} - {api:prod--Api Parse Legado:v0.1} Destroying API: prod--Api Parse Legado:v0.1
TID: [] [] [2026-10-04 00:01:41,320]  INFO {org.apache.synapse.api.API} - {api:_OpenService_} Destroying API: _OpenService_
TID: [] [] [2026-10-04 00:01:41,320]  INFO {org.apache.synapse.api.API} - {api:_JwksEndpoint_} Destroying API: _JwksEndpoint_
TID: [] [] [2026-10-04 00:01:41,320]  INFO {org.apache.synapse.task.SynapseTaskManager} - Shutting down the task manager
TID: [] [] [2026-10-04 00:01:41,326]  INFO {org.wso2.carbon.metrics.impl.reporter.AbstractReporter} - Stopped JMX reporter for Metrics
TID: [] [] [2026-10-04 00:01:41,380]  INFO {org.wso2.carbon.tomcat.ext.internal.CarbonTomcatServiceComponent} - Stopping the carbon web-app registered under : /
TID: [] [] [2026-10-04 00:01:41,515]  INFO {org.wso2.carbon.apimgt.eventing.hub.internal.ServiceComponent} - Eventing Hub ServiceComponent is deactivated
TID: [] [] [2026-10-04 00:01:41,515]  INFO {org.wso2.carbon.event.publisher.core.EventPublisherDeployer} - Event Publisher undeployed successfully : HTTP-recommendationEventPublisher.xml
TID: [] [] [2026-10-04 00:01:41,524]  INFO {org.wso2.carbon.event.publisher.core.EventPublisherDeployer} - Event Publisher deployment held back and in inactive state : HTTP-recommendationEventPublisher.xml, waiting for Output Event Adapter dependency : http-extended
TID: [] [] [2026-10-04 00:01:41,524]  INFO {org.wso2.carbon.event.publisher.core.internal.CarbonEventPublisherService} - Event publisher : HTTP-recommendationEventPublisher  is in inactive state because dependency could not be found : http-extended
TID: [] [] [2026-10-04 00:01:41,524]  INFO {org.wso2.carbon.event.publisher.core.EventPublisherDeployer} - Event Publisher undeployed successfully : jmsEventPublisher_1.10.0_2.xml
TID: [] [] [2026-10-04 00:01:41,532]  INFO {org.wso2.carbon.event.publisher.core.EventPublisherDeployer} - Event Publisher deployment held back and in inactive state : jmsEventPublisher_1.10.0_2.xml, waiting for Output Event Adapter dependency : jms
TID: [] [] [2026-10-04 00:01:41,532]  INFO {org.wso2.carbon.event.publisher.core.internal.CarbonEventPublisherService} - Event publisher : jmsEventPublisher-1.0.0-2  is in inactive state because dependency could not be found : jms
TID: [] [] [2026-10-04 00:01:41,532]  INFO {org.wso2.carbon.event.publisher.core.EventPublisherDeployer} - Event Publisher undeployed successfully : keymgtEventJMSEventPublisher.xml
TID: [] [] [2026-10-04 00:01:41,538]  INFO {org.wso2.carbon.event.publisher.core.EventPublisherDeployer} - Event Publisher deployment held back and in inactive state : keymgtEventJMSEventPublisher.xml, waiting for Output Event Adapter dependency : jms
TID: [] [] [2026-10-04 00:01:41,538]  INFO {org.wso2.carbon.event.publisher.core.internal.CarbonEventPublisherService} - Event publisher : keymgtEventJMSEventPublisher  is in inactive state because dependency could not be found : jms
TID: [] [] [2026-10-04 00:01:41,538]  INFO {org.wso2.carbon.event.publisher.core.EventPublisherDeployer} - Event Publisher undeployed successfully : globalCacheInvalidationJMSPublisher.xml
TID: [] [] [2026-10-04 00:01:41,545]  INFO {org.wso2.carbon.event.publisher.core.EventPublisherDeployer} - Event Publisher deployment held back and in inactive state : globalCacheInvalidationJMSPublisher.xml, waiting for Output Event Adapter dependency : jms
TID: [] [] [2026-10-04 00:01:41,545]  INFO {org.wso2.carbon.event.publisher.core.internal.CarbonEventPublisherService} - Event publisher : globalCacheInvalidationJMSPublisher  is in inactive state because dependency could not be found : jms
TID: [] [] [2026-10-04 00:01:41,545]  INFO {org.wso2.carbon.event.publisher.core.EventPublisherDeployer} - Event Publisher undeployed successfully : asyncWebhooksEventPublisher_1.0.0.xml
TID: [] [] [2026-10-04 00:01:41,547]  INFO {org.wso2.carbon.event.publisher.core.EventPublisherDeployer} - Event Publisher deployment held back and in inactive state : asyncWebhooksEventPublisher_1.0.0.xml, waiting for Output Event Adapter dependency : jms
TID: [] [] [2026-10-04 00:01:41,547]  INFO {org.wso2.carbon.event.publisher.core.internal.CarbonEventPublisherService} - Event publisher : asyncWebhooksEventPublisher-1.0.0  is in inactive state because dependency could not be found : jms
TID: [] [] [2026-10-04 00:01:41,547]  INFO {org.wso2.carbon.event.publisher.core.EventPublisherDeployer} - Event Publisher undeployed successfully : jmsEventPublisher2.xml
TID: [] [] [2026-10-04 00:01:41,548]  INFO {org.wso2.carbon.event.publisher.core.EventPublisherDeployer} - Event Publisher deployment held back and in inactive state : jmsEventPublisher2.xml, waiting for Output Event Adapter dependency : jms
TID: [] [] [2026-10-04 00:01:41,548]  INFO {org.wso2.carbon.event.publisher.core.internal.CarbonEventPublisherService} - Event publisher : jmsEventPublisher2  is in inactive state because dependency could not be found : jms
TID: [] [] [2026-10-04 00:01:41,548]  INFO {org.wso2.carbon.event.publisher.core.EventPublisherDeployer} - Event Publisher undeployed successfully : asyncWebhooksEventPublisher.xml
TID: [] [] [2026-10-04 00:01:41,549]  INFO {org.wso2.carbon.event.publisher.core.EventPublisherDeployer} - Event Publisher deployment held back and in inactive state : asyncWebhooksEventPublisher.xml, waiting for Output Event Adapter dependency : jms
TID: [] [] [2026-10-04 00:01:41,549]  INFO {org.wso2.carbon.event.publisher.core.internal.CarbonEventPublisherService} - Event publisher : asyncWebhooksEventPublisher  is in inactive state because dependency could not be found : jms
TID: [] [] [2026-10-04 00:01:41,549]  INFO {org.wso2.carbon.event.publisher.core.EventPublisherDeployer} - Event Publisher undeployed successfully : asyncWebhooksEventPublisher_1.0.0_2.xml
TID: [] [] [2026-10-04 00:01:41,550]  INFO {org.wso2.carbon.event.publisher.core.EventPublisherDeployer} - Event Publisher deployment held back and in inactive state : asyncWebhooksEventPublisher_1.0.0_2.xml, waiting for Output Event Adapter dependency : jms
TID: [] [] [2026-10-04 00:01:41,550]  INFO {org.wso2.carbon.event.publisher.core.internal.CarbonEventPublisherService} - Event publisher : asyncWebhooksEventPublisher-1.0.0-2  is in inactive state because dependency could not be found : jms
TID: [] [] [2026-10-04 00:01:41,550]  INFO {org.wso2.carbon.event.publisher.core.EventPublisherDeployer} - Event Publisher undeployed successfully : cacheInvalidationEventJMSPublisher.xml
TID: [] [] [2026-10-04 00:01:41,551]  INFO {org.wso2.carbon.event.publisher.core.EventPublisherDeployer} - Event Publisher deployment held back and in inactive state : cacheInvalidationEventJMSPublisher.xml, waiting for Output Event Adapter dependency : jms
TID: [] [] [2026-10-04 00:01:41,551]  INFO {org.wso2.carbon.event.publisher.core.internal.CarbonEventPublisherService} - Event publisher : cacheInvalidationJMSPublisher  is in inactive state because dependency could not be found : jms
TID: [] [] [2026-10-04 00:01:41,551]  INFO {org.wso2.carbon.event.publisher.core.EventPublisherDeployer} - Event Publisher undeployed successfully : asyncWebhooksEventPublisher2.xml
TID: [] [] [2026-10-04 00:01:41,559]  INFO {org.wso2.carbon.event.publisher.core.EventPublisherDeployer} - Event Publisher deployment held back and in inactive state : asyncWebhooksEventPublisher2.xml, waiting for Output Event Adapter dependency : jms
TID: [] [] [2026-10-04 00:01:41,559]  INFO {org.wso2.carbon.event.publisher.core.internal.CarbonEventPublisherService} - Event publisher : asyncWebhooksEventPublisher2  is in inactive state because dependency could not be found : jms
TID: [] [] [2026-10-04 00:01:41,559]  INFO {org.wso2.carbon.event.publisher.core.EventPublisherDeployer} - Event Publisher undeployed successfully : blockingEventJMSPublisher.xml
TID: [] [] [2026-10-04 00:01:41,560]  INFO {org.wso2.carbon.event.publisher.core.EventPublisherDeployer} - Event Publisher deployment held back and in inactive state : blockingEventJMSPublisher.xml, waiting for Output Event Adapter dependency : jms
TID: [] [] [2026-10-04 00:01:41,560]  INFO {org.wso2.carbon.event.publisher.core.internal.CarbonEventPublisherService} - Event publisher : blockingEventJMSPublisher  is in inactive state because dependency could not be found : jms
TID: [] [] [2026-10-04 00:01:41,560]  INFO {org.wso2.carbon.event.publisher.core.EventPublisherDeployer} - Event Publisher undeployed successfully : tokenRevokeEventJMSPublisher_2.xml
TID: [] [] [2026-10-04 00:01:41,562]  INFO {org.wso2.carbon.event.publisher.core.EventPublisherDeployer} - Event Publisher deployment held back and in inactive state : tokenRevokeEventJMSPublisher_2.xml, waiting for Output Event Adapter dependency : jms
TID: [] [] [2026-10-04 00:01:41,562]  INFO {org.wso2.carbon.event.publisher.core.internal.CarbonEventPublisherService} - Event publisher : tokenRevocationJMSPublisher2  is in inactive state because dependency could not be found : jms
TID: [] [] [2026-10-04 00:01:41,562]  INFO {org.wso2.carbon.event.publisher.core.EventPublisherDeployer} - Event Publisher undeployed successfully : jmsEventPublisher_1.10.0.xml
TID: [] [] [2026-10-04 00:01:41,563]  INFO {org.wso2.carbon.event.publisher.core.EventPublisherDeployer} - Event Publisher deployment held back and in inactive state : jmsEventPublisher_1.10.0.xml, waiting for Output Event Adapter dependency : jms
TID: [] [] [2026-10-04 00:01:41,563]  INFO {org.wso2.carbon.event.publisher.core.internal.CarbonEventPublisherService} - Event publisher : jmsEventPublisher-1.0.0  is in inactive state because dependency could not be found : jms
TID: [] [] [2026-10-04 00:01:41,563]  INFO {org.wso2.carbon.event.publisher.core.EventPublisherDeployer} - Event Publisher undeployed successfully : notificationEventJMSPublisher.xml
TID: [] [] [2026-10-04 00:01:41,569]  INFO {org.wso2.carbon.event.publisher.core.EventPublisherDeployer} - Event Publisher deployment held back and in inactive state : notificationEventJMSPublisher.xml, waiting for Output Event Adapter dependency : jms
TID: [] [] [2026-10-04 00:01:41,569]  INFO {org.wso2.carbon.event.publisher.core.internal.CarbonEventPublisherService} - Event publisher : notificationJMSPublisher  is in inactive state because dependency could not be found : jms
TID: [] [] [2026-10-04 00:01:41,569]  INFO {org.wso2.carbon.event.publisher.core.EventPublisherDeployer} - Event Publisher undeployed successfully : jmsEventPublisher.xml
TID: [] [] [2026-10-04 00:01:41,578]  INFO {org.wso2.carbon.event.publisher.core.EventPublisherDeployer} - Event Publisher deployment held back and in inactive state : jmsEventPublisher.xml, waiting for Output Event Adapter dependency : jms
TID: [] [] [2026-10-04 00:01:41,578]  INFO {org.wso2.carbon.event.publisher.core.internal.CarbonEventPublisherService} - Event publisher : jmsEventPublisher  is in inactive state because dependency could not be found : jms
TID: [] [] [2026-10-04 00:01:41,578]  INFO {org.wso2.carbon.event.publisher.core.EventPublisherDeployer} - Event Publisher undeployed successfully : tokenRevokeEventJMSPublisher.xml
TID: [] [] [2026-10-04 00:01:41,585]  INFO {org.wso2.carbon.event.publisher.core.EventPublisherDeployer} - Event Publisher deployment held back and in inactive state : tokenRevokeEventJMSPublisher.xml, waiting for Output Event Adapter dependency : jms
TID: [] [] [2026-10-04 00:01:41,585]  INFO {org.wso2.carbon.event.publisher.core.internal.CarbonEventPublisherService} - Event publisher : tokenRevocationJMSPublisher  is in inactive state because dependency could not be found : jms
TID: [] [] [2026-10-04 00:01:41,585]  INFO {org.wso2.carbon.event.publisher.core.EventPublisherDeployer} - Event Publisher undeployed successfully : EmailPublisher.xml
TID: [] [] [2026-10-04 00:01:41,591]  INFO {org.wso2.carbon.event.publisher.core.EventPublisherDeployer} - Event Publisher deployment held back and in inactive state : EmailPublisher.xml, waiting for Output Event Adapter dependency : email
TID: [] [] [2026-10-04 00:01:41,591]  INFO {org.wso2.carbon.event.publisher.core.internal.CarbonEventPublisherService} - Event publisher : EmailPublisher  is in inactive state because dependency could not be found : email
TID: [] [] [2026-10-04 00:01:41,596]  INFO {org.wso2.carbon.databridge.receiver.binary.internal.BinaryDataReceiverServiceComponent} - Binary Data Receiver server shutting down...
TID: [] [] [2026-10-04 00:01:41,596]  INFO {org.wso2.carbon.databridge.receiver.binary.internal.BinaryDataReceiver} - Stopping Binary Server..
TID: [-1234] [] [2026-10-04 0:01:41,822]  INFO {org.wso2.carbon.core.init.CarbonServerManager} - Shutdown complete 
TID: [-1234] [] [2026-10-04 0:01:41,822]  INFO {org.wso2.carbon.core.init.CarbonServerManager} - Halting JVM 
TID: [2026-10-04 12:04:53,413]  INFO {org.wso2.config.mapper.ConfigParser} - Configurations Changed in :repository\resources\security\listenerprofiles.xml {org.wso2.config.mapper.ConfigParser}
TID: [2026-10-04 12:04:53,413]  INFO {org.wso2.config.mapper.ConfigParser} - Configurations Changed in :repository\resources\security\sslprofiles.xml {org.wso2.config.mapper.ConfigParser}
TID: [2026-10-04 12:04:53,413]  INFO {org.wso2.config.mapper.ConfigParser} - Overriding files in configuration directory C:\Users\gabri\Desktop\ENTREV~1\WSO2AM~1.0\bin\.. {org.wso2.config.mapper.ConfigParser}
TID: [] [] [2026-10-04 12:05:35,509]  INFO {org.wso2.carbon.core.internal.CarbonCoreActivator} - Starting WSO2 Carbon...
TID: [] [] [2026-10-04 12:05:35,509]  INFO {org.wso2.carbon.core.internal.CarbonCoreActivator} - Operating System : Windows 10 10.0, amd64
TID: [] [] [2026-10-04 12:05:35,509]  INFO {org.wso2.carbon.core.internal.CarbonCoreActivator} - Java Home        : C:\jdks\jdk-17
TID: [] [] [2026-10-04 12:05:35,509]  INFO {org.wso2.carbon.core.internal.CarbonCoreActivator} - Java Version     : 17.0.15
TID: [] [] [2026-10-04 12:05:35,509]  INFO {org.wso2.carbon.core.internal.CarbonCoreActivator} - Java VM          : Java HotSpot(TM) 64-Bit Server VM 17.0.15+9-LTS-241,Oracle Corporation
TID: [] [] [2026-10-04 12:05:35,509]  INFO {org.wso2.carbon.core.internal.CarbonCoreActivator} - Carbon Home      : C:\Users\gabri\Desktop\ENTREV~1\WSO2AM~1.0\bin\..
TID: [] [] [2026-10-04 12:05:35,509]  INFO {org.wso2.carbon.core.internal.CarbonCoreActivator} - Java Temp Dir    : C:\Users\gabri\Desktop\ENTREV~1\WSO2AM~1.0\bin\..\tmp
TID: [] [] [2026-10-04 12:05:35,509]  INFO {org.wso2.carbon.core.internal.CarbonCoreActivator} - User             : gabri, en-US, America/Sao_Paulo
TID: [] [] [2026-10-04 12:05:35,740]  INFO {org.wso2.carbon.crypto.provider.internal.DefaultCryptoProviderComponent} - 'CryptoService.Secret' property has not been set. 'org.wso2.carbon.crypto.provider.SymmetricKeyInternalCryptoProvider' won't be registered as an internal crypto provider. Please set the secret if the provider needs to be registered.
TID: [] [] [2026-10-04 12:05:35,997]  INFO {org.wso2.carbon.event.output.adapter.kafka.internal.ds.KafkaEventAdapterServiceDS} - Successfully deployed the Kafka output event adaptor service
TID: [] [] [2026-10-04 12:05:40,531]  INFO {org.wso2.carbon.apimgt.eventing.hub.internal.ServiceComponent} - Eventing Hub ServiceComponent is activated
TID: [] [] [2026-10-04 12:05:40,966]  WARN {org.apache.tomcat.util.digester.Digester} - Match [Server/Service/Engine/Host/Valve] failed to set property [maxDays] to []
TID: [] [] [2026-10-04 12:05:41,565]  INFO {org.wso2.carbon.consent.mgt.core.internal.ConsentManagerComponent} - ConsentManagerComponent is activated.
TID: [] [] [2026-10-04 12:05:41,681]  INFO {org.wso2.carbon.databridge.receiver.binary.internal.BinaryDataReceiverServiceComponent} - Binary Data Receiver server activated
TID: [] [] [2026-10-04 12:05:41,691]  INFO {org.wso2.carbon.databridge.core.internal.DataBridgeDS} - Successfully deployed Agent Server 
TID: [] [] [2026-10-04 12:05:41,979]  INFO {org.wso2.carbon.registry.core.jdbc.EmbeddedRegistryService} - Configured Registry in 37ms
TID: [] [] [2026-10-04 12:05:41,994]  INFO {org.wso2.carbon.registry.core.jdbc.EmbeddedRegistryService} - Connected to mount at configregistry in 4ms
TID: [] [] [2026-10-04 12:05:41,994]  INFO {org.wso2.carbon.registry.core.jdbc.EmbeddedRegistryService} - Connected to mount at govregistry in 4ms
TID: [] [] [2026-10-04 12:05:42,026]  INFO {org.wso2.carbon.registry.core.jdbc.EmbeddedRegistryService} - Connected to mount at configregistry in 0ms
TID: [] [] [2026-10-04 12:05:42,026]  INFO {org.wso2.carbon.registry.core.jdbc.EmbeddedRegistryService} - Connected to mount at govregistry in 0ms
TID: [] [] [2026-10-04 12:05:42,032]  INFO {org.wso2.carbon.registry.core.internal.RegistryCoreServiceComponent} - Registry Mode    : READ-WRITE
TID: [] [] [2026-10-04 12:05:42,546]  INFO {org.wso2.carbon.metrics.impl.util.JmxReporterBuilder} - Creating JMX reporter for Metrics with domain 'org.wso2.carbon.metrics'
TID: [] [] [2026-10-04 12:05:42,549]  INFO {org.wso2.carbon.metrics.impl.reporter.AbstractReporter} - Started JMX reporter for Metrics
TID: [] [] [2026-10-04 12:06:02,641]  INFO {org.wso2.carbon.registry.indexing.solr.SolrClient} - Default Embedded Solr Server Initialized
TID: [] [] [2026-10-04 12:06:02,756]  INFO {org.wso2.carbon.user.core.internal.UserStoreMgtDSComponent} - Carbon UserStoreMgtDSComponent activated successfully.
TID: [] [] [2026-10-04 12:06:09,660]  INFO {org.wso2.carbon.identity.user.store.configuration.deployer.UserStoreConfigurationDeployer} - User Store Configuration Deployer initiated.
TID: [] [] [2026-10-04 12:06:09,660]  INFO {org.wso2.carbon.identity.user.store.configuration.deployer.UserStoreConfigurationDeployer} - User Store Configuration Deployer initiated.
TID: [] [] [2026-10-04 12:06:09,838]  INFO {org.wso2.carbon.websocket.transport.WebsocketTransportSender} - WSS Sender started
TID: [] [] [2026-10-04 12:06:09,859]  INFO {org.apache.synapse.transport.passthru.PassThroughHttpSender} - Initializing Pass-through HTTP/S Sender...
TID: [] [] [2026-10-04 12:06:09,903]  INFO {org.apache.synapse.transport.passthru.PassThroughHttpSender} - Pass-through HTTP Sender started...
TID: [] [] [2026-10-04 12:06:09,903]  INFO {org.apache.synapse.transport.passthru.PassThroughHttpSSLSender} - Initializing Pass-through HTTP/S Sender...
TID: [] [] [2026-10-04 12:06:09,911]  INFO {org.apache.synapse.transport.nhttp.config.ClientConnFactoryBuilder} - customSSLProfiles configuration is loaded from path: C:\Users\gabri\Desktop\ENTREV~1\WSO2AM~1.0\repository/resources/security/sslprofiles.xml
TID: [] [] [2026-10-04 12:06:09,911]  INFO {org.apache.synapse.transport.nhttp.config.ClientConnFactoryBuilder} - HTTPS Loading custom SSL profiles for the HTTPS sender
TID: [] [] [2026-10-04 12:06:09,914]  INFO {org.apache.synapse.transport.nhttp.config.ClientConnFactoryBuilder} - HTTPS Custom SSL profiles initialized for 1 mappings
TID: [] [] [2026-10-04 12:06:09,917]  INFO {org.apache.synapse.transport.passthru.PassThroughHttpSSLSender} - Pass-through HTTPS Sender started...
TID: [] [] [2026-10-04 12:06:09,920]  INFO {org.wso2.carbon.websocket.transport.WebsocketTransportSender} - WS Sender started
TID: [] [] [2026-10-04 12:06:09,947]  INFO {org.apache.synapse.transport.passthru.PassThroughHttpListener} - Initializing Pass-through HTTP/S Listener...
TID: [] [] [2026-10-04 12:06:09,962]  INFO {org.apache.synapse.transport.passthru.PassThroughHttpMultiSSLListener} - Initializing Pass-through HTTP/S Listener...
TID: [] [] [2026-10-04 12:06:09,967]  INFO {org.apache.synapse.transport.nhttp.config.ServerConnFactoryBuilder} - SSLProfile configuration is loaded from path: C:\Users\gabri\Desktop\ENTREV~1\WSO2AM~1.0\repository/resources/security/listenerprofiles.xml
TID: [] [] [2026-10-04 12:06:10,277]  INFO {org.wso2.carbon.core.deployment.DeploymentInterceptor} - Deploying Axis2 service: AdminAdvisoryManagementService {super-tenant}
TID: [] [] [2026-10-04 12:06:10,794]  INFO {org.wso2.carbon.core.deployment.DeploymentInterceptor} - Deploying Axis2 service: I18nEmailMgtConfigService {super-tenant}
TID: [] [] [2026-10-04 12:06:11,869]  INFO {org.wso2.carbon.core.deployment.DeploymentInterceptor} - Deploying Axis2 service: AccountCredentialMgtConfigService {super-tenant}
TID: [] [] [2026-10-04 12:06:11,869]  INFO {org.wso2.carbon.core.deployment.DeploymentInterceptor} - Deploying Axis2 service: UserIdentityManagementAdminService {super-tenant}
TID: [] [] [2026-10-04 12:06:11,870]  INFO {org.wso2.carbon.core.deployment.DeploymentInterceptor} - Deploying Axis2 service: UserInformationRecoveryService {super-tenant}
TID: [] [] [2026-10-04 12:06:12,304]  WARN {org.apache.axis2.description.java2wsdl.DefaultSchemaGenerator} - We don't support method overloading. Ignoring [addRemoteServerConfig]
TID: [] [] [2026-10-04 12:06:12,304]  WARN {org.apache.axis2.description.java2wsdl.DefaultSchemaGenerator} - We don't support method overloading. Ignoring [resetRemoteServerConfig]
TID: [] [] [2026-10-04 12:06:12,742]  WARN {org.apache.axis2.description.java2wsdl.DefaultSchemaGenerator} - We don't support method overloading. Ignoring [searchByAttribute]
TID: [] [] [2026-10-04 12:06:13,656]  INFO {org.wso2.carbon.core.init.CarbonServerManager} - Repository       : C:\Users\gabri\Desktop\ENTREV~1\WSO2AM~1.0\bin\../repository/deployment/server/
TID: [] [] [2026-10-04 12:06:13,659]  INFO {org.wso2.carbon.event.input.adapter.kafka.internal.ds.KafkaEventAdapterServiceHolder} - Kafka input event adaptor waiting for dependent configurations to load
TID: [] [] [2026-10-04 12:06:13,672]  INFO {org.wso2.carbon.andes.core.internal.ds.QueueManagerServiceDS} - Successfully created the queue manager service
TID: [] [] [2026-10-04 12:06:13,678]  INFO {org.wso2.carbon.andes.core.internal.ds.SubscriptionManagerServiceDS} - Successfully created the subscription manager service
TID: [] [] [2026-10-04 12:06:13,815]  INFO {org.wso2.carbon.apimgt.persistence.internal.PersistenceManagerComponent} - Activating PersistenceManagerComponent 
TID: [] [] [2026-10-04 12:06:13,835]  INFO {org.wso2.carbon.core.multitenancy.eager.TenantLoadingConfig} - Using tenant lazy loading policy...
TID: [] [] [2026-10-04 12:06:13,846]  INFO {org.wso2.carbon.core.internal.permission.update.PermissionUpdater} - Permission cache updated for tenant -1234
TID: [] [] [2026-10-04 12:06:14,720]  INFO {org.wso2.carbon.identity.entitlement.internal.SchemaBuilder} - XACML policy schema loaded successfully.
TID: [] [] [2026-10-04 12:06:14,816]  INFO {org.wso2.carbon.user.core.internal.UserStoreMgtDSComponent} - Claim manager set for class org.wso2.carbon.user.core.common.DefaultRealm
TID: [] [] [2026-10-04 12:06:14,823]  INFO {org.wso2.carbon.user.core.internal.UserStoreMgtDSComponent} - Claim manager set for class org.wso2.carbon.user.core.jdbc.UniqueIDJDBCUserStoreManager
TID: [] [] [2026-10-04 12:06:14,906]  WARN {org.wso2.carbon.identity.application.mgt.internal.ApplicationManagementServiceComponent} - Templates directory not found at C:\Users\gabri\Desktop\ENTREV~1\WSO2AM~1.0\bin\..\repository\resources\identity\authntemplates
TID: [] [] [2026-10-04 12:06:15,192]  WARN {org.wso2.carbon.identity.auth.valve.internal.AuthenticationValveServiceComponent} - File invalid_tenant_domain_response.html not found. The default content will be used as the error page content.
TID: [] [] [2026-10-04 12:06:15,226]  WARN {org.wso2.carbon.identity.auth.service.internal.AuthenticationServiceComponent} - 

##################################  ALERT  ##################################
[WARNING]: Internal authentication is utilizing default credentials,
which may expose the environment to potential security risks.
If this is a production environment, change the credentials immediately.
Please refer to the WSO2 security advisory: https://security.docs.wso2.com/en/latest/security-announcements/security-advisories/2023/WSO2-2023-2617/
#############################################################################

TID: [] [] [2026-10-04 12:06:15,233]  INFO {org.wso2.carbon.identity.organization.management.tenant.association.internal.TenantAssociationServiceComponent} - Organization management related TenantAssociationManagementListener registered successfully.
TID: [] [] [2026-10-04 12:06:16,190]  INFO {org.wso2.carbon.apimgt.impl.dao.CorrelationConfigDAO} - Correlation Components [http, jdbc, ldap, synapse, method-calls]
TID: [] [] [2026-10-04 12:06:16,264]  INFO {org.wso2.carbon.apimgt.common.jms.factory.JMSConnectionFactory} - JMS ConnectionFactory : Siddhi-JMS-Consumer initialized
TID: [] [] [2026-10-04 12:06:16,268]  INFO {org.wso2.carbon.apimgt.governance.impl.ComplianceEvaluationScheduler} - Initializing Evaluation Request Scheduler...
TID: [] [] [2026-10-04 12:06:16,275]  INFO {org.wso2.carbon.apimgt.common.jms.factory.JMSConnectionFactory} - JMS ConnectionFactory : Siddhi-JMS-Consumer initialized
TID: [] [] [2026-10-04 12:06:16,328]  INFO {org.wso2.carbon.apimgt.common.jms.factory.JMSConnectionFactory} - JMS ConnectionFactory : Siddhi-JMS-Consumer initialized
TID: [] [] [2026-10-04 12:06:16,401]  INFO {org.wso2.carbon.identity.oauth.config.OAuthServerConfiguration} - The default OAuth token issuer will be used. No custom token generator is set.
TID: [] [] [2026-10-04 12:06:16,401]  INFO {org.wso2.carbon.identity.oauth.config.OAuthServerConfiguration} - An instance of org.wso2.carbon.identity.oauth2.token.OauthTokenIssuerImpl is created for Identity OAuth token generation.
TID: [] [] [2026-10-04 12:06:17,400]  INFO {org.wso2.carbon.identity.local.auth.api.core.internal.AuthAPIServiceComponent} - Auth API Service Component  is activated.
TID: [] [] [2026-10-04 12:06:17,590]  WARN {org.wso2.carbon.identity.event.internal.IdentityEventServiceComponent} - Properties for OrganizationCreationHandler is not configured. This event handler will not be activated
TID: [] [] [2026-10-04 12:06:17,615]  WARN {org.wso2.carbon.identity.application.authentication.framework.internal.FrameworkServiceComponent} - Adaptive authentication is disabled.
TID: [] [] [2026-10-04 12:06:17,696]  INFO {org.wso2.carbon.identity.application.authentication.framework.store.SessionDataStore} - Thread pool size for temporary authentication context data delete task: 20
TID: [] [] [2026-10-04 12:06:18,676]  INFO {org.wso2.carbon.mediation.initializer.ServiceBusInitializer} - Starting ESB...
TID: [] [] [2026-10-04 12:06:18,694]  INFO {org.wso2.carbon.mediation.initializer.ServiceBusInitializer} - Initializing Apache Synapse...
TID: [] [] [2026-10-04 12:06:18,699]  INFO {org.apache.synapse.SynapseControllerFactory} - Using Synapse home : C:\Users\gabri\Desktop\ENTREV~1\WSO2AM~1.0\.
TID: [] [] [2026-10-04 12:06:18,699]  INFO {org.apache.synapse.SynapseControllerFactory} - Using synapse.xml location : C:\Users\gabri\Desktop\ENTREV~1\WSO2AM~1.0\.\.\repository\deployment\server\synapse-configs\default
TID: [] [] [2026-10-04 12:06:18,699]  INFO {org.apache.synapse.SynapseControllerFactory} - Using server name : localhost
TID: [] [] [2026-10-04 12:06:18,715]  INFO {org.apache.synapse.SynapseControllerFactory} - The timeout handler will run every : 15s
TID: [] [] [2026-10-04 12:06:18,734]  INFO {org.apache.synapse.Axis2SynapseController} - Initializing Synapse at : Sun Oct 04 12:06:18 BRT 2026
TID: [] [] [2026-10-04 12:06:18,739]  INFO {org.wso2.carbon.mediation.initializer.CarbonSynapseController} - Loading the mediation configuration from the file system
TID: [] [] [2026-10-04 12:06:18,740]  INFO {org.apache.synapse.config.xml.MultiXMLConfigurationBuilder} - Building synapse configuration from the synapse artifact repository at : .\.\repository/deployment/server/synapse-configs\default
TID: [] [] [2026-10-04 12:06:18,748]  INFO {org.apache.synapse.config.xml.XMLConfigurationBuilder} - Generating the Synapse configuration model by parsing the XML configuration
TID: [] [] [2026-10-04 12:06:18,885]  INFO {org.wso2.carbon.mediation.dependency.mgt.DependencyTracker} - Sequence : dispatchSeq was added to the Synapse configuration successfully
TID: [] [] [2026-10-04 12:06:18,939]  INFO {org.wso2.carbon.mediation.dependency.mgt.DependencyTracker} - Sequence : fault was added to the Synapse configuration successfully
TID: [] [] [2026-10-04 12:06:18,978]  INFO {org.wso2.carbon.mediation.dependency.mgt.DependencyTracker} - Sequence : guardrail_fault was added to the Synapse configuration successfully
TID: [] [] [2026-10-04 12:06:19,020]  INFO {org.wso2.carbon.mediation.dependency.mgt.DependencyTracker} - Sequence : main was added to the Synapse configuration successfully
TID: [] [] [2026-10-04 12:06:19,026]  INFO {org.wso2.carbon.mediation.dependency.mgt.DependencyTracker} - Sequence : outDispatchSeq was added to the Synapse configuration successfully
TID: [] [] [2026-10-04 12:06:19,066]  INFO {org.wso2.carbon.mediation.dependency.mgt.DependencyTracker} - Sequence : webhooksFaultSequence was added to the Synapse configuration successfully
TID: [] [] [2026-10-04 12:06:19,098]  INFO {org.wso2.carbon.mediation.dependency.mgt.DependencyTracker} - Sequence : _auth_failure_handler_ was added to the Synapse configuration successfully
TID: [] [] [2026-10-04 12:06:19,130]  INFO {org.wso2.carbon.mediation.dependency.mgt.DependencyTracker} - Sequence : _backend_failure_handler_ was added to the Synapse configuration successfully
TID: [] [] [2026-10-04 12:06:19,142]  INFO {org.wso2.carbon.mediation.dependency.mgt.DependencyTracker} - Sequence : _api_blocked_sequence_ was added to the Synapse configuration successfully
TID: [] [] [2026-10-04 12:06:19,155]  INFO {org.wso2.carbon.mediation.dependency.mgt.DependencyTracker} - Sequence : _build_ was added to the Synapse configuration successfully
TID: [] [] [2026-10-04 12:06:19,191]  INFO {org.wso2.carbon.mediation.dependency.mgt.DependencyTracker} - Sequence : _cors_request_handler_ was added to the Synapse configuration successfully
TID: [] [] [2026-10-04 12:06:19,199]  INFO {org.wso2.carbon.mediation.dependency.mgt.DependencyTracker} - Sequence : _extension_fault_handler_ was added to the Synapse configuration successfully
TID: [] [] [2026-10-04 12:06:19,222]  INFO {org.wso2.carbon.mediation.dependency.mgt.DependencyTracker} - Sequence : _graphql_failure_handler was added to the Synapse configuration successfully
TID: [] [] [2026-10-04 12:06:19,244]  INFO {org.wso2.carbon.mediation.dependency.mgt.DependencyTracker} - Sequence : _mcp_failure_handler_ was added to the Synapse configuration successfully
TID: [] [] [2026-10-04 12:06:19,277]  INFO {org.wso2.carbon.mediation.dependency.mgt.DependencyTracker} - Sequence : _opa_policy_failure_handler_ was added to the Synapse configuration successfully
TID: [] [] [2026-10-04 12:06:19,286]  INFO {org.wso2.carbon.mediation.dependency.mgt.DependencyTracker} - Sequence : _production_key_error_ was added to the Synapse configuration successfully
TID: [] [] [2026-10-04 12:06:19,293]  INFO {org.wso2.carbon.mediation.dependency.mgt.DependencyTracker} - Sequence : _resource_mismatch_handler_ was added to the Synapse configuration successfully
TID: [] [] [2026-10-04 12:06:19,301]  INFO {org.wso2.carbon.mediation.dependency.mgt.DependencyTracker} - Sequence : _sandbox_key_error_ was added to the Synapse configuration successfully
TID: [] [] [2026-10-04 12:06:19,327]  INFO {org.wso2.carbon.mediation.dependency.mgt.DependencyTracker} - Sequence : _threat_fault_ was added to the Synapse configuration successfully
TID: [] [] [2026-10-04 12:06:19,366]  INFO {org.wso2.carbon.mediation.dependency.mgt.DependencyTracker} - Sequence : _throttle_out_handler_ was added to the Synapse configuration successfully
TID: [] [] [2026-10-04 12:06:19,392]  INFO {org.wso2.carbon.mediation.dependency.mgt.DependencyTracker} - Sequence : _token_fault_ was added to the Synapse configuration successfully
TID: [] [] [2026-10-04 12:06:19,433]  INFO {org.wso2.carbon.mediation.dependency.mgt.DependencyTracker} - API : _OpenService_ was added to the Synapse configuration successfully
TID: [] [] [2026-10-04 12:06:19,437]  INFO {org.wso2.carbon.mediation.dependency.mgt.DependencyTracker} - Inbound Endpoint : SecureWebhookServer was added to the Synapse configuration successfully
TID: [] [] [2026-10-04 12:06:19,438]  INFO {org.wso2.carbon.mediation.dependency.mgt.DependencyTracker} - Inbound Endpoint : SecureWebSocketEP was added to the Synapse configuration successfully
TID: [] [] [2026-10-04 12:06:19,444]  INFO {org.wso2.carbon.mediation.dependency.mgt.DependencyTracker} - Inbound Endpoint : WebhookServer was added to the Synapse configuration successfully
TID: [] [] [2026-10-04 12:06:19,445]  INFO {org.wso2.carbon.mediation.dependency.mgt.DependencyTracker} - Inbound Endpoint : WebSocketInboundEndpoint was added to the Synapse configuration successfully
TID: [] [] [2026-10-04 12:06:19,446]  INFO {org.apache.synapse.config.SynapseConfigurationBuilder} - Loaded Synapse configuration from the artifact repository at : .\.\repository/deployment/server/synapse-configs\default
TID: [] [] [2026-10-04 12:06:19,447]  INFO {org.wso2.carbon.mediation.dependency.mgt.DependencyTracker} - Local entry : SERVER_HOST was added to the Synapse configuration successfully
TID: [] [] [2026-10-04 12:06:19,447]  INFO {org.wso2.carbon.mediation.dependency.mgt.DependencyTracker} - Local entry : SERVER_IP was added to the Synapse configuration successfully
TID: [] [] [2026-10-04 12:06:19,489]  INFO {org.apache.synapse.Axis2SynapseController} - Loading mediator extensions...
TID: [] [] [2026-10-04 12:06:20,304]  INFO {org.wso2.carbon.core.deployment.DeploymentInterceptor} - Deploying Axis2 service: echo {super-tenant}
TID: [] [] [2026-10-04 12:06:20,343]  INFO {org.wso2.carbon.core.deployment.DeploymentInterceptor} - Deploying Axis2 service: Version {super-tenant}
TID: [] [] [2026-10-04 12:06:20,354]  INFO {org.wso2.carbon.event.publisher.core.EventPublisherDeployer} - Event Publisher deployment held back and in inactive state :EmailPublisher.xml, Stream validation exception : Stream id_gov_notify_stream:1.0.0 does not exist
TID: [] [] [2026-10-04 12:06:20,355]  INFO {org.wso2.carbon.event.publisher.core.EventPublisherDeployer} - Event Publisher deployment held back and in inactive state :HTTP-recommendationEventPublisher.xml, Stream validation exception : Stream org.wso2.apimgt.recommendation.event.stream:1.0.0 does not exist
TID: [] [] [2026-10-04 12:06:20,362]  INFO {org.wso2.carbon.event.publisher.core.EventPublisherDeployer} - Event Publisher deployment held back and in inactive state :asyncWebhooksEventPublisher.xml, Stream validation exception : Stream org.wso2.apimgt.webhooks.request.stream:1.0.0 does not exist
TID: [] [] [2026-10-04 12:06:20,363]  INFO {org.wso2.carbon.event.publisher.core.EventPublisherDeployer} - Event Publisher deployment held back and in inactive state :asyncWebhooksEventPublisher2.xml, Stream validation exception : Stream org.wso2.apimgt.webhooks.request.stream:1.0.0 does not exist
TID: [] [] [2026-10-04 12:06:20,370]  INFO {org.wso2.carbon.event.publisher.core.EventPublisherDeployer} - Event Publisher deployment held back and in inactive state :asyncWebhooksEventPublisher_1.0.0.xml, Stream validation exception : Stream org.wso2.apimgt.webhooks.request.stream:1.0.0 does not exist
TID: [] [] [2026-10-04 12:06:20,370]  INFO {org.wso2.carbon.event.publisher.core.EventPublisherDeployer} - Event Publisher deployment held back and in inactive state :asyncWebhooksEventPublisher_1.0.0_2.xml, Stream validation exception : Stream org.wso2.apimgt.webhooks.request.stream:1.0.0 does not exist
TID: [] [] [2026-10-04 12:06:20,377]  INFO {org.wso2.carbon.event.publisher.core.EventPublisherDeployer} - Event Publisher deployment held back and in inactive state :blockingEventJMSPublisher.xml, Stream validation exception : Stream org.wso2.blocking.request.stream:1.0.0 does not exist
TID: [] [] [2026-10-04 12:06:20,383]  INFO {org.wso2.carbon.event.publisher.core.EventPublisherDeployer} - Event Publisher deployment held back and in inactive state :cacheInvalidationEventJMSPublisher.xml, Stream validation exception : Stream org.wso2.apimgt.cache.invalidation.stream:1.0.0 does not exist
TID: [] [] [2026-10-04 12:06:20,392]  INFO {org.wso2.carbon.event.publisher.core.EventPublisherDeployer} - Event Publisher deployment held back and in inactive state :globalCacheInvalidationJMSPublisher.xml, Stream validation exception : Stream cache.invalidation.stream:1.0.0 does not exist
TID: [] [] [2026-10-04 12:06:20,398]  INFO {org.wso2.carbon.event.publisher.core.EventPublisherDeployer} - Event Publisher deployment held back and in inactive state :jmsEventPublisher.xml, Stream validation exception : Stream org.wso2.throttle.globalThrottle.stream:1.0.0 does not exist
TID: [] [] [2026-10-04 12:06:20,398]  INFO {org.wso2.carbon.event.publisher.core.EventPublisherDeployer} - Event Publisher deployment held back and in inactive state :jmsEventPublisher2.xml, Stream validation exception : Stream org.wso2.throttle.globalThrottle.stream:1.0.0 does not exist
TID: [] [] [2026-10-04 12:06:20,405]  INFO {org.wso2.carbon.event.publisher.core.EventPublisherDeployer} - Event Publisher deployment held back and in inactive state :jmsEventPublisher_1.10.0.xml, Stream validation exception : Stream org.wso2.throttle.globalThrottle.stream:1.1.0 does not exist
TID: [] [] [2026-10-04 12:06:20,406]  INFO {org.wso2.carbon.event.publisher.core.EventPublisherDeployer} - Event Publisher deployment held back and in inactive state :jmsEventPublisher_1.10.0_2.xml, Stream validation exception : Stream org.wso2.throttle.globalThrottle.stream:1.1.0 does not exist
TID: [] [] [2026-10-04 12:06:20,412]  INFO {org.wso2.carbon.event.publisher.core.EventPublisherDeployer} - Event Publisher deployment held back and in inactive state :keymgtEventJMSEventPublisher.xml, Stream validation exception : Stream org.wso2.apimgt.keymgt.stream:1.0.0 does not exist
TID: [] [] [2026-10-04 12:06:20,421]  INFO {org.wso2.carbon.event.publisher.core.EventPublisherDeployer} - Event Publisher deployment held back and in inactive state :notificationEventJMSPublisher.xml, Stream validation exception : Stream org.wso2.apimgt.notification.stream:1.0.0 does not exist
TID: [] [] [2026-10-04 12:06:20,428]  INFO {org.wso2.carbon.event.publisher.core.EventPublisherDeployer} - Event Publisher deployment held back and in inactive state :tokenRevokeEventJMSPublisher.xml, Stream validation exception : Stream org.wso2.apimgt.token.revocation.stream:1.0.0 does not exist
TID: [] [] [2026-10-04 12:06:20,429]  INFO {org.wso2.carbon.event.publisher.core.EventPublisherDeployer} - Event Publisher deployment held back and in inactive state :tokenRevokeEventJMSPublisher_2.xml, Stream validation exception : Stream org.wso2.apimgt.token.revocation.stream:1.0.0 does not exist
TID: [] [] [2026-10-04 12:06:20,439]  INFO {org.wso2.carbon.event.receiver.core.EventReceiverDeployer} - Event receiver deployment held back and in inactive state: blockingWso2EventReceiver.xml, Stream validation exception: Stream org.wso2.blocking.request.stream:1.0.0 does not exist
TID: [] [] [2026-10-04 12:06:20,444]  INFO {org.wso2.carbon.event.receiver.core.EventReceiverDeployer} - Event receiver deployment held back and in inactive state: cacheInvalidationRequestReceiver.xml, Stream validation exception: Stream cache.invalidation.stream:1.0.0 does not exist
TID: [] [] [2026-10-04 12:06:20,453]  INFO {org.wso2.carbon.event.receiver.core.EventReceiverDeployer} - Event receiver deployment held back and in inactive state: cacheInvalidationWso2EventReceiver.xml, Stream validation exception: Stream org.wso2.apimgt.cache.invalidation.stream:1.0.0 does not exist
TID: [] [] [2026-10-04 12:06:20,460]  INFO {org.wso2.carbon.event.receiver.core.EventReceiverDeployer} - Event receiver deployment held back and in inactive state: keyMgtWso2EventReceiver.xml, Stream validation exception: Stream org.wso2.apimgt.keymgt.stream:1.0.0 does not exist
TID: [] [] [2026-10-04 12:06:20,467]  INFO {org.wso2.carbon.event.receiver.core.EventReceiverDeployer} - Event receiver deployment held back and in inactive state: notificationsWSO2EventReceiver.xml, Stream validation exception: Stream org.wso2.apimgt.notification.stream:1.0.0 does not exist
TID: [] [] [2026-10-04 12:06:20,474]  INFO {org.wso2.carbon.event.receiver.core.EventReceiverDeployer} - Event receiver deployment held back and in inactive state: recommendationWso2EventReceiver.xml, Stream validation exception: Stream org.wso2.apimgt.recommendation.event.stream:1.0.0 does not exist
TID: [] [] [2026-10-04 12:06:20,480]  INFO {org.wso2.carbon.event.receiver.core.EventReceiverDeployer} - Event receiver deployment held back and in inactive state: throttleEventReceiver.xml, Stream validation exception: Stream org.wso2.throttle.request.stream:1.0.0 does not exist
TID: [] [] [2026-10-04 12:06:20,487]  INFO {org.wso2.carbon.event.receiver.core.EventReceiverDeployer} - Event receiver deployment held back and in inactive state: throttleWSO2EventReceiver.xml, Stream validation exception: Stream org.wso2.throttle.request.stream:1.0.0 does not exist
TID: [] [] [2026-10-04 12:06:20,492]  INFO {org.wso2.carbon.event.receiver.core.EventReceiverDeployer} - Event receiver deployment held back and in inactive state: tokenRevocationWso2EventReceiver.xml, Stream validation exception: Stream org.wso2.apimgt.token.revocation.stream:1.0.0 does not exist
TID: [] [] [2026-10-04 12:06:21,100]  INFO {org.wso2.carbon.event.publisher.core.EventPublisherDeployer} - Event Publisher undeployed successfully : globalCacheInvalidationJMSPublisher.xml
TID: [] [] [2026-10-04 12:06:21,104]  INFO {org.wso2.carbon.event.stream.core.internal.EventJunction} - WSO2EventConsumer added to the junction. Stream:cache.invalidation.stream:1.0.0
TID: [] [] [2026-10-04 12:06:21,118]  INFO {org.wso2.carbon.event.publisher.core.EventPublisherDeployer} - Event Publisher configuration successfully deployed and in active state : globalCacheInvalidationJMSPublisher
TID: [] [] [2026-10-04 12:06:21,134]  INFO {org.wso2.carbon.event.receiver.core.EventReceiverDeployer} - Event Receiver undeployed successfully: cacheInvalidationRequestReceiver.xml
TID: [] [] [2026-10-04 12:06:21,139]  INFO {org.wso2.carbon.event.input.adapter.core.internal.InputAdapterRuntime} - Connecting receiver cacheInvalidationRequestReceiver
TID: [] [] [2026-10-04 12:06:21,139]  INFO {org.wso2.carbon.event.stream.core.internal.EventJunction} - Producer added to the junction. Stream:cache.invalidation.stream:1.0.0
TID: [] [] [2026-10-04 12:06:21,139]  INFO {org.wso2.carbon.event.receiver.core.EventReceiverDeployer} - Event Receiver configuration successfully deployed and in active state: cacheInvalidationRequestReceiver
TID: [] [] [2026-10-04 12:06:21,139]  INFO {org.wso2.carbon.event.stream.core.EventStreamDeployer} - Stream definition is deployed successfully  : cache.invalidation.stream:1.0.0
TID: [] [] [2026-10-04 12:06:21,145]  INFO {org.wso2.carbon.event.publisher.core.EventPublisherDeployer} - Event Publisher undeployed successfully : EmailPublisher.xml
TID: [] [] [2026-10-04 12:06:21,148]  INFO {org.wso2.carbon.event.stream.core.internal.EventJunction} - WSO2EventConsumer added to the junction. Stream:id_gov_notify_stream:1.0.0
TID: [] [] [2026-10-04 12:06:21,150]  INFO {org.wso2.carbon.event.publisher.core.EventPublisherDeployer} - Event Publisher configuration successfully deployed and in active state : EmailPublisher
TID: [] [] [2026-10-04 12:06:21,150]  INFO {org.wso2.carbon.event.stream.core.EventStreamDeployer} - Stream definition is deployed successfully  : id_gov_notify_stream:1.0.0
TID: [] [] [2026-10-04 12:06:21,158]  INFO {org.wso2.carbon.event.publisher.core.EventPublisherDeployer} - Event Publisher undeployed successfully : cacheInvalidationEventJMSPublisher.xml
TID: [] [] [2026-10-04 12:06:21,160]  INFO {org.wso2.carbon.event.stream.core.internal.EventJunction} - WSO2EventConsumer added to the junction. Stream:org.wso2.apimgt.cache.invalidation.stream:1.0.0
TID: [] [] [2026-10-04 12:06:21,160]  INFO {org.wso2.carbon.event.publisher.core.EventPublisherDeployer} - Event Publisher configuration successfully deployed and in active state : cacheInvalidationJMSPublisher
TID: [] [] [2026-10-04 12:06:21,160]  INFO {org.wso2.carbon.event.receiver.core.EventReceiverDeployer} - Event Receiver undeployed successfully: cacheInvalidationWso2EventReceiver.xml
TID: [] [] [2026-10-04 12:06:21,161]  INFO {org.wso2.carbon.event.input.adapter.core.internal.InputAdapterRuntime} - Connecting receiver cacheInvalidationWso2EventReceiver
TID: [] [] [2026-10-04 12:06:21,161]  INFO {org.wso2.carbon.event.stream.core.internal.EventJunction} - Producer added to the junction. Stream:org.wso2.apimgt.cache.invalidation.stream:1.0.0
TID: [] [] [2026-10-04 12:06:21,161]  INFO {org.wso2.carbon.event.receiver.core.EventReceiverDeployer} - Event Receiver configuration successfully deployed and in active state: cacheInvalidationWso2EventReceiver
TID: [] [] [2026-10-04 12:06:21,161]  INFO {org.wso2.carbon.event.stream.core.EventStreamDeployer} - Stream definition is deployed successfully  : org.wso2.apimgt.cache.invalidation.stream:1.0.0
TID: [] [] [2026-10-04 12:06:21,169]  INFO {org.wso2.carbon.event.publisher.core.EventPublisherDeployer} - Event Publisher undeployed successfully : keymgtEventJMSEventPublisher.xml
TID: [] [] [2026-10-04 12:06:21,170]  INFO {org.wso2.carbon.event.stream.core.internal.EventJunction} - WSO2EventConsumer added to the junction. Stream:org.wso2.apimgt.keymgt.stream:1.0.0
TID: [] [] [2026-10-04 12:06:21,170]  INFO {org.wso2.carbon.event.publisher.core.EventPublisherDeployer} - Event Publisher configuration successfully deployed and in active state : keymgtEventJMSEventPublisher
TID: [] [] [2026-10-04 12:06:21,170]  INFO {org.wso2.carbon.event.receiver.core.EventReceiverDeployer} - Event Receiver undeployed successfully: keyMgtWso2EventReceiver.xml
TID: [] [] [2026-10-04 12:06:21,171]  INFO {org.wso2.carbon.event.input.adapter.core.internal.InputAdapterRuntime} - Connecting receiver keyMgtWso2EventReceiver
TID: [] [] [2026-10-04 12:06:21,171]  INFO {org.wso2.carbon.event.stream.core.internal.EventJunction} - Producer added to the junction. Stream:org.wso2.apimgt.keymgt.stream:1.0.0
TID: [] [] [2026-10-04 12:06:21,171]  INFO {org.wso2.carbon.event.receiver.core.EventReceiverDeployer} - Event Receiver configuration successfully deployed and in active state: keyMgtWso2EventReceiver
TID: [] [] [2026-10-04 12:06:21,171]  INFO {org.wso2.carbon.event.stream.core.EventStreamDeployer} - Stream definition is deployed successfully  : org.wso2.apimgt.keymgt.stream:1.0.0
TID: [] [] [2026-10-04 12:06:21,178]  INFO {org.wso2.carbon.event.publisher.core.EventPublisherDeployer} - Event Publisher undeployed successfully : notificationEventJMSPublisher.xml
TID: [] [] [2026-10-04 12:06:21,179]  INFO {org.wso2.carbon.event.stream.core.internal.EventJunction} - WSO2EventConsumer added to the junction. Stream:org.wso2.apimgt.notification.stream:1.0.0
TID: [] [] [2026-10-04 12:06:21,179]  INFO {org.wso2.carbon.event.publisher.core.EventPublisherDeployer} - Event Publisher configuration successfully deployed and in active state : notificationJMSPublisher
TID: [] [] [2026-10-04 12:06:21,179]  INFO {org.wso2.carbon.event.receiver.core.EventReceiverDeployer} - Event Receiver undeployed successfully: notificationsWSO2EventReceiver.xml
TID: [] [] [2026-10-04 12:06:21,180]  INFO {org.wso2.carbon.event.input.adapter.core.internal.InputAdapterRuntime} - Connecting receiver notificationsWSO2EventReceiver
TID: [] [] [2026-10-04 12:06:21,180]  INFO {org.wso2.carbon.event.stream.core.internal.EventJunction} - Producer added to the junction. Stream:org.wso2.apimgt.notification.stream:1.0.0
TID: [] [] [2026-10-04 12:06:21,180]  INFO {org.wso2.carbon.event.receiver.core.EventReceiverDeployer} - Event Receiver configuration successfully deployed and in active state: notificationsWSO2EventReceiver
TID: [] [] [2026-10-04 12:06:21,180]  INFO {org.wso2.carbon.event.stream.core.EventStreamDeployer} - Stream definition is deployed successfully  : org.wso2.apimgt.notification.stream:1.0.0
TID: [] [] [2026-10-04 12:06:21,189]  INFO {org.wso2.carbon.event.publisher.core.EventPublisherDeployer} - Event Publisher undeployed successfully : HTTP-recommendationEventPublisher.xml
TID: [] [] [2026-10-04 12:06:21,190]  INFO {org.wso2.carbon.event.stream.core.internal.EventJunction} - WSO2EventConsumer added to the junction. Stream:org.wso2.apimgt.recommendation.event.stream:1.0.0
TID: [] [] [2026-10-04 12:06:21,192]  INFO {org.wso2.carbon.event.publisher.core.EventPublisherDeployer} - Event Publisher configuration successfully deployed and in active state : HTTP-recommendationEventPublisher
TID: [] [] [2026-10-04 12:06:21,192]  INFO {org.wso2.carbon.event.receiver.core.EventReceiverDeployer} - Event Receiver undeployed successfully: recommendationWso2EventReceiver.xml
TID: [] [] [2026-10-04 12:06:21,192]  INFO {org.wso2.carbon.event.input.adapter.core.internal.InputAdapterRuntime} - Connecting receiver recommendationWso2EventReceiver
TID: [] [] [2026-10-04 12:06:21,192]  INFO {org.wso2.carbon.event.stream.core.internal.EventJunction} - Producer added to the junction. Stream:org.wso2.apimgt.recommendation.event.stream:1.0.0
TID: [] [] [2026-10-04 12:06:21,193]  INFO {org.wso2.carbon.event.receiver.core.EventReceiverDeployer} - Event Receiver configuration successfully deployed and in active state: recommendationWso2EventReceiver
TID: [] [] [2026-10-04 12:06:21,193]  INFO {org.wso2.carbon.event.stream.core.EventStreamDeployer} - Stream definition is deployed successfully  : org.wso2.apimgt.recommendation.event.stream:1.0.0
TID: [] [] [2026-10-04 12:06:21,199]  INFO {org.wso2.carbon.event.publisher.core.EventPublisherDeployer} - Event Publisher undeployed successfully : tokenRevokeEventJMSPublisher.xml
TID: [] [] [2026-10-04 12:06:21,201]  INFO {org.wso2.carbon.event.stream.core.internal.EventJunction} - WSO2EventConsumer added to the junction. Stream:org.wso2.apimgt.token.revocation.stream:1.0.0
TID: [] [] [2026-10-04 12:06:21,201]  INFO {org.wso2.carbon.event.publisher.core.EventPublisherDeployer} - Event Publisher configuration successfully deployed and in active state : tokenRevocationJMSPublisher
TID: [] [] [2026-10-04 12:06:21,201]  INFO {org.wso2.carbon.event.publisher.core.EventPublisherDeployer} - Event Publisher undeployed successfully : tokenRevokeEventJMSPublisher_2.xml
TID: [] [] [2026-10-04 12:06:21,202]  INFO {org.wso2.carbon.event.stream.core.internal.EventJunction} - WSO2EventConsumer added to the junction. Stream:org.wso2.apimgt.token.revocation.stream:1.0.0
TID: [] [] [2026-10-04 12:06:21,202]  INFO {org.wso2.carbon.event.publisher.core.EventPublisherDeployer} - Event Publisher configuration successfully deployed and in active state : tokenRevocationJMSPublisher2
TID: [] [] [2026-10-04 12:06:21,202]  INFO {org.wso2.carbon.event.receiver.core.EventReceiverDeployer} - Event Receiver undeployed successfully: tokenRevocationWso2EventReceiver.xml
TID: [] [] [2026-10-04 12:06:21,203]  INFO {org.wso2.carbon.event.input.adapter.core.internal.InputAdapterRuntime} - Connecting receiver tokenRevocationWso2EventReceiver
TID: [] [] [2026-10-04 12:06:21,203]  INFO {org.wso2.carbon.event.stream.core.internal.EventJunction} - Producer added to the junction. Stream:org.wso2.apimgt.token.revocation.stream:1.0.0
TID: [] [] [2026-10-04 12:06:21,203]  INFO {org.wso2.carbon.event.receiver.core.EventReceiverDeployer} - Event Receiver configuration successfully deployed and in active state: tokenRevocationWso2EventReceiver
TID: [] [] [2026-10-04 12:06:21,203]  INFO {org.wso2.carbon.event.stream.core.EventStreamDeployer} - Stream definition is deployed successfully  : org.wso2.apimgt.token.revocation.stream:1.0.0
TID: [] [] [2026-10-04 12:06:21,211]  INFO {org.wso2.carbon.event.publisher.core.EventPublisherDeployer} - Event Publisher undeployed successfully : asyncWebhooksEventPublisher.xml
TID: [] [] [2026-10-04 12:06:21,213]  INFO {org.wso2.carbon.event.stream.core.internal.EventJunction} - WSO2EventConsumer added to the junction. Stream:org.wso2.apimgt.webhooks.request.stream:1.0.0
TID: [] [] [2026-10-04 12:06:21,213]  INFO {org.wso2.carbon.event.publisher.core.EventPublisherDeployer} - Event Publisher configuration successfully deployed and in active state : asyncWebhooksEventPublisher
TID: [] [] [2026-10-04 12:06:21,213]  INFO {org.wso2.carbon.event.publisher.core.EventPublisherDeployer} - Event Publisher undeployed successfully : asyncWebhooksEventPublisher2.xml
TID: [] [] [2026-10-04 12:06:21,214]  INFO {org.wso2.carbon.event.stream.core.internal.EventJunction} - WSO2EventConsumer added to the junction. Stream:org.wso2.apimgt.webhooks.request.stream:1.0.0
TID: [] [] [2026-10-04 12:06:21,214]  INFO {org.wso2.carbon.event.publisher.core.EventPublisherDeployer} - Event Publisher configuration successfully deployed and in active state : asyncWebhooksEventPublisher2
TID: [] [] [2026-10-04 12:06:21,214]  INFO {org.wso2.carbon.event.publisher.core.EventPublisherDeployer} - Event Publisher undeployed successfully : asyncWebhooksEventPublisher_1.0.0.xml
TID: [] [] [2026-10-04 12:06:21,215]  INFO {org.wso2.carbon.event.stream.core.internal.EventJunction} - WSO2EventConsumer added to the junction. Stream:org.wso2.apimgt.webhooks.request.stream:1.0.0
TID: [] [] [2026-10-04 12:06:21,215]  INFO {org.wso2.carbon.event.publisher.core.EventPublisherDeployer} - Event Publisher configuration successfully deployed and in active state : asyncWebhooksEventPublisher-1.0.0
TID: [] [] [2026-10-04 12:06:21,216]  INFO {org.wso2.carbon.event.publisher.core.EventPublisherDeployer} - Event Publisher undeployed successfully : asyncWebhooksEventPublisher_1.0.0_2.xml
TID: [] [] [2026-10-04 12:06:21,217]  INFO {org.wso2.carbon.event.stream.core.internal.EventJunction} - WSO2EventConsumer added to the junction. Stream:org.wso2.apimgt.webhooks.request.stream:1.0.0
TID: [] [] [2026-10-04 12:06:21,217]  INFO {org.wso2.carbon.event.publisher.core.EventPublisherDeployer} - Event Publisher configuration successfully deployed and in active state : asyncWebhooksEventPublisher-1.0.0-2
TID: [] [] [2026-10-04 12:06:21,217]  INFO {org.wso2.carbon.event.stream.core.EventStreamDeployer} - Stream definition is deployed successfully  : org.wso2.apimgt.webhooks.request.stream:1.0.0
TID: [] [] [2026-10-04 12:06:21,223]  INFO {org.wso2.carbon.event.publisher.core.EventPublisherDeployer} - Event Publisher undeployed successfully : blockingEventJMSPublisher.xml
TID: [] [] [2026-10-04 12:06:21,224]  INFO {org.wso2.carbon.event.stream.core.internal.EventJunction} - WSO2EventConsumer added to the junction. Stream:org.wso2.blocking.request.stream:1.0.0
TID: [] [] [2026-10-04 12:06:21,224]  INFO {org.wso2.carbon.event.publisher.core.EventPublisherDeployer} - Event Publisher configuration successfully deployed and in active state : blockingEventJMSPublisher
TID: [] [] [2026-10-04 12:06:21,224]  INFO {org.wso2.carbon.event.receiver.core.EventReceiverDeployer} - Event Receiver undeployed successfully: blockingWso2EventReceiver.xml
TID: [] [] [2026-10-04 12:06:21,225]  INFO {org.wso2.carbon.event.input.adapter.core.internal.InputAdapterRuntime} - Connecting receiver blockingWso2EventReceiver
TID: [] [] [2026-10-04 12:06:21,225]  INFO {org.wso2.carbon.event.stream.core.internal.EventJunction} - Producer added to the junction. Stream:org.wso2.blocking.request.stream:1.0.0
TID: [] [] [2026-10-04 12:06:21,225]  INFO {org.wso2.carbon.event.receiver.core.EventReceiverDeployer} - Event Receiver configuration successfully deployed and in active state: blockingWso2EventReceiver
TID: [] [] [2026-10-04 12:06:21,225]  INFO {org.wso2.carbon.event.stream.core.EventStreamDeployer} - Stream definition is deployed successfully  : org.wso2.blocking.request.stream:1.0.0
TID: [] [] [2026-10-04 12:06:21,233]  INFO {org.wso2.carbon.event.stream.core.EventStreamDeployer} - Stream definition is deployed successfully  : org.wso2.botDetectionData.request.stream:1.0.0
TID: [] [] [2026-10-04 12:06:21,239]  INFO {org.wso2.carbon.event.publisher.core.EventPublisherDeployer} - Event Publisher undeployed successfully : jmsEventPublisher.xml
TID: [] [] [2026-10-04 12:06:21,240]  INFO {org.wso2.carbon.event.stream.core.internal.EventJunction} - WSO2EventConsumer added to the junction. Stream:org.wso2.throttle.globalThrottle.stream:1.0.0
TID: [] [] [2026-10-04 12:06:21,240]  INFO {org.wso2.carbon.event.publisher.core.EventPublisherDeployer} - Event Publisher configuration successfully deployed and in active state : jmsEventPublisher
TID: [] [] [2026-10-04 12:06:21,240]  INFO {org.wso2.carbon.event.publisher.core.EventPublisherDeployer} - Event Publisher undeployed successfully : jmsEventPublisher2.xml
TID: [] [] [2026-10-04 12:06:21,241]  INFO {org.wso2.carbon.event.stream.core.internal.EventJunction} - WSO2EventConsumer added to the junction. Stream:org.wso2.throttle.globalThrottle.stream:1.0.0
TID: [] [] [2026-10-04 12:06:21,242]  INFO {org.wso2.carbon.event.publisher.core.EventPublisherDeployer} - Event Publisher configuration successfully deployed and in active state : jmsEventPublisher2
TID: [] [] [2026-10-04 12:06:21,258]  INFO {org.wso2.carbon.event.processor.core.EventProcessorDeployer} - Execution Plan was undeployed successfully : carbon.super_app_10PerMin.siddhiql
TID: [] [] [2026-10-04 12:06:21,264]  INFO {org.wso2.carbon.event.processor.core.EventProcessorDeployer} - Execution Plan was undeployed successfully : carbon.super_app_20PerMin.siddhiql
TID: [] [] [2026-10-04 12:06:21,266]  INFO {org.wso2.carbon.event.processor.core.EventProcessorDeployer} - Execution Plan was undeployed successfully : carbon.super_app_50PerMin.siddhiql
TID: [] [] [2026-10-04 12:06:21,269]  INFO {org.wso2.carbon.event.processor.core.EventProcessorDeployer} - Execution Plan was undeployed successfully : carbon.super_sub_AIBronze.siddhiql
TID: [] [] [2026-10-04 12:06:21,271]  INFO {org.wso2.carbon.event.processor.core.EventProcessorDeployer} - Execution Plan was undeployed successfully : carbon.super_sub_AIGold.siddhiql
TID: [] [] [2026-10-04 12:06:21,274]  INFO {org.wso2.carbon.event.processor.core.EventProcessorDeployer} - Execution Plan was undeployed successfully : carbon.super_sub_AISilver.siddhiql
TID: [] [] [2026-10-04 12:06:21,278]  INFO {org.wso2.carbon.event.processor.core.EventProcessorDeployer} - Execution Plan was undeployed successfully : carbon.super_sub_AsyncBronze.siddhiql
TID: [] [] [2026-10-04 12:06:21,281]  INFO {org.wso2.carbon.event.processor.core.EventProcessorDeployer} - Execution Plan was undeployed successfully : carbon.super_sub_AsyncDefaultSubscriptionless.siddhiql
TID: [] [] [2026-10-04 12:06:21,284]  INFO {org.wso2.carbon.event.processor.core.EventProcessorDeployer} - Execution Plan was undeployed successfully : carbon.super_sub_AsyncGold.siddhiql
TID: [] [] [2026-10-04 12:06:21,286]  INFO {org.wso2.carbon.event.processor.core.EventProcessorDeployer} - Execution Plan was undeployed successfully : carbon.super_sub_AsyncSilver.siddhiql
TID: [] [] [2026-10-04 12:06:21,289]  INFO {org.wso2.carbon.event.processor.core.EventProcessorDeployer} - Execution Plan was undeployed successfully : carbon.super_sub_AsyncWHBronze.siddhiql
TID: [] [] [2026-10-04 12:06:21,292]  INFO {org.wso2.carbon.event.processor.core.EventProcessorDeployer} - Execution Plan was undeployed successfully : carbon.super_sub_AsyncWHGold.siddhiql
TID: [] [] [2026-10-04 12:06:21,295]  INFO {org.wso2.carbon.event.processor.core.EventProcessorDeployer} - Execution Plan was undeployed successfully : carbon.super_sub_AsyncWHSilver.siddhiql
TID: [] [] [2026-10-04 12:06:21,299]  INFO {org.wso2.carbon.event.processor.core.EventProcessorDeployer} - Execution Plan was undeployed successfully : carbon.super_sub_Bronze.siddhiql
TID: [] [] [2026-10-04 12:06:21,302]  INFO {org.wso2.carbon.event.processor.core.EventProcessorDeployer} - Execution Plan was undeployed successfully : carbon.super_sub_DefaultSubscriptionless.siddhiql
TID: [] [] [2026-10-04 12:06:21,304]  INFO {org.wso2.carbon.event.processor.core.EventProcessorDeployer} - Execution Plan was undeployed successfully : carbon.super_sub_Gold.siddhiql
TID: [] [] [2026-10-04 12:06:21,307]  INFO {org.wso2.carbon.event.processor.core.EventProcessorDeployer} - Execution Plan was undeployed successfully : carbon.super_sub_Silver.siddhiql
TID: [] [] [2026-10-04 12:06:21,309]  INFO {org.wso2.carbon.event.processor.core.EventProcessorDeployer} - Execution Plan was undeployed successfully : carbon.super_sub_Unauthenticated.siddhiql
TID: [] [] [2026-10-04 12:06:21,311]  INFO {org.wso2.carbon.event.processor.core.EventProcessorDeployer} - Execution Plan was undeployed successfully : rh.com_app_10PerMin.siddhiql
TID: [] [] [2026-10-04 12:06:21,313]  INFO {org.wso2.carbon.event.processor.core.EventProcessorDeployer} - Execution Plan was undeployed successfully : rh.com_app_20PerMin.siddhiql
TID: [] [] [2026-10-04 12:06:21,316]  INFO {org.wso2.carbon.event.processor.core.EventProcessorDeployer} - Execution Plan was undeployed successfully : rh.com_app_50PerMin.siddhiql
TID: [] [] [2026-10-04 12:06:21,319]  INFO {org.wso2.carbon.event.processor.core.EventProcessorDeployer} - Execution Plan was undeployed successfully : rh.com_sub_AIBronze.siddhiql
TID: [] [] [2026-10-04 12:06:21,323]  INFO {org.wso2.carbon.event.processor.core.EventProcessorDeployer} - Execution Plan was undeployed successfully : rh.com_sub_AIGold.siddhiql
TID: [] [] [2026-10-04 12:06:21,326]  INFO {org.wso2.carbon.event.processor.core.EventProcessorDeployer} - Execution Plan was undeployed successfully : rh.com_sub_AISilver.siddhiql
TID: [] [] [2026-10-04 12:06:21,329]  INFO {org.wso2.carbon.event.processor.core.EventProcessorDeployer} - Execution Plan was undeployed successfully : rh.com_sub_AsyncBronze.siddhiql
TID: [] [] [2026-10-04 12:06:21,332]  INFO {org.wso2.carbon.event.processor.core.EventProcessorDeployer} - Execution Plan was undeployed successfully : rh.com_sub_AsyncDefaultSubscriptionless.siddhiql
TID: [] [] [2026-10-04 12:06:21,335]  INFO {org.wso2.carbon.event.processor.core.EventProcessorDeployer} - Execution Plan was undeployed successfully : rh.com_sub_AsyncGold.siddhiql
TID: [] [] [2026-10-04 12:06:21,338]  INFO {org.wso2.carbon.event.processor.core.EventProcessorDeployer} - Execution Plan was undeployed successfully : rh.com_sub_AsyncSilver.siddhiql
TID: [] [] [2026-10-04 12:06:21,341]  INFO {org.wso2.carbon.event.processor.core.EventProcessorDeployer} - Execution Plan was undeployed successfully : rh.com_sub_AsyncWHBronze.siddhiql
TID: [] [] [2026-10-04 12:06:21,343]  INFO {org.wso2.carbon.event.processor.core.EventProcessorDeployer} - Execution Plan was undeployed successfully : rh.com_sub_AsyncWHGold.siddhiql
TID: [] [] [2026-10-04 12:06:21,345]  INFO {org.wso2.carbon.event.processor.core.EventProcessorDeployer} - Execution Plan was undeployed successfully : rh.com_sub_AsyncWHSilver.siddhiql
TID: [] [] [2026-10-04 12:06:21,347]  INFO {org.wso2.carbon.event.processor.core.EventProcessorDeployer} - Execution Plan was undeployed successfully : rh.com_sub_Bronze.siddhiql
TID: [] [] [2026-10-04 12:06:21,349]  INFO {org.wso2.carbon.event.processor.core.EventProcessorDeployer} - Execution Plan was undeployed successfully : rh.com_sub_DefaultSubscriptionless.siddhiql
TID: [] [] [2026-10-04 12:06:21,351]  INFO {org.wso2.carbon.event.processor.core.EventProcessorDeployer} - Execution Plan was undeployed successfully : rh.com_sub_Gold.siddhiql
TID: [] [] [2026-10-04 12:06:21,354]  INFO {org.wso2.carbon.event.processor.core.EventProcessorDeployer} - Execution Plan was undeployed successfully : rh.com_sub_Silver.siddhiql
TID: [] [] [2026-10-04 12:06:21,356]  INFO {org.wso2.carbon.event.processor.core.EventProcessorDeployer} - Execution Plan was undeployed successfully : rh.com_sub_Unauthenticated.siddhiql
TID: [] [] [2026-10-04 12:06:21,359]  INFO {org.wso2.carbon.event.stream.core.EventStreamDeployer} - Stream definition is deployed successfully  : org.wso2.throttle.globalThrottle.stream:1.0.0
TID: [] [] [2026-10-04 12:06:21,366]  INFO {org.wso2.carbon.event.publisher.core.EventPublisherDeployer} - Event Publisher undeployed successfully : jmsEventPublisher_1.10.0.xml
TID: [] [] [2026-10-04 12:06:21,367]  INFO {org.wso2.carbon.event.stream.core.internal.EventJunction} - WSO2EventConsumer added to the junction. Stream:org.wso2.throttle.globalThrottle.stream:1.1.0
TID: [] [] [2026-10-04 12:06:21,367]  INFO {org.wso2.carbon.event.publisher.core.EventPublisherDeployer} - Event Publisher configuration successfully deployed and in active state : jmsEventPublisher-1.0.0
TID: [] [] [2026-10-04 12:06:21,367]  INFO {org.wso2.carbon.event.publisher.core.EventPublisherDeployer} - Event Publisher undeployed successfully : jmsEventPublisher_1.10.0_2.xml
TID: [] [] [2026-10-04 12:06:21,368]  INFO {org.wso2.carbon.event.stream.core.internal.EventJunction} - WSO2EventConsumer added to the junction. Stream:org.wso2.throttle.globalThrottle.stream:1.1.0
TID: [] [] [2026-10-04 12:06:21,368]  INFO {org.wso2.carbon.event.publisher.core.EventPublisherDeployer} - Event Publisher configuration successfully deployed and in active state : jmsEventPublisher-1.0.0-2
TID: [] [] [2026-10-04 12:06:21,368]  INFO {org.wso2.carbon.event.processor.core.EventProcessorDeployer} - Execution Plan was undeployed successfully : carbon.super_resource_10KPerMin_default.siddhiql
TID: [] [] [2026-10-04 12:06:21,371]  INFO {org.wso2.carbon.event.processor.core.EventProcessorDeployer} - Execution Plan was undeployed successfully : carbon.super_resource_20KPerMin_default.siddhiql
TID: [] [] [2026-10-04 12:06:21,374]  INFO {org.wso2.carbon.event.processor.core.EventProcessorDeployer} - Execution Plan was undeployed successfully : carbon.super_resource_50KPerMin_default.siddhiql
TID: [] [] [2026-10-04 12:06:21,377]  INFO {org.wso2.carbon.event.processor.core.EventProcessorDeployer} - Execution Plan was undeployed successfully : rh.com_resource_10KPerMin_default.siddhiql
TID: [] [] [2026-10-04 12:06:21,380]  INFO {org.wso2.carbon.event.processor.core.EventProcessorDeployer} - Execution Plan was undeployed successfully : rh.com_resource_20KPerMin_default.siddhiql
TID: [] [] [2026-10-04 12:06:21,382]  INFO {org.wso2.carbon.event.processor.core.EventProcessorDeployer} - Execution Plan was undeployed successfully : rh.com_resource_50KPerMin_default.siddhiql
TID: [] [] [2026-10-04 12:06:21,385]  INFO {org.wso2.carbon.event.stream.core.EventStreamDeployer} - Stream definition is deployed successfully  : org.wso2.throttle.globalThrottle.stream:1.1.0
TID: [] [] [2026-10-04 12:06:21,394]  INFO {org.wso2.carbon.event.processor.core.EventProcessorDeployer} - Execution Plan was undeployed successfully : RequestPreProcessorExecutionPlan.siddhiql
TID: [] [] [2026-10-04 12:06:21,395]  INFO {org.wso2.carbon.event.processor.core.EventProcessorDeployer} - Execution Plan was undeployed successfully : carbon.super_app_10PerMin.siddhiql
TID: [] [] [2026-10-04 12:06:21,454]  INFO {org.wso2.carbon.event.stream.core.internal.EventJunction} - Producer added to the junction. Stream:org.wso2.throttle.globalThrottle.stream:1.0.0
TID: [] [] [2026-10-04 12:06:21,455]  INFO {org.wso2.carbon.event.stream.core.internal.EventJunction} - Consumer added to the junction. Stream:org.wso2.throttle.processed.request.stream:1.0.0
TID: [] [] [2026-10-04 12:06:21,455]  INFO {org.wso2.carbon.event.processor.core.EventProcessorDeployer} - Execution plan is deployed successfully and in active state  : carbon.super_app_10PerMin
TID: [] [] [2026-10-04 12:06:21,455]  INFO {org.wso2.carbon.event.processor.core.EventProcessorDeployer} - Execution Plan was undeployed successfully : carbon.super_app_20PerMin.siddhiql
TID: [] [] [2026-10-04 12:06:21,468]  INFO {org.wso2.carbon.event.stream.core.internal.EventJunction} - Producer added to the junction. Stream:org.wso2.throttle.globalThrottle.stream:1.0.0
TID: [] [] [2026-10-04 12:06:21,468]  INFO {org.wso2.carbon.event.stream.core.internal.EventJunction} - Consumer added to the junction. Stream:org.wso2.throttle.processed.request.stream:1.0.0
TID: [] [] [2026-10-04 12:06:21,468]  INFO {org.wso2.carbon.event.processor.core.EventProcessorDeployer} - Execution plan is deployed successfully and in active state  : carbon.super_app_20PerMin
TID: [] [] [2026-10-04 12:06:21,468]  INFO {org.wso2.carbon.event.processor.core.EventProcessorDeployer} - Execution Plan was undeployed successfully : carbon.super_app_50PerMin.siddhiql
TID: [] [] [2026-10-04 12:06:21,485]  INFO {org.wso2.carbon.event.stream.core.internal.EventJunction} - Producer added to the junction. Stream:org.wso2.throttle.globalThrottle.stream:1.0.0
TID: [] [] [2026-10-04 12:06:21,485]  INFO {org.wso2.carbon.event.stream.core.internal.EventJunction} - Consumer added to the junction. Stream:org.wso2.throttle.processed.request.stream:1.0.0
TID: [] [] [2026-10-04 12:06:21,485]  INFO {org.wso2.carbon.event.processor.core.EventProcessorDeployer} - Execution plan is deployed successfully and in active state  : carbon.super_app_50PerMin
TID: [] [] [2026-10-04 12:06:21,485]  INFO {org.wso2.carbon.event.processor.core.EventProcessorDeployer} - Execution Plan was undeployed successfully : carbon.super_sub_AIBronze.siddhiql
TID: [] [] [2026-10-04 12:06:21,501]  INFO {org.wso2.carbon.event.stream.core.internal.EventJunction} - Producer added to the junction. Stream:org.wso2.throttle.globalThrottle.stream:1.0.0
TID: [] [] [2026-10-04 12:06:21,501]  INFO {org.wso2.carbon.event.stream.core.internal.EventJunction} - Consumer added to the junction. Stream:org.wso2.throttle.processed.request.stream:1.0.0
TID: [] [] [2026-10-04 12:06:21,501]  INFO {org.wso2.carbon.event.processor.core.EventProcessorDeployer} - Execution plan is deployed successfully and in active state  : carbon.super_sub_AIBronze
TID: [] [] [2026-10-04 12:06:21,501]  INFO {org.wso2.carbon.event.processor.core.EventProcessorDeployer} - Execution Plan was undeployed successfully : carbon.super_sub_AIGold.siddhiql
TID: [] [] [2026-10-04 12:06:21,515]  INFO {org.wso2.carbon.event.stream.core.internal.EventJunction} - Producer added to the junction. Stream:org.wso2.throttle.globalThrottle.stream:1.0.0
TID: [] [] [2026-10-04 12:06:21,515]  INFO {org.wso2.carbon.event.stream.core.internal.EventJunction} - Consumer added to the junction. Stream:org.wso2.throttle.processed.request.stream:1.0.0
TID: [] [] [2026-10-04 12:06:21,515]  INFO {org.wso2.carbon.event.processor.core.EventProcessorDeployer} - Execution plan is deployed successfully and in active state  : carbon.super_sub_AIGold
TID: [] [] [2026-10-04 12:06:21,515]  INFO {org.wso2.carbon.event.processor.core.EventProcessorDeployer} - Execution Plan was undeployed successfully : carbon.super_sub_AISilver.siddhiql
TID: [] [] [2026-10-04 12:06:21,529]  INFO {org.wso2.carbon.event.stream.core.internal.EventJunction} - Producer added to the junction. Stream:org.wso2.throttle.globalThrottle.stream:1.0.0
TID: [] [] [2026-10-04 12:06:21,529]  INFO {org.wso2.carbon.event.stream.core.internal.EventJunction} - Consumer added to the junction. Stream:org.wso2.throttle.processed.request.stream:1.0.0
TID: [] [] [2026-10-04 12:06:21,529]  INFO {org.wso2.carbon.event.processor.core.EventProcessorDeployer} - Execution plan is deployed successfully and in active state  : carbon.super_sub_AISilver
TID: [] [] [2026-10-04 12:06:21,529]  INFO {org.wso2.carbon.event.processor.core.EventProcessorDeployer} - Execution Plan was undeployed successfully : carbon.super_sub_AsyncBronze.siddhiql
TID: [] [] [2026-10-04 12:06:21,540]  INFO {org.wso2.carbon.event.stream.core.internal.EventJunction} - Producer added to the junction. Stream:org.wso2.throttle.globalThrottle.stream:1.0.0
TID: [] [] [2026-10-04 12:06:21,540]  INFO {org.wso2.carbon.event.stream.core.internal.EventJunction} - Consumer added to the junction. Stream:org.wso2.throttle.processed.request.stream:1.0.0
TID: [] [] [2026-10-04 12:06:21,540]  INFO {org.wso2.carbon.event.processor.core.EventProcessorDeployer} - Execution plan is deployed successfully and in active state  : carbon.super_sub_AsyncBronze
TID: [] [] [2026-10-04 12:06:21,540]  INFO {org.wso2.carbon.event.processor.core.EventProcessorDeployer} - Execution Plan was undeployed successfully : carbon.super_sub_AsyncDefaultSubscriptionless.siddhiql
TID: [] [] [2026-10-04 12:06:21,550]  INFO {org.wso2.carbon.event.stream.core.internal.EventJunction} - Producer added to the junction. Stream:org.wso2.throttle.globalThrottle.stream:1.0.0
TID: [] [] [2026-10-04 12:06:21,550]  INFO {org.wso2.carbon.event.stream.core.internal.EventJunction} - Consumer added to the junction. Stream:org.wso2.throttle.processed.request.stream:1.0.0
TID: [] [] [2026-10-04 12:06:21,550]  INFO {org.wso2.carbon.event.processor.core.EventProcessorDeployer} - Execution plan is deployed successfully and in active state  : carbon.super_sub_AsyncDefaultSubscriptionless
TID: [] [] [2026-10-04 12:06:21,550]  INFO {org.wso2.carbon.event.processor.core.EventProcessorDeployer} - Execution Plan was undeployed successfully : carbon.super_sub_AsyncGold.siddhiql
TID: [] [] [2026-10-04 12:06:21,560]  INFO {org.wso2.carbon.event.stream.core.internal.EventJunction} - Producer added to the junction. Stream:org.wso2.throttle.globalThrottle.stream:1.0.0
TID: [] [] [2026-10-04 12:06:21,561]  INFO {org.wso2.carbon.event.stream.core.internal.EventJunction} - Consumer added to the junction. Stream:org.wso2.throttle.processed.request.stream:1.0.0
TID: [] [] [2026-10-04 12:06:21,561]  INFO {org.wso2.carbon.event.processor.core.EventProcessorDeployer} - Execution plan is deployed successfully and in active state  : carbon.super_sub_AsyncGold
TID: [] [] [2026-10-04 12:06:21,561]  INFO {org.wso2.carbon.event.processor.core.EventProcessorDeployer} - Execution Plan was undeployed successfully : carbon.super_sub_AsyncSilver.siddhiql
TID: [] [] [2026-10-04 12:06:21,571]  INFO {org.wso2.carbon.event.stream.core.internal.EventJunction} - Producer added to the junction. Stream:org.wso2.throttle.globalThrottle.stream:1.0.0
TID: [] [] [2026-10-04 12:06:21,571]  INFO {org.wso2.carbon.event.stream.core.internal.EventJunction} - Consumer added to the junction. Stream:org.wso2.throttle.processed.request.stream:1.0.0
TID: [] [] [2026-10-04 12:06:21,571]  INFO {org.wso2.carbon.event.processor.core.EventProcessorDeployer} - Execution plan is deployed successfully and in active state  : carbon.super_sub_AsyncSilver
TID: [] [] [2026-10-04 12:06:21,571]  INFO {org.wso2.carbon.event.processor.core.EventProcessorDeployer} - Execution Plan was undeployed successfully : carbon.super_sub_AsyncWHBronze.siddhiql
TID: [] [] [2026-10-04 12:06:21,582]  INFO {org.wso2.carbon.event.stream.core.internal.EventJunction} - Producer added to the junction. Stream:org.wso2.throttle.globalThrottle.stream:1.0.0
TID: [] [] [2026-10-04 12:06:21,582]  INFO {org.wso2.carbon.event.stream.core.internal.EventJunction} - Consumer added to the junction. Stream:org.wso2.throttle.processed.request.stream:1.0.0
TID: [] [] [2026-10-04 12:06:21,582]  INFO {org.wso2.carbon.event.processor.core.EventProcessorDeployer} - Execution plan is deployed successfully and in active state  : carbon.super_sub_AsyncWHBronze
TID: [] [] [2026-10-04 12:06:21,582]  INFO {org.wso2.carbon.event.processor.core.EventProcessorDeployer} - Execution Plan was undeployed successfully : carbon.super_sub_AsyncWHGold.siddhiql
TID: [] [] [2026-10-04 12:06:21,595]  INFO {org.wso2.carbon.event.stream.core.internal.EventJunction} - Producer added to the junction. Stream:org.wso2.throttle.globalThrottle.stream:1.0.0
TID: [] [] [2026-10-04 12:06:21,595]  INFO {org.wso2.carbon.event.stream.core.internal.EventJunction} - Consumer added to the junction. Stream:org.wso2.throttle.processed.request.stream:1.0.0
TID: [] [] [2026-10-04 12:06:21,595]  INFO {org.wso2.carbon.event.processor.core.EventProcessorDeployer} - Execution plan is deployed successfully and in active state  : carbon.super_sub_AsyncWHGold
TID: [] [] [2026-10-04 12:06:21,595]  INFO {org.wso2.carbon.event.processor.core.EventProcessorDeployer} - Execution Plan was undeployed successfully : carbon.super_sub_AsyncWHSilver.siddhiql
TID: [] [] [2026-10-04 12:06:21,606]  INFO {org.wso2.carbon.event.stream.core.internal.EventJunction} - Producer added to the junction. Stream:org.wso2.throttle.globalThrottle.stream:1.0.0
TID: [] [] [2026-10-04 12:06:21,606]  INFO {org.wso2.carbon.event.stream.core.internal.EventJunction} - Consumer added to the junction. Stream:org.wso2.throttle.processed.request.stream:1.0.0
TID: [] [] [2026-10-04 12:06:21,606]  INFO {org.wso2.carbon.event.processor.core.EventProcessorDeployer} - Execution plan is deployed successfully and in active state  : carbon.super_sub_AsyncWHSilver
TID: [] [] [2026-10-04 12:06:21,606]  INFO {org.wso2.carbon.event.processor.core.EventProcessorDeployer} - Execution Plan was undeployed successfully : carbon.super_sub_Bronze.siddhiql
TID: [] [] [2026-10-04 12:06:21,613]  INFO {org.wso2.carbon.event.stream.core.internal.EventJunction} - Producer added to the junction. Stream:org.wso2.throttle.globalThrottle.stream:1.0.0
TID: [] [] [2026-10-04 12:06:21,614]  INFO {org.wso2.carbon.event.stream.core.internal.EventJunction} - Consumer added to the junction. Stream:org.wso2.throttle.processed.request.stream:1.0.0
TID: [] [] [2026-10-04 12:06:21,614]  INFO {org.wso2.carbon.event.processor.core.EventProcessorDeployer} - Execution plan is deployed successfully and in active state  : carbon.super_sub_Bronze
TID: [] [] [2026-10-04 12:06:21,614]  INFO {org.wso2.carbon.event.processor.core.EventProcessorDeployer} - Execution Plan was undeployed successfully : carbon.super_sub_DefaultSubscriptionless.siddhiql
TID: [] [] [2026-10-04 12:06:21,623]  INFO {org.wso2.carbon.event.stream.core.internal.EventJunction} - Producer added to the junction. Stream:org.wso2.throttle.globalThrottle.stream:1.0.0
TID: [] [] [2026-10-04 12:06:21,623]  INFO {org.wso2.carbon.event.stream.core.internal.EventJunction} - Consumer added to the junction. Stream:org.wso2.throttle.processed.request.stream:1.0.0
TID: [] [] [2026-10-04 12:06:21,623]  INFO {org.wso2.carbon.event.processor.core.EventProcessorDeployer} - Execution plan is deployed successfully and in active state  : carbon.super_sub_DefaultSubscriptionless
TID: [] [] [2026-10-04 12:06:21,623]  INFO {org.wso2.carbon.event.processor.core.EventProcessorDeployer} - Execution Plan was undeployed successfully : carbon.super_sub_Gold.siddhiql
TID: [] [] [2026-10-04 12:06:21,631]  INFO {org.wso2.carbon.event.stream.core.internal.EventJunction} - Producer added to the junction. Stream:org.wso2.throttle.globalThrottle.stream:1.0.0
TID: [] [] [2026-10-04 12:06:21,631]  INFO {org.wso2.carbon.event.stream.core.internal.EventJunction} - Consumer added to the junction. Stream:org.wso2.throttle.processed.request.stream:1.0.0
TID: [] [] [2026-10-04 12:06:21,631]  INFO {org.wso2.carbon.event.processor.core.EventProcessorDeployer} - Execution plan is deployed successfully and in active state  : carbon.super_sub_Gold
TID: [] [] [2026-10-04 12:06:21,631]  INFO {org.wso2.carbon.event.processor.core.EventProcessorDeployer} - Execution Plan was undeployed successfully : carbon.super_sub_Silver.siddhiql
TID: [] [] [2026-10-04 12:06:21,639]  INFO {org.wso2.carbon.event.stream.core.internal.EventJunction} - Producer added to the junction. Stream:org.wso2.throttle.globalThrottle.stream:1.0.0
TID: [] [] [2026-10-04 12:06:21,639]  INFO {org.wso2.carbon.event.stream.core.internal.EventJunction} - Consumer added to the junction. Stream:org.wso2.throttle.processed.request.stream:1.0.0
TID: [] [] [2026-10-04 12:06:21,639]  INFO {org.wso2.carbon.event.processor.core.EventProcessorDeployer} - Execution plan is deployed successfully and in active state  : carbon.super_sub_Silver
TID: [] [] [2026-10-04 12:06:21,639]  INFO {org.wso2.carbon.event.processor.core.EventProcessorDeployer} - Execution Plan was undeployed successfully : carbon.super_sub_Unauthenticated.siddhiql
TID: [] [] [2026-10-04 12:06:21,647]  INFO {org.wso2.carbon.event.stream.core.internal.EventJunction} - Producer added to the junction. Stream:org.wso2.throttle.globalThrottle.stream:1.0.0
TID: [] [] [2026-10-04 12:06:21,647]  INFO {org.wso2.carbon.event.stream.core.internal.EventJunction} - Consumer added to the junction. Stream:org.wso2.throttle.processed.request.stream:1.0.0
TID: [] [] [2026-10-04 12:06:21,647]  INFO {org.wso2.carbon.event.processor.core.EventProcessorDeployer} - Execution plan is deployed successfully and in active state  : carbon.super_sub_Unauthenticated
TID: [] [] [2026-10-04 12:06:21,647]  INFO {org.wso2.carbon.event.processor.core.EventProcessorDeployer} - Execution Plan was undeployed successfully : rh.com_app_10PerMin.siddhiql
TID: [] [] [2026-10-04 12:06:21,657]  INFO {org.wso2.carbon.event.stream.core.internal.EventJunction} - Producer added to the junction. Stream:org.wso2.throttle.globalThrottle.stream:1.0.0
TID: [] [] [2026-10-04 12:06:21,657]  INFO {org.wso2.carbon.event.stream.core.internal.EventJunction} - Consumer added to the junction. Stream:org.wso2.throttle.processed.request.stream:1.0.0
TID: [] [] [2026-10-04 12:06:21,657]  INFO {org.wso2.carbon.event.processor.core.EventProcessorDeployer} - Execution plan is deployed successfully and in active state  : rh.com_app_10PerMin
TID: [] [] [2026-10-04 12:06:21,657]  INFO {org.wso2.carbon.event.processor.core.EventProcessorDeployer} - Execution Plan was undeployed successfully : rh.com_app_20PerMin.siddhiql
TID: [] [] [2026-10-04 12:06:21,668]  INFO {org.wso2.carbon.event.stream.core.internal.EventJunction} - Producer added to the junction. Stream:org.wso2.throttle.globalThrottle.stream:1.0.0
TID: [] [] [2026-10-04 12:06:21,668]  INFO {org.wso2.carbon.event.stream.core.internal.EventJunction} - Consumer added to the junction. Stream:org.wso2.throttle.processed.request.stream:1.0.0
TID: [] [] [2026-10-04 12:06:21,668]  INFO {org.wso2.carbon.event.processor.core.EventProcessorDeployer} - Execution plan is deployed successfully and in active state  : rh.com_app_20PerMin
TID: [] [] [2026-10-04 12:06:21,668]  INFO {org.wso2.carbon.event.processor.core.EventProcessorDeployer} - Execution Plan was undeployed successfully : rh.com_app_50PerMin.siddhiql
TID: [] [] [2026-10-04 12:06:21,678]  INFO {org.wso2.carbon.event.stream.core.internal.EventJunction} - Producer added to the junction. Stream:org.wso2.throttle.globalThrottle.stream:1.0.0
TID: [] [] [2026-10-04 12:06:21,679]  INFO {org.wso2.carbon.event.stream.core.internal.EventJunction} - Consumer added to the junction. Stream:org.wso2.throttle.processed.request.stream:1.0.0
TID: [] [] [2026-10-04 12:06:21,679]  INFO {org.wso2.carbon.event.processor.core.EventProcessorDeployer} - Execution plan is deployed successfully and in active state  : rh.com_app_50PerMin
TID: [] [] [2026-10-04 12:06:21,679]  INFO {org.wso2.carbon.event.processor.core.EventProcessorDeployer} - Execution Plan was undeployed successfully : rh.com_sub_AIBronze.siddhiql
TID: [] [] [2026-10-04 12:06:21,689]  INFO {org.wso2.carbon.event.stream.core.internal.EventJunction} - Producer added to the junction. Stream:org.wso2.throttle.globalThrottle.stream:1.0.0
TID: [] [] [2026-10-04 12:06:21,689]  INFO {org.wso2.carbon.event.stream.core.internal.EventJunction} - Consumer added to the junction. Stream:org.wso2.throttle.processed.request.stream:1.0.0
TID: [] [] [2026-10-04 12:06:21,689]  INFO {org.wso2.carbon.event.processor.core.EventProcessorDeployer} - Execution plan is deployed successfully and in active state  : rh.com_sub_AIBronze
TID: [] [] [2026-10-04 12:06:21,689]  INFO {org.wso2.carbon.event.processor.core.EventProcessorDeployer} - Execution Plan was undeployed successfully : rh.com_sub_AIGold.siddhiql
TID: [] [] [2026-10-04 12:06:21,698]  INFO {org.wso2.carbon.event.stream.core.internal.EventJunction} - Producer added to the junction. Stream:org.wso2.throttle.globalThrottle.stream:1.0.0
TID: [] [] [2026-10-04 12:06:21,698]  INFO {org.wso2.carbon.event.stream.core.internal.EventJunction} - Consumer added to the junction. Stream:org.wso2.throttle.processed.request.stream:1.0.0
TID: [] [] [2026-10-04 12:06:21,699]  INFO {org.wso2.carbon.event.processor.core.EventProcessorDeployer} - Execution plan is deployed successfully and in active state  : rh.com_sub_AIGold
TID: [] [] [2026-10-04 12:06:21,699]  INFO {org.wso2.carbon.event.processor.core.EventProcessorDeployer} - Execution Plan was undeployed successfully : rh.com_sub_AISilver.siddhiql
TID: [] [] [2026-10-04 12:06:21,708]  INFO {org.wso2.carbon.event.stream.core.internal.EventJunction} - Producer added to the junction. Stream:org.wso2.throttle.globalThrottle.stream:1.0.0
TID: [] [] [2026-10-04 12:06:21,708]  INFO {org.wso2.carbon.event.stream.core.internal.EventJunction} - Consumer added to the junction. Stream:org.wso2.throttle.processed.request.stream:1.0.0
TID: [] [] [2026-10-04 12:06:21,708]  INFO {org.wso2.carbon.event.processor.core.EventProcessorDeployer} - Execution plan is deployed successfully and in active state  : rh.com_sub_AISilver
TID: [] [] [2026-10-04 12:06:21,708]  INFO {org.wso2.carbon.event.processor.core.EventProcessorDeployer} - Execution Plan was undeployed successfully : rh.com_sub_AsyncBronze.siddhiql
TID: [] [] [2026-10-04 12:06:21,717]  INFO {org.wso2.carbon.event.stream.core.internal.EventJunction} - Producer added to the junction. Stream:org.wso2.throttle.globalThrottle.stream:1.0.0
TID: [] [] [2026-10-04 12:06:21,717]  INFO {org.wso2.carbon.event.stream.core.internal.EventJunction} - Consumer added to the junction. Stream:org.wso2.throttle.processed.request.stream:1.0.0
TID: [] [] [2026-10-04 12:06:21,717]  INFO {org.wso2.carbon.event.processor.core.EventProcessorDeployer} - Execution plan is deployed successfully and in active state  : rh.com_sub_AsyncBronze
TID: [] [] [2026-10-04 12:06:21,717]  INFO {org.wso2.carbon.event.processor.core.EventProcessorDeployer} - Execution Plan was undeployed successfully : rh.com_sub_AsyncDefaultSubscriptionless.siddhiql
TID: [] [] [2026-10-04 12:06:21,725]  INFO {org.wso2.carbon.event.stream.core.internal.EventJunction} - Producer added to the junction. Stream:org.wso2.throttle.globalThrottle.stream:1.0.0
TID: [] [] [2026-10-04 12:06:21,725]  INFO {org.wso2.carbon.event.stream.core.internal.EventJunction} - Consumer added to the junction. Stream:org.wso2.throttle.processed.request.stream:1.0.0
TID: [] [] [2026-10-04 12:06:21,725]  INFO {org.wso2.carbon.event.processor.core.EventProcessorDeployer} - Execution plan is deployed successfully and in active state  : rh.com_sub_AsyncDefaultSubscriptionless
TID: [] [] [2026-10-04 12:06:21,725]  INFO {org.wso2.carbon.event.processor.core.EventProcessorDeployer} - Execution Plan was undeployed successfully : rh.com_sub_AsyncGold.siddhiql
TID: [] [] [2026-10-04 12:06:21,732]  INFO {org.wso2.carbon.event.stream.core.internal.EventJunction} - Producer added to the junction. Stream:org.wso2.throttle.globalThrottle.stream:1.0.0
TID: [] [] [2026-10-04 12:06:21,732]  INFO {org.wso2.carbon.event.stream.core.internal.EventJunction} - Consumer added to the junction. Stream:org.wso2.throttle.processed.request.stream:1.0.0
TID: [] [] [2026-10-04 12:06:21,732]  INFO {org.wso2.carbon.event.processor.core.EventProcessorDeployer} - Execution plan is deployed successfully and in active state  : rh.com_sub_AsyncGold
TID: [] [] [2026-10-04 12:06:21,732]  INFO {org.wso2.carbon.event.processor.core.EventProcessorDeployer} - Execution Plan was undeployed successfully : rh.com_sub_AsyncSilver.siddhiql
TID: [] [] [2026-10-04 12:06:21,739]  INFO {org.wso2.carbon.event.stream.core.internal.EventJunction} - Producer added to the junction. Stream:org.wso2.throttle.globalThrottle.stream:1.0.0
TID: [] [] [2026-10-04 12:06:21,739]  INFO {org.wso2.carbon.event.stream.core.internal.EventJunction} - Consumer added to the junction. Stream:org.wso2.throttle.processed.request.stream:1.0.0
TID: [] [] [2026-10-04 12:06:21,739]  INFO {org.wso2.carbon.event.processor.core.EventProcessorDeployer} - Execution plan is deployed successfully and in active state  : rh.com_sub_AsyncSilver
TID: [] [] [2026-10-04 12:06:21,739]  INFO {org.wso2.carbon.event.processor.core.EventProcessorDeployer} - Execution Plan was undeployed successfully : rh.com_sub_AsyncWHBronze.siddhiql
TID: [] [] [2026-10-04 12:06:21,747]  INFO {org.wso2.carbon.event.stream.core.internal.EventJunction} - Producer added to the junction. Stream:org.wso2.throttle.globalThrottle.stream:1.0.0
TID: [] [] [2026-10-04 12:06:21,747]  INFO {org.wso2.carbon.event.stream.core.internal.EventJunction} - Consumer added to the junction. Stream:org.wso2.throttle.processed.request.stream:1.0.0
TID: [] [] [2026-10-04 12:06:21,747]  INFO {org.wso2.carbon.event.processor.core.EventProcessorDeployer} - Execution plan is deployed successfully and in active state  : rh.com_sub_AsyncWHBronze
TID: [] [] [2026-10-04 12:06:21,747]  INFO {org.wso2.carbon.event.processor.core.EventProcessorDeployer} - Execution Plan was undeployed successfully : rh.com_sub_AsyncWHGold.siddhiql
TID: [] [] [2026-10-04 12:06:21,757]  INFO {org.wso2.carbon.event.stream.core.internal.EventJunction} - Producer added to the junction. Stream:org.wso2.throttle.globalThrottle.stream:1.0.0
TID: [] [] [2026-10-04 12:06:21,757]  INFO {org.wso2.carbon.event.stream.core.internal.EventJunction} - Consumer added to the junction. Stream:org.wso2.throttle.processed.request.stream:1.0.0
TID: [] [] [2026-10-04 12:06:21,757]  INFO {org.wso2.carbon.event.processor.core.EventProcessorDeployer} - Execution plan is deployed successfully and in active state  : rh.com_sub_AsyncWHGold
TID: [] [] [2026-10-04 12:06:21,757]  INFO {org.wso2.carbon.event.processor.core.EventProcessorDeployer} - Execution Plan was undeployed successfully : rh.com_sub_AsyncWHSilver.siddhiql
TID: [] [] [2026-10-04 12:06:21,768]  INFO {org.wso2.carbon.event.stream.core.internal.EventJunction} - Producer added to the junction. Stream:org.wso2.throttle.globalThrottle.stream:1.0.0
TID: [] [] [2026-10-04 12:06:21,768]  INFO {org.wso2.carbon.event.stream.core.internal.EventJunction} - Consumer added to the junction. Stream:org.wso2.throttle.processed.request.stream:1.0.0
TID: [] [] [2026-10-04 12:06:21,768]  INFO {org.wso2.carbon.event.processor.core.EventProcessorDeployer} - Execution plan is deployed successfully and in active state  : rh.com_sub_AsyncWHSilver
TID: [] [] [2026-10-04 12:06:21,768]  INFO {org.wso2.carbon.event.processor.core.EventProcessorDeployer} - Execution Plan was undeployed successfully : rh.com_sub_Bronze.siddhiql
TID: [] [] [2026-10-04 12:06:21,778]  INFO {org.wso2.carbon.event.stream.core.internal.EventJunction} - Producer added to the junction. Stream:org.wso2.throttle.globalThrottle.stream:1.0.0
TID: [] [] [2026-10-04 12:06:21,778]  INFO {org.wso2.carbon.event.stream.core.internal.EventJunction} - Consumer added to the junction. Stream:org.wso2.throttle.processed.request.stream:1.0.0
TID: [] [] [2026-10-04 12:06:21,778]  INFO {org.wso2.carbon.event.processor.core.EventProcessorDeployer} - Execution plan is deployed successfully and in active state  : rh.com_sub_Bronze
TID: [] [] [2026-10-04 12:06:21,779]  INFO {org.wso2.carbon.event.processor.core.EventProcessorDeployer} - Execution Plan was undeployed successfully : rh.com_sub_DefaultSubscriptionless.siddhiql
TID: [] [] [2026-10-04 12:06:21,789]  INFO {org.wso2.carbon.event.stream.core.internal.EventJunction} - Producer added to the junction. Stream:org.wso2.throttle.globalThrottle.stream:1.0.0
TID: [] [] [2026-10-04 12:06:21,789]  INFO {org.wso2.carbon.event.stream.core.internal.EventJunction} - Consumer added to the junction. Stream:org.wso2.throttle.processed.request.stream:1.0.0
TID: [] [] [2026-10-04 12:06:21,789]  INFO {org.wso2.carbon.event.processor.core.EventProcessorDeployer} - Execution plan is deployed successfully and in active state  : rh.com_sub_DefaultSubscriptionless
TID: [] [] [2026-10-04 12:06:21,789]  INFO {org.wso2.carbon.event.processor.core.EventProcessorDeployer} - Execution Plan was undeployed successfully : rh.com_sub_Gold.siddhiql
TID: [] [] [2026-10-04 12:06:21,799]  INFO {org.wso2.carbon.event.stream.core.internal.EventJunction} - Producer added to the junction. Stream:org.wso2.throttle.globalThrottle.stream:1.0.0
TID: [] [] [2026-10-04 12:06:21,799]  INFO {org.wso2.carbon.event.stream.core.internal.EventJunction} - Consumer added to the junction. Stream:org.wso2.throttle.processed.request.stream:1.0.0
TID: [] [] [2026-10-04 12:06:21,799]  INFO {org.wso2.carbon.event.processor.core.EventProcessorDeployer} - Execution plan is deployed successfully and in active state  : rh.com_sub_Gold
TID: [] [] [2026-10-04 12:06:21,799]  INFO {org.wso2.carbon.event.processor.core.EventProcessorDeployer} - Execution Plan was undeployed successfully : rh.com_sub_Silver.siddhiql
TID: [] [] [2026-10-04 12:06:21,810]  INFO {org.wso2.carbon.event.stream.core.internal.EventJunction} - Producer added to the junction. Stream:org.wso2.throttle.globalThrottle.stream:1.0.0
TID: [] [] [2026-10-04 12:06:21,810]  INFO {org.wso2.carbon.event.stream.core.internal.EventJunction} - Consumer added to the junction. Stream:org.wso2.throttle.processed.request.stream:1.0.0
TID: [] [] [2026-10-04 12:06:21,810]  INFO {org.wso2.carbon.event.processor.core.EventProcessorDeployer} - Execution plan is deployed successfully and in active state  : rh.com_sub_Silver
TID: [] [] [2026-10-04 12:06:21,810]  INFO {org.wso2.carbon.event.processor.core.EventProcessorDeployer} - Execution Plan was undeployed successfully : rh.com_sub_Unauthenticated.siddhiql
TID: [] [] [2026-10-04 12:06:21,826]  INFO {org.wso2.carbon.event.stream.core.internal.EventJunction} - Producer added to the junction. Stream:org.wso2.throttle.globalThrottle.stream:1.0.0
TID: [] [] [2026-10-04 12:06:21,827]  INFO {org.wso2.carbon.event.stream.core.internal.EventJunction} - Consumer added to the junction. Stream:org.wso2.throttle.processed.request.stream:1.0.0
TID: [] [] [2026-10-04 12:06:21,827]  INFO {org.wso2.carbon.event.processor.core.EventProcessorDeployer} - Execution plan is deployed successfully and in active state  : rh.com_sub_Unauthenticated
TID: [] [] [2026-10-04 12:06:21,827]  INFO {org.wso2.carbon.event.processor.core.EventProcessorDeployer} - Execution Plan was undeployed successfully : carbon.super_resource_10KPerMin_default.siddhiql
TID: [] [] [2026-10-04 12:06:21,836]  INFO {org.wso2.carbon.event.stream.core.internal.EventJunction} - Producer added to the junction. Stream:org.wso2.throttle.globalThrottle.stream:1.1.0
TID: [] [] [2026-10-04 12:06:21,836]  INFO {org.wso2.carbon.event.stream.core.internal.EventJunction} - Consumer added to the junction. Stream:org.wso2.throttle.processed.request.stream:1.0.0
TID: [] [] [2026-10-04 12:06:21,836]  INFO {org.wso2.carbon.event.processor.core.EventProcessorDeployer} - Execution plan is deployed successfully and in active state  : carbon.super_resource_10KPerMin_default
TID: [] [] [2026-10-04 12:06:21,836]  INFO {org.wso2.carbon.event.processor.core.EventProcessorDeployer} - Execution Plan was undeployed successfully : carbon.super_resource_20KPerMin_default.siddhiql
TID: [] [] [2026-10-04 12:06:21,845]  INFO {org.wso2.carbon.event.stream.core.internal.EventJunction} - Producer added to the junction. Stream:org.wso2.throttle.globalThrottle.stream:1.1.0
TID: [] [] [2026-10-04 12:06:21,845]  INFO {org.wso2.carbon.event.stream.core.internal.EventJunction} - Consumer added to the junction. Stream:org.wso2.throttle.processed.request.stream:1.0.0
TID: [] [] [2026-10-04 12:06:21,845]  INFO {org.wso2.carbon.event.processor.core.EventProcessorDeployer} - Execution plan is deployed successfully and in active state  : carbon.super_resource_20KPerMin_default
TID: [] [] [2026-10-04 12:06:21,845]  INFO {org.wso2.carbon.event.processor.core.EventProcessorDeployer} - Execution Plan was undeployed successfully : carbon.super_resource_50KPerMin_default.siddhiql
TID: [] [] [2026-10-04 12:06:21,853]  INFO {org.wso2.carbon.event.stream.core.internal.EventJunction} - Producer added to the junction. Stream:org.wso2.throttle.globalThrottle.stream:1.1.0
TID: [] [] [2026-10-04 12:06:21,854]  INFO {org.wso2.carbon.event.stream.core.internal.EventJunction} - Consumer added to the junction. Stream:org.wso2.throttle.processed.request.stream:1.0.0
TID: [] [] [2026-10-04 12:06:21,854]  INFO {org.wso2.carbon.event.processor.core.EventProcessorDeployer} - Execution plan is deployed successfully and in active state  : carbon.super_resource_50KPerMin_default
TID: [] [] [2026-10-04 12:06:21,854]  INFO {org.wso2.carbon.event.processor.core.EventProcessorDeployer} - Execution Plan was undeployed successfully : rh.com_resource_10KPerMin_default.siddhiql
TID: [] [] [2026-10-04 12:06:21,863]  INFO {org.wso2.carbon.event.stream.core.internal.EventJunction} - Producer added to the junction. Stream:org.wso2.throttle.globalThrottle.stream:1.1.0
TID: [] [] [2026-10-04 12:06:21,863]  INFO {org.wso2.carbon.event.stream.core.internal.EventJunction} - Consumer added to the junction. Stream:org.wso2.throttle.processed.request.stream:1.0.0
TID: [] [] [2026-10-04 12:06:21,863]  INFO {org.wso2.carbon.event.processor.core.EventProcessorDeployer} - Execution plan is deployed successfully and in active state  : rh.com_resource_10KPerMin_default
TID: [] [] [2026-10-04 12:06:21,863]  INFO {org.wso2.carbon.event.processor.core.EventProcessorDeployer} - Execution Plan was undeployed successfully : rh.com_resource_20KPerMin_default.siddhiql
TID: [] [] [2026-10-04 12:06:21,869]  INFO {org.wso2.carbon.event.stream.core.internal.EventJunction} - Producer added to the junction. Stream:org.wso2.throttle.globalThrottle.stream:1.1.0
TID: [] [] [2026-10-04 12:06:21,869]  INFO {org.wso2.carbon.event.stream.core.internal.EventJunction} - Consumer added to the junction. Stream:org.wso2.throttle.processed.request.stream:1.0.0
TID: [] [] [2026-10-04 12:06:21,869]  INFO {org.wso2.carbon.event.processor.core.EventProcessorDeployer} - Execution plan is deployed successfully and in active state  : rh.com_resource_20KPerMin_default
TID: [] [] [2026-10-04 12:06:21,869]  INFO {org.wso2.carbon.event.processor.core.EventProcessorDeployer} - Execution Plan was undeployed successfully : rh.com_resource_50KPerMin_default.siddhiql
TID: [] [] [2026-10-04 12:06:21,876]  INFO {org.wso2.carbon.event.stream.core.internal.EventJunction} - Producer added to the junction. Stream:org.wso2.throttle.globalThrottle.stream:1.1.0
TID: [] [] [2026-10-04 12:06:21,876]  INFO {org.wso2.carbon.event.stream.core.internal.EventJunction} - Consumer added to the junction. Stream:org.wso2.throttle.processed.request.stream:1.0.0
TID: [] [] [2026-10-04 12:06:21,876]  INFO {org.wso2.carbon.event.processor.core.EventProcessorDeployer} - Execution plan is deployed successfully and in active state  : rh.com_resource_50KPerMin_default
TID: [] [] [2026-10-04 12:06:21,876]  INFO {org.wso2.carbon.event.stream.core.EventStreamDeployer} - Stream definition is deployed successfully  : org.wso2.throttle.processed.request.stream:1.0.0
TID: [] [] [2026-10-04 12:06:21,884]  INFO {org.wso2.carbon.event.receiver.core.EventReceiverDeployer} - Event Receiver undeployed successfully: throttleEventReceiver.xml
TID: [] [] [2026-10-04 12:06:21,888]  INFO {org.wso2.carbon.event.input.adapter.core.internal.InputAdapterRuntime} - Connecting receiver throttleEventReceiver
TID: [] [] [2026-10-04 12:06:21,889]  INFO {org.wso2.carbon.event.stream.core.internal.EventJunction} - Producer added to the junction. Stream:org.wso2.throttle.request.stream:1.0.0
TID: [] [] [2026-10-04 12:06:21,889]  INFO {org.wso2.carbon.event.receiver.core.EventReceiverDeployer} - Event Receiver configuration successfully deployed and in active state: throttleEventReceiver
TID: [] [] [2026-10-04 12:06:21,889]  INFO {org.wso2.carbon.event.receiver.core.EventReceiverDeployer} - Event Receiver undeployed successfully: throttleWSO2EventReceiver.xml
TID: [] [] [2026-10-04 12:06:21,890]  INFO {org.wso2.carbon.event.input.adapter.core.internal.InputAdapterRuntime} - Connecting receiver throttleWSO2EventReceiver
TID: [] [] [2026-10-04 12:06:21,890]  INFO {org.wso2.carbon.event.stream.core.internal.EventJunction} - Producer added to the junction. Stream:org.wso2.throttle.request.stream:1.0.0
TID: [] [] [2026-10-04 12:06:21,890]  INFO {org.wso2.carbon.event.receiver.core.EventReceiverDeployer} - Event Receiver configuration successfully deployed and in active state: throttleWSO2EventReceiver
TID: [] [] [2026-10-04 12:06:21,890]  INFO {org.wso2.carbon.event.processor.core.EventProcessorDeployer} - Execution Plan was undeployed successfully : RequestPreProcessorExecutionPlan.siddhiql
TID: [] [] [2026-10-04 12:06:21,893]  INFO {org.wso2.carbon.event.stream.core.internal.EventJunction} - Producer added to the junction. Stream:org.wso2.throttle.processed.request.stream:1.0.0
TID: [] [] [2026-10-04 12:06:21,893]  INFO {org.wso2.carbon.event.stream.core.internal.EventJunction} - Consumer added to the junction. Stream:org.wso2.throttle.request.stream:1.0.0
TID: [] [] [2026-10-04 12:06:21,893]  INFO {org.wso2.carbon.event.processor.core.EventProcessorDeployer} - Execution plan is deployed successfully and in active state  : requestPreProcessorExecutionPlan
TID: [] [] [2026-10-04 12:06:21,893]  INFO {org.wso2.carbon.event.stream.core.EventStreamDeployer} - Stream definition is deployed successfully  : org.wso2.throttle.request.stream:1.0.0
TID: [] [] [2026-10-04 12:06:26,910]  INFO {org.wso2.carbon.webapp.mgt.TomcatGenericWebappsDeployer} - Deployed webapp: StandardEngine[Catalina].StandardHost[localhost].StandardContext[/accountrecoveryendpoint].File[C:\Users\gabri\Desktop\ENTREV~1\WSO2AM~1.0\bin\..\repository\deployment\server\webapps\accountrecoveryendpoint]
TID: [] [] [2026-10-04 12:06:28,510]  INFO {org.wso2.carbon.webapp.mgt.TomcatGenericWebappsDeployer} - Deployed webapp: StandardEngine[Catalina].StandardHost[localhost].StandardContext[/admin].File[C:\Users\gabri\Desktop\ENTREV~1\WSO2AM~1.0\bin\..\repository\deployment\server\webapps\admin]
TID: [] [] [2026-10-04 12:06:29,049]  INFO {org.wso2.carbon.webapp.mgt.TomcatGenericWebappsDeployer} - Deployed webapp: StandardEngine[Catalina].StandardHost[localhost].StandardContext[/am/sample/calculator/v1].File[C:\Users\gabri\Desktop\ENTREV~1\WSO2AM~1.0\bin\..\repository\deployment\server\webapps\am#sample#calculator#v1.war]
TID: [] [] [2026-10-04 12:06:29,597]  INFO {org.wso2.carbon.webapp.mgt.TomcatGenericWebappsDeployer} - Deployed webapp: StandardEngine[Catalina].StandardHost[localhost].StandardContext[/am/sample/pizzashack/v1].File[C:\Users\gabri\Desktop\ENTREV~1\WSO2AM~1.0\bin\..\repository\deployment\server\webapps\am#sample#pizzashack#v1.war]
TID: [] [] [2026-10-04 12:06:33,759]  INFO {org.wso2.carbon.webapp.mgt.TomcatGenericWebappsDeployer} - Deployed webapp: StandardEngine[Catalina].StandardHost[localhost].StandardContext[/api/am/admin].File[C:\Users\gabri\Desktop\ENTREV~1\WSO2AM~1.0\bin\..\repository\deployment\server\webapps\api#am#admin.war]
TID: [] [] [2026-10-04 12:06:35,171]  INFO {org.wso2.carbon.webapp.mgt.TomcatGenericWebappsDeployer} - Deployed webapp: StandardEngine[Catalina].StandardHost[localhost].StandardContext[/api/am/devops/v0].File[C:\Users\gabri\Desktop\ENTREV~1\WSO2AM~1.0\bin\..\repository\deployment\server\webapps\api#am#devops#v0.war]
TID: [] [] [2026-10-04 12:06:38,414]  INFO {org.wso2.carbon.webapp.mgt.TomcatGenericWebappsDeployer} - Deployed webapp: StandardEngine[Catalina].StandardHost[localhost].StandardContext[/api/am/devportal].File[C:\Users\gabri\Desktop\ENTREV~1\WSO2AM~1.0\bin\..\repository\deployment\server\webapps\api#am#devportal.war]
TID: [] [] [2026-10-04 12:06:40,231]  INFO {org.wso2.carbon.webapp.mgt.TomcatGenericWebappsDeployer} - Deployed webapp: StandardEngine[Catalina].StandardHost[localhost].StandardContext[/api/am/gateway/v2].File[C:\Users\gabri\Desktop\ENTREV~1\WSO2AM~1.0\bin\..\repository\deployment\server\webapps\api#am#gateway#v2.war]
TID: [] [] [2026-10-04 12:06:42,311]  INFO {org.wso2.carbon.webapp.mgt.TomcatGenericWebappsDeployer} - Deployed webapp: StandardEngine[Catalina].StandardHost[localhost].StandardContext[/api/am/governance].File[C:\Users\gabri\Desktop\ENTREV~1\WSO2AM~1.0\bin\..\repository\deployment\server\webapps\api#am#governance.war]
TID: [] [] [2026-10-04 12:06:44,575]  INFO {org.wso2.carbon.webapp.mgt.TomcatGenericWebappsDeployer} - Deployed webapp: StandardEngine[Catalina].StandardHost[localhost].StandardContext[/api/am/publisher].File[C:\Users\gabri\Desktop\ENTREV~1\WSO2AM~1.0\bin\..\repository\deployment\server\webapps\api#am#publisher.war]
TID: [] [] [2026-10-04 12:06:47,321]  INFO {org.wso2.carbon.webapp.mgt.TomcatGenericWebappsDeployer} - Deployed webapp: StandardEngine[Catalina].StandardHost[localhost].StandardContext[/api/am/service-catalog/v1].File[C:\Users\gabri\Desktop\ENTREV~1\WSO2AM~1.0\bin\..\repository\deployment\server\webapps\api#am#service-catalog#v1.war]
TID: [] [] [2026-10-04 12:06:49,072]  INFO {org.wso2.carbon.webapp.mgt.TomcatGenericWebappsDeployer} - Deployed webapp: StandardEngine[Catalina].StandardHost[localhost].StandardContext[/api/identity/auth/v1.1].File[C:\Users\gabri\Desktop\ENTREV~1\WSO2AM~1.0\bin\..\repository\deployment\server\webapps\api#identity#auth#v1.1.war]
TID: [] [] [2026-10-04 12:06:50,147]  INFO {org.wso2.carbon.webapp.mgt.TomcatGenericWebappsDeployer} - Deployed webapp: StandardEngine[Catalina].StandardHost[localhost].StandardContext[/api/identity/consent-mgt/v1.0].File[C:\Users\gabri\Desktop\ENTREV~1\WSO2AM~1.0\bin\..\repository\deployment\server\webapps\api#identity#consent-mgt#v1.0.war]
TID: [] [] [2026-10-04 12:06:51,050]  INFO {org.wso2.carbon.webapp.mgt.TomcatGenericWebappsDeployer} - Deployed webapp: StandardEngine[Catalina].StandardHost[localhost].StandardContext[/api/identity/oauth2/dcr/v1.1].File[C:\Users\gabri\Desktop\ENTREV~1\WSO2AM~1.0\bin\..\repository\deployment\server\webapps\api#identity#oauth2#dcr#v1.1.war]
TID: [] [] [2026-10-04 12:06:51,988]  INFO {org.wso2.carbon.webapp.mgt.TomcatGenericWebappsDeployer} - Deployed webapp: StandardEngine[Catalina].StandardHost[localhost].StandardContext[/api/identity/oauth2/v1.0].File[C:\Users\gabri\Desktop\ENTREV~1\WSO2AM~1.0\bin\..\repository\deployment\server\webapps\api#identity#oauth2#v1.0.war]
TID: [] [] [2026-10-04 12:06:52,890]  INFO {org.wso2.carbon.webapp.mgt.TomcatGenericWebappsDeployer} - Deployed webapp: StandardEngine[Catalina].StandardHost[localhost].StandardContext[/api/identity/recovery/v0.9].File[C:\Users\gabri\Desktop\ENTREV~1\WSO2AM~1.0\bin\..\repository\deployment\server\webapps\api#identity#recovery#v0.9.war]
TID: [] [] [2026-10-04 12:06:53,661]  INFO {org.wso2.carbon.event.processor.manager.core.internal.CarbonEventManagementService} - Starting polling event receivers
TID: [] [] [2026-10-04 12:06:53,905]  INFO {org.wso2.carbon.webapp.mgt.TomcatGenericWebappsDeployer} - Deployed webapp: StandardEngine[Catalina].StandardHost[localhost].StandardContext[/api/identity/user/v1.0].File[C:\Users\gabri\Desktop\ENTREV~1\WSO2AM~1.0\bin\..\repository\deployment\server\webapps\api#identity#user#v1.0.war]
TID: [] [] [2026-10-04 12:07:01,997]  INFO {org.wso2.carbon.webapp.mgt.TomcatGenericWebappsDeployer} - Deployed webapp: StandardEngine[Catalina].StandardHost[localhost].StandardContext[/authenticationendpoint].File[C:\Users\gabri\Desktop\ENTREV~1\WSO2AM~1.0\bin\..\repository\deployment\server\webapps\authenticationendpoint]
TID: [] [] [2026-10-04 12:07:03,394]  INFO {org.wso2.carbon.webapp.mgt.TomcatGenericWebappsDeployer} - Deployed webapp: StandardEngine[Catalina].StandardHost[localhost].StandardContext[/client-registration/v0.17].File[C:\Users\gabri\Desktop\ENTREV~1\WSO2AM~1.0\bin\..\repository\deployment\server\webapps\client-registration#v0.17.war]
TID: [] [] [2026-10-04 12:07:05,017]  INFO {org.wso2.carbon.webapp.mgt.TomcatGenericWebappsDeployer} - Deployed webapp: StandardEngine[Catalina].StandardHost[localhost].StandardContext[/devportal].File[C:\Users\gabri\Desktop\ENTREV~1\WSO2AM~1.0\bin\..\repository\deployment\server\webapps\devportal]
TID: [] [] [2026-10-04 12:07:07,402]  INFO {org.wso2.carbon.webapp.mgt.TomcatGenericWebappsDeployer} - Deployed webapp: StandardEngine[Catalina].StandardHost[localhost].StandardContext[/internal/data/v1].File[C:\Users\gabri\Desktop\ENTREV~1\WSO2AM~1.0\bin\..\repository\deployment\server\webapps\internal#data#v1.war]
TID: [] [] [2026-10-04 12:07:08,550]  INFO {org.wso2.carbon.webapp.mgt.TomcatGenericWebappsDeployer} - Deployed webapp: StandardEngine[Catalina].StandardHost[localhost].StandardContext[/keymanager-operations].File[C:\Users\gabri\Desktop\ENTREV~1\WSO2AM~1.0\bin\..\repository\deployment\server\webapps\keymanager-operations.war]
TID: [] [] [2026-10-04 12:07:10,433]  INFO {org.wso2.carbon.webapp.mgt.TomcatGenericWebappsDeployer} - Deployed webapp: StandardEngine[Catalina].StandardHost[localhost].StandardContext[/oauth2].File[C:\Users\gabri\Desktop\ENTREV~1\WSO2AM~1.0\bin\..\repository\deployment\server\webapps\oauth2.war]
TID: [] [] [2026-10-04 12:07:11,924]  INFO {org.wso2.carbon.webapp.mgt.TomcatGenericWebappsDeployer} - Deployed webapp: StandardEngine[Catalina].StandardHost[localhost].StandardContext[/publisher].File[C:\Users\gabri\Desktop\ENTREV~1\WSO2AM~1.0\bin\..\repository\deployment\server\webapps\publisher]
TID: [] [] [2026-10-04 12:07:11,925]  INFO {org.apache.synapse.Axis2SynapseController} - Deploying the Synapse service...
TID: [] [] [2026-10-04 12:07:11,927]  INFO {org.apache.synapse.Axis2SynapseController} - Deploying Proxy services...
TID: [] [] [2026-10-04 12:07:11,927]  INFO {org.apache.synapse.Axis2SynapseController} - Deploying EventSources...
TID: [] [] [2026-10-04 12:07:11,976]  INFO {org.apache.synapse.inbound.InboundEndpoint} - Initializing Inbound Endpoint: WebSocketInboundEndpoint
TID: [] [] [2026-10-04 12:07:12,351]  INFO {org.wso2.carbon.inbound.endpoint.protocol.websocket.management.WebsocketEndpointManager} - Netty Listener starting on port 9099
TID: [] [] [2026-10-04 12:07:12,351]  INFO {org.apache.synapse.inbound.InboundEndpoint} - Initializing Inbound Endpoint: SecureWebSocketEP
TID: [] [] [2026-10-04 12:07:12,384]  INFO {org.wso2.carbon.inbound.endpoint.protocol.websocket.management.WebsocketEndpointManager} - Netty SSL Listener starting on port 8099
TID: [] [] [2026-10-04 12:07:12,384]  INFO {org.apache.synapse.inbound.InboundEndpoint} - Initializing Inbound Endpoint: WebhookServer
TID: [] [] [2026-10-04 12:07:12,429]  INFO {org.apache.synapse.transport.passthru.core.PassThroughListeningIOReactorManager} - Pass-through WebhookServer Listener started on 0:0:0:0:0:0:0:0:9021
TID: [] [] [2026-10-04 12:07:12,429]  INFO {org.apache.synapse.inbound.InboundEndpoint} - Initializing Inbound Endpoint: SecureWebhookServer
TID: [] [] [2026-10-04 12:07:12,464]  INFO {org.apache.synapse.transport.passthru.core.PassThroughListeningIOReactorManager} - Pass-through SecureWebhookServer Listener started on 0:0:0:0:0:0:0:0:8021
TID: [] [] [2026-10-04 12:07:12,467]  INFO {org.apache.synapse.api.API} - {api:_OpenService_} Initializing API: _OpenService_
TID: [] [] [2026-10-04 12:07:12,467]  INFO {org.apache.synapse.ServerManager} - Server ready for processing...
TID: [] [] [2026-10-04 12:07:13,092]  INFO {org.wso2.carbon.apimgt.common.jms.factory.JMSConnectionFactory} - JMS ConnectionFactory : Siddhi-JMS-Consumer initialized
TID: [] [] [2026-10-04 12:07:13,092]  INFO {org.wso2.carbon.apimgt.common.jms.factory.JMSConnectionFactory} - JMS ConnectionFactory : Siddhi-JMS-Consumer initialized
TID: [] [] [2026-10-04 12:07:13,153]  INFO {org.wso2.carbon.inbound.endpoint.protocol.websocket.management.WebsocketEndpointManager} - Netty Listener already started on port 8099
TID: [] [] [2026-10-04 12:07:13,153]  INFO {org.wso2.carbon.inbound.endpoint.protocol.http.management.HTTPEndpointManager} - Listener is already started for port : 8021
TID: [] [] [2026-10-04 12:07:13,153]  INFO {org.wso2.carbon.inbound.endpoint.protocol.websocket.management.WebsocketEndpointManager} - Netty Listener already started on port 9099
TID: [] [] [2026-10-04 12:07:13,153]  INFO {org.wso2.carbon.inbound.endpoint.protocol.http.management.HTTPEndpointManager} - Listener is already started for port : 9021
TID: [] [] [2026-10-04 12:07:13,316]  INFO {org.wso2.carbon.andes.internal.QpidServiceComponent} - Activating Andes Message Broker Engine...
TID: [] [] [2026-10-04 12:07:13,781]  INFO {qpid.message.broker.listening} - [Broker] BRK-1002 : Starting : Listening on TCP port 5672
TID: [] [] [2026-10-04 12:07:13,785]  INFO {qpid.message.broker.listening} - [Broker] BRK-1002 : Starting : Listening on TCP/SSL port 8672
TID: [] [] [2026-10-04 12:07:13,789]  INFO {org.wso2.carbon.andes.internal.QpidServiceComponent} - AMQP Host Address : 0.0.0.0 Port : 5672
TID: [] [] [2026-10-04 12:07:13,789]  INFO {org.wso2.carbon.andes.internal.QpidServiceComponent} - Successfully connected to AMQP server on port 5672
TID: [] [] [2026-10-04 12:07:13,790]  INFO {org.wso2.carbon.andes.internal.QpidServiceComponent} - WSO2 Message Broker is started.
TID: [] [] [2026-10-04 12:07:13,838]  WARN {org.wso2.carbon.core.internal.StartupFinalizerServiceComponent} - Waiting for required OSGi services: org.wso2.carbon.throttling.agent.ThrottlingAgent,
TID: [] [] [2026-10-04 12:07:13,996]  INFO {org.wso2.carbon.databridge.receiver.binary.internal.BinaryDataReceiver} - Started Binary SSL Transport on port : 9711
TID: [] [] [2026-10-04 12:07:13,997]  INFO {org.wso2.carbon.databridge.receiver.binary.internal.BinaryDataReceiver} - Started Binary TCP Transport on port : 9611
TID: [] [] [2026-10-04 12:07:15,178]  INFO {org.wso2.carbon.databridge.receiver.thrift.internal.ThriftServerStartupObserver} -  Thrift Data Receiver is disabled.
TID: [] [] [2026-10-04 12:07:15,246]  INFO {org.apache.synapse.transport.passthru.PassThroughHttpListener} - Starting Pass-through HTTP Listener...
TID: [] [] [2026-10-04 12:07:15,259]  INFO {org.apache.synapse.transport.passthru.core.PassThroughListeningIOReactorManager} - Pass-through HTTP Listener started on 0:0:0:0:0:0:0:0:8280
TID: [] [] [2026-10-04 12:07:15,259]  INFO {org.apache.synapse.transport.passthru.PassThroughHttpMultiSSLListener} - Starting Pass-through HTTPS Listener...
TID: [] [] [2026-10-04 12:07:15,270]  INFO {org.apache.synapse.transport.passthru.core.PassThroughListeningIOReactorManager} - Pass-through HTTPS Listener started on 0:0:0:0:0:0:0:0:8243
TID: [] [] [2026-10-04 12:07:15,324]  INFO {org.apache.tomcat.util.net.NioEndpoint.certificate} - Connector [https-jsse-nio-9443], TLS virtual host [_default_], certificate type [UNDEFINED] configured from keystore [C:\Users\gabri\Desktop\ENTREV~1\WSO2AM~1.0\bin\../repository/resources/security/wso2carbon.jks] using alias [wso2carbon] with trust store [C:\Users\gabri\Desktop\ENTREV~1\WSO2AM~1.0\bin\../repository/resources/security/client-truststore.jks]
TID: [] [] [2026-10-04 12:07:15,418]  INFO {org.wso2.carbon.ntask.core.service.impl.TaskServiceImpl} - Task service starting in STANDALONE mode...
TID: [] [] [2026-10-04 12:07:15,456]  INFO {org.wso2.carbon.registry.eventing.internal.RegistryEventingServiceComponent} - Successfully Initialized Eventing on Registry
TID: [] [] [2026-10-04 12:07:15,539]  INFO {org.wso2.carbon.core.init.JMXServerManager} - JMX Service URL  : service:jmx:rmi://localhost:11111/jndi/rmi://localhost:9999/jmxrmi
TID: [] [] [2026-10-04 12:07:15,629]  INFO {org.wso2.carbon.apimgt.governance.impl.util.APIMGovernanceUtil} - Ruleset OWASP Top 10 already exists in organization: carbon.super; skipping.
TID: [] [] [2026-10-04 12:07:15,653]  INFO {org.wso2.carbon.apimgt.governance.impl.util.APIMGovernanceUtil} - Ruleset WSO2 API Management Guidelines already exists in organization: carbon.super; skipping.
TID: [] [] [2026-10-04 12:07:15,677]  INFO {org.wso2.carbon.apimgt.governance.impl.util.APIMGovernanceUtil} - Ruleset WSO2 REST API Design Guidelines already exists in organization: carbon.super; skipping.
TID: [] [] [2026-10-04 12:07:15,691]  INFO {org.wso2.carbon.apimgt.governance.impl.util.APIMGovernanceUtil} - Policy WSO2 API Management Best Practices already exists in organization: carbon.super; skipping.
TID: [] [] [2026-10-04 12:07:15,696]  INFO {org.wso2.carbon.apimgt.common.jms.JMSTransportHandler} - Starting jms topic consumer thread for the notification topic...
TID: [] [] [2026-10-04 12:07:15,744]  INFO {org.wso2.carbon.apimgt.common.jms.JMSTransportHandler} - Starting jms topic consumer thread for the keyManager topic...
TID: [] [] [2026-10-04 12:07:15,744]  INFO {org.wso2.carbon.apimgt.common.jms.JMSTransportHandler} - Starting jms topic consumer thread for the notification topic...
TID: [] [] [2026-10-04 12:07:15,744]  INFO {org.wso2.carbon.apimgt.jms.listener.utils.JMSListenerStartupShutdownListener} - Certificate management event listening is enabled. Subscribing to notification topic.
TID: [] [] [2026-10-04 12:07:15,746]  INFO {org.wso2.carbon.apimgt.common.jms.JMSTransportHandler} - Starting jms topic consumer thread for the notification topic...
TID: [] [] [2026-10-04 12:07:15,751]  INFO {org.wso2.carbon.apimgt.common.jms.JMSTransportHandler} - Starting jms topic consumer thread for the notification topic...
TID: [] [] [2026-10-04 12:07:15,781]  INFO {org.wso2.carbon.apimgt.gateway.InMemoryAPIDeployer} - Deploying synapse artifacts of _JwksEndpoint_
TID: [] [] [2026-10-04 12:07:15,803]  INFO {org.wso2.carbon.apimgt.common.jms.JMSTransportHandler} - Starting jms topic consumer thread for the throttleData topic...
TID: [] [] [2026-10-04 12:07:15,805]  INFO {org.wso2.carbon.apimgt.common.jms.JMSTransportHandler} - Starting jms topic consumer thread for the tokenRevocation topic...
TID: [] [] [2026-10-04 12:07:15,806]  INFO {org.wso2.carbon.apimgt.common.jms.JMSTransportHandler} - Starting jms topic consumer thread for the cacheInvalidation topic...
TID: [] [] [2026-10-04 12:07:15,807]  INFO {org.apache.synapse.api.API} - {api:_JwksEndpoint_} Initializing API: _JwksEndpoint_
TID: [] [] [2026-10-04 12:07:15,807]  INFO {org.wso2.carbon.mediation.dependency.mgt.DependencyTracker} - API : _JwksEndpoint_ was added to the Synapse configuration successfully
TID: [] [] [2026-10-04 12:07:15,811]  INFO {org.wso2.carbon.apimgt.gateway.InMemoryAPIDeployer} - Deploying synapse artifacts of _HealthCheckAPI_
TID: [] [] [2026-10-04 12:07:15,813]  INFO {org.wso2.carbon.apimgt.common.jms.JMSTransportHandler} - Starting jms topic consumer thread for the notification topic...
TID: [] [] [2026-10-04 12:07:15,813]  INFO {org.wso2.carbon.apimgt.common.jms.JMSTransportHandler} - Starting jms topic consumer thread for the throttleData topic...
TID: [] [] [2026-10-04 12:07:15,813]  INFO {org.wso2.carbon.apimgt.common.jms.JMSTransportHandler} - Starting jms topic consumer thread for the asyncWebhooksData topic...
TID: [] [] [2026-10-04 12:07:15,816]  INFO {org.apache.synapse.api.API} - {api:_HealthCheckAPI_} Initializing API: _HealthCheckAPI_
TID: [] [] [2026-10-04 12:07:15,816]  INFO {org.wso2.carbon.mediation.dependency.mgt.DependencyTracker} - API : _HealthCheckAPI_ was added to the Synapse configuration successfully
TID: [] [] [2026-10-04 12:07:15,980]  INFO {org.wso2.carbon.databridge.core.DataBridge} - user admin connected
TID: [] [] [2026-10-04 12:07:16,307]  INFO {org.wso2.carbon.apimgt.common.jms.JMSListener} - Connection successfully created towards the JMS provider for the listener: Siddhi-JMS-Consumer#tokenRevocation. The connected JMS provider is AMQConnection: | Host: 192.168.1.235 | Port: 5672 | Virtual Host: carbon | Client ID: clientid | Active session count: 0
TID: [] [] [2026-10-04 12:07:16,307]  INFO {org.wso2.carbon.apimgt.common.jms.JMSListener} - Connection successfully created towards the JMS provider for the listener: Siddhi-JMS-Consumer#notification. The connected JMS provider is AMQConnection: | Host: 192.168.1.235 | Port: 5672 | Virtual Host: carbon | Client ID: clientid | Active session count: 0
TID: [] [] [2026-10-04 12:07:16,307]  INFO {org.wso2.carbon.apimgt.common.jms.JMSListener} - Connection successfully created towards the JMS provider for the listener: Siddhi-JMS-Consumer#throttleData. The connected JMS provider is AMQConnection: | Host: 192.168.1.235 | Port: 5672 | Virtual Host: carbon | Client ID: clientid | Active session count: 0
TID: [] [] [2026-10-04 12:07:16,307]  INFO {org.wso2.carbon.apimgt.common.jms.JMSListener} - Connection successfully created towards the JMS provider for the listener: Siddhi-JMS-Consumer#notification. The connected JMS provider is AMQConnection: | Host: 192.168.1.235 | Port: 5672 | Virtual Host: carbon | Client ID: clientid | Active session count: 0
TID: [] [] [2026-10-04 12:07:16,307]  INFO {org.wso2.carbon.apimgt.common.jms.JMSListener} - Connection successfully created towards the JMS provider for the listener: Siddhi-JMS-Consumer#keyManager. The connected JMS provider is AMQConnection: | Host: 192.168.1.235 | Port: 5672 | Virtual Host: carbon | Client ID: clientid | Active session count: 0
TID: [] [] [2026-10-04 12:07:16,307]  INFO {org.wso2.carbon.apimgt.common.jms.JMSListener} - Connection attempt: 1 for JMS Provider for listener: Siddhi-JMS-Consumer#throttleData was successful!
TID: [] [] [2026-10-04 12:07:16,307]  INFO {org.wso2.carbon.apimgt.common.jms.JMSListener} - Connection attempt: 1 for JMS Provider for listener: Siddhi-JMS-Consumer#notification was successful!
TID: [] [] [2026-10-04 12:07:16,307]  INFO {org.wso2.carbon.apimgt.common.jms.JMSListener} - Connection attempt: 1 for JMS Provider for listener: Siddhi-JMS-Consumer#keyManager was successful!
TID: [] [] [2026-10-04 12:07:16,307]  INFO {org.wso2.carbon.apimgt.common.jms.JMSListener} - Connection attempt: 1 for JMS Provider for listener: Siddhi-JMS-Consumer#notification was successful!
TID: [] [] [2026-10-04 12:07:16,307]  INFO {org.wso2.carbon.apimgt.common.jms.JMSListener} - Connection successfully created towards the JMS provider for the listener: Siddhi-JMS-Consumer#cacheInvalidation. The connected JMS provider is AMQConnection: | Host: 192.168.1.235 | Port: 5672 | Virtual Host: carbon | Client ID: clientid | Active session count: 0
TID: [] [] [2026-10-04 12:07:16,307]  INFO {org.wso2.carbon.apimgt.common.jms.JMSListener} - Connection attempt: 1 for JMS Provider for listener: Siddhi-JMS-Consumer#cacheInvalidation was successful!
TID: [] [] [2026-10-04 12:07:16,307]  INFO {org.wso2.carbon.apimgt.common.jms.JMSListener} - Connection successfully created towards the JMS provider for the listener: Siddhi-JMS-Consumer#notification. The connected JMS provider is AMQConnection: | Host: 192.168.1.235 | Port: 5672 | Virtual Host: carbon | Client ID: clientid | Active session count: 0
TID: [] [] [2026-10-04 12:07:16,307]  INFO {org.wso2.carbon.apimgt.common.jms.JMSListener} - Connection attempt: 1 for JMS Provider for listener: Siddhi-JMS-Consumer#tokenRevocation was successful!
TID: [] [] [2026-10-04 12:07:16,307]  INFO {org.wso2.carbon.apimgt.common.jms.JMSListener} - Connection attempt: 1 for JMS Provider for listener: Siddhi-JMS-Consumer#notification was successful!
TID: [] [] [2026-10-04 12:07:16,307]  INFO {org.wso2.carbon.apimgt.common.jms.JMSListener} - Connection successfully created towards the JMS provider for the listener: Siddhi-JMS-Consumer#asyncWebhooksData. The connected JMS provider is AMQConnection: | Host: 192.168.1.235 | Port: 5672 | Virtual Host: carbon | Client ID: clientid | Active session count: 0
TID: [] [] [2026-10-04 12:07:16,307]  INFO {org.wso2.carbon.apimgt.common.jms.JMSListener} - Connection successfully created towards the JMS provider for the listener: Siddhi-JMS-Consumer#notification. The connected JMS provider is AMQConnection: | Host: 192.168.1.235 | Port: 5672 | Virtual Host: carbon | Client ID: clientid | Active session count: 0
TID: [] [] [2026-10-04 12:07:16,307]  INFO {org.wso2.carbon.apimgt.common.jms.JMSListener} - Connection attempt: 1 for JMS Provider for listener: Siddhi-JMS-Consumer#asyncWebhooksData was successful!
TID: [] [] [2026-10-04 12:07:16,307]  INFO {org.wso2.carbon.apimgt.common.jms.JMSListener} - Connection attempt: 1 for JMS Provider for listener: Siddhi-JMS-Consumer#notification was successful!
TID: [] [] [2026-10-04 12:07:16,307]  INFO {org.wso2.carbon.apimgt.common.jms.JMSListener} - Connection successfully created towards the JMS provider for the listener: Siddhi-JMS-Consumer#throttleData. The connected JMS provider is AMQConnection: | Host: 192.168.1.235 | Port: 5672 | Virtual Host: carbon | Client ID: clientid | Active session count: 0
TID: [] [] [2026-10-04 12:07:16,307]  INFO {org.wso2.carbon.apimgt.common.jms.JMSListener} - Connection attempt: 1 for JMS Provider for listener: Siddhi-JMS-Consumer#throttleData was successful!
TID: [] [] [2026-10-04 12:07:16,308]  INFO {org.wso2.carbon.apimgt.common.jms.JMSListener} - Connection successfully created towards the JMS provider for the listener: Siddhi-JMS-Consumer#notification. The connected JMS provider is AMQConnection: | Host: 192.168.1.235 | Port: 5672 | Virtual Host: carbon | Client ID: clientid | Active session count: 0
TID: [] [] [2026-10-04 12:07:16,308]  INFO {org.wso2.carbon.apimgt.common.jms.JMSListener} - Connection attempt: 1 for JMS Provider for listener: Siddhi-JMS-Consumer#notification was successful!
TID: [] [] [2026-10-04 12:07:16,309]  INFO {org.wso2.carbon.core.internal.StartupFinalizerServiceComponent} - Server           :  WSO2 API Manager-4.6.0
TID: [] [] [2026-10-04 12:07:16,309]  INFO {org.wso2.carbon.core.internal.StartupFinalizerServiceComponent} - WSO2 Carbon started in 144 sec
TID: [] [] [2026-10-04 12:07:16,309]  INFO {org.wso2.carbon.apimgt.common.jms.JMSTaskManager} - Task manager for Siddhi-JMS-Consumer [re-]initialized
TID: [] [] [2026-10-04 12:07:16,309]  INFO {org.wso2.carbon.apimgt.common.jms.JMSTaskManager} - Task manager for Siddhi-JMS-Consumer [re-]initialized
TID: [] [] [2026-10-04 12:07:16,309]  INFO {org.wso2.carbon.apimgt.common.jms.JMSTaskManager} - Task manager for Siddhi-JMS-Consumer [re-]initialized
TID: [] [] [2026-10-04 12:07:16,309]  INFO {org.wso2.carbon.apimgt.common.jms.JMSTaskManager} - Task manager for Siddhi-JMS-Consumer [re-]initialized
TID: [] [] [2026-10-04 12:07:16,309]  INFO {org.wso2.carbon.apimgt.common.jms.JMSTaskManager} - Task manager for Siddhi-JMS-Consumer [re-]initialized
TID: [] [] [2026-10-04 12:07:16,309]  INFO {org.wso2.carbon.apimgt.common.jms.JMSTaskManager} - Task manager for Siddhi-JMS-Consumer [re-]initialized
TID: [] [] [2026-10-04 12:07:16,309]  INFO {org.wso2.carbon.apimgt.common.jms.JMSTaskManager} - Task manager for Siddhi-JMS-Consumer [re-]initialized
TID: [] [] [2026-10-04 12:07:16,310]  INFO {org.wso2.carbon.apimgt.common.jms.JMSTaskManager} - Task manager for Siddhi-JMS-Consumer [re-]initialized
TID: [] [] [2026-10-04 12:07:16,310]  INFO {org.wso2.carbon.apimgt.common.jms.JMSTaskManager} - Task manager for Siddhi-JMS-Consumer [re-]initialized
TID: [] [] [2026-10-04 12:07:16,310]  INFO {org.wso2.carbon.apimgt.common.jms.JMSTaskManager} - Task manager for Siddhi-JMS-Consumer [re-]initialized
TID: [] [] [2026-10-04 12:07:16,310]  INFO {org.wso2.carbon.apimgt.common.jms.JMSTaskManager} - Task manager for Siddhi-JMS-Consumer [re-]initialized
TID: [] [] [2026-10-04 12:07:16,830]  INFO {org.wso2.carbon.ui.internal.CarbonUIServiceComponent} - Mgt Console URL  : https://localhost:9443/carbon/
TID: [] [] [2026-10-04 12:07:16,830]  INFO {org.wso2.carbon.ui.internal.CarbonUIServiceComponent} - API Developer Portal Default Context : https://localhost:9443/devportal
TID: [] [] [2026-10-04 12:07:16,830]  INFO {org.wso2.carbon.ui.internal.CarbonUIServiceComponent} - API Publisher Default Context : https://localhost:9443/publisher
TID: [-1234] [internal/data/v1] [2026-10-04 12:07:16,893]  INFO {org.wso2.carbon.apimgt.impl.importexport.utils.CommonUtil} - Creation of folder is successful. Directory Name : Api Parse Legado-0.1
TID: [-1234] [internal/data/v1] [2026-10-04 12:07:16,893]  INFO {org.wso2.carbon.apimgt.impl.importexport.utils.CommonUtil} - Creation of folder is successful. Directory Name : RelatorioLegacyApi-0.2
TID: [-1234] [internal/data/v1] [2026-10-04 12:07:16,893]  INFO {org.wso2.carbon.apimgt.impl.importexport.utils.CommonUtil} - Creation of folder is successful. Directory Name : RhConsultaAPI-0.1
TID: [-1234] [internal/data/v1] [2026-10-04 12:07:16,893]  INFO {org.wso2.carbon.apimgt.impl.importexport.utils.CommonUtil} - Creation of folder is successful. Directory Name : Api Exemplo-0.1
TID: [-1234] [internal/data/v1] [2026-10-04 12:07:16,896]  INFO {org.wso2.carbon.apimgt.impl.importexport.utils.CommonUtil} - Creation of folder is successful. Directory Name : Definitions
TID: [-1234] [internal/data/v1] [2026-10-04 12:07:16,896]  INFO {org.wso2.carbon.apimgt.impl.importexport.utils.CommonUtil} - Creation of folder is successful. Directory Name : Definitions
TID: [-1234] [internal/data/v1] [2026-10-04 12:07:16,897]  INFO {org.wso2.carbon.apimgt.impl.importexport.utils.CommonUtil} - Creation of folder is successful. Directory Name : Definitions
TID: [-1234] [internal/data/v1] [2026-10-04 12:07:16,897]  INFO {org.wso2.carbon.apimgt.impl.importexport.utils.CommonUtil} - Creation of folder is successful. Directory Name : Definitions
TID: [] [] [2026-10-04 12:07:17,310]  INFO {org.wso2.carbon.apimgt.common.jms.JMSListener} - Started to listen on destination : asyncWebhooksData of type topic for listener Siddhi-JMS-Consumer#asyncWebhooksData
TID: [] [] [2026-10-04 12:07:17,310]  INFO {org.wso2.carbon.apimgt.common.jms.JMSListener} - Started to listen on destination : cacheInvalidation of type topic for listener Siddhi-JMS-Consumer#cacheInvalidation
TID: [] [] [2026-10-04 12:07:17,310]  INFO {org.wso2.carbon.apimgt.common.jms.JMSListener} - Started to listen on destination : notification of type topic for listener Siddhi-JMS-Consumer#notification
TID: [] [] [2026-10-04 12:07:17,311]  INFO {org.wso2.carbon.apimgt.common.jms.JMSListener} - Started to listen on destination : tokenRevocation of type topic for listener Siddhi-JMS-Consumer#tokenRevocation
TID: [] [] [2026-10-04 12:07:17,311]  INFO {org.wso2.carbon.apimgt.common.jms.JMSListener} - Started to listen on destination : notification of type topic for listener Siddhi-JMS-Consumer#notification
TID: [] [] [2026-10-04 12:07:17,311]  INFO {org.wso2.carbon.apimgt.common.jms.JMSListener} - Started to listen on destination : throttleData of type topic for listener Siddhi-JMS-Consumer#throttleData
TID: [] [] [2026-10-04 12:07:17,311]  INFO {org.wso2.carbon.apimgt.common.jms.JMSListener} - Started to listen on destination : keyManager of type topic for listener Siddhi-JMS-Consumer#keyManager
TID: [] [] [2026-10-04 12:07:17,312]  INFO {org.wso2.carbon.apimgt.common.jms.JMSListener} - Started to listen on destination : notification of type topic for listener Siddhi-JMS-Consumer#notification
TID: [] [] [2026-10-04 12:07:17,312]  INFO {org.wso2.carbon.apimgt.common.jms.JMSListener} - Started to listen on destination : notification of type topic for listener Siddhi-JMS-Consumer#notification
TID: [] [] [2026-10-04 12:07:17,312]  INFO {org.wso2.carbon.apimgt.common.jms.JMSListener} - Started to listen on destination : throttleData of type topic for listener Siddhi-JMS-Consumer#throttleData
TID: [] [] [2026-10-04 12:07:17,312]  INFO {org.wso2.carbon.apimgt.common.jms.JMSListener} - Started to listen on destination : notification of type topic for listener Siddhi-JMS-Consumer#notification
TID: [-1234] [internal/data/v1] [2026-10-04 12:07:18,181]  INFO {org.wso2.carbon.apimgt.impl.importexport.utils.CommonUtil} - Creation of folder is successful. Directory Name : Api Exemplo-0.1
TID: [-1234] [internal/data/v1] [2026-10-04 12:07:18,183]  INFO {org.wso2.carbon.apimgt.impl.importexport.utils.CommonUtil} - Creation of folder is successful. Directory Name : Definitions
TID: [-1234] [internal/data/v1] [2026-10-04 12:07:18,184]  INFO {org.wso2.carbon.apimgt.impl.importexport.utils.CommonUtil} - Creation of folder is successful. Directory Name : Api Parse Legado-0.1
TID: [-1234] [internal/data/v1] [2026-10-04 12:07:18,186]  INFO {org.wso2.carbon.apimgt.impl.importexport.utils.CommonUtil} - Creation of folder is successful. Directory Name : Definitions
TID: [-1234] [internal/data/v1] [2026-10-04 12:07:18,189]  INFO {org.wso2.carbon.apimgt.impl.importexport.utils.CommonUtil} - Creation of folder is successful. Directory Name : Definitions
TID: [] [] [2026-10-04 12:07:18,264]  INFO {org.wso2.carbon.apimgt.gateway.listeners.GatewayStartupListener} - Gateway policy artifacts deployed Successfully in the Gateway
TID: [] [] [2026-10-04 12:07:18,573]  INFO {org.wso2.carbon.apimgt.gateway.InMemoryAPIDeployer} - Retrieved 5 artifacts for deployment
TID: [] [] [2026-10-04 12:07:18,574]  INFO {org.wso2.carbon.apimgt.gateway.InMemoryAPIDeployer} - Deploying synapse artifacts of API ID: e2751bd4-70e9-4e96-9c39-c0d334d80213 and Context: /teste/0.1
TID: [] [] [2026-10-04 12:07:18,601]  INFO {org.wso2.carbon.mediation.dependency.mgt.DependencyTracker} - Local entry : ga-config-key was added to the Synapse configuration successfully
TID: [] [] [2026-10-04 12:07:18,626]  INFO {org.wso2.carbon.apimgt.gateway.notifiers.GatewayNotifier} - Gateway registered successfully with ID: db1816cd-d163-44ab-943d-b24340c98cfd
TID: [] [] [2026-10-04 12:07:18,632]  INFO {org.wso2.carbon.event.processor.core.internal.util.EventProcessorConfigurationFilesystemInvoker} - rh.com_sub_AsyncGold.siddhiql is deleted from the file system
TID: [] [] [2026-10-04 12:07:18,632]  INFO {org.wso2.carbon.event.processor.core.EventProcessorDeployer} - Execution Plan was undeployed successfully : rh.com_sub_AsyncGold.siddhiql
TID: [] [] [2026-10-04 12:07:18,633]  INFO {org.wso2.carbon.event.processor.core.internal.util.EventProcessorConfigurationFilesystemInvoker} - rh.com_sub_AsyncDefaultSubscriptionless.siddhiql is deleted from the file system
TID: [] [] [2026-10-04 12:07:18,633]  INFO {org.wso2.carbon.event.processor.core.EventProcessorDeployer} - Execution Plan was undeployed successfully : rh.com_sub_AsyncDefaultSubscriptionless.siddhiql
TID: [] [] [2026-10-04 12:07:18,634]  INFO {org.wso2.carbon.event.processor.core.internal.util.EventProcessorConfigurationFilesystemInvoker} - rh.com_resource_10KPerMin_default.siddhiql is deleted from the file system
TID: [] [] [2026-10-04 12:07:18,634]  INFO {org.wso2.carbon.event.processor.core.EventProcessorDeployer} - Execution Plan was undeployed successfully : rh.com_resource_10KPerMin_default.siddhiql
TID: [] [] [2026-10-04 12:07:18,634]  INFO {org.wso2.carbon.event.processor.core.internal.util.EventProcessorConfigurationFilesystemInvoker} - rh.com_sub_AsyncWHBronze.siddhiql is deleted from the file system
TID: [] [] [2026-10-04 12:07:18,634]  INFO {org.wso2.carbon.event.processor.core.EventProcessorDeployer} - Execution Plan was undeployed successfully : rh.com_sub_AsyncWHBronze.siddhiql
TID: [] [] [2026-10-04 12:07:18,635]  INFO {org.wso2.carbon.event.processor.core.internal.util.EventProcessorConfigurationFilesystemInvoker} - carbon.super_sub_AsyncDefaultSubscriptionless.siddhiql is deleted from the file system
TID: [] [] [2026-10-04 12:07:18,635]  INFO {org.wso2.carbon.event.processor.core.EventProcessorDeployer} - Execution Plan was undeployed successfully : carbon.super_sub_AsyncDefaultSubscriptionless.siddhiql
TID: [] [] [2026-10-04 12:07:18,636]  INFO {org.wso2.carbon.event.processor.core.internal.util.EventProcessorConfigurationFilesystemInvoker} - carbon.super_sub_Unauthenticated.siddhiql is deleted from the file system
TID: [] [] [2026-10-04 12:07:18,636]  INFO {org.wso2.carbon.event.processor.core.EventProcessorDeployer} - Execution Plan was undeployed successfully : carbon.super_sub_Unauthenticated.siddhiql
TID: [] [] [2026-10-04 12:07:18,636]  INFO {org.wso2.carbon.event.processor.core.internal.util.EventProcessorConfigurationFilesystemInvoker} - carbon.super_sub_AsyncWHGold.siddhiql is deleted from the file system
TID: [] [] [2026-10-04 12:07:18,636]  INFO {org.wso2.carbon.event.processor.core.EventProcessorDeployer} - Execution Plan was undeployed successfully : carbon.super_sub_AsyncWHGold.siddhiql
TID: [] [] [2026-10-04 12:07:18,637]  INFO {org.wso2.carbon.event.processor.core.internal.util.EventProcessorConfigurationFilesystemInvoker} - rh.com_sub_Gold.siddhiql is deleted from the file system
TID: [] [] [2026-10-04 12:07:18,637]  INFO {org.wso2.carbon.event.processor.core.EventProcessorDeployer} - Execution Plan was undeployed successfully : rh.com_sub_Gold.siddhiql
TID: [] [] [2026-10-04 12:07:18,638]  INFO {org.wso2.carbon.event.processor.core.internal.util.EventProcessorConfigurationFilesystemInvoker} - rh.com_sub_AsyncBronze.siddhiql is deleted from the file system
TID: [] [] [2026-10-04 12:07:18,638]  INFO {org.wso2.carbon.event.processor.core.EventProcessorDeployer} - Execution Plan was undeployed successfully : rh.com_sub_AsyncBronze.siddhiql
TID: [] [] [2026-10-04 12:07:18,639]  INFO {org.wso2.carbon.event.processor.core.internal.util.EventProcessorConfigurationFilesystemInvoker} - carbon.super_sub_AIGold.siddhiql is deleted from the file system
TID: [] [] [2026-10-04 12:07:18,639]  INFO {org.wso2.carbon.event.processor.core.EventProcessorDeployer} - Execution Plan was undeployed successfully : carbon.super_sub_AIGold.siddhiql
TID: [] [] [2026-10-04 12:07:18,639]  INFO {org.wso2.carbon.event.processor.core.internal.util.EventProcessorConfigurationFilesystemInvoker} - carbon.super_sub_AsyncWHBronze.siddhiql is deleted from the file system
TID: [] [] [2026-10-04 12:07:18,639]  INFO {org.wso2.carbon.event.processor.core.EventProcessorDeployer} - Execution Plan was undeployed successfully : carbon.super_sub_AsyncWHBronze.siddhiql
TID: [] [] [2026-10-04 12:07:18,640]  INFO {org.wso2.carbon.event.processor.core.internal.util.EventProcessorConfigurationFilesystemInvoker} - rh.com_sub_AsyncWHGold.siddhiql is deleted from the file system
TID: [] [] [2026-10-04 12:07:18,640]  INFO {org.wso2.carbon.event.processor.core.EventProcessorDeployer} - Execution Plan was undeployed successfully : rh.com_sub_AsyncWHGold.siddhiql
TID: [] [] [2026-10-04 12:07:18,640]  INFO {org.wso2.carbon.event.processor.core.internal.util.EventProcessorConfigurationFilesystemInvoker} - rh.com_sub_Unauthenticated.siddhiql is deleted from the file system
TID: [] [] [2026-10-04 12:07:18,640]  INFO {org.wso2.carbon.event.processor.core.EventProcessorDeployer} - Execution Plan was undeployed successfully : rh.com_sub_Unauthenticated.siddhiql
TID: [] [] [2026-10-04 12:07:18,640]  INFO {org.wso2.carbon.event.processor.core.internal.util.EventProcessorConfigurationFilesystemInvoker} - carbon.super_sub_AIBronze.siddhiql is deleted from the file system
TID: [] [] [2026-10-04 12:07:18,640]  INFO {org.wso2.carbon.event.processor.core.EventProcessorDeployer} - Execution Plan was undeployed successfully : carbon.super_sub_AIBronze.siddhiql
TID: [] [] [2026-10-04 12:07:18,641]  INFO {org.wso2.carbon.event.processor.core.internal.util.EventProcessorConfigurationFilesystemInvoker} - rh.com_sub_AIGold.siddhiql is deleted from the file system
TID: [] [] [2026-10-04 12:07:18,641]  INFO {org.wso2.carbon.event.processor.core.EventProcessorDeployer} - Execution Plan was undeployed successfully : rh.com_sub_AIGold.siddhiql
TID: [] [] [2026-10-04 12:07:18,642]  INFO {org.wso2.carbon.event.processor.core.internal.util.EventProcessorConfigurationFilesystemInvoker} - carbon.super_app_10PerMin.siddhiql is deleted from the file system
TID: [] [] [2026-10-04 12:07:18,642]  INFO {org.wso2.carbon.event.processor.core.EventProcessorDeployer} - Execution Plan was undeployed successfully : carbon.super_app_10PerMin.siddhiql
TID: [] [] [2026-10-04 12:07:18,642]  INFO {org.wso2.carbon.event.processor.core.internal.util.EventProcessorConfigurationFilesystemInvoker} - carbon.super_app_20PerMin.siddhiql is deleted from the file system
TID: [] [] [2026-10-04 12:07:18,642]  INFO {org.wso2.carbon.event.processor.core.EventProcessorDeployer} - Execution Plan was undeployed successfully : carbon.super_app_20PerMin.siddhiql
TID: [] [] [2026-10-04 12:07:18,643]  INFO {org.wso2.carbon.event.processor.core.internal.util.EventProcessorConfigurationFilesystemInvoker} - carbon.super_app_50PerMin.siddhiql is deleted from the file system
TID: [] [] [2026-10-04 12:07:18,643]  INFO {org.wso2.carbon.event.processor.core.EventProcessorDeployer} - Execution Plan was undeployed successfully : carbon.super_app_50PerMin.siddhiql
TID: [] [] [2026-10-04 12:07:18,643]  INFO {org.wso2.carbon.event.processor.core.internal.util.EventProcessorConfigurationFilesystemInvoker} - rh.com_sub_AsyncWHSilver.siddhiql is deleted from the file system
TID: [] [] [2026-10-04 12:07:18,643]  INFO {org.wso2.carbon.event.processor.core.EventProcessorDeployer} - Execution Plan was undeployed successfully : rh.com_sub_AsyncWHSilver.siddhiql
TID: [] [] [2026-10-04 12:07:18,644]  INFO {org.wso2.carbon.event.processor.core.internal.util.EventProcessorConfigurationFilesystemInvoker} - carbon.super_sub_AsyncWHSilver.siddhiql is deleted from the file system
TID: [] [] [2026-10-04 12:07:18,644]  INFO {org.wso2.carbon.event.processor.core.EventProcessorDeployer} - Execution Plan was undeployed successfully : carbon.super_sub_AsyncWHSilver.siddhiql
TID: [] [] [2026-10-04 12:07:18,645]  INFO {org.wso2.carbon.event.processor.core.internal.util.EventProcessorConfigurationFilesystemInvoker} - rh.com_sub_AISilver.siddhiql is deleted from the file system
TID: [] [] [2026-10-04 12:07:18,645]  INFO {org.wso2.carbon.event.processor.core.EventProcessorDeployer} - Execution Plan was undeployed successfully : rh.com_sub_AISilver.siddhiql
TID: [] [] [2026-10-04 12:07:18,645]  INFO {org.wso2.carbon.event.processor.core.internal.util.EventProcessorConfigurationFilesystemInvoker} - carbon.super_sub_AsyncBronze.siddhiql is deleted from the file system
TID: [] [] [2026-10-04 12:07:18,645]  INFO {org.wso2.carbon.event.processor.core.EventProcessorDeployer} - Execution Plan was undeployed successfully : carbon.super_sub_AsyncBronze.siddhiql
TID: [] [] [2026-10-04 12:07:18,646]  INFO {org.wso2.carbon.event.processor.core.internal.util.EventProcessorConfigurationFilesystemInvoker} - rh.com_sub_Bronze.siddhiql is deleted from the file system
TID: [] [] [2026-10-04 12:07:18,646]  INFO {org.wso2.carbon.event.processor.core.EventProcessorDeployer} - Execution Plan was undeployed successfully : rh.com_sub_Bronze.siddhiql
TID: [] [] [2026-10-04 12:07:18,646]  INFO {org.wso2.carbon.event.processor.core.internal.util.EventProcessorConfigurationFilesystemInvoker} - rh.com_sub_AsyncSilver.siddhiql is deleted from the file system
TID: [] [] [2026-10-04 12:07:18,646]  INFO {org.wso2.carbon.event.processor.core.EventProcessorDeployer} - Execution Plan was undeployed successfully : rh.com_sub_AsyncSilver.siddhiql
TID: [] [] [2026-10-04 12:07:18,648]  INFO {org.wso2.carbon.event.processor.core.internal.util.EventProcessorConfigurationFilesystemInvoker} - carbon.super_sub_AISilver.siddhiql is deleted from the file system
TID: [] [] [2026-10-04 12:07:18,648]  INFO {org.wso2.carbon.event.processor.core.EventProcessorDeployer} - Execution Plan was undeployed successfully : carbon.super_sub_AISilver.siddhiql
TID: [] [] [2026-10-04 12:07:18,648]  INFO {org.wso2.carbon.event.processor.core.internal.util.EventProcessorConfigurationFilesystemInvoker} - rh.com_sub_DefaultSubscriptionless.siddhiql is deleted from the file system
TID: [] [] [2026-10-04 12:07:18,648]  INFO {org.wso2.carbon.event.processor.core.EventProcessorDeployer} - Execution Plan was undeployed successfully : rh.com_sub_DefaultSubscriptionless.siddhiql
TID: [] [] [2026-10-04 12:07:18,649]  INFO {org.wso2.carbon.event.processor.core.internal.util.EventProcessorConfigurationFilesystemInvoker} - rh.com_sub_Silver.siddhiql is deleted from the file system
TID: [] [] [2026-10-04 12:07:18,649]  INFO {org.wso2.carbon.event.processor.core.EventProcessorDeployer} - Execution Plan was undeployed successfully : rh.com_sub_Silver.siddhiql
TID: [] [] [2026-10-04 12:07:18,649]  INFO {org.wso2.carbon.event.processor.core.internal.util.EventProcessorConfigurationFilesystemInvoker} - carbon.super_resource_10KPerMin_default.siddhiql is deleted from the file system
TID: [] [] [2026-10-04 12:07:18,649]  INFO {org.wso2.carbon.event.processor.core.EventProcessorDeployer} - Execution Plan was undeployed successfully : carbon.super_resource_10KPerMin_default.siddhiql
TID: [] [] [2026-10-04 12:07:18,650]  INFO {org.wso2.carbon.event.processor.core.internal.util.EventProcessorConfigurationFilesystemInvoker} - rh.com_sub_AIBronze.siddhiql is deleted from the file system
TID: [] [] [2026-10-04 12:07:18,650]  INFO {org.wso2.carbon.event.processor.core.EventProcessorDeployer} - Execution Plan was undeployed successfully : rh.com_sub_AIBronze.siddhiql
TID: [] [] [2026-10-04 12:07:18,650]  INFO {org.wso2.carbon.event.processor.core.internal.util.EventProcessorConfigurationFilesystemInvoker} - rh.com_app_20PerMin.siddhiql is deleted from the file system
TID: [] [] [2026-10-04 12:07:18,650]  INFO {org.wso2.carbon.event.processor.core.EventProcessorDeployer} - Execution Plan was undeployed successfully : rh.com_app_20PerMin.siddhiql
TID: [] [] [2026-10-04 12:07:18,651]  INFO {org.wso2.carbon.event.processor.core.internal.util.EventProcessorConfigurationFilesystemInvoker} - carbon.super_sub_AsyncSilver.siddhiql is deleted from the file system
TID: [] [] [2026-10-04 12:07:18,651]  INFO {org.wso2.carbon.event.processor.core.EventProcessorDeployer} - Execution Plan was undeployed successfully : carbon.super_sub_AsyncSilver.siddhiql
TID: [] [] [2026-10-04 12:07:18,651]  INFO {org.wso2.carbon.event.processor.core.internal.util.EventProcessorConfigurationFilesystemInvoker} - carbon.super_sub_DefaultSubscriptionless.siddhiql is deleted from the file system
TID: [] [] [2026-10-04 12:07:18,651]  INFO {org.wso2.carbon.event.processor.core.EventProcessorDeployer} - Execution Plan was undeployed successfully : carbon.super_sub_DefaultSubscriptionless.siddhiql
TID: [] [] [2026-10-04 12:07:18,651]  INFO {org.wso2.carbon.event.processor.core.internal.util.EventProcessorConfigurationFilesystemInvoker} - carbon.super_sub_Silver.siddhiql is deleted from the file system
TID: [] [] [2026-10-04 12:07:18,651]  INFO {org.wso2.carbon.event.processor.core.EventProcessorDeployer} - Execution Plan was undeployed successfully : carbon.super_sub_Silver.siddhiql
TID: [] [] [2026-10-04 12:07:18,652]  INFO {org.wso2.carbon.event.processor.core.internal.util.EventProcessorConfigurationFilesystemInvoker} - carbon.super_sub_Bronze.siddhiql is deleted from the file system
TID: [] [] [2026-10-04 12:07:18,652]  INFO {org.wso2.carbon.event.processor.core.EventProcessorDeployer} - Execution Plan was undeployed successfully : carbon.super_sub_Bronze.siddhiql
TID: [] [] [2026-10-04 12:07:18,653]  INFO {org.wso2.carbon.event.processor.core.internal.util.EventProcessorConfigurationFilesystemInvoker} - carbon.super_resource_50KPerMin_default.siddhiql is deleted from the file system
TID: [] [] [2026-10-04 12:07:18,653]  INFO {org.wso2.carbon.event.processor.core.EventProcessorDeployer} - Execution Plan was undeployed successfully : carbon.super_resource_50KPerMin_default.siddhiql
TID: [] [] [2026-10-04 12:07:18,653]  INFO {org.wso2.carbon.event.processor.core.internal.util.EventProcessorConfigurationFilesystemInvoker} - carbon.super_resource_20KPerMin_default.siddhiql is deleted from the file system
TID: [] [] [2026-10-04 12:07:18,653]  INFO {org.wso2.carbon.event.processor.core.EventProcessorDeployer} - Execution Plan was undeployed successfully : carbon.super_resource_20KPerMin_default.siddhiql
TID: [] [] [2026-10-04 12:07:18,654]  INFO {org.wso2.carbon.event.processor.core.internal.util.EventProcessorConfigurationFilesystemInvoker} - carbon.super_sub_AsyncGold.siddhiql is deleted from the file system
TID: [] [] [2026-10-04 12:07:18,654]  INFO {org.wso2.carbon.event.processor.core.EventProcessorDeployer} - Execution Plan was undeployed successfully : carbon.super_sub_AsyncGold.siddhiql
TID: [] [] [2026-10-04 12:07:18,655]  INFO {org.wso2.carbon.event.processor.core.internal.util.EventProcessorConfigurationFilesystemInvoker} - rh.com_app_10PerMin.siddhiql is deleted from the file system
TID: [] [] [2026-10-04 12:07:18,655]  INFO {org.wso2.carbon.event.processor.core.EventProcessorDeployer} - Execution Plan was undeployed successfully : rh.com_app_10PerMin.siddhiql
TID: [] [] [2026-10-04 12:07:18,656]  INFO {org.wso2.carbon.event.processor.core.internal.util.EventProcessorConfigurationFilesystemInvoker} - rh.com_app_50PerMin.siddhiql is deleted from the file system
TID: [] [] [2026-10-04 12:07:18,656]  INFO {org.wso2.carbon.event.processor.core.EventProcessorDeployer} - Execution Plan was undeployed successfully : rh.com_app_50PerMin.siddhiql
TID: [] [] [2026-10-04 12:07:18,657]  INFO {org.wso2.carbon.event.processor.core.internal.util.EventProcessorConfigurationFilesystemInvoker} - carbon.super_sub_Gold.siddhiql is deleted from the file system
TID: [] [] [2026-10-04 12:07:18,657]  INFO {org.wso2.carbon.event.processor.core.EventProcessorDeployer} - Execution Plan was undeployed successfully : carbon.super_sub_Gold.siddhiql
TID: [] [] [2026-10-04 12:07:18,658]  INFO {org.wso2.carbon.event.processor.core.internal.util.EventProcessorConfigurationFilesystemInvoker} - rh.com_resource_20KPerMin_default.siddhiql is deleted from the file system
TID: [] [] [2026-10-04 12:07:18,658]  INFO {org.wso2.carbon.event.processor.core.EventProcessorDeployer} - Execution Plan was undeployed successfully : rh.com_resource_20KPerMin_default.siddhiql
TID: [] [] [2026-10-04 12:07:18,658]  INFO {org.wso2.carbon.event.processor.core.internal.util.EventProcessorConfigurationFilesystemInvoker} - rh.com_resource_50KPerMin_default.siddhiql is deleted from the file system
TID: [] [] [2026-10-04 12:07:18,658]  INFO {org.wso2.carbon.event.processor.core.EventProcessorDeployer} - Execution Plan was undeployed successfully : rh.com_resource_50KPerMin_default.siddhiql
TID: [] [] [2026-10-04 12:07:18,664]  INFO {org.wso2.carbon.mediation.dependency.mgt.DependencyTracker} - Local entry : e2751bd4-70e9-4e96-9c39-c0d334d80213 was added to the Synapse configuration successfully
TID: [] [] [2026-10-04 12:07:18,667]  INFO {org.wso2.carbon.mediation.dependency.mgt.DependencyTracker} - Endpoint : Api Exemplo--v0.1_APIproductionEndpoint was added to the Synapse configuration successfully
TID: [] [] [2026-10-04 12:07:18,669]  INFO {org.wso2.carbon.mediation.dependency.mgt.DependencyTracker} - Endpoint : Api Exemplo--v0.1_APIsandboxEndpoint was added to the Synapse configuration successfully
TID: [] [] [2026-10-04 12:07:18,687]  INFO {org.wso2.carbon.event.processor.core.internal.util.EventProcessorConfigurationFilesystemInvoker} - Execution plan: carbon.super_sub_Gold saved in the filesystem
TID: [] [] [2026-10-04 12:07:18,716]  INFO {org.wso2.carbon.event.stream.core.internal.EventJunction} - Producer added to the junction. Stream:org.wso2.throttle.globalThrottle.stream:1.0.0
TID: [] [] [2026-10-04 12:07:18,716]  INFO {org.wso2.carbon.event.stream.core.internal.EventJunction} - Consumer added to the junction. Stream:org.wso2.throttle.processed.request.stream:1.0.0
TID: [] [] [2026-10-04 12:07:18,716]  INFO {org.wso2.carbon.event.processor.core.EventProcessorDeployer} - Execution plan is deployed successfully and in active state  : carbon.super_sub_Gold
TID: [] [] [2026-10-04 12:07:18,744]  INFO {org.wso2.carbon.event.processor.core.internal.util.EventProcessorConfigurationFilesystemInvoker} - Execution plan: carbon.super_sub_Silver saved in the filesystem
TID: [] [] [2026-10-04 12:07:18,810]  INFO {org.wso2.carbon.event.stream.core.internal.EventJunction} - Producer added to the junction. Stream:org.wso2.throttle.globalThrottle.stream:1.0.0
TID: [] [] [2026-10-04 12:07:18,810]  INFO {org.wso2.carbon.event.stream.core.internal.EventJunction} - Consumer added to the junction. Stream:org.wso2.throttle.processed.request.stream:1.0.0
TID: [] [] [2026-10-04 12:07:18,810]  INFO {org.wso2.carbon.event.processor.core.EventProcessorDeployer} - Execution plan is deployed successfully and in active state  : carbon.super_sub_Silver
TID: [] [] [2026-10-04 12:07:18,820]  INFO {org.wso2.carbon.event.processor.core.internal.util.EventProcessorConfigurationFilesystemInvoker} - Execution plan: carbon.super_sub_Bronze saved in the filesystem
TID: [] [] [2026-10-04 12:07:18,857]  INFO {org.wso2.carbon.event.stream.core.internal.EventJunction} - Producer added to the junction. Stream:org.wso2.throttle.globalThrottle.stream:1.0.0
TID: [] [] [2026-10-04 12:07:18,857]  INFO {org.wso2.carbon.event.stream.core.internal.EventJunction} - Consumer added to the junction. Stream:org.wso2.throttle.processed.request.stream:1.0.0
TID: [] [] [2026-10-04 12:07:18,857]  INFO {org.wso2.carbon.event.processor.core.EventProcessorDeployer} - Execution plan is deployed successfully and in active state  : carbon.super_sub_Bronze
TID: [] [] [2026-10-04 12:07:18,864]  INFO {org.wso2.carbon.event.processor.core.internal.util.EventProcessorConfigurationFilesystemInvoker} - Execution plan: carbon.super_sub_Unauthenticated saved in the filesystem
TID: [] [] [2026-10-04 12:07:18,883]  INFO {org.wso2.carbon.event.stream.core.internal.EventJunction} - Producer added to the junction. Stream:org.wso2.throttle.globalThrottle.stream:1.0.0
TID: [] [] [2026-10-04 12:07:18,883]  INFO {org.wso2.carbon.event.stream.core.internal.EventJunction} - Consumer added to the junction. Stream:org.wso2.throttle.processed.request.stream:1.0.0
TID: [] [] [2026-10-04 12:07:18,883]  INFO {org.wso2.carbon.event.processor.core.EventProcessorDeployer} - Execution plan is deployed successfully and in active state  : carbon.super_sub_Unauthenticated
TID: [] [] [2026-10-04 12:07:18,889]  INFO {org.wso2.carbon.event.processor.core.internal.util.EventProcessorConfigurationFilesystemInvoker} - Execution plan: carbon.super_sub_DefaultSubscriptionless saved in the filesystem
TID: [] [] [2026-10-04 12:07:18,909]  INFO {org.wso2.carbon.event.stream.core.internal.EventJunction} - Producer added to the junction. Stream:org.wso2.throttle.globalThrottle.stream:1.0.0
TID: [] [] [2026-10-04 12:07:18,909]  INFO {org.wso2.carbon.event.stream.core.internal.EventJunction} - Consumer added to the junction. Stream:org.wso2.throttle.processed.request.stream:1.0.0
TID: [] [] [2026-10-04 12:07:18,909]  INFO {org.wso2.carbon.event.processor.core.EventProcessorDeployer} - Execution plan is deployed successfully and in active state  : carbon.super_sub_DefaultSubscriptionless
TID: [] [] [2026-10-04 12:07:18,926]  INFO {org.wso2.carbon.event.processor.core.internal.util.EventProcessorConfigurationFilesystemInvoker} - Execution plan: carbon.super_sub_AsyncGold saved in the filesystem
TID: [] [] [2026-10-04 12:07:18,951]  INFO {org.wso2.carbon.event.stream.core.internal.EventJunction} - Producer added to the junction. Stream:org.wso2.throttle.globalThrottle.stream:1.0.0
TID: [] [] [2026-10-04 12:07:18,951]  INFO {org.wso2.carbon.event.stream.core.internal.EventJunction} - Consumer added to the junction. Stream:org.wso2.throttle.processed.request.stream:1.0.0
TID: [] [] [2026-10-04 12:07:18,951]  INFO {org.wso2.carbon.event.processor.core.EventProcessorDeployer} - Execution plan is deployed successfully and in active state  : carbon.super_sub_AsyncGold
TID: [] [] [2026-10-04 12:07:18,962]  INFO {org.wso2.carbon.event.processor.core.internal.util.EventProcessorConfigurationFilesystemInvoker} - Execution plan: carbon.super_sub_AsyncSilver saved in the filesystem
TID: [] [] [2026-10-04 12:07:18,995]  INFO {org.wso2.carbon.event.stream.core.internal.EventJunction} - Producer added to the junction. Stream:org.wso2.throttle.globalThrottle.stream:1.0.0
TID: [] [] [2026-10-04 12:07:18,995]  INFO {org.wso2.carbon.event.stream.core.internal.EventJunction} - Consumer added to the junction. Stream:org.wso2.throttle.processed.request.stream:1.0.0
TID: [] [] [2026-10-04 12:07:18,995]  INFO {org.wso2.carbon.event.processor.core.EventProcessorDeployer} - Execution plan is deployed successfully and in active state  : carbon.super_sub_AsyncSilver
TID: [] [] [2026-10-04 12:07:19,006]  INFO {org.wso2.carbon.event.processor.core.internal.util.EventProcessorConfigurationFilesystemInvoker} - Execution plan: carbon.super_sub_AsyncBronze saved in the filesystem
TID: [] [] [2026-10-04 12:07:19,033]  INFO {org.wso2.carbon.event.stream.core.internal.EventJunction} - Producer added to the junction. Stream:org.wso2.throttle.globalThrottle.stream:1.0.0
TID: [] [] [2026-10-04 12:07:19,033]  INFO {org.wso2.carbon.event.stream.core.internal.EventJunction} - Consumer added to the junction. Stream:org.wso2.throttle.processed.request.stream:1.0.0
TID: [] [] [2026-10-04 12:07:19,034]  INFO {org.wso2.carbon.event.processor.core.EventProcessorDeployer} - Execution plan is deployed successfully and in active state  : carbon.super_sub_AsyncBronze
TID: [] [] [2026-10-04 12:07:19,047]  INFO {org.wso2.carbon.event.processor.core.internal.util.EventProcessorConfigurationFilesystemInvoker} - Execution plan: carbon.super_sub_AsyncDefaultSubscriptionless saved in the filesystem
TID: [] [] [2026-10-04 12:07:19,097]  INFO {org.wso2.carbon.event.stream.core.internal.EventJunction} - Producer added to the junction. Stream:org.wso2.throttle.globalThrottle.stream:1.0.0
TID: [] [] [2026-10-04 12:07:19,097]  INFO {org.wso2.carbon.event.stream.core.internal.EventJunction} - Consumer added to the junction. Stream:org.wso2.throttle.processed.request.stream:1.0.0
TID: [] [] [2026-10-04 12:07:19,097]  INFO {org.wso2.carbon.event.processor.core.EventProcessorDeployer} - Execution plan is deployed successfully and in active state  : carbon.super_sub_AsyncDefaultSubscriptionless
TID: [] [] [2026-10-04 12:07:19,115]  INFO {org.apache.synapse.api.API} - {api:prod--Api Exemplo:v0.1} Initializing API: prod--Api Exemplo:v0.1
TID: [] [] [2026-10-04 12:07:19,120]  INFO {org.wso2.carbon.event.processor.core.internal.util.EventProcessorConfigurationFilesystemInvoker} - Execution plan: carbon.super_sub_AIGold saved in the filesystem
TID: [] [] [2026-10-04 12:07:19,129]  INFO {org.wso2.carbon.mediation.dependency.mgt.DependencyTracker} - API : prod--Api Exemplo:v0.1 was added to the Synapse configuration successfully
TID: [] [] [2026-10-04 12:07:19,131]  INFO {org.wso2.carbon.apimgt.gateway.InMemoryAPIDeployer} - Deploying synapse artifacts of API ID: 9bd21ad2-f02e-4ee2-8be2-444f274257a8 and Context: /RhConsulta/0.1
TID: [] [] [2026-10-04 12:07:19,132]  INFO {org.wso2.carbon.mediation.dependency.mgt.DependencyTracker} - Local entry : 9bd21ad2-f02e-4ee2-8be2-444f274257a8 was added to the Synapse configuration successfully
TID: [] [] [2026-10-04 12:07:19,133]  INFO {org.wso2.carbon.mediation.dependency.mgt.DependencyTracker} - Endpoint : RhConsultaAPI--v0.1_APIsandboxEndpoint was added to the Synapse configuration successfully
TID: [] [] [2026-10-04 12:07:19,134]  INFO {org.wso2.carbon.mediation.dependency.mgt.DependencyTracker} - Endpoint : RhConsultaAPI--v0.1_APIproductionEndpoint was added to the Synapse configuration successfully
TID: [] [] [2026-10-04 12:07:19,139]  INFO {org.wso2.carbon.event.stream.core.internal.EventJunction} - Producer added to the junction. Stream:org.wso2.throttle.globalThrottle.stream:1.0.0
TID: [] [] [2026-10-04 12:07:19,139]  INFO {org.wso2.carbon.event.stream.core.internal.EventJunction} - Consumer added to the junction. Stream:org.wso2.throttle.processed.request.stream:1.0.0
TID: [] [] [2026-10-04 12:07:19,139]  INFO {org.wso2.carbon.event.processor.core.EventProcessorDeployer} - Execution plan is deployed successfully and in active state  : carbon.super_sub_AIGold
TID: [] [] [2026-10-04 12:07:19,146]  INFO {org.wso2.carbon.event.processor.core.internal.util.EventProcessorConfigurationFilesystemInvoker} - Execution plan: carbon.super_sub_AISilver saved in the filesystem
TID: [] [] [2026-10-04 12:07:19,164]  INFO {org.wso2.carbon.event.stream.core.internal.EventJunction} - Producer added to the junction. Stream:org.wso2.throttle.globalThrottle.stream:1.0.0
TID: [] [] [2026-10-04 12:07:19,164]  INFO {org.wso2.carbon.event.stream.core.internal.EventJunction} - Consumer added to the junction. Stream:org.wso2.throttle.processed.request.stream:1.0.0
TID: [] [] [2026-10-04 12:07:19,164]  INFO {org.wso2.carbon.event.processor.core.EventProcessorDeployer} - Execution plan is deployed successfully and in active state  : carbon.super_sub_AISilver
TID: [] [] [2026-10-04 12:07:19,173]  INFO {org.wso2.carbon.event.processor.core.internal.util.EventProcessorConfigurationFilesystemInvoker} - Execution plan: carbon.super_sub_AIBronze saved in the filesystem
TID: [] [] [2026-10-04 12:07:19,187]  INFO {org.apache.synapse.api.API} - {api:prod--RhConsultaAPI:v0.1} Initializing API: prod--RhConsultaAPI:v0.1
TID: [] [] [2026-10-04 12:07:19,188]  INFO {org.wso2.carbon.mediation.dependency.mgt.DependencyTracker} - API : prod--RhConsultaAPI:v0.1 was added to the Synapse configuration successfully
TID: [] [] [2026-10-04 12:07:19,189]  INFO {org.wso2.carbon.apimgt.gateway.InMemoryAPIDeployer} - Deploying synapse artifacts of API ID: fad559f5-1e65-405e-83cc-a844eff07a6e and Context: /Relatorio/0.2
TID: [] [] [2026-10-04 12:07:19,190]  INFO {org.wso2.carbon.mediation.dependency.mgt.DependencyTracker} - Local entry : fad559f5-1e65-405e-83cc-a844eff07a6e was added to the Synapse configuration successfully
TID: [] [] [2026-10-04 12:07:19,192]  INFO {org.wso2.carbon.mediation.dependency.mgt.DependencyTracker} - Endpoint : RelatorioLegacyApi--v0.2_APIproductionEndpoint was added to the Synapse configuration successfully
TID: [] [] [2026-10-04 12:07:19,193]  INFO {org.wso2.carbon.mediation.dependency.mgt.DependencyTracker} - Endpoint : RelatorioLegacyApi--v0.2_APIsandboxEndpoint was added to the Synapse configuration successfully
TID: [] [] [2026-10-04 12:07:19,193]  INFO {org.wso2.carbon.event.stream.core.internal.EventJunction} - Producer added to the junction. Stream:org.wso2.throttle.globalThrottle.stream:1.0.0
TID: [] [] [2026-10-04 12:07:19,193]  INFO {org.wso2.carbon.event.stream.core.internal.EventJunction} - Consumer added to the junction. Stream:org.wso2.throttle.processed.request.stream:1.0.0
TID: [] [] [2026-10-04 12:07:19,193]  INFO {org.wso2.carbon.event.processor.core.EventProcessorDeployer} - Execution plan is deployed successfully and in active state  : carbon.super_sub_AIBronze
TID: [] [] [2026-10-04 12:07:19,199]  INFO {org.wso2.carbon.event.processor.core.internal.util.EventProcessorConfigurationFilesystemInvoker} - Execution plan: carbon.super_sub_AsyncWHGold saved in the filesystem
TID: [] [] [2026-10-04 12:07:19,214]  INFO {org.wso2.carbon.event.stream.core.internal.EventJunction} - Producer added to the junction. Stream:org.wso2.throttle.globalThrottle.stream:1.0.0
TID: [] [] [2026-10-04 12:07:19,214]  INFO {org.wso2.carbon.event.stream.core.internal.EventJunction} - Consumer added to the junction. Stream:org.wso2.throttle.processed.request.stream:1.0.0
TID: [] [] [2026-10-04 12:07:19,214]  INFO {org.wso2.carbon.event.processor.core.EventProcessorDeployer} - Execution plan is deployed successfully and in active state  : carbon.super_sub_AsyncWHGold
TID: [] [] [2026-10-04 12:07:19,219]  INFO {org.wso2.carbon.event.processor.core.internal.util.EventProcessorConfigurationFilesystemInvoker} - Execution plan: carbon.super_sub_AsyncWHSilver saved in the filesystem
TID: [] [] [2026-10-04 12:07:19,232]  INFO {org.wso2.carbon.event.stream.core.internal.EventJunction} - Producer added to the junction. Stream:org.wso2.throttle.globalThrottle.stream:1.0.0
TID: [] [] [2026-10-04 12:07:19,233]  INFO {org.wso2.carbon.event.stream.core.internal.EventJunction} - Consumer added to the junction. Stream:org.wso2.throttle.processed.request.stream:1.0.0
TID: [] [] [2026-10-04 12:07:19,233]  INFO {org.wso2.carbon.event.processor.core.EventProcessorDeployer} - Execution plan is deployed successfully and in active state  : carbon.super_sub_AsyncWHSilver
TID: [] [] [2026-10-04 12:07:19,237]  INFO {org.apache.synapse.api.API} - {api:prod--RelatorioLegacyApi:v0.2} Initializing API: prod--RelatorioLegacyApi:v0.2
TID: [] [] [2026-10-04 12:07:19,238]  INFO {org.wso2.carbon.mediation.dependency.mgt.DependencyTracker} - API : prod--RelatorioLegacyApi:v0.2 was added to the Synapse configuration successfully
TID: [] [] [2026-10-04 12:07:19,238]  INFO {org.wso2.carbon.event.processor.core.internal.util.EventProcessorConfigurationFilesystemInvoker} - Execution plan: carbon.super_sub_AsyncWHBronze saved in the filesystem
TID: [] [] [2026-10-04 12:07:19,239]  INFO {org.wso2.carbon.apimgt.gateway.InMemoryAPIDeployer} - Deploying synapse artifacts of API ID: caaf9094-fad0-43ab-a4c4-2eaac82efff4 and Context: /parse/0.1
TID: [] [] [2026-10-04 12:07:19,239]  INFO {org.wso2.carbon.mediation.dependency.mgt.DependencyTracker} - Local entry : caaf9094-fad0-43ab-a4c4-2eaac82efff4 was added to the Synapse configuration successfully
TID: [] [] [2026-10-04 12:07:19,240]  INFO {org.wso2.carbon.mediation.dependency.mgt.DependencyTracker} - Endpoint : Api Parse Legado--v0.1_APIproductionEndpoint was added to the Synapse configuration successfully
TID: [] [] [2026-10-04 12:07:19,241]  INFO {org.wso2.carbon.mediation.dependency.mgt.DependencyTracker} - Endpoint : Api Parse Legado--v0.1_APIsandboxEndpoint was added to the Synapse configuration successfully
TID: [] [] [2026-10-04 12:07:19,260]  INFO {org.wso2.carbon.event.stream.core.internal.EventJunction} - Producer added to the junction. Stream:org.wso2.throttle.globalThrottle.stream:1.0.0
TID: [] [] [2026-10-04 12:07:19,260]  INFO {org.wso2.carbon.event.stream.core.internal.EventJunction} - Consumer added to the junction. Stream:org.wso2.throttle.processed.request.stream:1.0.0
TID: [] [] [2026-10-04 12:07:19,260]  INFO {org.wso2.carbon.event.processor.core.EventProcessorDeployer} - Execution plan is deployed successfully and in active state  : carbon.super_sub_AsyncWHBronze
TID: [] [] [2026-10-04 12:07:19,269]  INFO {org.wso2.carbon.event.processor.core.internal.util.EventProcessorConfigurationFilesystemInvoker} - Execution plan: rh.com_sub_Gold saved in the filesystem
TID: [] [] [2026-10-04 12:07:19,293]  INFO {org.wso2.carbon.event.stream.core.internal.EventJunction} - Producer added to the junction. Stream:org.wso2.throttle.globalThrottle.stream:1.0.0
TID: [] [] [2026-10-04 12:07:19,293]  INFO {org.wso2.carbon.event.stream.core.internal.EventJunction} - Consumer added to the junction. Stream:org.wso2.throttle.processed.request.stream:1.0.0
TID: [] [] [2026-10-04 12:07:19,293]  INFO {org.wso2.carbon.event.processor.core.EventProcessorDeployer} - Execution plan is deployed successfully and in active state  : rh.com_sub_Gold
TID: [] [] [2026-10-04 12:07:19,298]  INFO {org.wso2.carbon.event.processor.core.internal.util.EventProcessorConfigurationFilesystemInvoker} - Execution plan: rh.com_sub_Silver saved in the filesystem
TID: [] [] [2026-10-04 12:07:19,312]  INFO {org.wso2.carbon.event.stream.core.internal.EventJunction} - Producer added to the junction. Stream:org.wso2.throttle.globalThrottle.stream:1.0.0
TID: [] [] [2026-10-04 12:07:19,312]  INFO {org.wso2.carbon.event.stream.core.internal.EventJunction} - Consumer added to the junction. Stream:org.wso2.throttle.processed.request.stream:1.0.0
TID: [] [] [2026-10-04 12:07:19,312]  INFO {org.wso2.carbon.event.processor.core.EventProcessorDeployer} - Execution plan is deployed successfully and in active state  : rh.com_sub_Silver
TID: [] [] [2026-10-04 12:07:19,313]  INFO {org.apache.synapse.api.API} - {api:prod--Api Parse Legado:v0.1} Initializing API: prod--Api Parse Legado:v0.1
TID: [] [] [2026-10-04 12:07:19,313]  INFO {org.wso2.carbon.mediation.dependency.mgt.DependencyTracker} - API : prod--Api Parse Legado:v0.1 was added to the Synapse configuration successfully
TID: [] [] [2026-10-04 12:07:19,315]  INFO {org.wso2.carbon.apimgt.gateway.InMemoryAPIDeployer} - Deploying synapse artifacts of API ID: 64375b4b-7e17-41d3-87ca-81ca0b3494a3 and Context: /Bilhetador/0.1
TID: [] [] [2026-10-04 12:07:19,316]  INFO {org.wso2.carbon.mediation.dependency.mgt.DependencyTracker} - Local entry : 64375b4b-7e17-41d3-87ca-81ca0b3494a3 was added to the Synapse configuration successfully
TID: [] [] [2026-10-04 12:07:19,317]  INFO {org.wso2.carbon.mediation.dependency.mgt.DependencyTracker} - Endpoint : Bilhetador-api--v0.1--e2751bd4-70e9-4e96-9c39-c0d334d80213_APIsandboxEndpoint was added to the Synapse configuration successfully
TID: [] [] [2026-10-04 12:07:19,317]  INFO {org.wso2.carbon.event.processor.core.internal.util.EventProcessorConfigurationFilesystemInvoker} - Execution plan: rh.com_sub_Bronze saved in the filesystem
TID: [] [] [2026-10-04 12:07:19,318]  INFO {org.wso2.carbon.mediation.dependency.mgt.DependencyTracker} - Endpoint : Bilhetador-api--v0.1--e2751bd4-70e9-4e96-9c39-c0d334d80213_APIproductionEndpoint was added to the Synapse configuration successfully
TID: [] [] [2026-10-04 12:07:19,319]  INFO {org.wso2.carbon.mediation.dependency.mgt.DependencyTracker} - Endpoint : Bilhetador-api--v0.1--caaf9094-fad0-43ab-a4c4-2eaac82efff4_APIproductionEndpoint was added to the Synapse configuration successfully
TID: [] [] [2026-10-04 12:07:19,320]  INFO {org.wso2.carbon.mediation.dependency.mgt.DependencyTracker} - Endpoint : Bilhetador-api--v0.1--caaf9094-fad0-43ab-a4c4-2eaac82efff4_APIsandboxEndpoint was added to the Synapse configuration successfully
TID: [] [] [2026-10-04 12:07:19,330]  INFO {org.wso2.carbon.event.stream.core.internal.EventJunction} - Producer added to the junction. Stream:org.wso2.throttle.globalThrottle.stream:1.0.0
TID: [] [] [2026-10-04 12:07:19,330]  INFO {org.wso2.carbon.event.stream.core.internal.EventJunction} - Consumer added to the junction. Stream:org.wso2.throttle.processed.request.stream:1.0.0
TID: [] [] [2026-10-04 12:07:19,330]  INFO {org.wso2.carbon.event.processor.core.EventProcessorDeployer} - Execution plan is deployed successfully and in active state  : rh.com_sub_Bronze
TID: [] [] [2026-10-04 12:07:19,335]  INFO {org.wso2.carbon.event.processor.core.internal.util.EventProcessorConfigurationFilesystemInvoker} - Execution plan: rh.com_sub_Unauthenticated saved in the filesystem
TID: [] [] [2026-10-04 12:07:19,338]  INFO {org.apache.synapse.api.API} - {api:prod--Bilhetador-api:v0.1} Initializing API: prod--Bilhetador-api:v0.1
TID: [] [] [2026-10-04 12:07:19,339]  INFO {org.wso2.carbon.mediation.dependency.mgt.DependencyTracker} - API : prod--Bilhetador-api:v0.1 was added to the Synapse configuration successfully
TID: [] [] [2026-10-04 12:07:19,340]  INFO {org.wso2.carbon.apimgt.gateway.listeners.GatewayStartupListener} - Synapse Artifacts deployed Successfully in the Gateway
TID: [] [] [2026-10-04 12:07:19,342]  INFO {org.apache.synapse.transport.passthru.PassThroughHttpMultiSSLListener} - PassThroughHttpListener reloading SSL Config..
TID: [] [] [2026-10-04 12:07:19,342]  INFO {org.apache.synapse.transport.passthru.PassThroughHttpSSLSender} - PassThroughHttpSender reloading SSL Config..
TID: [] [] [2026-10-04 12:07:19,345]  INFO {org.apache.synapse.transport.nhttp.config.ServerConnFactoryBuilder} - SSLProfile configuration is loaded from path: C:\Users\gabri\Desktop\ENTREV~1\WSO2AM~1.0\repository/resources/security/listenerprofiles.xml
TID: [] [] [2026-10-04 12:07:19,347]  INFO {org.apache.synapse.transport.nhttp.config.ClientConnFactoryBuilder} - customSSLProfiles configuration is loaded from path: C:\Users\gabri\Desktop\ENTREV~1\WSO2AM~1.0\repository/resources/security/sslprofiles.xml
TID: [] [] [2026-10-04 12:07:19,347]  INFO {org.apache.synapse.transport.nhttp.config.ClientConnFactoryBuilder} - HTTPS Loading custom SSL profiles for the HTTPS sender
TID: [] [] [2026-10-04 12:07:19,350]  INFO {org.apache.synapse.transport.nhttp.config.ClientConnFactoryBuilder} - HTTPS Custom SSL profiles initialized for 1 mappings
TID: [] [] [2026-10-04 12:07:19,350]  INFO {org.apache.synapse.transport.passthru.PassThroughHttpSSLSender} - Pass-through HTTPS Sender updated with Dynamic Configuration Updates ...
TID: [] [] [2026-10-04 12:07:19,352]  INFO {org.apache.synapse.transport.passthru.core.PassThroughListeningIOReactorManager} - Pass-through HTTPS Listener started on 0.0.0.0:8243
TID: [] [] [2026-10-04 12:07:19,352]  INFO {org.apache.synapse.transport.passthru.PassThroughHttpMultiSSLListener} - HTTPS Reloaded
TID: [] [] [2026-10-04 12:07:19,353]  INFO {org.wso2.carbon.event.stream.core.internal.EventJunction} - Producer added to the junction. Stream:org.wso2.throttle.globalThrottle.stream:1.0.0
TID: [] [] [2026-10-04 12:07:19,353]  INFO {org.wso2.carbon.event.stream.core.internal.EventJunction} - Consumer added to the junction. Stream:org.wso2.throttle.processed.request.stream:1.0.0
TID: [] [] [2026-10-04 12:07:19,353]  INFO {org.wso2.carbon.event.processor.core.EventProcessorDeployer} - Execution plan is deployed successfully and in active state  : rh.com_sub_Unauthenticated
TID: [] [] [2026-10-04 12:07:19,353]  WARN {org.apache.synapse.transport.passthru.PassThroughHttpMultiSSLListener} - System may be unstable: HTTPS ListeningIOReactor encountered a checked exception : Address already in use: bind java.net.BindException: Address already in use: bind
	at java.base/sun.nio.ch.Net.bind0(Native Method)
	at java.base/sun.nio.ch.Net.bind(Net.java:555)
	at java.base/sun.nio.ch.ServerSocketChannelImpl.netBind(ServerSocketChannelImpl.java:337)
	at java.base/sun.nio.ch.ServerSocketChannelImpl.bind(ServerSocketChannelImpl.java:294)
	at java.base/sun.nio.ch.ServerSocketAdaptor.bind(ServerSocketAdaptor.java:89)
	at org.apache.http.impl.nio.reactor.DefaultListeningIOReactor.processSessionRequests(DefaultListeningIOReactor.java:243)
	at org.apache.http.impl.nio.reactor.DefaultListeningIOReactor.processEvents(DefaultListeningIOReactor.java:144)
	at org.apache.http.impl.nio.reactor.AbstractMultiworkerIOReactor.execute(AbstractMultiworkerIOReactor.java:351)
	at org.apache.synapse.transport.passthru.core.PassThroughListeningIOReactorManager$1.run(PassThroughListeningIOReactorManager.java:561)
	at java.base/java.lang.Thread.run(Thread.java:842)

TID: [] [] [2026-10-04 12:07:19,359]  INFO {org.wso2.carbon.event.processor.core.internal.util.EventProcessorConfigurationFilesystemInvoker} - Execution plan: rh.com_sub_DefaultSubscriptionless saved in the filesystem
TID: [] [] [2026-10-04 12:07:19,370]  INFO {org.wso2.carbon.event.stream.core.internal.EventJunction} - Producer added to the junction. Stream:org.wso2.throttle.globalThrottle.stream:1.0.0
TID: [] [] [2026-10-04 12:07:19,370]  INFO {org.wso2.carbon.event.stream.core.internal.EventJunction} - Consumer added to the junction. Stream:org.wso2.throttle.processed.request.stream:1.0.0
TID: [] [] [2026-10-04 12:07:19,371]  INFO {org.wso2.carbon.event.processor.core.EventProcessorDeployer} - Execution plan is deployed successfully and in active state  : rh.com_sub_DefaultSubscriptionless
TID: [] [] [2026-10-04 12:07:19,380]  INFO {org.wso2.carbon.event.processor.core.internal.util.EventProcessorConfigurationFilesystemInvoker} - Execution plan: rh.com_sub_AsyncGold saved in the filesystem
TID: [] [] [2026-10-04 12:07:19,395]  INFO {org.wso2.carbon.event.stream.core.internal.EventJunction} - Producer added to the junction. Stream:org.wso2.throttle.globalThrottle.stream:1.0.0
TID: [] [] [2026-10-04 12:07:19,396]  INFO {org.wso2.carbon.event.stream.core.internal.EventJunction} - Consumer added to the junction. Stream:org.wso2.throttle.processed.request.stream:1.0.0
TID: [] [] [2026-10-04 12:07:19,396]  INFO {org.wso2.carbon.event.processor.core.EventProcessorDeployer} - Execution plan is deployed successfully and in active state  : rh.com_sub_AsyncGold
TID: [] [] [2026-10-04 12:07:19,400]  INFO {org.wso2.carbon.event.processor.core.internal.util.EventProcessorConfigurationFilesystemInvoker} - Execution plan: rh.com_sub_AsyncSilver saved in the filesystem
TID: [] [] [2026-10-04 12:07:19,417]  INFO {org.wso2.carbon.event.stream.core.internal.EventJunction} - Producer added to the junction. Stream:org.wso2.throttle.globalThrottle.stream:1.0.0
TID: [] [] [2026-10-04 12:07:19,417]  INFO {org.wso2.carbon.event.stream.core.internal.EventJunction} - Consumer added to the junction. Stream:org.wso2.throttle.processed.request.stream:1.0.0
TID: [] [] [2026-10-04 12:07:19,417]  INFO {org.wso2.carbon.event.processor.core.EventProcessorDeployer} - Execution plan is deployed successfully and in active state  : rh.com_sub_AsyncSilver
TID: [] [] [2026-10-04 12:07:19,422]  INFO {org.wso2.carbon.event.processor.core.internal.util.EventProcessorConfigurationFilesystemInvoker} - Execution plan: rh.com_sub_AsyncBronze saved in the filesystem
TID: [] [] [2026-10-04 12:07:19,431]  INFO {org.wso2.carbon.event.stream.core.internal.EventJunction} - Producer added to the junction. Stream:org.wso2.throttle.globalThrottle.stream:1.0.0
TID: [] [] [2026-10-04 12:07:19,431]  INFO {org.wso2.carbon.event.stream.core.internal.EventJunction} - Consumer added to the junction. Stream:org.wso2.throttle.processed.request.stream:1.0.0
TID: [] [] [2026-10-04 12:07:19,431]  INFO {org.wso2.carbon.event.processor.core.EventProcessorDeployer} - Execution plan is deployed successfully and in active state  : rh.com_sub_AsyncBronze
TID: [] [] [2026-10-04 12:07:19,435]  INFO {org.wso2.carbon.event.processor.core.internal.util.EventProcessorConfigurationFilesystemInvoker} - Execution plan: rh.com_sub_AsyncDefaultSubscriptionless saved in the filesystem
TID: [] [] [2026-10-04 12:07:19,451]  INFO {org.wso2.carbon.event.stream.core.internal.EventJunction} - Producer added to the junction. Stream:org.wso2.throttle.globalThrottle.stream:1.0.0
TID: [] [] [2026-10-04 12:07:19,451]  INFO {org.wso2.carbon.event.stream.core.internal.EventJunction} - Consumer added to the junction. Stream:org.wso2.throttle.processed.request.stream:1.0.0
TID: [] [] [2026-10-04 12:07:19,451]  INFO {org.wso2.carbon.event.processor.core.EventProcessorDeployer} - Execution plan is deployed successfully and in active state  : rh.com_sub_AsyncDefaultSubscriptionless
TID: [] [] [2026-10-04 12:07:19,457]  INFO {org.wso2.carbon.event.processor.core.internal.util.EventProcessorConfigurationFilesystemInvoker} - Execution plan: rh.com_sub_AIGold saved in the filesystem
TID: [] [] [2026-10-04 12:07:19,467]  INFO {org.wso2.carbon.event.stream.core.internal.EventJunction} - Producer added to the junction. Stream:org.wso2.throttle.globalThrottle.stream:1.0.0
TID: [] [] [2026-10-04 12:07:19,467]  INFO {org.wso2.carbon.event.stream.core.internal.EventJunction} - Consumer added to the junction. Stream:org.wso2.throttle.processed.request.stream:1.0.0
TID: [] [] [2026-10-04 12:07:19,467]  INFO {org.wso2.carbon.event.processor.core.EventProcessorDeployer} - Execution plan is deployed successfully and in active state  : rh.com_sub_AIGold
TID: [] [] [2026-10-04 12:07:19,472]  INFO {org.wso2.carbon.event.processor.core.internal.util.EventProcessorConfigurationFilesystemInvoker} - Execution plan: rh.com_sub_AISilver saved in the filesystem
TID: [] [] [2026-10-04 12:07:19,483]  INFO {org.wso2.carbon.event.stream.core.internal.EventJunction} - Producer added to the junction. Stream:org.wso2.throttle.globalThrottle.stream:1.0.0
TID: [] [] [2026-10-04 12:07:19,483]  INFO {org.wso2.carbon.event.stream.core.internal.EventJunction} - Consumer added to the junction. Stream:org.wso2.throttle.processed.request.stream:1.0.0
TID: [] [] [2026-10-04 12:07:19,483]  INFO {org.wso2.carbon.event.processor.core.EventProcessorDeployer} - Execution plan is deployed successfully and in active state  : rh.com_sub_AISilver
TID: [] [] [2026-10-04 12:07:19,489]  INFO {org.wso2.carbon.event.processor.core.internal.util.EventProcessorConfigurationFilesystemInvoker} - Execution plan: rh.com_sub_AIBronze saved in the filesystem
TID: [] [] [2026-10-04 12:07:19,503]  INFO {org.wso2.carbon.event.stream.core.internal.EventJunction} - Producer added to the junction. Stream:org.wso2.throttle.globalThrottle.stream:1.0.0
TID: [] [] [2026-10-04 12:07:19,504]  INFO {org.wso2.carbon.event.stream.core.internal.EventJunction} - Consumer added to the junction. Stream:org.wso2.throttle.processed.request.stream:1.0.0
TID: [] [] [2026-10-04 12:07:19,504]  INFO {org.wso2.carbon.event.processor.core.EventProcessorDeployer} - Execution plan is deployed successfully and in active state  : rh.com_sub_AIBronze
TID: [] [] [2026-10-04 12:07:19,508]  INFO {org.wso2.carbon.event.processor.core.internal.util.EventProcessorConfigurationFilesystemInvoker} - Execution plan: rh.com_sub_AsyncWHGold saved in the filesystem
TID: [] [] [2026-10-04 12:07:19,520]  INFO {org.wso2.carbon.event.stream.core.internal.EventJunction} - Producer added to the junction. Stream:org.wso2.throttle.globalThrottle.stream:1.0.0
TID: [] [] [2026-10-04 12:07:19,520]  INFO {org.wso2.carbon.event.stream.core.internal.EventJunction} - Consumer added to the junction. Stream:org.wso2.throttle.processed.request.stream:1.0.0
TID: [] [] [2026-10-04 12:07:19,520]  INFO {org.wso2.carbon.event.processor.core.EventProcessorDeployer} - Execution plan is deployed successfully and in active state  : rh.com_sub_AsyncWHGold
TID: [] [] [2026-10-04 12:07:19,524]  INFO {org.wso2.carbon.event.processor.core.internal.util.EventProcessorConfigurationFilesystemInvoker} - Execution plan: rh.com_sub_AsyncWHSilver saved in the filesystem
TID: [] [] [2026-10-04 12:07:19,536]  INFO {org.wso2.carbon.event.stream.core.internal.EventJunction} - Producer added to the junction. Stream:org.wso2.throttle.globalThrottle.stream:1.0.0
TID: [] [] [2026-10-04 12:07:19,536]  INFO {org.wso2.carbon.event.stream.core.internal.EventJunction} - Consumer added to the junction. Stream:org.wso2.throttle.processed.request.stream:1.0.0
TID: [] [] [2026-10-04 12:07:19,536]  INFO {org.wso2.carbon.event.processor.core.EventProcessorDeployer} - Execution plan is deployed successfully and in active state  : rh.com_sub_AsyncWHSilver
TID: [] [] [2026-10-04 12:07:19,541]  INFO {org.wso2.carbon.event.processor.core.internal.util.EventProcessorConfigurationFilesystemInvoker} - Execution plan: rh.com_sub_AsyncWHBronze saved in the filesystem
TID: [] [] [2026-10-04 12:07:19,550]  INFO {org.wso2.carbon.event.stream.core.internal.EventJunction} - Producer added to the junction. Stream:org.wso2.throttle.globalThrottle.stream:1.0.0
TID: [] [] [2026-10-04 12:07:19,550]  INFO {org.wso2.carbon.event.stream.core.internal.EventJunction} - Consumer added to the junction. Stream:org.wso2.throttle.processed.request.stream:1.0.0
TID: [] [] [2026-10-04 12:07:19,550]  INFO {org.wso2.carbon.event.processor.core.EventProcessorDeployer} - Execution plan is deployed successfully and in active state  : rh.com_sub_AsyncWHBronze
TID: [] [] [2026-10-04 12:07:19,566]  INFO {org.wso2.carbon.event.processor.core.internal.util.EventProcessorConfigurationFilesystemInvoker} - Execution plan: carbon.super_app_50PerMin saved in the filesystem
TID: [] [] [2026-10-04 12:07:19,577]  INFO {org.wso2.carbon.event.stream.core.internal.EventJunction} - Producer added to the junction. Stream:org.wso2.throttle.globalThrottle.stream:1.0.0
TID: [] [] [2026-10-04 12:07:19,577]  INFO {org.wso2.carbon.event.stream.core.internal.EventJunction} - Consumer added to the junction. Stream:org.wso2.throttle.processed.request.stream:1.0.0
TID: [] [] [2026-10-04 12:07:19,577]  INFO {org.wso2.carbon.event.processor.core.EventProcessorDeployer} - Execution plan is deployed successfully and in active state  : carbon.super_app_50PerMin
TID: [] [] [2026-10-04 12:07:19,581]  INFO {org.wso2.carbon.event.processor.core.internal.util.EventProcessorConfigurationFilesystemInvoker} - Execution plan: carbon.super_app_20PerMin saved in the filesystem
TID: [] [] [2026-10-04 12:07:19,591]  INFO {org.wso2.carbon.event.stream.core.internal.EventJunction} - Producer added to the junction. Stream:org.wso2.throttle.globalThrottle.stream:1.0.0
TID: [] [] [2026-10-04 12:07:19,591]  INFO {org.wso2.carbon.event.stream.core.internal.EventJunction} - Consumer added to the junction. Stream:org.wso2.throttle.processed.request.stream:1.0.0
TID: [] [] [2026-10-04 12:07:19,591]  INFO {org.wso2.carbon.event.processor.core.EventProcessorDeployer} - Execution plan is deployed successfully and in active state  : carbon.super_app_20PerMin
TID: [] [] [2026-10-04 12:07:19,597]  INFO {org.wso2.carbon.event.processor.core.internal.util.EventProcessorConfigurationFilesystemInvoker} - Execution plan: carbon.super_app_10PerMin saved in the filesystem
TID: [] [] [2026-10-04 12:07:19,608]  INFO {org.wso2.carbon.event.stream.core.internal.EventJunction} - Producer added to the junction. Stream:org.wso2.throttle.globalThrottle.stream:1.0.0
TID: [] [] [2026-10-04 12:07:19,608]  INFO {org.wso2.carbon.event.stream.core.internal.EventJunction} - Consumer added to the junction. Stream:org.wso2.throttle.processed.request.stream:1.0.0
TID: [] [] [2026-10-04 12:07:19,608]  INFO {org.wso2.carbon.event.processor.core.EventProcessorDeployer} - Execution plan is deployed successfully and in active state  : carbon.super_app_10PerMin
TID: [] [] [2026-10-04 12:07:19,613]  INFO {org.wso2.carbon.event.processor.core.internal.util.EventProcessorConfigurationFilesystemInvoker} - Execution plan: rh.com_app_50PerMin saved in the filesystem
TID: [] [] [2026-10-04 12:07:19,631]  INFO {org.wso2.carbon.event.stream.core.internal.EventJunction} - Producer added to the junction. Stream:org.wso2.throttle.globalThrottle.stream:1.0.0
TID: [] [] [2026-10-04 12:07:19,631]  INFO {org.wso2.carbon.event.stream.core.internal.EventJunction} - Consumer added to the junction. Stream:org.wso2.throttle.processed.request.stream:1.0.0
TID: [] [] [2026-10-04 12:07:19,631]  INFO {org.wso2.carbon.event.processor.core.EventProcessorDeployer} - Execution plan is deployed successfully and in active state  : rh.com_app_50PerMin
TID: [] [] [2026-10-04 12:07:19,639]  INFO {org.wso2.carbon.event.processor.core.internal.util.EventProcessorConfigurationFilesystemInvoker} - Execution plan: rh.com_app_20PerMin saved in the filesystem
TID: [] [] [2026-10-04 12:07:19,650]  INFO {org.wso2.carbon.event.stream.core.internal.EventJunction} - Producer added to the junction. Stream:org.wso2.throttle.globalThrottle.stream:1.0.0
TID: [] [] [2026-10-04 12:07:19,650]  INFO {org.wso2.carbon.event.stream.core.internal.EventJunction} - Consumer added to the junction. Stream:org.wso2.throttle.processed.request.stream:1.0.0
TID: [] [] [2026-10-04 12:07:19,650]  INFO {org.wso2.carbon.event.processor.core.EventProcessorDeployer} - Execution plan is deployed successfully and in active state  : rh.com_app_20PerMin
TID: [] [] [2026-10-04 12:07:19,656]  INFO {org.wso2.carbon.event.processor.core.internal.util.EventProcessorConfigurationFilesystemInvoker} - Execution plan: rh.com_app_10PerMin saved in the filesystem
TID: [] [] [2026-10-04 12:07:19,674]  INFO {org.wso2.carbon.event.stream.core.internal.EventJunction} - Producer added to the junction. Stream:org.wso2.throttle.globalThrottle.stream:1.0.0
TID: [] [] [2026-10-04 12:07:19,674]  INFO {org.wso2.carbon.event.stream.core.internal.EventJunction} - Consumer added to the junction. Stream:org.wso2.throttle.processed.request.stream:1.0.0
TID: [] [] [2026-10-04 12:07:19,674]  INFO {org.wso2.carbon.event.processor.core.EventProcessorDeployer} - Execution plan is deployed successfully and in active state  : rh.com_app_10PerMin
TID: [] [] [2026-10-04 12:07:19,706]  INFO {org.wso2.carbon.event.processor.core.internal.util.EventProcessorConfigurationFilesystemInvoker} - Execution plan: carbon.super_resource_50KPerMin_default saved in the filesystem
TID: [] [] [2026-10-04 12:07:19,720]  INFO {org.wso2.carbon.event.stream.core.internal.EventJunction} - Producer added to the junction. Stream:org.wso2.throttle.globalThrottle.stream:1.1.0
TID: [] [] [2026-10-04 12:07:19,720]  INFO {org.wso2.carbon.event.stream.core.internal.EventJunction} - Consumer added to the junction. Stream:org.wso2.throttle.processed.request.stream:1.0.0
TID: [] [] [2026-10-04 12:07:19,720]  INFO {org.wso2.carbon.event.processor.core.EventProcessorDeployer} - Execution plan is deployed successfully and in active state  : carbon.super_resource_50KPerMin_default
TID: [] [] [2026-10-04 12:07:19,728]  INFO {org.wso2.carbon.event.processor.core.internal.util.EventProcessorConfigurationFilesystemInvoker} - Execution plan: carbon.super_resource_20KPerMin_default saved in the filesystem
TID: [] [] [2026-10-04 12:07:19,743]  INFO {org.wso2.carbon.event.stream.core.internal.EventJunction} - Producer added to the junction. Stream:org.wso2.throttle.globalThrottle.stream:1.1.0
TID: [] [] [2026-10-04 12:07:19,743]  INFO {org.wso2.carbon.event.stream.core.internal.EventJunction} - Consumer added to the junction. Stream:org.wso2.throttle.processed.request.stream:1.0.0
TID: [] [] [2026-10-04 12:07:19,743]  INFO {org.wso2.carbon.event.processor.core.EventProcessorDeployer} - Execution plan is deployed successfully and in active state  : carbon.super_resource_20KPerMin_default
TID: [] [] [2026-10-04 12:07:19,752]  INFO {org.wso2.carbon.event.processor.core.internal.util.EventProcessorConfigurationFilesystemInvoker} - Execution plan: carbon.super_resource_10KPerMin_default saved in the filesystem
TID: [] [] [2026-10-04 12:07:19,771]  INFO {org.wso2.carbon.event.stream.core.internal.EventJunction} - Producer added to the junction. Stream:org.wso2.throttle.globalThrottle.stream:1.1.0
TID: [] [] [2026-10-04 12:07:19,771]  INFO {org.wso2.carbon.event.stream.core.internal.EventJunction} - Consumer added to the junction. Stream:org.wso2.throttle.processed.request.stream:1.0.0
TID: [] [] [2026-10-04 12:07:19,771]  INFO {org.wso2.carbon.event.processor.core.EventProcessorDeployer} - Execution plan is deployed successfully and in active state  : carbon.super_resource_10KPerMin_default
TID: [] [] [2026-10-04 12:07:19,782]  INFO {org.wso2.carbon.event.processor.core.internal.util.EventProcessorConfigurationFilesystemInvoker} - Execution plan: rh.com_resource_50KPerMin_default saved in the filesystem
TID: [] [] [2026-10-04 12:07:19,793]  INFO {org.wso2.carbon.event.stream.core.internal.EventJunction} - Producer added to the junction. Stream:org.wso2.throttle.globalThrottle.stream:1.1.0
TID: [] [] [2026-10-04 12:07:19,793]  INFO {org.wso2.carbon.event.stream.core.internal.EventJunction} - Consumer added to the junction. Stream:org.wso2.throttle.processed.request.stream:1.0.0
TID: [] [] [2026-10-04 12:07:19,793]  INFO {org.wso2.carbon.event.processor.core.EventProcessorDeployer} - Execution plan is deployed successfully and in active state  : rh.com_resource_50KPerMin_default
TID: [] [] [2026-10-04 12:07:19,801]  INFO {org.wso2.carbon.event.processor.core.internal.util.EventProcessorConfigurationFilesystemInvoker} - Execution plan: rh.com_resource_20KPerMin_default saved in the filesystem
TID: [] [] [2026-10-04 12:07:19,813]  INFO {org.wso2.carbon.event.stream.core.internal.EventJunction} - Producer added to the junction. Stream:org.wso2.throttle.globalThrottle.stream:1.1.0
TID: [] [] [2026-10-04 12:07:19,813]  INFO {org.wso2.carbon.event.stream.core.internal.EventJunction} - Consumer added to the junction. Stream:org.wso2.throttle.processed.request.stream:1.0.0
TID: [] [] [2026-10-04 12:07:19,813]  INFO {org.wso2.carbon.event.processor.core.EventProcessorDeployer} - Execution plan is deployed successfully and in active state  : rh.com_resource_20KPerMin_default
TID: [] [] [2026-10-04 12:07:19,821]  INFO {org.wso2.carbon.event.processor.core.internal.util.EventProcessorConfigurationFilesystemInvoker} - Execution plan: rh.com_resource_10KPerMin_default saved in the filesystem
TID: [] [] [2026-10-04 12:07:19,833]  INFO {org.wso2.carbon.event.stream.core.internal.EventJunction} - Producer added to the junction. Stream:org.wso2.throttle.globalThrottle.stream:1.1.0
TID: [] [] [2026-10-04 12:07:19,833]  INFO {org.wso2.carbon.event.stream.core.internal.EventJunction} - Consumer added to the junction. Stream:org.wso2.throttle.processed.request.stream:1.0.0
TID: [] [] [2026-10-04 12:07:19,833]  INFO {org.wso2.carbon.event.processor.core.EventProcessorDeployer} - Execution plan is deployed successfully and in active state  : rh.com_resource_10KPerMin_default
TID: [-1234] [publisher] [2026-10-04 12:07:21,188] ERROR {org.apache.jsp.services.refresh.refresh_jsp} - org.wso2.carbon.ui.filters.cache.ContentTypeBasedCachePreventionFilter$1@50b9f05
TID: [-1234] [publisher] [2026-10-04 12:07:21,188] ERROR {org.apache.jsp.services.refresh.refresh_jsp} - org.wso2.carbon.ui.filters.cache.ContentTypeBasedCachePreventionFilter$1@69c11dc1
TID: [-1234] [publisher] [2026-10-04 12:07:21,188] ERROR {org.apache.jsp.services.refresh.refresh_jsp} - org.wso2.carbon.ui.filters.cache.ContentTypeBasedCachePreventionFilter$1@536e12be
TID: [-1234] [api/am/publisher] [2026-10-04 12:07:21,252] ERROR {org.wso2.carbon.apimgt.rest.api.util.impl.OAuthOpaqueAuthenticatorImpl} - Invalid OAuth Token : Invalid Access Token. ACTIVE access token is not found.
TID: [-1234] [api/am/publisher] [2026-10-04 12:07:21,252] ERROR {org.wso2.carbon.apimgt.rest.api.util.impl.OAuthOpaqueAuthenticatorImpl} - Invalid OAuth Token : Invalid Access Token. ACTIVE access token is not found.
TID: [-1234] [api/am/publisher] [2026-10-04 12:07:21,252] ERROR {org.wso2.carbon.apimgt.rest.api.util.impl.OAuthOpaqueAuthenticatorImpl} - Invalid OAuth Token : Invalid Access Token. ACTIVE access token is not found.
TID: [-1234] [api/am/publisher] [2026-10-04 12:07:21,252] ERROR {org.wso2.carbon.apimgt.rest.api.util.impl.OAuthOpaqueAuthenticatorImpl} - Provided access token is invalid
TID: [-1234] [api/am/publisher] [2026-10-04 12:07:21,252] ERROR {org.wso2.carbon.apimgt.rest.api.util.impl.OAuthOpaqueAuthenticatorImpl} - Provided access token is invalid
TID: [-1234] [api/am/publisher] [2026-10-04 12:07:21,252] ERROR {org.wso2.carbon.apimgt.rest.api.util.impl.OAuthOpaqueAuthenticatorImpl} - Provided access token is invalid
TID: [] [] [2026-10-04 12:45:15,312]  INFO {org.wso2.carbon.databridge.core.DataBridge} - user admin connected
TID: [] [] [2026-10-04 12:45:16,071]  INFO {org.wso2.carbon.event.output.adapter.jms.internal.util.JMSConnectionFactory} - JMS ConnectionFactory : notificationJMSPublisher initialized
TID: [-1234] [internal/data/v1] [2026-10-04 12:45:21,618]  INFO {org.wso2.carbon.apimgt.impl.importexport.utils.CommonUtil} - Creation of folder is successful. Directory Name : exemplo-cache-data-0.1
TID: [-1234] [internal/data/v1] [2026-10-04 12:45:21,619]  INFO {org.wso2.carbon.apimgt.impl.importexport.utils.CommonUtil} - Creation of folder is successful. Directory Name : Definitions
TID: [] [] [2026-10-04 12:45:21,735]  INFO {org.wso2.carbon.mediation.dependency.mgt.DependencyTracker} - Local entry : d5401805-1635-4547-a303-78e05ef20fc0 was added to the Synapse configuration successfully
TID: [] [] [2026-10-04 12:45:21,736]  INFO {org.wso2.carbon.mediation.dependency.mgt.DependencyTracker} - Endpoint : exemplo-cache-data--v0.1_APIsandboxEndpoint was added to the Synapse configuration successfully
TID: [] [] [2026-10-04 12:45:21,736]  INFO {org.wso2.carbon.mediation.dependency.mgt.DependencyTracker} - Endpoint : exemplo-cache-data--v0.1_APIproductionEndpoint was added to the Synapse configuration successfully
TID: [] [] [2026-10-04 12:45:21,776]  INFO {org.apache.synapse.api.API} - {api:prod--exemplo-cache-data:v0.1} Initializing API: prod--exemplo-cache-data:v0.1
TID: [] [] [2026-10-04 12:45:21,777]  INFO {org.wso2.carbon.mediation.dependency.mgt.DependencyTracker} - API : prod--exemplo-cache-data:v0.1 was added to the Synapse configuration successfully
TID: [-1234] [internal/data/v1] [2026-10-04 12:46:21,482]  INFO {org.wso2.carbon.apimgt.impl.importexport.utils.CommonUtil} - Creation of folder is successful. Directory Name : exemplo-cache-data-0.1
TID: [-1234] [internal/data/v1] [2026-10-04 12:46:21,483]  INFO {org.wso2.carbon.apimgt.impl.importexport.utils.CommonUtil} - Creation of folder is successful. Directory Name : Definitions
TID: [] [] [2026-10-04 12:46:21,604]  INFO {org.apache.synapse.api.API} - {api:prod--exemplo-cache-data:v0.1} Destroying API: prod--exemplo-cache-data:v0.1
TID: [] [] [2026-10-04 12:46:21,766]  INFO {org.wso2.carbon.mediation.dependency.mgt.DependencyTracker} - API : prod--exemplo-cache-data:v0.1 was removed from the Synapse configuration successfully
TID: [] [] [2026-10-04 12:46:21,767]  INFO {org.wso2.carbon.mediation.dependency.mgt.DependencyTracker} - Local entry : d5401805-1635-4547-a303-78e05ef20fc0 was removed from the Synapse configuration successfully
TID: [] [] [2026-10-04 12:46:21,768]  INFO {org.wso2.carbon.mediation.dependency.mgt.DependencyTracker} - Local entry : d5401805-1635-4547-a303-78e05ef20fc0 was added to the Synapse configuration successfully
TID: [] [] [2026-10-04 12:46:21,769]  INFO {org.wso2.carbon.mediation.dependency.mgt.DependencyTracker} - Endpoint : exemplo-cache-data--v0.1_APIsandboxEndpoint was added to the Synapse configuration successfully
TID: [] [] [2026-10-04 12:46:21,769]  INFO {org.wso2.carbon.mediation.dependency.mgt.DependencyTracker} - Endpoint : exemplo-cache-data--v0.1_APIproductionEndpoint was added to the Synapse configuration successfully
TID: [] [] [2026-10-04 12:46:21,819]  INFO {org.apache.synapse.api.API} - {api:prod--exemplo-cache-data:v0.1} Initializing API: prod--exemplo-cache-data:v0.1
TID: [] [] [2026-10-04 12:46:21,819]  INFO {org.wso2.carbon.mediation.dependency.mgt.DependencyTracker} - API : prod--exemplo-cache-data:v0.1 was added to the Synapse configuration successfully
TID: [] [] [2026-10-04 12:46:41,079]  WARN {org.apache.synapse.transport.passthru.SourceHandler} - I/O error: Received fatal alert: certificate_unknown
TID: [] [] [2026-10-04 12:46:41,102]  WARN {org.apache.synapse.transport.http.access.AccessConfiguration} - Error loading properties from file: access-log.properties
TID: [] [] [2026-10-04 12:46:41,113]  WARN {org.apache.synapse.commons.util.MiscellaneousUtil} - Error loading properties from a file at from the System defined location: access-log.properties
TID: [] [] [2026-10-04 12:46:41,115]  WARN {org.apache.synapse.commons.util.MiscellaneousUtil} - Error loading properties from a file at from the System defined location: access-log.properties
TID: [] [] [2026-10-04 12:46:41,360]  INFO {org.wso2.carbon.databridge.core.DataBridge} - user admin connected
TID: [] [] [2026-10-04 12:46:41,367]  INFO {org.apache.synapse.core.axis2.TimeoutHandler} - This engine will expire all callbacks after GLOBAL_TIMEOUT: 120 seconds, irrespective of the timeout action, after the specified or optional timeout
TID: [-1234] [internal/data/v1] [2026-10-04 12:47:57,561]  INFO {org.wso2.carbon.apimgt.impl.importexport.utils.CommonUtil} - Creation of folder is successful. Directory Name : exemplo-cache-data-0.1
TID: [-1234] [internal/data/v1] [2026-10-04 12:47:57,562]  INFO {org.wso2.carbon.apimgt.impl.importexport.utils.CommonUtil} - Creation of folder is successful. Directory Name : Definitions
TID: [] [] [2026-10-04 12:47:57,628]  INFO {org.apache.synapse.api.API} - {api:prod--exemplo-cache-data:v0.1} Destroying API: prod--exemplo-cache-data:v0.1
TID: [] [] [2026-10-04 12:47:57,628]  INFO {org.wso2.carbon.mediation.dependency.mgt.DependencyTracker} - API : prod--exemplo-cache-data:v0.1 was removed from the Synapse configuration successfully
TID: [] [] [2026-10-04 12:47:57,628]  INFO {org.wso2.carbon.mediation.dependency.mgt.DependencyTracker} - Local entry : d5401805-1635-4547-a303-78e05ef20fc0 was removed from the Synapse configuration successfully
TID: [] [] [2026-10-04 12:47:57,629]  INFO {org.wso2.carbon.mediation.dependency.mgt.DependencyTracker} - Local entry : d5401805-1635-4547-a303-78e05ef20fc0 was added to the Synapse configuration successfully
TID: [] [] [2026-10-04 12:47:57,629]  INFO {org.wso2.carbon.mediation.dependency.mgt.DependencyTracker} - Endpoint : exemplo-cache-data--v0.1_APIsandboxEndpoint was added to the Synapse configuration successfully
TID: [] [] [2026-10-04 12:47:57,630]  INFO {org.wso2.carbon.mediation.dependency.mgt.DependencyTracker} - Endpoint : exemplo-cache-data--v0.1_APIproductionEndpoint was added to the Synapse configuration successfully
TID: [] [] [2026-10-04 12:47:57,658]  INFO {org.apache.synapse.api.API} - {api:prod--exemplo-cache-data:v0.1} Initializing API: prod--exemplo-cache-data:v0.1
TID: [] [] [2026-10-04 12:47:57,658]  INFO {org.wso2.carbon.mediation.dependency.mgt.DependencyTracker} - API : prod--exemplo-cache-data:v0.1 was added to the Synapse configuration successfully
TID: [-1234] [internal/data/v1] [2026-10-04 12:53:17,828]  INFO {org.wso2.carbon.apimgt.impl.importexport.utils.CommonUtil} - Creation of folder is successful. Directory Name : exemplo-cache-data-0.1
TID: [-1234] [internal/data/v1] [2026-10-04 12:53:17,829]  INFO {org.wso2.carbon.apimgt.impl.importexport.utils.CommonUtil} - Creation of folder is successful. Directory Name : Definitions
TID: [] [] [2026-10-04 12:53:17,883]  INFO {org.apache.synapse.api.API} - {api:prod--exemplo-cache-data:v0.1} Destroying API: prod--exemplo-cache-data:v0.1
TID: [] [] [2026-10-04 12:53:17,884]  INFO {org.wso2.carbon.mediation.dependency.mgt.DependencyTracker} - API : prod--exemplo-cache-data:v0.1 was removed from the Synapse configuration successfully
TID: [] [] [2026-10-04 12:53:17,884]  INFO {org.wso2.carbon.mediation.dependency.mgt.DependencyTracker} - Local entry : d5401805-1635-4547-a303-78e05ef20fc0 was removed from the Synapse configuration successfully
TID: [] [] [2026-10-04 12:53:17,885]  INFO {org.wso2.carbon.mediation.dependency.mgt.DependencyTracker} - Local entry : d5401805-1635-4547-a303-78e05ef20fc0 was added to the Synapse configuration successfully
TID: [] [] [2026-10-04 12:53:17,885]  INFO {org.wso2.carbon.mediation.dependency.mgt.DependencyTracker} - Endpoint : exemplo-cache-data--v0.1_APIsandboxEndpoint was added to the Synapse configuration successfully
TID: [] [] [2026-10-04 12:53:17,886]  INFO {org.wso2.carbon.mediation.dependency.mgt.DependencyTracker} - Endpoint : exemplo-cache-data--v0.1_APIproductionEndpoint was added to the Synapse configuration successfully
TID: [] [] [2026-10-04 12:53:17,937]  INFO {org.apache.synapse.api.API} - {api:prod--exemplo-cache-data:v0.1} Initializing API: prod--exemplo-cache-data:v0.1
TID: [] [] [2026-10-04 12:53:17,940]  INFO {org.wso2.carbon.mediation.dependency.mgt.DependencyTracker} - API : prod--exemplo-cache-data:v0.1 was added to the Synapse configuration successfully
TID: [] [] [2026-10-04 12:53:22,234]  WARN {org.apache.synapse.transport.passthru.SourceHandler} - I/O error: Received fatal alert: certificate_unknown
TID: [-1234] [internal/data/v1] [2026-10-04 12:54:19,891]  INFO {org.wso2.carbon.apimgt.impl.importexport.utils.CommonUtil} - Creation of folder is successful. Directory Name : exemplo-cache-data-0.1
TID: [-1234] [internal/data/v1] [2026-10-04 12:54:19,893]  INFO {org.wso2.carbon.apimgt.impl.importexport.utils.CommonUtil} - Creation of folder is successful. Directory Name : Definitions
TID: [] [] [2026-10-04 12:54:19,936]  INFO {org.apache.synapse.api.API} - {api:prod--exemplo-cache-data:v0.1} Destroying API: prod--exemplo-cache-data:v0.1
TID: [] [] [2026-10-04 12:54:19,936]  INFO {org.wso2.carbon.mediation.dependency.mgt.DependencyTracker} - API : prod--exemplo-cache-data:v0.1 was removed from the Synapse configuration successfully
TID: [] [] [2026-10-04 12:54:19,937]  INFO {org.wso2.carbon.mediation.dependency.mgt.DependencyTracker} - Local entry : d5401805-1635-4547-a303-78e05ef20fc0 was removed from the Synapse configuration successfully
TID: [] [] [2026-10-04 12:54:19,937]  INFO {org.wso2.carbon.mediation.dependency.mgt.DependencyTracker} - Local entry : d5401805-1635-4547-a303-78e05ef20fc0 was added to the Synapse configuration successfully
TID: [] [] [2026-10-04 12:54:19,938]  INFO {org.wso2.carbon.mediation.dependency.mgt.DependencyTracker} - Endpoint : exemplo-cache-data--v0.1_APIsandboxEndpoint was added to the Synapse configuration successfully
TID: [] [] [2026-10-04 12:54:19,938]  INFO {org.wso2.carbon.mediation.dependency.mgt.DependencyTracker} - Endpoint : exemplo-cache-data--v0.1_APIproductionEndpoint was added to the Synapse configuration successfully
TID: [] [] [2026-10-04 12:54:19,978]  INFO {org.apache.synapse.api.API} - {api:prod--exemplo-cache-data:v0.1} Initializing API: prod--exemplo-cache-data:v0.1
TID: [] [] [2026-10-04 12:54:19,979]  INFO {org.wso2.carbon.mediation.dependency.mgt.DependencyTracker} - API : prod--exemplo-cache-data:v0.1 was added to the Synapse configuration successfully
TID: [-1234] [publisher] [2026-10-04 13:13:22,599] ERROR {org.apache.jsp.services.refresh.refresh_jsp} - org.wso2.carbon.ui.filters.cache.ContentTypeBasedCachePreventionFilter$1@3aad9f64
TID: [-1234] [api/am/publisher] [2026-10-04 13:13:22,608] ERROR {org.wso2.carbon.apimgt.rest.api.util.impl.OAuthOpaqueAuthenticatorImpl} - Invalid OAuth Token : Invalid Access Token. ACTIVE access token is not found.
TID: [-1234] [api/am/publisher] [2026-10-04 13:13:22,608] ERROR {org.wso2.carbon.apimgt.rest.api.util.impl.OAuthOpaqueAuthenticatorImpl} - Provided access token is invalid
TID: [-1234] [] [2026-10-04 13:40:00,788]  INFO {org.wso2.carbon.user.core.ldap.UniqueIDReadWriteLDAPUserStoreManager} - LDAP connection created successfully in read-write mode
TID: [-1234] [] [2026-10-04 13:40:00,839]  INFO {org.wso2.carbon.registry.core.jdbc.EmbeddedRegistryService} - Connected to mount at configregistry in 0ms
TID: [-1234] [] [2026-10-04 13:40:00,839]  INFO {org.wso2.carbon.registry.core.jdbc.EmbeddedRegistryService} - Connected to mount at govregistry in 0ms
TID: [-1234] [] [2026-10-04 13:40:00,843]  INFO {org.wso2.carbon.registry.core.jdbc.EmbeddedRegistryService} - Connected to mount at configregistry in 0ms
TID: [-1234] [] [2026-10-04 13:40:00,843]  INFO {org.wso2.carbon.registry.core.jdbc.EmbeddedRegistryService} - Connected to mount at govregistry in 0ms
TID: [-1234] [] [2026-10-04 13:40:00,877]  INFO {org.wso2.carbon.core.services.util.CarbonAuthenticationUtil} - 'admin@rh.com [1]' logged in at [2026-10-04 13:40:00,877-0300]
TID: [-1234] [] [2026-10-04 13:40:00,906]  INFO {org.wso2.carbon.identity.tenant.resource.manager.TenantAwareAxis2ConfigurationContextObserver} - Loading configuration context for tenant domain: rh.com
TID: [-1234] [] [2026-10-04 13:40:01,034]  INFO {org.wso2.carbon.event.stream.core.internal.EventJunction} - WSO2EventConsumer added to the junction. Stream:id_gov_notify_stream:1.0.0
TID: [-1234] [] [2026-10-04 13:40:01,034]  INFO {org.wso2.carbon.event.stream.core.internal.EventJunction} - WSO2EventConsumer added to the junction. Stream:org.wso2.throttle.globalThrottle.stream:1.1.0
TID: [-1234] [] [2026-10-04 13:40:01,034]  INFO {org.wso2.carbon.event.stream.core.internal.EventJunction} - WSO2EventConsumer added to the junction. Stream:org.wso2.apimgt.keymgt.stream:1.0.0
TID: [-1234] [] [2026-10-04 13:40:01,034]  INFO {org.wso2.carbon.event.stream.core.internal.EventJunction} - WSO2EventConsumer added to the junction. Stream:cache.invalidation.stream:1.0.0
TID: [-1234] [] [2026-10-04 13:40:01,034]  INFO {org.wso2.carbon.event.stream.core.internal.EventJunction} - WSO2EventConsumer added to the junction. Stream:org.wso2.apimgt.webhooks.request.stream:1.0.0
TID: [-1234] [] [2026-10-04 13:40:01,034]  INFO {org.wso2.carbon.event.stream.core.internal.EventJunction} - WSO2EventConsumer added to the junction. Stream:org.wso2.throttle.globalThrottle.stream:1.0.0
TID: [-1234] [] [2026-10-04 13:40:01,034]  INFO {org.wso2.carbon.event.stream.core.internal.EventJunction} - WSO2EventConsumer added to the junction. Stream:org.wso2.apimgt.webhooks.request.stream:1.0.0
TID: [-1234] [] [2026-10-04 13:40:01,034]  INFO {org.wso2.carbon.event.stream.core.internal.EventJunction} - WSO2EventConsumer added to the junction. Stream:org.wso2.apimgt.webhooks.request.stream:1.0.0
TID: [-1234] [] [2026-10-04 13:40:01,034]  INFO {org.wso2.carbon.event.stream.core.internal.EventJunction} - WSO2EventConsumer added to the junction. Stream:org.wso2.apimgt.cache.invalidation.stream:1.0.0
TID: [-1234] [] [2026-10-04 13:40:01,034]  INFO {org.wso2.carbon.event.stream.core.internal.EventJunction} - WSO2EventConsumer added to the junction. Stream:org.wso2.apimgt.recommendation.event.stream:1.0.0
TID: [-1234] [] [2026-10-04 13:40:01,035]  INFO {org.wso2.carbon.event.stream.core.internal.EventJunction} - WSO2EventConsumer added to the junction. Stream:org.wso2.apimgt.webhooks.request.stream:1.0.0
TID: [-1234] [] [2026-10-04 13:40:01,035]  INFO {org.wso2.carbon.event.stream.core.internal.EventJunction} - WSO2EventConsumer added to the junction. Stream:org.wso2.blocking.request.stream:1.0.0
TID: [-1234] [] [2026-10-04 13:40:01,035]  INFO {org.wso2.carbon.event.stream.core.internal.EventJunction} - WSO2EventConsumer added to the junction. Stream:org.wso2.apimgt.token.revocation.stream:1.0.0
TID: [-1234] [] [2026-10-04 13:40:01,035]  INFO {org.wso2.carbon.event.stream.core.internal.EventJunction} - WSO2EventConsumer added to the junction. Stream:org.wso2.throttle.globalThrottle.stream:1.1.0
TID: [-1234] [] [2026-10-04 13:40:01,035]  INFO {org.wso2.carbon.event.stream.core.internal.EventJunction} - WSO2EventConsumer added to the junction. Stream:org.wso2.apimgt.notification.stream:1.0.0
TID: [-1234] [] [2026-10-04 13:40:01,035]  INFO {org.wso2.carbon.event.stream.core.internal.EventJunction} - WSO2EventConsumer added to the junction. Stream:org.wso2.throttle.globalThrottle.stream:1.0.0
TID: [-1234] [] [2026-10-04 13:40:01,035]  INFO {org.wso2.carbon.event.stream.core.internal.EventJunction} - WSO2EventConsumer added to the junction. Stream:org.wso2.apimgt.token.revocation.stream:1.0.0
TID: [-1234] [] [2026-10-04 13:40:01,036]  INFO {org.wso2.carbon.core.multitenancy.TenantAxisConfigurator} - Creating tenant AxisConfiguration for tenant: rh.com[1]
TID: [-1234] [] [2026-10-04 13:40:01,140]  INFO {org.wso2.carbon.identity.user.store.configuration.deployer.UserStoreConfigurationDeployer} - User Store Configuration Deployer initiated.
TID: [-1234] [] [2026-10-04 13:40:01,140]  INFO {org.wso2.carbon.identity.user.store.configuration.deployer.UserStoreConfigurationDeployer} - User Store Configuration Deployer initiated.
TID: [-1234] [] [2026-10-04 13:40:01,232]  INFO {org.wso2.carbon.apimgt.gateway.internal.TenantServiceCreator} - Initializing APIM TenantServiceCreator for the tenant domain : rh.com
TID: [-1234] [] [2026-10-04 13:40:01,243]  INFO {org.wso2.carbon.core.internal.permission.update.PermissionUpdater} - Permission cache updated for tenant 1
TID: [-1234] [] [2026-10-04 13:40:01,243]  INFO {org.wso2.carbon.apimgt.governance.impl.observer.APIMGovernanceConfigDeployer} - Starting to load default rulesets.
TID: [-1234] [] [2026-10-04 13:40:01,267]  INFO {org.wso2.carbon.apimgt.governance.impl.util.APIMGovernanceUtil} - Ruleset OWASP Top 10 already exists in organization: rh.com; skipping.
TID: [-1234] [] [2026-10-04 13:40:01,282]  INFO {org.wso2.carbon.apimgt.governance.impl.util.APIMGovernanceUtil} - Ruleset WSO2 API Management Guidelines already exists in organization: rh.com; skipping.
TID: [-1234] [] [2026-10-04 13:40:01,295]  INFO {org.wso2.carbon.apimgt.governance.impl.util.APIMGovernanceUtil} - Ruleset WSO2 REST API Design Guidelines already exists in organization: rh.com; skipping.
TID: [-1234] [] [2026-10-04 13:40:01,295]  INFO {org.wso2.carbon.apimgt.governance.impl.observer.APIMGovernanceConfigDeployer} - Starting to load default policies.
TID: [-1234] [] [2026-10-04 13:40:01,303]  INFO {org.wso2.carbon.apimgt.governance.impl.util.APIMGovernanceUtil} - Policy WSO2 API Management Best Practices already exists in organization: rh.com; skipping.
TID: [-1234] [] [2026-10-04 13:40:01,318]  INFO {org.wso2.carbon.mediation.initializer.multitenancy.TenantServiceBusInitializer} - Initializing the ESB Configuration for the tenant domain : rh.com
TID: [-1234] [] [2026-10-04 13:40:01,319]  INFO {org.wso2.carbon.mediation.dependency.mgt.DependencyTracker} - Sequence : main was added to the Synapse configuration successfully
TID: [-1234] [] [2026-10-04 13:40:01,319]  INFO {org.wso2.carbon.mediation.dependency.mgt.DependencyTracker} - Sequence : fault was added to the Synapse configuration successfully
TID: [-1234] [] [2026-10-04 13:40:01,326]  INFO {org.apache.synapse.SynapseControllerFactory} - Using Synapse home : C:\Users\gabri\Desktop\ENTREV~1\WSO2AM~1.0\bin\..\repository\tenants\1
TID: [-1234] [] [2026-10-04 13:40:01,326]  INFO {org.apache.synapse.SynapseControllerFactory} - Using synapse.xml location : C:\Users\gabri\Desktop\ENTREV~1\WSO2AM~1.0\bin\..\repository\tenants\1\synapse-configs\default
TID: [-1234] [] [2026-10-04 13:40:01,326]  INFO {org.apache.synapse.SynapseControllerFactory} - Using server name : synapse.rh.com
TID: [-1234] [] [2026-10-04 13:40:01,326]  INFO {org.apache.synapse.SynapseControllerFactory} - The timeout handler will run every : 15s
TID: [-1234] [] [2026-10-04 13:40:01,327]  INFO {org.apache.synapse.Axis2SynapseController} - Initializing Synapse at : Sun Oct 04 13:40:01 BRT 2026
TID: [-1234] [] [2026-10-04 13:40:01,328]  INFO {org.wso2.carbon.mediation.initializer.CarbonSynapseController} - Loading the mediation configuration from the file system
TID: [-1234] [] [2026-10-04 13:40:01,329]  INFO {org.apache.synapse.config.xml.MultiXMLConfigurationBuilder} - Building synapse configuration from the synapse artifact repository at : C:\Users\gabri\Desktop\ENTREV~1\WSO2AM~1.0\bin\..\repository\tenants\1\synapse-configs\default
TID: [-1234] [] [2026-10-04 13:40:01,336]  INFO {org.apache.synapse.config.xml.XMLConfigurationBuilder} - Generating the Synapse configuration model by parsing the XML configuration
TID: [-1234] [] [2026-10-04 13:40:01,357]  INFO {org.wso2.carbon.mediation.ntask.NTaskTaskManager} - Initialized task manager. Tenant [1]
TID: [-1234] [] [2026-10-04 13:40:01,358]  INFO {org.wso2.carbon.mediation.dependency.mgt.DependencyTracker} - Sequence : fault was added to the Synapse configuration successfully
TID: [-1234] [] [2026-10-04 13:40:01,358]  INFO {org.wso2.carbon.mediation.dependency.mgt.DependencyTracker} - Sequence : main was added to the Synapse configuration successfully
TID: [-1234] [] [2026-10-04 13:40:01,369]  INFO {org.wso2.carbon.mediation.dependency.mgt.DependencyTracker} - Sequence : dispatchSeq was added to the Synapse configuration successfully
TID: [-1234] [] [2026-10-04 13:40:01,427]  INFO {org.wso2.carbon.mediation.dependency.mgt.DependencyTracker} - Sequence : fault was added to the Synapse configuration successfully
TID: [-1234] [] [2026-10-04 13:40:01,461]  INFO {org.wso2.carbon.mediation.dependency.mgt.DependencyTracker} - Sequence : guardrail_fault was added to the Synapse configuration successfully
TID: [-1234] [] [2026-10-04 13:40:01,487]  INFO {org.wso2.carbon.mediation.dependency.mgt.DependencyTracker} - Sequence : main was added to the Synapse configuration successfully
TID: [-1234] [] [2026-10-04 13:40:01,488]  INFO {org.wso2.carbon.mediation.dependency.mgt.DependencyTracker} - Sequence : outDispatchSeq was added to the Synapse configuration successfully
TID: [-1234] [] [2026-10-04 13:40:01,510]  INFO {org.wso2.carbon.mediation.dependency.mgt.DependencyTracker} - Sequence : webhooksFaultSequence was added to the Synapse configuration successfully
TID: [-1234] [] [2026-10-04 13:40:01,538]  INFO {org.wso2.carbon.mediation.dependency.mgt.DependencyTracker} - Sequence : _auth_failure_handler_ was added to the Synapse configuration successfully
TID: [-1234] [] [2026-10-04 13:40:01,555]  INFO {org.wso2.carbon.mediation.dependency.mgt.DependencyTracker} - Sequence : _backend_failure_handler_ was added to the Synapse configuration successfully
TID: [-1234] [] [2026-10-04 13:40:01,576]  INFO {org.wso2.carbon.mediation.dependency.mgt.DependencyTracker} - Sequence : _api_blocked_sequence_ was added to the Synapse configuration successfully
TID: [-1234] [] [2026-10-04 13:40:01,611]  INFO {org.wso2.carbon.mediation.dependency.mgt.DependencyTracker} - Sequence : _cors_request_handler_ was added to the Synapse configuration successfully
TID: [-1234] [] [2026-10-04 13:40:01,619]  INFO {org.wso2.carbon.mediation.dependency.mgt.DependencyTracker} - Sequence : _extension_fault_handler_ was added to the Synapse configuration successfully
TID: [-1234] [] [2026-10-04 13:40:01,637]  INFO {org.wso2.carbon.mediation.dependency.mgt.DependencyTracker} - Sequence : _graphql_failure_handler was added to the Synapse configuration successfully
TID: [-1234] [] [2026-10-04 13:40:01,647]  INFO {org.wso2.carbon.mediation.dependency.mgt.DependencyTracker} - Sequence : _mcp_failure_handler_ was added to the Synapse configuration successfully
TID: [-1234] [] [2026-10-04 13:40:01,679]  INFO {org.wso2.carbon.mediation.dependency.mgt.DependencyTracker} - Sequence : _opa_policy_failure_handler_ was added to the Synapse configuration successfully
TID: [-1234] [] [2026-10-04 13:40:01,687]  INFO {org.wso2.carbon.mediation.dependency.mgt.DependencyTracker} - Sequence : _production_key_error_ was added to the Synapse configuration successfully
TID: [-1234] [] [2026-10-04 13:40:01,689]  INFO {org.wso2.carbon.mediation.dependency.mgt.DependencyTracker} - Sequence : _resource_mismatch_handler_ was added to the Synapse configuration successfully
TID: [-1234] [] [2026-10-04 13:40:01,699]  INFO {org.wso2.carbon.mediation.dependency.mgt.DependencyTracker} - Sequence : _sandbox_key_error_ was added to the Synapse configuration successfully
TID: [-1234] [] [2026-10-04 13:40:01,730]  INFO {org.wso2.carbon.mediation.dependency.mgt.DependencyTracker} - Sequence : _threat_fault_ was added to the Synapse configuration successfully
TID: [-1234] [] [2026-10-04 13:40:01,765]  INFO {org.wso2.carbon.mediation.dependency.mgt.DependencyTracker} - Sequence : _throttle_out_handler_ was added to the Synapse configuration successfully
TID: [-1234] [] [2026-10-04 13:40:01,771]  INFO {org.wso2.carbon.mediation.dependency.mgt.DependencyTracker} - Inbound Endpoint : SecureWebhookServer was added to the Synapse configuration successfully
TID: [-1234] [] [2026-10-04 13:40:01,774]  INFO {org.wso2.carbon.mediation.dependency.mgt.DependencyTracker} - Inbound Endpoint : SecureWebSocketEP was added to the Synapse configuration successfully
TID: [-1234] [] [2026-10-04 13:40:01,782]  INFO {org.wso2.carbon.mediation.dependency.mgt.DependencyTracker} - Inbound Endpoint : WebhookServer was added to the Synapse configuration successfully
TID: [-1234] [] [2026-10-04 13:40:01,793]  INFO {org.wso2.carbon.mediation.dependency.mgt.DependencyTracker} - Inbound Endpoint : WebSocketInboundEndpoint was added to the Synapse configuration successfully
TID: [-1234] [] [2026-10-04 13:40:01,793]  INFO {org.apache.synapse.config.SynapseConfigurationBuilder} - Loaded Synapse configuration from the artifact repository at : C:\Users\gabri\Desktop\ENTREV~1\WSO2AM~1.0\bin\..\repository\tenants\1\synapse-configs\default
TID: [-1234] [] [2026-10-04 13:40:01,794]  INFO {org.wso2.carbon.mediation.dependency.mgt.DependencyTracker} - Local entry : SERVER_HOST was added to the Synapse configuration successfully
TID: [-1234] [] [2026-10-04 13:40:01,794]  INFO {org.wso2.carbon.mediation.dependency.mgt.DependencyTracker} - Local entry : SERVER_IP was added to the Synapse configuration successfully
TID: [-1234] [] [2026-10-04 13:40:01,809]  INFO {org.apache.synapse.Axis2SynapseController} - Loading mediator extensions...
TID: [-1234] [] [2026-10-04 13:40:01,826]  INFO {org.wso2.carbon.user.core.ldap.UniqueIDReadWriteLDAPUserStoreManager} - LDAP connection created successfully in read-write mode
TID: [-1234] [] [2026-10-04 13:40:01,832]  INFO {org.wso2.carbon.user.core.ldap.UniqueIDReadWriteLDAPUserStoreManager} - LDAP connection created successfully in read-write mode
TID: [-1234] [] [2026-10-04 13:40:01,834]  INFO {org.apache.synapse.Axis2SynapseController} - Deploying the Synapse service...
TID: [-1234] [] [2026-10-04 13:40:01,834]  INFO {org.apache.synapse.Axis2SynapseController} - Deploying Proxy services...
TID: [-1234] [] [2026-10-04 13:40:01,834]  INFO {org.apache.synapse.Axis2SynapseController} - Deploying EventSources...
TID: [-1234] [] [2026-10-04 13:40:01,835]  INFO {org.apache.synapse.inbound.InboundEndpoint} - Initializing Inbound Endpoint: WebSocketInboundEndpoint
TID: [-1234] [] [2026-10-04 13:40:01,835]  INFO {org.wso2.carbon.inbound.endpoint.protocol.websocket.management.WebsocketEndpointManager} - Netty Listener already started on port 9099
TID: [-1234] [] [2026-10-04 13:40:01,835]  INFO {org.apache.synapse.inbound.InboundEndpoint} - Initializing Inbound Endpoint: SecureWebSocketEP
TID: [-1234] [] [2026-10-04 13:40:01,836]  INFO {org.wso2.carbon.inbound.endpoint.protocol.websocket.management.WebsocketEndpointManager} - Netty Listener already started on port 8099
TID: [-1234] [] [2026-10-04 13:40:01,836]  INFO {org.apache.synapse.inbound.InboundEndpoint} - Initializing Inbound Endpoint: WebhookServer
TID: [-1234] [] [2026-10-04 13:40:01,836]  INFO {org.wso2.carbon.inbound.endpoint.protocol.http.management.HTTPEndpointManager} - Listener is already started for port : 9021
TID: [-1234] [] [2026-10-04 13:40:01,836]  INFO {org.apache.synapse.inbound.InboundEndpoint} - Initializing Inbound Endpoint: SecureWebhookServer
TID: [-1234] [] [2026-10-04 13:40:01,836]  INFO {org.wso2.carbon.inbound.endpoint.protocol.http.management.HTTPEndpointManager} - Listener is already started for port : 8021
TID: [-1234] [] [2026-10-04 13:40:01,836]  INFO {org.apache.synapse.ServerManager} - Server ready for processing...
TID: [-1234] [] [2026-10-04 13:40:01,886]  INFO {org.wso2.carbon.apimgt.gateway.listeners.GatewayStartupListener} - Gateway policy artifacts deployed Successfully in the Gateway
TID: [-1234] [] [2026-10-04 13:40:01,900]  INFO {org.wso2.carbon.apimgt.impl.certificatemgt.CertificateManagerImpl} - The Transport Sender will be re-initialized in few minutes.
TID: [-1234] [] [2026-10-04 13:40:01,980]  INFO {org.wso2.carbon.core.multitenancy.utils.TenantAxisUtils} - Loaded tenant rh.com in 1087 ms
TID: [-1234] [] [2026-10-04 13:40:01,980]  INFO {org.wso2.carbon.apimgt.gateway.InMemoryAPIDeployer} - Deploying synapse artifacts of _JwksEndpoint_
TID: [-1234] [] [2026-10-04 13:40:01,981]  INFO {org.wso2.carbon.mediation.dependency.mgt.DependencyTracker} - Local entry : ga-config-key was added to the Synapse configuration successfully
TID: [-1234] [] [2026-10-04 13:40:01,981]  INFO {org.apache.synapse.api.API} - {api:_JwksEndpoint_} Initializing API: _JwksEndpoint_
TID: [-1234] [] [2026-10-04 13:40:01,981]  INFO {org.wso2.carbon.mediation.dependency.mgt.DependencyTracker} - API : _JwksEndpoint_ was added to the Synapse configuration successfully
TID: [-1234] [internal/data/v1] [2026-10-04 13:40:02,016]  INFO {org.wso2.carbon.apimgt.impl.gatewayartifactsynchronizer.RuntimeArtifactGeneratorUtil} - No API Artifacts
TID: [-1234] [] [2026-10-04 13:40:02,018]  INFO {org.wso2.carbon.apimgt.gateway.InMemoryAPIDeployer} - Retrieved 0 artifacts for deployment
TID: [-1234] [] [2026-10-04 13:40:02,018]  INFO {org.wso2.carbon.apimgt.gateway.listeners.GatewayStartupListener} - Synapse Artifacts deployed Successfully in the Gateway
TID: [1] [] [2026-10-04 13:40:12,675]  INFO {org.wso2.carbon.core.services.authentication.AuthenticationAdmin} - 'admin@rh.com [1]' logged out at [2026-10-04 13:40:12,0675]
TID: [-1234] [devportal] [2026-10-04 13:40:41,846] ERROR {org.apache.jsp.services.refresh.refresh_jsp} - org.wso2.carbon.ui.filters.cache.ContentTypeBasedCachePreventionFilter$1@407590e2
TID: [-1234] [api/am/devportal] [2026-10-04 13:40:41,859] ERROR {org.wso2.carbon.apimgt.rest.api.util.impl.OAuthOpaqueAuthenticatorImpl} - Invalid OAuth Token : Invalid Access Token. ACTIVE access token is not found.
TID: [-1234] [api/am/devportal] [2026-10-04 13:40:41,859] ERROR {org.wso2.carbon.apimgt.rest.api.util.impl.OAuthOpaqueAuthenticatorImpl} - Provided access token is invalid
TID: [] [] [2026-10-04 13:42:45,869]  INFO {org.wso2.carbon.core.init.CarbonServerManager} - Shutdown hook triggered....
TID: [] [] [2026-10-04 13:42:45,869]  INFO {org.wso2.carbon.core.init.CarbonServerManager} - Gracefully shutting down WSO2 API Manager...
TID: [] [] [2026-10-04 13:42:45,871]  INFO {org.wso2.carbon.core.ServerManagement} - Starting to switch to maintenance mode...
TID: [] [] [2026-10-04 13:42:45,872]  INFO {org.apache.synapse.transport.passthru.PassThroughHttpListener} - Stopping Pass-through HTTP Listener..
TID: [] [] [2026-10-04 13:42:45,872]  INFO {org.apache.synapse.transport.passthru.PassThroughHttpMultiSSLListener} - Stopping Pass-through HTTPS Listener..
TID: [] [] [2026-10-04 13:42:45,872]  INFO {org.apache.synapse.transport.passthru.core.PassThroughListeningIOReactorManager} - Pausing  IO Reactor bind for port 8280
TID: [] [] [2026-10-04 13:42:45,872]  INFO {org.apache.synapse.transport.passthru.core.PassThroughListeningIOReactorManager} - Pausing  IO Reactor bind for port 8243
TID: [] [] [2026-10-04 13:42:45,872]  INFO {org.apache.synapse.transport.passthru.core.PassThroughListeningIOReactorManager} - Shutting down IO Reactor bind for port 8280
TID: [] [] [2026-10-04 13:42:45,872]  INFO {org.apache.synapse.transport.passthru.core.PassThroughListeningIOReactorManager} - Shutting down IO Reactor bind for port 8243
TID: [] [] [2026-10-04 13:42:45,894]  INFO {org.apache.synapse.transport.passthru.core.PassThroughListeningIOReactorManager} - HTTPS-Listener I/O dispatcher Listener shutdown.
TID: [] [] [2026-10-04 13:42:45,894]  INFO {org.apache.synapse.transport.passthru.core.PassThroughListeningIOReactorManager} - HTTP-Listener I/O dispatcher Listener shutdown.
TID: [] [] [2026-10-04 13:42:45,894]  INFO {org.wso2.carbon.core.ServerManagement} - Stopped all transport listeners
TID: [] [] [2026-10-04 13:42:45,894]  INFO {org.apache.synapse.transport.passthru.PassThroughHttpListener} - Destroying PassThroughHttpListener
TID: [] [] [2026-10-04 13:42:45,903]  INFO {org.apache.synapse.transport.passthru.PassThroughHttpMultiSSLListener} - Destroying PassThroughHttpListener
TID: [] [] [2026-10-04 13:42:45,905]  INFO {org.wso2.carbon.core.ServerManagement} - Waiting for request service completion...
TID: [] [] [2026-10-04 13:42:45,910]  INFO {org.wso2.carbon.core.ServerManagement} - All requests have been served.
TID: [] [] [2026-10-04 13:42:45,910]  INFO {org.wso2.carbon.core.ServerManagement} - Waiting for deployment completion...
TID: [] [] [2026-10-04 13:42:45,955]  INFO {org.wso2.carbon.webapp.mgt.WebApplication} - Unloaded webapp: StandardEngine[Catalina].StandardHost[localhost].StandardContext[/admin]
TID: [] [] [2026-10-04 13:42:45,975]  INFO {org.wso2.carbon.webapp.mgt.WebApplication} - Unloaded webapp: StandardEngine[Catalina].StandardHost[localhost].StandardContext[/devportal]
TID: [] [] [2026-10-04 13:42:46,023]  INFO {org.wso2.carbon.webapp.mgt.WebApplication} - Unloaded webapp: StandardEngine[Catalina].StandardHost[localhost].StandardContext[/authenticationendpoint]
TID: [] [] [2026-10-04 13:42:46,040]  INFO {org.wso2.carbon.webapp.mgt.WebApplication} - Unloaded webapp: StandardEngine[Catalina].StandardHost[localhost].StandardContext[/publisher]
TID: [] [] [2026-10-04 13:42:46,178]  INFO {org.wso2.carbon.webapp.mgt.WebApplication} - Unloaded webapp: StandardEngine[Catalina].StandardHost[localhost].StandardContext[/accountrecoveryendpoint]
TID: [] [] [2026-10-04 13:42:46,194]  INFO {org.wso2.carbon.webapp.mgt.WebApplication} - Unloaded webapp: StandardEngine[Catalina].StandardHost[localhost].StandardContext[/api/am/publisher]
TID: [] [] [2026-10-04 13:42:46,295]  INFO {org.wso2.carbon.webapp.mgt.WebApplication} - Unloaded webapp: StandardEngine[Catalina].StandardHost[localhost].StandardContext[/api/am/gateway/v2]
TID: [] [] [2026-10-04 13:42:46,460]  INFO {org.wso2.carbon.webapp.mgt.WebApplication} - Unloaded webapp: StandardEngine[Catalina].StandardHost[localhost].StandardContext[/keymanager-operations]
TID: [] [] [2026-10-04 13:42:46,474]  INFO {org.wso2.carbon.webapp.mgt.WebApplication} - Unloaded webapp: StandardEngine[Catalina].StandardHost[localhost].StandardContext[/oauth2]
TID: [] [] [2026-10-04 13:42:46,962]  INFO {org.wso2.carbon.webapp.mgt.WebApplication} - Unloaded webapp: StandardEngine[Catalina].StandardHost[localhost].StandardContext[/api/identity/oauth2/dcr/v1.1]
TID: [] [] [2026-10-04 13:42:47,062]  INFO {org.wso2.carbon.webapp.mgt.WebApplication} - Unloaded webapp: StandardEngine[Catalina].StandardHost[localhost].StandardContext[/client-registration/v0.17]
TID: [] [] [2026-10-04 13:42:47,074]  INFO {org.wso2.carbon.webapp.mgt.WebApplication} - Unloaded webapp: StandardEngine[Catalina].StandardHost[localhost].StandardContext[/internal/data/v1]
TID: [] [] [2026-10-04 13:42:47,221]  INFO {org.wso2.carbon.webapp.mgt.WebApplication} - Unloaded webapp: StandardEngine[Catalina].StandardHost[localhost].StandardContext[/api/am/governance]
TID: [] [] [2026-10-04 13:42:47,321]  INFO {org.wso2.carbon.webapp.mgt.WebApplication} - Unloaded webapp: StandardEngine[Catalina].StandardHost[localhost].StandardContext[/api/am/devops/v0]
TID: [] [] [2026-10-04 13:42:47,616]  INFO {org.wso2.carbon.webapp.mgt.WebApplication} - Unloaded webapp: StandardEngine[Catalina].StandardHost[localhost].StandardContext[/api/identity/auth/v1.1]
TID: [] [] [2026-10-04 13:42:47,798]  INFO {org.wso2.carbon.webapp.mgt.WebApplication} - Unloaded webapp: StandardEngine[Catalina].StandardHost[localhost].StandardContext[/api/identity/user/v1.0]
TID: [] [] [2026-10-04 13:42:47,930]  INFO {org.wso2.carbon.webapp.mgt.WebApplication} - Unloaded webapp: StandardEngine[Catalina].StandardHost[localhost].StandardContext[/api/am/admin]
TID: [] [] [2026-10-04 13:42:48,336]  INFO {org.wso2.carbon.webapp.mgt.WebApplication} - Unloaded webapp: StandardEngine[Catalina].StandardHost[localhost].StandardContext[/api/identity/consent-mgt/v1.0]
TID: [] [] [2026-10-04 13:42:48,718]  INFO {org.wso2.carbon.webapp.mgt.WebApplication} - Unloaded webapp: StandardEngine[Catalina].StandardHost[localhost].StandardContext[/api/identity/oauth2/v1.0]
TID: [] [] [2026-10-04 13:42:48,886]  INFO {org.wso2.carbon.webapp.mgt.WebApplication} - Unloaded webapp: StandardEngine[Catalina].StandardHost[localhost].StandardContext[/api/identity/recovery/v0.9]
TID: [] [] [2026-10-04 13:42:48,899]  INFO {org.wso2.carbon.webapp.mgt.WebApplication} - Unloaded webapp: StandardEngine[Catalina].StandardHost[localhost].StandardContext[/api/am/service-catalog/v1]
TID: [] [] [2026-10-04 13:42:48,906]  INFO {org.wso2.carbon.webapp.mgt.WebApplication} - Unloaded webapp: StandardEngine[Catalina].StandardHost[localhost].StandardContext[/am/sample/calculator/v1]
TID: [] [] [2026-10-04 13:42:48,917]  INFO {org.wso2.carbon.webapp.mgt.WebApplication} - Unloaded webapp: StandardEngine[Catalina].StandardHost[localhost].StandardContext[/am/sample/pizzashack/v1]
TID: [] [] [2026-10-04 13:42:48,927]  INFO {org.wso2.carbon.webapp.mgt.WebApplication} - Unloaded webapp: StandardEngine[Catalina].StandardHost[localhost].StandardContext[/api/am/devportal]
TID: [] [] [2026-10-04 13:42:48,927]  INFO {org.wso2.carbon.core.ServerManagement} - All deployment tasks have been completed.
TID: [] [] [2026-10-04 13:42:48,927]  INFO {org.wso2.carbon.core.ServerManagement} - Waiting for server task completion...
TID: [] [] [2026-10-04 13:42:48,930]  INFO {org.wso2.carbon.core.ServerManagement} - All server tasks have been completed.
TID: [] [] [2026-10-04 13:42:48,930]  INFO {org.wso2.carbon.core.init.CarbonServerManager} - Shutting down WSO2 API Manager...
TID: [] [] [2026-10-04 13:42:48,930]  INFO {org.wso2.carbon.apimgt.common.jms.JMSTransportHandler} - Starting to Shutdown the Listener...
TID: [] [] [2026-10-04 13:42:49,934]  INFO {org.wso2.carbon.apimgt.common.jms.JMSTaskManager} - Task manager for jms consumer 1000 shutdown
TID: [] [] [2026-10-04 13:42:49,934]  INFO {org.wso2.carbon.apimgt.common.jms.JMSListener} - Stopped listening for JMS messages to listener : Siddhi-JMS-Consumer#notification
TID: [] [] [2026-10-04 13:42:49,939]  INFO {org.wso2.carbon.apimgt.common.jms.JMSTransportHandler} - Starting to Shutdown the Listener...
TID: [] [] [2026-10-04 13:42:50,941]  INFO {org.wso2.carbon.apimgt.common.jms.JMSTaskManager} - Task manager for jms consumer 1000 shutdown
TID: [] [] [2026-10-04 13:42:50,941]  INFO {org.wso2.carbon.apimgt.common.jms.JMSListener} - Stopped listening for JMS messages to listener : Siddhi-JMS-Consumer#keyManager
TID: [] [] [2026-10-04 13:42:51,943]  INFO {org.wso2.carbon.apimgt.common.jms.JMSTaskManager} - Task manager for jms consumer 1000 shutdown
TID: [] [] [2026-10-04 13:42:51,943]  INFO {org.wso2.carbon.apimgt.common.jms.JMSListener} - Stopped listening for JMS messages to listener : Siddhi-JMS-Consumer#notification
TID: [] [] [2026-10-04 13:42:52,943]  INFO {org.wso2.carbon.apimgt.common.jms.JMSTaskManager} - Task manager for jms consumer 1000 shutdown
TID: [] [] [2026-10-04 13:42:52,943]  INFO {org.wso2.carbon.apimgt.common.jms.JMSListener} - Stopped listening for JMS messages to listener : Siddhi-JMS-Consumer#notification
TID: [] [] [2026-10-04 13:42:52,943]  INFO {org.wso2.carbon.apimgt.common.jms.JMSTransportHandler} - Starting to Shutdown the Listener...
TID: [] [] [2026-10-04 13:42:53,947]  INFO {org.wso2.carbon.apimgt.common.jms.JMSTaskManager} - Task manager for jms consumer 1000 shutdown
TID: [] [] [2026-10-04 13:42:53,947]  INFO {org.wso2.carbon.apimgt.common.jms.JMSListener} - Stopped listening for JMS messages to listener : Siddhi-JMS-Consumer#notification
TID: [] [] [2026-10-04 13:42:53,947]  INFO {org.wso2.carbon.apimgt.common.jms.JMSTransportHandler} - Starting to Shutdown the Listener...
TID: [] [] [2026-10-04 13:42:54,951]  INFO {org.wso2.carbon.apimgt.common.jms.JMSTaskManager} - Task manager for jms consumer 1000 shutdown
TID: [] [] [2026-10-04 13:42:54,951]  INFO {org.wso2.carbon.apimgt.common.jms.JMSListener} - Stopped listening for JMS messages to listener : Siddhi-JMS-Consumer#throttleData
TID: [] [] [2026-10-04 13:42:54,951]  INFO {org.wso2.carbon.apimgt.common.jms.JMSTransportHandler} - Starting to Shutdown the Listener...
TID: [] [] [2026-10-04 13:42:55,952]  INFO {org.wso2.carbon.apimgt.common.jms.JMSTaskManager} - Task manager for jms consumer 1000 shutdown
TID: [] [] [2026-10-04 13:42:55,952]  INFO {org.wso2.carbon.apimgt.common.jms.JMSListener} - Stopped listening for JMS messages to listener : Siddhi-JMS-Consumer#tokenRevocation
TID: [] [] [2026-10-04 13:42:56,954]  INFO {org.wso2.carbon.apimgt.common.jms.JMSTaskManager} - Task manager for jms consumer 1000 shutdown
TID: [] [] [2026-10-04 13:42:56,954]  INFO {org.wso2.carbon.apimgt.common.jms.JMSListener} - Stopped listening for JMS messages to listener : Siddhi-JMS-Consumer#cacheInvalidation
TID: [] [] [2026-10-04 13:42:57,956]  INFO {org.wso2.carbon.apimgt.common.jms.JMSTaskManager} - Task manager for jms consumer 1000 shutdown
TID: [] [] [2026-10-04 13:42:57,956]  INFO {org.wso2.carbon.apimgt.common.jms.JMSListener} - Stopped listening for JMS messages to listener : Siddhi-JMS-Consumer#notification
TID: [] [] [2026-10-04 13:42:58,957]  INFO {org.wso2.carbon.apimgt.common.jms.JMSTaskManager} - Task manager for jms consumer 1000 shutdown
TID: [] [] [2026-10-04 13:42:58,957]  INFO {org.wso2.carbon.apimgt.common.jms.JMSListener} - Stopped listening for JMS messages to listener : Siddhi-JMS-Consumer#throttleData
TID: [] [] [2026-10-04 13:42:59,958]  INFO {org.wso2.carbon.apimgt.common.jms.JMSTaskManager} - Task manager for jms consumer 1000 shutdown
TID: [] [] [2026-10-04 13:42:59,958]  INFO {org.wso2.carbon.apimgt.common.jms.JMSListener} - Stopped listening for JMS messages to listener : Siddhi-JMS-Consumer#asyncWebhooksData
TID: [] [] [2026-10-04 13:42:59,958]  INFO {org.wso2.carbon.apimgt.gateway.notifiers.DeploymentStatusNotifier} - Shutting down DeploymentStatusNotifier
TID: [] [] [2026-10-04 13:42:59,958]  INFO {org.wso2.carbon.apimgt.common.jms.JMSTransportHandler} - Starting to Shutdown the Listener...
TID: [] [] [2026-10-04 13:42:59,959]  INFO {org.wso2.carbon.apimgt.common.jms.JMSTransportHandler} - Starting to Shutdown the Listener...
TID: [] [] [2026-10-04 13:42:59,959]  INFO {org.wso2.carbon.apimgt.common.jms.JMSTransportHandler} - Starting to Shutdown the Listener...
TID: [] [] [2026-10-04 13:42:59,959]  INFO {org.wso2.carbon.apimgt.common.jms.JMSTransportHandler} - Starting to Shutdown the Listener...
TID: [] [] [2026-10-04 13:42:59,959]  INFO {org.wso2.carbon.apimgt.common.jms.JMSTransportHandler} - Starting to Shutdown the Listener...
TID: [] [] [2026-10-04 13:42:59,965]  INFO {org.wso2.carbon.core.init.CarbonServerManager} - Shutting down OSGi framework...
TID: [] [] [2026-10-04 13:43:00,037]  INFO {org.wso2.carbon.core.init.CarbonServerManager} - Stopping CarbonServerManager...
TID: [] [] [2026-10-04 13:43:00,038]  INFO {org.wso2.carbon.websocket.transport.WebsocketTransportSender} - WSS Sender Shutdown
TID: [] [] [2026-10-04 13:43:00,039]  INFO {org.apache.synapse.transport.passthru.PassThroughHttpSender} - HTTP Sender shutdown
TID: [] [] [2026-10-04 13:43:00,050]  INFO {org.apache.synapse.transport.passthru.PassThroughHttpSSLSender} - HTTPS Sender shutdown
TID: [] [] [2026-10-04 13:43:00,050]  INFO {org.wso2.carbon.websocket.transport.WebsocketTransportSender} - WS Sender Shutdown
TID: [] [] [2026-10-04 13:43:00,050]  INFO {org.apache.synapse.transport.passthru.PassThroughHttpListener} - Destroying PassThroughHttpListener
TID: [] [] [2026-10-04 13:43:00,050]  INFO {org.apache.synapse.transport.passthru.PassThroughHttpMultiSSLListener} - Destroying PassThroughHttpListener
TID: [] [] [2026-10-04 13:43:00,074]  INFO {org.wso2.carbon.event.processor.core.internal.CarbonEventProcessorService} - Successfully shutdown ExecutionPlans
TID: [] [] [2026-10-04 13:43:00,088]  INFO {org.wso2.carbon.apimgt.governance.impl.ComplianceEvaluationScheduler} - Shutting down Evaluation Request Scheduler...
TID: [] [] [2026-10-04 13:43:00,088]  INFO {org.wso2.carbon.apimgt.governance.impl.ComplianceEvaluationScheduler} - Evaluation Request Scheduler shut down.
TID: [] [] [2026-10-04 13:43:00,123]  INFO {org.apache.synapse.Axis2SynapseController} - Undeploying the Synapse service...
TID: [] [] [2026-10-04 13:43:00,123]  INFO {org.apache.synapse.Axis2SynapseController} - Undeploying Proxy services...
TID: [] [] [2026-10-04 13:43:00,123]  INFO {org.apache.synapse.Axis2SynapseController} - Undeploying EventSources...
TID: [] [] [2026-10-04 13:43:00,124]  INFO {org.apache.synapse.inbound.InboundEndpoint} - Destroying Inbound Endpoint: WebSocketInboundEndpoint
TID: [] [] [2026-10-04 13:43:00,124]  INFO {org.apache.synapse.inbound.InboundEndpoint} - Destroying Inbound Endpoint: SecureWebSocketEP
TID: [] [] [2026-10-04 13:43:00,124]  INFO {org.apache.synapse.inbound.InboundEndpoint} - Destroying Inbound Endpoint: WebhookServer
TID: [] [] [2026-10-04 13:43:00,124]  INFO {org.apache.synapse.inbound.InboundEndpoint} - Destroying Inbound Endpoint: SecureWebhookServer
TID: [] [] [2026-10-04 13:43:00,125]  INFO {org.apache.synapse.api.API} - {api:prod--RhConsultaAPI:v0.1} Destroying API: prod--RhConsultaAPI:v0.1
TID: [] [] [2026-10-04 13:43:00,126]  INFO {org.apache.synapse.api.API} - {api:prod--Bilhetador-api:v0.1} Destroying API: prod--Bilhetador-api:v0.1
TID: [] [] [2026-10-04 13:43:00,126]  INFO {org.apache.synapse.api.API} - {api:prod--RelatorioLegacyApi:v0.2} Destroying API: prod--RelatorioLegacyApi:v0.2
TID: [] [] [2026-10-04 13:43:00,126]  INFO {org.apache.synapse.api.API} - {api:_HealthCheckAPI_} Destroying API: _HealthCheckAPI_
TID: [] [] [2026-10-04 13:43:00,126]  INFO {org.apache.synapse.api.API} - {api:prod--Api Exemplo:v0.1} Destroying API: prod--Api Exemplo:v0.1
TID: [] [] [2026-10-04 13:43:00,126]  INFO {org.apache.synapse.api.API} - {api:prod--Api Parse Legado:v0.1} Destroying API: prod--Api Parse Legado:v0.1
TID: [] [] [2026-10-04 13:43:00,126]  INFO {org.apache.synapse.api.API} - {api:prod--exemplo-cache-data:v0.1} Destroying API: prod--exemplo-cache-data:v0.1
TID: [] [] [2026-10-04 13:43:00,127]  INFO {org.apache.synapse.api.API} - {api:_OpenService_} Destroying API: _OpenService_
TID: [] [] [2026-10-04 13:43:00,127]  INFO {org.apache.synapse.api.API} - {api:_JwksEndpoint_} Destroying API: _JwksEndpoint_
TID: [] [] [2026-10-04 13:43:00,127]  INFO {org.apache.synapse.task.SynapseTaskManager} - Shutting down the task manager
TID: [] [] [2026-10-04 13:43:00,132]  INFO {org.wso2.carbon.metrics.impl.reporter.AbstractReporter} - Stopped JMX reporter for Metrics
TID: [] [] [2026-10-04 13:43:00,172]  INFO {org.wso2.carbon.tomcat.ext.internal.CarbonTomcatServiceComponent} - Stopping the carbon web-app registered under : /
TID: [] [] [2026-10-04 13:43:00,292]  INFO {org.wso2.carbon.apimgt.eventing.hub.internal.ServiceComponent} - Eventing Hub ServiceComponent is deactivated
TID: [] [] [2026-10-04 13:43:00,292]  INFO {org.wso2.carbon.event.publisher.core.EventPublisherDeployer} - Event Publisher undeployed successfully : jmsEventPublisher_1.10.0_2.xml
TID: [] [] [2026-10-04 13:43:00,302]  INFO {org.wso2.carbon.event.publisher.core.EventPublisherDeployer} - Event Publisher deployment held back and in inactive state : jmsEventPublisher_1.10.0_2.xml, waiting for Output Event Adapter dependency : jms
TID: [] [] [2026-10-04 13:43:00,302]  INFO {org.wso2.carbon.event.publisher.core.internal.CarbonEventPublisherService} - Event publisher : jmsEventPublisher-1.0.0-2  is in inactive state because dependency could not be found : jms
TID: [] [] [2026-10-04 13:43:00,302]  INFO {org.wso2.carbon.event.publisher.core.EventPublisherDeployer} - Event Publisher undeployed successfully : keymgtEventJMSEventPublisher.xml
TID: [] [] [2026-10-04 13:43:00,310]  INFO {org.wso2.carbon.event.publisher.core.EventPublisherDeployer} - Event Publisher deployment held back and in inactive state : keymgtEventJMSEventPublisher.xml, waiting for Output Event Adapter dependency : jms
TID: [] [] [2026-10-04 13:43:00,310]  INFO {org.wso2.carbon.event.publisher.core.internal.CarbonEventPublisherService} - Event publisher : keymgtEventJMSEventPublisher  is in inactive state because dependency could not be found : jms
TID: [] [] [2026-10-04 13:43:00,310]  INFO {org.wso2.carbon.event.publisher.core.EventPublisherDeployer} - Event Publisher undeployed successfully : globalCacheInvalidationJMSPublisher.xml
TID: [] [] [2026-10-04 13:43:00,318]  INFO {org.wso2.carbon.event.publisher.core.EventPublisherDeployer} - Event Publisher deployment held back and in inactive state : globalCacheInvalidationJMSPublisher.xml, waiting for Output Event Adapter dependency : jms
TID: [] [] [2026-10-04 13:43:00,318]  INFO {org.wso2.carbon.event.publisher.core.internal.CarbonEventPublisherService} - Event publisher : globalCacheInvalidationJMSPublisher  is in inactive state because dependency could not be found : jms
TID: [] [] [2026-10-04 13:43:00,318]  INFO {org.wso2.carbon.event.publisher.core.EventPublisherDeployer} - Event Publisher undeployed successfully : asyncWebhooksEventPublisher_1.0.0.xml
TID: [] [] [2026-10-04 13:43:00,319]  INFO {org.wso2.carbon.event.publisher.core.EventPublisherDeployer} - Event Publisher deployment held back and in inactive state : asyncWebhooksEventPublisher_1.0.0.xml, waiting for Output Event Adapter dependency : jms
TID: [] [] [2026-10-04 13:43:00,319]  INFO {org.wso2.carbon.event.publisher.core.internal.CarbonEventPublisherService} - Event publisher : asyncWebhooksEventPublisher-1.0.0  is in inactive state because dependency could not be found : jms
TID: [] [] [2026-10-04 13:43:00,319]  INFO {org.wso2.carbon.event.publisher.core.EventPublisherDeployer} - Event Publisher undeployed successfully : jmsEventPublisher2.xml
TID: [] [] [2026-10-04 13:43:00,327]  INFO {org.wso2.carbon.event.publisher.core.EventPublisherDeployer} - Event Publisher deployment held back and in inactive state : jmsEventPublisher2.xml, waiting for Output Event Adapter dependency : jms
TID: [] [] [2026-10-04 13:43:00,327]  INFO {org.wso2.carbon.event.publisher.core.internal.CarbonEventPublisherService} - Event publisher : jmsEventPublisher2  is in inactive state because dependency could not be found : jms
TID: [] [] [2026-10-04 13:43:00,327]  INFO {org.wso2.carbon.event.publisher.core.EventPublisherDeployer} - Event Publisher undeployed successfully : asyncWebhooksEventPublisher.xml
TID: [] [] [2026-10-04 13:43:00,334]  INFO {org.wso2.carbon.event.publisher.core.EventPublisherDeployer} - Event Publisher deployment held back and in inactive state : asyncWebhooksEventPublisher.xml, waiting for Output Event Adapter dependency : jms
TID: [] [] [2026-10-04 13:43:00,334]  INFO {org.wso2.carbon.event.publisher.core.internal.CarbonEventPublisherService} - Event publisher : asyncWebhooksEventPublisher  is in inactive state because dependency could not be found : jms
TID: [] [] [2026-10-04 13:43:00,334]  INFO {org.wso2.carbon.event.publisher.core.EventPublisherDeployer} - Event Publisher undeployed successfully : asyncWebhooksEventPublisher_1.0.0_2.xml
TID: [] [] [2026-10-04 13:43:00,342]  INFO {org.wso2.carbon.event.publisher.core.EventPublisherDeployer} - Event Publisher deployment held back and in inactive state : asyncWebhooksEventPublisher_1.0.0_2.xml, waiting for Output Event Adapter dependency : jms
TID: [] [] [2026-10-04 13:43:00,342]  INFO {org.wso2.carbon.event.publisher.core.internal.CarbonEventPublisherService} - Event publisher : asyncWebhooksEventPublisher-1.0.0-2  is in inactive state because dependency could not be found : jms
TID: [] [] [2026-10-04 13:43:00,342]  INFO {org.wso2.carbon.event.publisher.core.EventPublisherDeployer} - Event Publisher undeployed successfully : cacheInvalidationEventJMSPublisher.xml
TID: [] [] [2026-10-04 13:43:00,344]  INFO {org.wso2.carbon.event.publisher.core.EventPublisherDeployer} - Event Publisher deployment held back and in inactive state : cacheInvalidationEventJMSPublisher.xml, waiting for Output Event Adapter dependency : jms
TID: [] [] [2026-10-04 13:43:00,344]  INFO {org.wso2.carbon.event.publisher.core.internal.CarbonEventPublisherService} - Event publisher : cacheInvalidationJMSPublisher  is in inactive state because dependency could not be found : jms
TID: [] [] [2026-10-04 13:43:00,344]  INFO {org.wso2.carbon.event.publisher.core.EventPublisherDeployer} - Event Publisher undeployed successfully : asyncWebhooksEventPublisher2.xml
TID: [] [] [2026-10-04 13:43:00,351]  INFO {org.wso2.carbon.event.publisher.core.EventPublisherDeployer} - Event Publisher deployment held back and in inactive state : asyncWebhooksEventPublisher2.xml, waiting for Output Event Adapter dependency : jms
TID: [] [] [2026-10-04 13:43:00,352]  INFO {org.wso2.carbon.event.publisher.core.internal.CarbonEventPublisherService} - Event publisher : asyncWebhooksEventPublisher2  is in inactive state because dependency could not be found : jms
TID: [] [] [2026-10-04 13:43:00,352]  INFO {org.wso2.carbon.event.publisher.core.EventPublisherDeployer} - Event Publisher undeployed successfully : blockingEventJMSPublisher.xml
TID: [] [] [2026-10-04 13:43:00,359]  INFO {org.wso2.carbon.event.publisher.core.EventPublisherDeployer} - Event Publisher deployment held back and in inactive state : blockingEventJMSPublisher.xml, waiting for Output Event Adapter dependency : jms
TID: [] [] [2026-10-04 13:43:00,359]  INFO {org.wso2.carbon.event.publisher.core.internal.CarbonEventPublisherService} - Event publisher : blockingEventJMSPublisher  is in inactive state because dependency could not be found : jms
TID: [] [] [2026-10-04 13:43:00,359]  INFO {org.wso2.carbon.event.publisher.core.EventPublisherDeployer} - Event Publisher undeployed successfully : tokenRevokeEventJMSPublisher_2.xml
TID: [] [] [2026-10-04 13:43:00,367]  INFO {org.wso2.carbon.event.publisher.core.EventPublisherDeployer} - Event Publisher deployment held back and in inactive state : tokenRevokeEventJMSPublisher_2.xml, waiting for Output Event Adapter dependency : jms
TID: [] [] [2026-10-04 13:43:00,367]  INFO {org.wso2.carbon.event.publisher.core.internal.CarbonEventPublisherService} - Event publisher : tokenRevocationJMSPublisher2  is in inactive state because dependency could not be found : jms
TID: [] [] [2026-10-04 13:43:00,367]  INFO {org.wso2.carbon.event.publisher.core.EventPublisherDeployer} - Event Publisher undeployed successfully : jmsEventPublisher_1.10.0.xml
TID: [] [] [2026-10-04 13:43:00,375]  INFO {org.wso2.carbon.event.publisher.core.EventPublisherDeployer} - Event Publisher deployment held back and in inactive state : jmsEventPublisher_1.10.0.xml, waiting for Output Event Adapter dependency : jms
TID: [] [] [2026-10-04 13:43:00,375]  INFO {org.wso2.carbon.event.publisher.core.internal.CarbonEventPublisherService} - Event publisher : jmsEventPublisher-1.0.0  is in inactive state because dependency could not be found : jms
TID: [] [] [2026-10-04 13:43:00,375]  INFO {org.wso2.carbon.event.publisher.core.EventPublisherDeployer} - Event Publisher undeployed successfully : notificationEventJMSPublisher.xml
TID: [] [] [2026-10-04 13:43:00,383]  INFO {org.wso2.carbon.event.publisher.core.EventPublisherDeployer} - Event Publisher deployment held back and in inactive state : notificationEventJMSPublisher.xml, waiting for Output Event Adapter dependency : jms
TID: [] [] [2026-10-04 13:43:00,383]  INFO {org.wso2.carbon.event.publisher.core.internal.CarbonEventPublisherService} - Event publisher : notificationJMSPublisher  is in inactive state because dependency could not be found : jms
TID: [] [] [2026-10-04 13:43:00,383]  INFO {org.wso2.carbon.event.publisher.core.EventPublisherDeployer} - Event Publisher undeployed successfully : jmsEventPublisher.xml
TID: [] [] [2026-10-04 13:43:00,384]  INFO {org.wso2.carbon.event.publisher.core.EventPublisherDeployer} - Event Publisher deployment held back and in inactive state : jmsEventPublisher.xml, waiting for Output Event Adapter dependency : jms
TID: [] [] [2026-10-04 13:43:00,384]  INFO {org.wso2.carbon.event.publisher.core.internal.CarbonEventPublisherService} - Event publisher : jmsEventPublisher  is in inactive state because dependency could not be found : jms
TID: [] [] [2026-10-04 13:43:00,384]  INFO {org.wso2.carbon.event.publisher.core.EventPublisherDeployer} - Event Publisher undeployed successfully : tokenRevokeEventJMSPublisher.xml
TID: [] [] [2026-10-04 13:43:00,391]  INFO {org.wso2.carbon.event.publisher.core.EventPublisherDeployer} - Event Publisher deployment held back and in inactive state : tokenRevokeEventJMSPublisher.xml, waiting for Output Event Adapter dependency : jms
TID: [] [] [2026-10-04 13:43:00,391]  INFO {org.wso2.carbon.event.publisher.core.internal.CarbonEventPublisherService} - Event publisher : tokenRevocationJMSPublisher  is in inactive state because dependency could not be found : jms
TID: [] [] [2026-10-04 13:43:00,391]  INFO {org.wso2.carbon.event.publisher.core.EventPublisherDeployer} - Event Publisher undeployed successfully : HTTP-recommendationEventPublisher.xml
TID: [] [] [2026-10-04 13:43:00,399]  INFO {org.wso2.carbon.event.publisher.core.EventPublisherDeployer} - Event Publisher deployment held back and in inactive state : HTTP-recommendationEventPublisher.xml, waiting for Output Event Adapter dependency : http-extended
TID: [] [] [2026-10-04 13:43:00,399]  INFO {org.wso2.carbon.event.publisher.core.internal.CarbonEventPublisherService} - Event publisher : HTTP-recommendationEventPublisher  is in inactive state because dependency could not be found : http-extended
TID: [] [] [2026-10-04 13:43:00,399]  INFO {org.wso2.carbon.event.publisher.core.EventPublisherDeployer} - Event Publisher undeployed successfully : EmailPublisher.xml
TID: [] [] [2026-10-04 13:43:00,405]  INFO {org.wso2.carbon.event.publisher.core.EventPublisherDeployer} - Event Publisher deployment held back and in inactive state : EmailPublisher.xml, waiting for Output Event Adapter dependency : email
TID: [] [] [2026-10-04 13:43:00,405]  INFO {org.wso2.carbon.event.publisher.core.internal.CarbonEventPublisherService} - Event publisher : EmailPublisher  is in inactive state because dependency could not be found : email
TID: [] [] [2026-10-04 13:43:00,415]  INFO {org.wso2.carbon.databridge.receiver.binary.internal.BinaryDataReceiverServiceComponent} - Binary Data Receiver server shutting down...
TID: [] [] [2026-10-04 13:43:00,415]  INFO {org.wso2.carbon.databridge.receiver.binary.internal.BinaryDataReceiver} - Stopping Binary Server..
TID: [-1234] [] [2026-10-04 13:43:00,648]  INFO {org.wso2.carbon.core.init.CarbonServerManager} - Shutdown complete 
TID: [-1234] [] [2026-10-04 13:43:00,648]  INFO {org.wso2.carbon.core.init.CarbonServerManager} - Halting JVM 
