TID: [2026-10-01 14:15:10,349]  INFO {org.wso2.config.mapper.ConfigParser} - Initializing configurations with deployment configurations {org.wso2.config.mapper.ConfigParser}
TID: [] [] [2026-10-01 14:15:49,228]  INFO {org.wso2.carbon.core.internal.CarbonCoreActivator} - Starting WSO2 Carbon...
TID: [] [] [2026-10-01 14:15:49,229]  INFO {org.wso2.carbon.core.internal.CarbonCoreActivator} - Operating System : Windows 10 10.0, amd64
TID: [] [] [2026-10-01 14:15:49,229]  INFO {org.wso2.carbon.core.internal.CarbonCoreActivator} - Java Home        : C:\Program Files\Java\jdk-17
TID: [] [] [2026-10-01 14:15:49,229]  INFO {org.wso2.carbon.core.internal.CarbonCoreActivator} - Java Version     : 17.0.15
TID: [] [] [2026-10-01 14:15:49,229]  INFO {org.wso2.carbon.core.internal.CarbonCoreActivator} - Java VM          : Java HotSpot(TM) 64-Bit Server VM 17.0.15+9-LTS-241,Oracle Corporation
TID: [] [] [2026-10-01 14:15:49,229]  INFO {org.wso2.carbon.core.internal.CarbonCoreActivator} - Carbon Home      : D:\wso2am-4.6.0\bin\..
TID: [] [] [2026-10-01 14:15:49,229]  INFO {org.wso2.carbon.core.internal.CarbonCoreActivator} - Java Temp Dir    : D:\wso2am-4.6.0\bin\..\tmp
TID: [] [] [2026-10-01 14:15:49,229]  INFO {org.wso2.carbon.core.internal.CarbonCoreActivator} - User             : gabri, en-US, America/Sao_Paulo
TID: [] [] [2026-10-01 14:15:49,461]  INFO {org.wso2.carbon.crypto.provider.internal.DefaultCryptoProviderComponent} - 'CryptoService.Secret' property has not been set. 'org.wso2.carbon.crypto.provider.SymmetricKeyInternalCryptoProvider' won't be registered as an internal crypto provider. Please set the secret if the provider needs to be registered.
TID: [] [] [2026-10-01 14:15:49,750]  INFO {org.wso2.carbon.event.output.adapter.kafka.internal.ds.KafkaEventAdapterServiceDS} - Successfully deployed the Kafka output event adaptor service
TID: [] [] [2026-10-01 14:15:54,111]  INFO {org.wso2.carbon.apimgt.eventing.hub.internal.ServiceComponent} - Eventing Hub ServiceComponent is activated
TID: [] [] [2026-10-01 14:15:54,655]  WARN {org.apache.tomcat.util.digester.Digester} - Match [Server/Service/Engine/Host/Valve] failed to set property [maxDays] to []
TID: [] [] [2026-10-01 14:15:55,248]  INFO {org.wso2.carbon.consent.mgt.core.internal.ConsentManagerComponent} - ConsentManagerComponent is activated.
TID: [] [] [2026-10-01 14:15:55,370]  INFO {org.wso2.carbon.databridge.receiver.binary.internal.BinaryDataReceiverServiceComponent} - Binary Data Receiver server activated
TID: [] [] [2026-10-01 14:15:55,380]  INFO {org.wso2.carbon.databridge.core.internal.DataBridgeDS} - Successfully deployed Agent Server 
TID: [] [] [2026-10-01 14:15:55,697]  INFO {org.wso2.carbon.registry.core.jdbc.EmbeddedRegistryService} - Configured Registry in 77ms
TID: [] [] [2026-10-01 14:15:55,741]  INFO {org.wso2.carbon.registry.core.jdbc.EmbeddedRegistryService} - Connected to mount at configregistry in 2ms
TID: [] [] [2026-10-01 14:15:55,741]  INFO {org.wso2.carbon.registry.core.jdbc.EmbeddedRegistryService} - Connected to mount at govregistry in 3ms
TID: [] [] [2026-10-01 14:15:55,782]  INFO {org.wso2.carbon.registry.core.jdbc.EmbeddedRegistryService} - Connected to mount at configregistry in 0ms
TID: [] [] [2026-10-01 14:15:55,782]  INFO {org.wso2.carbon.registry.core.jdbc.EmbeddedRegistryService} - Connected to mount at govregistry in 0ms
TID: [] [] [2026-10-01 14:15:55,905]  INFO {org.wso2.carbon.registry.core.internal.RegistryCoreServiceComponent} - Registry Mode    : READ-WRITE
TID: [] [] [2026-10-01 14:15:56,443]  INFO {org.wso2.carbon.metrics.impl.util.JmxReporterBuilder} - Creating JMX reporter for Metrics with domain 'org.wso2.carbon.metrics'
TID: [] [] [2026-10-01 14:15:56,446]  INFO {org.wso2.carbon.metrics.impl.reporter.AbstractReporter} - Started JMX reporter for Metrics
TID: [] [] [2026-10-01 14:16:15,799]  INFO {org.wso2.carbon.registry.indexing.solr.SolrClient} - Default Embedded Solr Server Initialized
TID: [] [] [2026-10-01 14:16:15,898]  INFO {org.wso2.carbon.user.core.internal.UserStoreMgtDSComponent} - Carbon UserStoreMgtDSComponent activated successfully.
TID: [] [] [2026-10-01 14:16:18,772]  INFO {org.wso2.carbon.identity.user.store.configuration.deployer.UserStoreConfigurationDeployer} - User Store Configuration Deployer initiated.
TID: [] [] [2026-10-01 14:16:18,772]  INFO {org.wso2.carbon.identity.user.store.configuration.deployer.UserStoreConfigurationDeployer} - User Store Configuration Deployer initiated.
TID: [] [] [2026-10-01 14:16:18,943]  INFO {org.wso2.carbon.websocket.transport.WebsocketTransportSender} - WSS Sender started
TID: [] [] [2026-10-01 14:16:18,959]  INFO {org.apache.synapse.transport.passthru.PassThroughHttpSender} - Initializing Pass-through HTTP/S Sender...
TID: [] [] [2026-10-01 14:16:19,004]  INFO {org.apache.synapse.transport.passthru.PassThroughHttpSender} - Pass-through HTTP Sender started...
TID: [] [] [2026-10-01 14:16:19,004]  INFO {org.apache.synapse.transport.passthru.PassThroughHttpSSLSender} - Initializing Pass-through HTTP/S Sender...
TID: [] [] [2026-10-01 14:16:19,010]  INFO {org.apache.synapse.transport.nhttp.config.ClientConnFactoryBuilder} - customSSLProfiles configuration is loaded from path: D:\wso2am-4.6.0\repository/resources/security/sslprofiles.xml
TID: [] [] [2026-10-01 14:16:19,010]  INFO {org.apache.synapse.transport.nhttp.config.ClientConnFactoryBuilder} - HTTPS Loading custom SSL profiles for the HTTPS sender
TID: [] [] [2026-10-01 14:16:19,013]  INFO {org.apache.synapse.transport.nhttp.config.ClientConnFactoryBuilder} - HTTPS Custom SSL profiles initialized for 1 mappings
TID: [] [] [2026-10-01 14:16:19,014]  INFO {org.apache.synapse.transport.passthru.PassThroughHttpSSLSender} - Pass-through HTTPS Sender started...
TID: [] [] [2026-10-01 14:16:19,017]  INFO {org.wso2.carbon.websocket.transport.WebsocketTransportSender} - WS Sender started
TID: [] [] [2026-10-01 14:16:19,043]  INFO {org.apache.synapse.transport.passthru.PassThroughHttpListener} - Initializing Pass-through HTTP/S Listener...
TID: [] [] [2026-10-01 14:16:19,062]  INFO {org.apache.synapse.transport.passthru.PassThroughHttpMultiSSLListener} - Initializing Pass-through HTTP/S Listener...
TID: [] [] [2026-10-01 14:16:19,066]  INFO {org.apache.synapse.transport.nhttp.config.ServerConnFactoryBuilder} - SSLProfile configuration is loaded from path: D:\wso2am-4.6.0\repository/resources/security/listenerprofiles.xml
TID: [] [] [2026-10-01 14:16:19,351]  INFO {org.wso2.carbon.core.deployment.DeploymentInterceptor} - Deploying Axis2 service: AdminAdvisoryManagementService {super-tenant}
TID: [] [] [2026-10-01 14:16:19,810]  INFO {org.wso2.carbon.core.deployment.DeploymentInterceptor} - Deploying Axis2 service: I18nEmailMgtConfigService {super-tenant}
TID: [] [] [2026-10-01 14:16:20,707]  INFO {org.wso2.carbon.core.deployment.DeploymentInterceptor} - Deploying Axis2 service: AccountCredentialMgtConfigService {super-tenant}
TID: [] [] [2026-10-01 14:16:20,708]  INFO {org.wso2.carbon.core.deployment.DeploymentInterceptor} - Deploying Axis2 service: UserIdentityManagementAdminService {super-tenant}
TID: [] [] [2026-10-01 14:16:20,708]  INFO {org.wso2.carbon.core.deployment.DeploymentInterceptor} - Deploying Axis2 service: UserInformationRecoveryService {super-tenant}
TID: [] [] [2026-10-01 14:16:21,072]  WARN {org.apache.axis2.description.java2wsdl.DefaultSchemaGenerator} - We don't support method overloading. Ignoring [addRemoteServerConfig]
TID: [] [] [2026-10-01 14:16:21,072]  WARN {org.apache.axis2.description.java2wsdl.DefaultSchemaGenerator} - We don't support method overloading. Ignoring [resetRemoteServerConfig]
TID: [] [] [2026-10-01 14:16:21,427]  WARN {org.apache.axis2.description.java2wsdl.DefaultSchemaGenerator} - We don't support method overloading. Ignoring [searchByAttribute]
TID: [] [] [2026-10-01 14:16:22,247]  INFO {org.wso2.carbon.core.init.CarbonServerManager} - Repository       : D:\wso2am-4.6.0\bin\../repository/deployment/server/
TID: [] [] [2026-10-01 14:16:22,249]  INFO {org.wso2.carbon.event.input.adapter.kafka.internal.ds.KafkaEventAdapterServiceHolder} - Kafka input event adaptor waiting for dependent configurations to load
TID: [] [] [2026-10-01 14:16:22,257]  INFO {org.wso2.carbon.andes.core.internal.ds.QueueManagerServiceDS} - Successfully created the queue manager service
TID: [] [] [2026-10-01 14:16:22,259]  INFO {org.wso2.carbon.andes.core.internal.ds.SubscriptionManagerServiceDS} - Successfully created the subscription manager service
TID: [] [] [2026-10-01 14:16:22,305]  INFO {org.wso2.carbon.apimgt.persistence.internal.PersistenceManagerComponent} - Activating PersistenceManagerComponent 
TID: [] [] [2026-10-01 14:16:22,321]  INFO {org.wso2.carbon.core.multitenancy.eager.TenantLoadingConfig} - Using tenant lazy loading policy...
TID: [] [] [2026-10-01 14:16:22,329]  INFO {org.wso2.carbon.core.internal.permission.update.PermissionUpdater} - Permission cache updated for tenant -1234
TID: [] [] [2026-10-01 14:16:23,165]  INFO {org.wso2.carbon.identity.entitlement.internal.SchemaBuilder} - XACML policy schema loaded successfully.
TID: [] [] [2026-10-01 14:16:23,274]  INFO {org.wso2.carbon.user.core.internal.UserStoreMgtDSComponent} - Claim manager set for class org.wso2.carbon.user.core.common.DefaultRealm
TID: [] [] [2026-10-01 14:16:23,276]  INFO {org.wso2.carbon.user.core.internal.UserStoreMgtDSComponent} - Claim manager set for class org.wso2.carbon.user.core.jdbc.UniqueIDJDBCUserStoreManager
TID: [] [] [2026-10-01 14:16:23,327]  WARN {org.wso2.carbon.identity.application.mgt.internal.ApplicationManagementServiceComponent} - Templates directory not found at D:\wso2am-4.6.0\bin\..\repository\resources\identity\authntemplates
TID: [] [] [2026-10-01 14:16:23,539]  WARN {org.wso2.carbon.identity.auth.valve.internal.AuthenticationValveServiceComponent} - File invalid_tenant_domain_response.html not found. The default content will be used as the error page content.
TID: [] [] [2026-10-01 14:16:23,568]  WARN {org.wso2.carbon.identity.auth.service.internal.AuthenticationServiceComponent} - 

##################################  ALERT  ##################################
[WARNING]: Internal authentication is utilizing default credentials,
which may expose the environment to potential security risks.
If this is a production environment, change the credentials immediately.
Please refer to the WSO2 security advisory: https://security.docs.wso2.com/en/latest/security-announcements/security-advisories/2023/WSO2-2023-2617/
#############################################################################

TID: [] [] [2026-10-01 14:16:23,575]  INFO {org.wso2.carbon.identity.organization.management.tenant.association.internal.TenantAssociationServiceComponent} - Organization management related TenantAssociationManagementListener registered successfully.
TID: [] [] [2026-10-01 14:16:24,483]  INFO {org.wso2.carbon.apimgt.impl.utils.APIUtil} - Common operation policy addHeader_v2 was added to the organization carbon.super successfully
TID: [] [] [2026-10-01 14:16:24,498]  INFO {org.wso2.carbon.apimgt.impl.utils.APIUtil} - Common operation policy addLogMessage_v1 was added to the organization carbon.super successfully
TID: [] [] [2026-10-01 14:16:24,520]  INFO {org.wso2.carbon.apimgt.impl.utils.APIUtil} - Common operation policy addQueryParam_v1 was added to the organization carbon.super successfully
TID: [] [] [2026-10-01 14:16:24,529]  INFO {org.wso2.carbon.apimgt.impl.utils.APIUtil} - Common operation policy apkAddHeader_v1 was added to the organization carbon.super successfully
TID: [] [] [2026-10-01 14:16:24,538]  INFO {org.wso2.carbon.apimgt.impl.utils.APIUtil} - Common operation policy apkCallInterceptorService_v1 was added to the organization carbon.super successfully
TID: [] [] [2026-10-01 14:16:24,547]  INFO {org.wso2.carbon.apimgt.impl.utils.APIUtil} - Common operation policy apkLuaInterceptorService_v1 was added to the organization carbon.super successfully
TID: [] [] [2026-10-01 14:16:24,556]  INFO {org.wso2.carbon.apimgt.impl.utils.APIUtil} - Common operation policy apkMirrorRequest_v1 was added to the organization carbon.super successfully
TID: [] [] [2026-10-01 14:16:24,564]  INFO {org.wso2.carbon.apimgt.impl.utils.APIUtil} - Common operation policy apkRedirectRequest_v1 was added to the organization carbon.super successfully
TID: [] [] [2026-10-01 14:16:24,573]  INFO {org.wso2.carbon.apimgt.impl.utils.APIUtil} - Common operation policy apkRemoveHeader_v1 was added to the organization carbon.super successfully
TID: [] [] [2026-10-01 14:16:24,583]  INFO {org.wso2.carbon.apimgt.impl.utils.APIUtil} - Common operation policy apkWASMInterceptorService_v1 was added to the organization carbon.super successfully
TID: [] [] [2026-10-01 14:16:24,597]  INFO {org.wso2.carbon.apimgt.impl.utils.APIUtil} - Common operation policy applyAcceptHeader_v1 was added to the organization carbon.super successfully
TID: [] [] [2026-10-01 14:16:24,616]  INFO {org.wso2.carbon.apimgt.impl.utils.APIUtil} - Common operation policy AWSBedrockGuardrail_v1.1 was added to the organization carbon.super successfully
TID: [] [] [2026-10-01 14:16:24,625]  INFO {org.wso2.carbon.apimgt.impl.utils.APIUtil} - Common operation policy awsOAuth2_v1 was added to the organization carbon.super successfully
TID: [] [] [2026-10-01 14:16:24,642]  INFO {org.wso2.carbon.apimgt.impl.utils.APIUtil} - Common operation policy AzureContentSafetyContentModeration_v1.0 was added to the organization carbon.super successfully
TID: [] [] [2026-10-01 14:16:24,650]  INFO {org.wso2.carbon.apimgt.impl.utils.APIUtil} - Common operation policy azureOAuth2_v1 was added to the organization carbon.super successfully
TID: [] [] [2026-10-01 14:16:24,659]  INFO {org.wso2.carbon.apimgt.impl.utils.APIUtil} - Common operation policy azureRateLimit_v1 was added to the organization carbon.super successfully
TID: [] [] [2026-10-01 14:16:24,669]  INFO {org.wso2.carbon.apimgt.impl.utils.APIUtil} - Common operation policy azureSetHeader_v1 was added to the organization carbon.super successfully
TID: [] [] [2026-10-01 14:16:24,678]  INFO {org.wso2.carbon.apimgt.impl.utils.APIUtil} - Common operation policy backEndJWT_v1 was added to the organization carbon.super successfully
TID: [] [] [2026-10-01 14:16:24,695]  INFO {org.wso2.carbon.apimgt.impl.utils.APIUtil} - Common operation policy changeHTTPMethod_v1 was added to the organization carbon.super successfully
TID: [] [] [2026-10-01 14:16:24,712]  INFO {org.wso2.carbon.apimgt.impl.utils.APIUtil} - Common operation policy ContentLengthGuardrail_v1.0 was added to the organization carbon.super successfully
TID: [] [] [2026-10-01 14:16:24,730]  INFO {org.wso2.carbon.apimgt.impl.utils.APIUtil} - Common operation policy debugJsonFault_v1 was added to the organization carbon.super successfully
TID: [] [] [2026-10-01 14:16:24,745]  INFO {org.wso2.carbon.apimgt.impl.utils.APIUtil} - Common operation policy debugRequestFlow_v1 was added to the organization carbon.super successfully
TID: [] [] [2026-10-01 14:16:24,759]  INFO {org.wso2.carbon.apimgt.impl.utils.APIUtil} - Common operation policy debugResponseFlow_v1 was added to the organization carbon.super successfully
TID: [] [] [2026-10-01 14:16:24,773]  INFO {org.wso2.carbon.apimgt.impl.utils.APIUtil} - Common operation policy disableChunking_v1 was added to the organization carbon.super successfully
TID: [] [] [2026-10-01 14:16:24,788]  INFO {org.wso2.carbon.apimgt.impl.utils.APIUtil} - Common operation policy jsonFault_v1 was added to the organization carbon.super successfully
TID: [] [] [2026-10-01 14:16:24,805]  INFO {org.wso2.carbon.apimgt.impl.utils.APIUtil} - Common operation policy JSONSchemaGuardrail_v1.0 was added to the organization carbon.super successfully
TID: [] [] [2026-10-01 14:16:24,818]  INFO {org.wso2.carbon.apimgt.impl.utils.APIUtil} - Common operation policy jsonToXML_v1 was added to the organization carbon.super successfully
TID: [] [] [2026-10-01 14:16:24,832]  INFO {org.wso2.carbon.apimgt.impl.utils.APIUtil} - Common operation policy jsonValidator_v1 was added to the organization carbon.super successfully
TID: [] [] [2026-10-01 14:16:24,846]  INFO {org.wso2.carbon.apimgt.impl.utils.APIUtil} - Common operation policy jwtClaimBasedAccessValidator_v1 was added to the organization carbon.super successfully
TID: [] [] [2026-10-01 14:16:24,859]  INFO {org.wso2.carbon.apimgt.impl.utils.APIUtil} - Common operation policy modelFailover_v1 was added to the organization carbon.super successfully
TID: [] [] [2026-10-01 14:16:24,873]  INFO {org.wso2.carbon.apimgt.impl.utils.APIUtil} - Common operation policy modelRoundRobin_v1 was added to the organization carbon.super successfully
TID: [] [] [2026-10-01 14:16:24,887]  INFO {org.wso2.carbon.apimgt.impl.utils.APIUtil} - Common operation policy modelWeightedRoundRobin_v1 was added to the organization carbon.super successfully
TID: [] [] [2026-10-01 14:16:24,911]  INFO {org.wso2.carbon.apimgt.impl.utils.APIUtil} - Common operation policy opaPolicy_v1 was added to the organization carbon.super successfully
TID: [] [] [2026-10-01 14:16:24,926]  INFO {org.wso2.carbon.apimgt.impl.utils.APIUtil} - Common operation policy PIIMaskingRegex_v1.0 was added to the organization carbon.super successfully
TID: [] [] [2026-10-01 14:16:24,941]  INFO {org.wso2.carbon.apimgt.impl.utils.APIUtil} - Common operation policy preserveAcceptHeader_v1 was added to the organization carbon.super successfully
TID: [] [] [2026-10-01 14:16:24,956]  INFO {org.wso2.carbon.apimgt.impl.utils.APIUtil} - Common operation policy PromptDecorator_v1.0 was added to the organization carbon.super successfully
TID: [] [] [2026-10-01 14:16:24,972]  INFO {org.wso2.carbon.apimgt.impl.utils.APIUtil} - Common operation policy PromptTemplate_v1.0 was added to the organization carbon.super successfully
TID: [] [] [2026-10-01 14:16:24,989]  INFO {org.wso2.carbon.apimgt.impl.utils.APIUtil} - Common operation policy RegexGuardrail_v1.0 was added to the organization carbon.super successfully
TID: [] [] [2026-10-01 14:16:25,003]  INFO {org.wso2.carbon.apimgt.impl.utils.APIUtil} - Common operation policy regexPolicy_v1 was added to the organization carbon.super successfully
TID: [] [] [2026-10-01 14:16:25,016]  INFO {org.wso2.carbon.apimgt.impl.utils.APIUtil} - Common operation policy removeHeader_v1 was added to the organization carbon.super successfully
TID: [] [] [2026-10-01 14:16:25,028]  INFO {org.wso2.carbon.apimgt.impl.utils.APIUtil} - Common operation policy revokeOneTimeToken_v1 was added to the organization carbon.super successfully
TID: [] [] [2026-10-01 14:16:25,049]  INFO {org.wso2.carbon.apimgt.impl.utils.APIUtil} - Common operation policy rewriteResourcePath_v3 was added to the organization carbon.super successfully
TID: [] [] [2026-10-01 14:16:25,065]  INFO {org.wso2.carbon.apimgt.impl.utils.APIUtil} - Common operation policy SemanticCache_v1.0 was added to the organization carbon.super successfully
TID: [] [] [2026-10-01 14:16:25,081]  INFO {org.wso2.carbon.apimgt.impl.utils.APIUtil} - Common operation policy SemanticPromptGuardrail_v1.0 was added to the organization carbon.super successfully
TID: [] [] [2026-10-01 14:16:25,096]  INFO {org.wso2.carbon.apimgt.impl.utils.APIUtil} - Common operation policy SentenceCountGuardrail_v1.0 was added to the organization carbon.super successfully
TID: [] [] [2026-10-01 14:16:25,109]  INFO {org.wso2.carbon.apimgt.impl.utils.APIUtil} - Common operation policy setToHeader_v1 was added to the organization carbon.super successfully
TID: [] [] [2026-10-01 14:16:25,124]  INFO {org.wso2.carbon.apimgt.impl.utils.APIUtil} - Common operation policy URLGuardrail_v1.0 was added to the organization carbon.super successfully
TID: [] [] [2026-10-01 14:16:25,140]  INFO {org.wso2.carbon.apimgt.impl.utils.APIUtil} - Common operation policy WordCountGuardrail_v1.1 was added to the organization carbon.super successfully
TID: [] [] [2026-10-01 14:16:25,152]  INFO {org.wso2.carbon.apimgt.impl.utils.APIUtil} - Common operation policy xmlToJson_v1 was added to the organization carbon.super successfully
TID: [] [] [2026-10-01 14:16:25,167]  INFO {org.wso2.carbon.apimgt.impl.utils.APIUtil} - Common operation policy xmlValidator_v1 was added to the organization carbon.super successfully
TID: [] [] [2026-10-01 14:16:25,217]  INFO {org.wso2.carbon.apimgt.impl.dao.CorrelationConfigDAO} - Correlation Components [http, jdbc, ldap, synapse, method-calls]
TID: [] [] [2026-10-01 14:16:25,308]  INFO {org.wso2.carbon.apimgt.common.jms.factory.JMSConnectionFactory} - JMS ConnectionFactory : Siddhi-JMS-Consumer initialized
TID: [] [] [2026-10-01 14:16:25,312]  INFO {org.wso2.carbon.apimgt.governance.impl.ComplianceEvaluationScheduler} - Initializing Evaluation Request Scheduler...
TID: [] [] [2026-10-01 14:16:25,320]  INFO {org.wso2.carbon.apimgt.common.jms.factory.JMSConnectionFactory} - JMS ConnectionFactory : Siddhi-JMS-Consumer initialized
TID: [] [] [2026-10-01 14:16:25,378]  INFO {org.wso2.carbon.apimgt.common.jms.factory.JMSConnectionFactory} - JMS ConnectionFactory : Siddhi-JMS-Consumer initialized
TID: [] [] [2026-10-01 14:16:25,442]  INFO {org.wso2.carbon.identity.oauth.config.OAuthServerConfiguration} - The default OAuth token issuer will be used. No custom token generator is set.
TID: [] [] [2026-10-01 14:16:25,442]  INFO {org.wso2.carbon.identity.oauth.config.OAuthServerConfiguration} - An instance of org.wso2.carbon.identity.oauth2.token.OauthTokenIssuerImpl is created for Identity OAuth token generation.
TID: [] [] [2026-10-01 14:16:26,375]  INFO {org.wso2.carbon.identity.local.auth.api.core.internal.AuthAPIServiceComponent} - Auth API Service Component  is activated.
TID: [] [] [2026-10-01 14:16:26,552]  WARN {org.wso2.carbon.identity.event.internal.IdentityEventServiceComponent} - Properties for OrganizationCreationHandler is not configured. This event handler will not be activated
TID: [] [] [2026-10-01 14:16:26,573]  WARN {org.wso2.carbon.identity.application.authentication.framework.internal.FrameworkServiceComponent} - Adaptive authentication is disabled.
TID: [] [] [2026-10-01 14:16:26,625]  INFO {org.wso2.carbon.identity.application.authentication.framework.store.SessionDataStore} - Thread pool size for temporary authentication context data delete task: 20
TID: [] [] [2026-10-01 14:16:27,762]  INFO {org.wso2.carbon.mediation.initializer.ServiceBusInitializer} - Starting ESB...
TID: [] [] [2026-10-01 14:16:27,781]  INFO {org.wso2.carbon.mediation.initializer.ServiceBusInitializer} - Initializing Apache Synapse...
TID: [] [] [2026-10-01 14:16:27,786]  INFO {org.apache.synapse.SynapseControllerFactory} - Using Synapse home : D:\wso2am-4.6.0\.
TID: [] [] [2026-10-01 14:16:27,786]  INFO {org.apache.synapse.SynapseControllerFactory} - Using synapse.xml location : D:\wso2am-4.6.0\.\.\repository\deployment\server\synapse-configs\default
TID: [] [] [2026-10-01 14:16:27,786]  INFO {org.apache.synapse.SynapseControllerFactory} - Using server name : localhost
TID: [] [] [2026-10-01 14:16:27,808]  INFO {org.apache.synapse.SynapseControllerFactory} - The timeout handler will run every : 15s
TID: [] [] [2026-10-01 14:16:27,829]  INFO {org.apache.synapse.Axis2SynapseController} - Initializing Synapse at : Thu Oct 01 14:16:27 BRT 2026
TID: [] [] [2026-10-01 14:16:27,838]  INFO {org.wso2.carbon.mediation.initializer.CarbonSynapseController} - Loading the mediation configuration from the file system
TID: [] [] [2026-10-01 14:16:27,841]  INFO {org.apache.synapse.config.xml.MultiXMLConfigurationBuilder} - Building synapse configuration from the synapse artifact repository at : .\.\repository/deployment/server/synapse-configs\default
TID: [] [] [2026-10-01 14:16:27,842]  INFO {org.apache.synapse.config.xml.XMLConfigurationBuilder} - Generating the Synapse configuration model by parsing the XML configuration
TID: [] [] [2026-10-01 14:16:27,969]  INFO {org.wso2.carbon.mediation.dependency.mgt.DependencyTracker} - Sequence : dispatchSeq was added to the Synapse configuration successfully
TID: [] [] [2026-10-01 14:16:28,011]  INFO {org.wso2.carbon.mediation.dependency.mgt.DependencyTracker} - Sequence : fault was added to the Synapse configuration successfully
TID: [] [] [2026-10-01 14:16:28,041]  INFO {org.wso2.carbon.mediation.dependency.mgt.DependencyTracker} - Sequence : guardrail_fault was added to the Synapse configuration successfully
TID: [] [] [2026-10-01 14:16:28,077]  INFO {org.wso2.carbon.mediation.dependency.mgt.DependencyTracker} - Sequence : main was added to the Synapse configuration successfully
TID: [] [] [2026-10-01 14:16:28,078]  INFO {org.wso2.carbon.mediation.dependency.mgt.DependencyTracker} - Sequence : outDispatchSeq was added to the Synapse configuration successfully
TID: [] [] [2026-10-01 14:16:28,107]  INFO {org.wso2.carbon.mediation.dependency.mgt.DependencyTracker} - Sequence : webhooksFaultSequence was added to the Synapse configuration successfully
TID: [] [] [2026-10-01 14:16:28,128]  INFO {org.wso2.carbon.mediation.dependency.mgt.DependencyTracker} - Sequence : _auth_failure_handler_ was added to the Synapse configuration successfully
TID: [] [] [2026-10-01 14:16:28,148]  INFO {org.wso2.carbon.mediation.dependency.mgt.DependencyTracker} - Sequence : _backend_failure_handler_ was added to the Synapse configuration successfully
TID: [] [] [2026-10-01 14:16:28,153]  INFO {org.wso2.carbon.mediation.dependency.mgt.DependencyTracker} - Sequence : _api_blocked_sequence_ was added to the Synapse configuration successfully
TID: [] [] [2026-10-01 14:16:28,157]  INFO {org.wso2.carbon.mediation.dependency.mgt.DependencyTracker} - Sequence : _build_ was added to the Synapse configuration successfully
TID: [] [] [2026-10-01 14:16:28,178]  INFO {org.wso2.carbon.mediation.dependency.mgt.DependencyTracker} - Sequence : _cors_request_handler_ was added to the Synapse configuration successfully
TID: [] [] [2026-10-01 14:16:28,179]  INFO {org.wso2.carbon.mediation.dependency.mgt.DependencyTracker} - Sequence : _extension_fault_handler_ was added to the Synapse configuration successfully
TID: [] [] [2026-10-01 14:16:28,190]  INFO {org.wso2.carbon.mediation.dependency.mgt.DependencyTracker} - Sequence : _graphql_failure_handler was added to the Synapse configuration successfully
TID: [] [] [2026-10-01 14:16:28,201]  INFO {org.wso2.carbon.mediation.dependency.mgt.DependencyTracker} - Sequence : _mcp_failure_handler_ was added to the Synapse configuration successfully
TID: [] [] [2026-10-01 14:16:28,215]  INFO {org.wso2.carbon.mediation.dependency.mgt.DependencyTracker} - Sequence : _opa_policy_failure_handler_ was added to the Synapse configuration successfully
TID: [] [] [2026-10-01 14:16:28,218]  INFO {org.wso2.carbon.mediation.dependency.mgt.DependencyTracker} - Sequence : _production_key_error_ was added to the Synapse configuration successfully
TID: [] [] [2026-10-01 14:16:28,218]  INFO {org.wso2.carbon.mediation.dependency.mgt.DependencyTracker} - Sequence : _resource_mismatch_handler_ was added to the Synapse configuration successfully
TID: [] [] [2026-10-01 14:16:28,220]  INFO {org.wso2.carbon.mediation.dependency.mgt.DependencyTracker} - Sequence : _sandbox_key_error_ was added to the Synapse configuration successfully
TID: [] [] [2026-10-01 14:16:28,238]  INFO {org.wso2.carbon.mediation.dependency.mgt.DependencyTracker} - Sequence : _threat_fault_ was added to the Synapse configuration successfully
TID: [] [] [2026-10-01 14:16:28,267]  INFO {org.wso2.carbon.mediation.dependency.mgt.DependencyTracker} - Sequence : _throttle_out_handler_ was added to the Synapse configuration successfully
TID: [] [] [2026-10-01 14:16:28,283]  INFO {org.wso2.carbon.mediation.dependency.mgt.DependencyTracker} - Sequence : _token_fault_ was added to the Synapse configuration successfully
TID: [] [] [2026-10-01 14:16:28,312]  INFO {org.wso2.carbon.mediation.dependency.mgt.DependencyTracker} - API : _OpenService_ was added to the Synapse configuration successfully
TID: [] [] [2026-10-01 14:16:28,317]  INFO {org.wso2.carbon.mediation.dependency.mgt.DependencyTracker} - Inbound Endpoint : SecureWebhookServer was added to the Synapse configuration successfully
TID: [] [] [2026-10-01 14:16:28,317]  INFO {org.wso2.carbon.mediation.dependency.mgt.DependencyTracker} - Inbound Endpoint : SecureWebSocketEP was added to the Synapse configuration successfully
TID: [] [] [2026-10-01 14:16:28,318]  INFO {org.wso2.carbon.mediation.dependency.mgt.DependencyTracker} - Inbound Endpoint : WebhookServer was added to the Synapse configuration successfully
TID: [] [] [2026-10-01 14:16:28,319]  INFO {org.wso2.carbon.mediation.dependency.mgt.DependencyTracker} - Inbound Endpoint : WebSocketInboundEndpoint was added to the Synapse configuration successfully
TID: [] [] [2026-10-01 14:16:28,320]  INFO {org.apache.synapse.config.SynapseConfigurationBuilder} - Loaded Synapse configuration from the artifact repository at : .\.\repository/deployment/server/synapse-configs\default
TID: [] [] [2026-10-01 14:16:28,321]  INFO {org.wso2.carbon.mediation.dependency.mgt.DependencyTracker} - Local entry : SERVER_HOST was added to the Synapse configuration successfully
TID: [] [] [2026-10-01 14:16:28,321]  INFO {org.wso2.carbon.mediation.dependency.mgt.DependencyTracker} - Local entry : SERVER_IP was added to the Synapse configuration successfully
TID: [] [] [2026-10-01 14:16:28,361]  INFO {org.apache.synapse.Axis2SynapseController} - Loading mediator extensions...
TID: [] [] [2026-10-01 14:16:28,757]  INFO {org.wso2.carbon.core.deployment.DeploymentInterceptor} - Deploying Axis2 service: echo {super-tenant}
TID: [] [] [2026-10-01 14:16:28,797]  INFO {org.wso2.carbon.core.deployment.DeploymentInterceptor} - Deploying Axis2 service: Version {super-tenant}
TID: [] [] [2026-10-01 14:16:28,801]  INFO {org.wso2.carbon.event.publisher.core.EventPublisherDeployer} - Event Publisher deployment held back and in inactive state :EmailPublisher.xml, Stream validation exception : Stream id_gov_notify_stream:1.0.0 does not exist
TID: [] [] [2026-10-01 14:16:28,802]  INFO {org.wso2.carbon.event.publisher.core.EventPublisherDeployer} - Event Publisher deployment held back and in inactive state :HTTP-recommendationEventPublisher.xml, Stream validation exception : Stream org.wso2.apimgt.recommendation.event.stream:1.0.0 does not exist
TID: [] [] [2026-10-01 14:16:28,803]  INFO {org.wso2.carbon.event.publisher.core.EventPublisherDeployer} - Event Publisher deployment held back and in inactive state :asyncWebhooksEventPublisher.xml, Stream validation exception : Stream org.wso2.apimgt.webhooks.request.stream:1.0.0 does not exist
TID: [] [] [2026-10-01 14:16:28,804]  INFO {org.wso2.carbon.event.publisher.core.EventPublisherDeployer} - Event Publisher deployment held back and in inactive state :asyncWebhooksEventPublisher2.xml, Stream validation exception : Stream org.wso2.apimgt.webhooks.request.stream:1.0.0 does not exist
TID: [] [] [2026-10-01 14:16:28,805]  INFO {org.wso2.carbon.event.publisher.core.EventPublisherDeployer} - Event Publisher deployment held back and in inactive state :asyncWebhooksEventPublisher_1.0.0.xml, Stream validation exception : Stream org.wso2.apimgt.webhooks.request.stream:1.0.0 does not exist
TID: [] [] [2026-10-01 14:16:28,805]  INFO {org.wso2.carbon.event.publisher.core.EventPublisherDeployer} - Event Publisher deployment held back and in inactive state :asyncWebhooksEventPublisher_1.0.0_2.xml, Stream validation exception : Stream org.wso2.apimgt.webhooks.request.stream:1.0.0 does not exist
TID: [] [] [2026-10-01 14:16:28,806]  INFO {org.wso2.carbon.event.publisher.core.EventPublisherDeployer} - Event Publisher deployment held back and in inactive state :blockingEventJMSPublisher.xml, Stream validation exception : Stream org.wso2.blocking.request.stream:1.0.0 does not exist
TID: [] [] [2026-10-01 14:16:28,807]  INFO {org.wso2.carbon.event.publisher.core.EventPublisherDeployer} - Event Publisher deployment held back and in inactive state :cacheInvalidationEventJMSPublisher.xml, Stream validation exception : Stream org.wso2.apimgt.cache.invalidation.stream:1.0.0 does not exist
TID: [] [] [2026-10-01 14:16:28,808]  INFO {org.wso2.carbon.event.publisher.core.EventPublisherDeployer} - Event Publisher deployment held back and in inactive state :globalCacheInvalidationJMSPublisher.xml, Stream validation exception : Stream cache.invalidation.stream:1.0.0 does not exist
TID: [] [] [2026-10-01 14:16:28,809]  INFO {org.wso2.carbon.event.publisher.core.EventPublisherDeployer} - Event Publisher deployment held back and in inactive state :jmsEventPublisher.xml, Stream validation exception : Stream org.wso2.throttle.globalThrottle.stream:1.0.0 does not exist
TID: [] [] [2026-10-01 14:16:28,810]  INFO {org.wso2.carbon.event.publisher.core.EventPublisherDeployer} - Event Publisher deployment held back and in inactive state :jmsEventPublisher2.xml, Stream validation exception : Stream org.wso2.throttle.globalThrottle.stream:1.0.0 does not exist
TID: [] [] [2026-10-01 14:16:28,810]  INFO {org.wso2.carbon.event.publisher.core.EventPublisherDeployer} - Event Publisher deployment held back and in inactive state :jmsEventPublisher_1.10.0.xml, Stream validation exception : Stream org.wso2.throttle.globalThrottle.stream:1.1.0 does not exist
TID: [] [] [2026-10-01 14:16:28,811]  INFO {org.wso2.carbon.event.publisher.core.EventPublisherDeployer} - Event Publisher deployment held back and in inactive state :jmsEventPublisher_1.10.0_2.xml, Stream validation exception : Stream org.wso2.throttle.globalThrottle.stream:1.1.0 does not exist
TID: [] [] [2026-10-01 14:16:28,812]  INFO {org.wso2.carbon.event.publisher.core.EventPublisherDeployer} - Event Publisher deployment held back and in inactive state :keymgtEventJMSEventPublisher.xml, Stream validation exception : Stream org.wso2.apimgt.keymgt.stream:1.0.0 does not exist
TID: [] [] [2026-10-01 14:16:28,812]  INFO {org.wso2.carbon.event.publisher.core.EventPublisherDeployer} - Event Publisher deployment held back and in inactive state :notificationEventJMSPublisher.xml, Stream validation exception : Stream org.wso2.apimgt.notification.stream:1.0.0 does not exist
TID: [] [] [2026-10-01 14:16:28,813]  INFO {org.wso2.carbon.event.publisher.core.EventPublisherDeployer} - Event Publisher deployment held back and in inactive state :tokenRevokeEventJMSPublisher.xml, Stream validation exception : Stream org.wso2.apimgt.token.revocation.stream:1.0.0 does not exist
TID: [] [] [2026-10-01 14:16:28,814]  INFO {org.wso2.carbon.event.publisher.core.EventPublisherDeployer} - Event Publisher deployment held back and in inactive state :tokenRevokeEventJMSPublisher_2.xml, Stream validation exception : Stream org.wso2.apimgt.token.revocation.stream:1.0.0 does not exist
TID: [] [] [2026-10-01 14:16:28,818]  INFO {org.wso2.carbon.event.receiver.core.EventReceiverDeployer} - Event receiver deployment held back and in inactive state: blockingWso2EventReceiver.xml, Stream validation exception: Stream org.wso2.blocking.request.stream:1.0.0 does not exist
TID: [] [] [2026-10-01 14:16:28,819]  INFO {org.wso2.carbon.event.receiver.core.EventReceiverDeployer} - Event receiver deployment held back and in inactive state: cacheInvalidationRequestReceiver.xml, Stream validation exception: Stream cache.invalidation.stream:1.0.0 does not exist
TID: [] [] [2026-10-01 14:16:28,820]  INFO {org.wso2.carbon.event.receiver.core.EventReceiverDeployer} - Event receiver deployment held back and in inactive state: cacheInvalidationWso2EventReceiver.xml, Stream validation exception: Stream org.wso2.apimgt.cache.invalidation.stream:1.0.0 does not exist
TID: [] [] [2026-10-01 14:16:28,821]  INFO {org.wso2.carbon.event.receiver.core.EventReceiverDeployer} - Event receiver deployment held back and in inactive state: keyMgtWso2EventReceiver.xml, Stream validation exception: Stream org.wso2.apimgt.keymgt.stream:1.0.0 does not exist
TID: [] [] [2026-10-01 14:16:28,821]  INFO {org.wso2.carbon.event.receiver.core.EventReceiverDeployer} - Event receiver deployment held back and in inactive state: notificationsWSO2EventReceiver.xml, Stream validation exception: Stream org.wso2.apimgt.notification.stream:1.0.0 does not exist
TID: [] [] [2026-10-01 14:16:28,822]  INFO {org.wso2.carbon.event.receiver.core.EventReceiverDeployer} - Event receiver deployment held back and in inactive state: recommendationWso2EventReceiver.xml, Stream validation exception: Stream org.wso2.apimgt.recommendation.event.stream:1.0.0 does not exist
TID: [] [] [2026-10-01 14:16:28,823]  INFO {org.wso2.carbon.event.receiver.core.EventReceiverDeployer} - Event receiver deployment held back and in inactive state: throttleEventReceiver.xml, Stream validation exception: Stream org.wso2.throttle.request.stream:1.0.0 does not exist
TID: [] [] [2026-10-01 14:16:28,824]  INFO {org.wso2.carbon.event.receiver.core.EventReceiverDeployer} - Event receiver deployment held back and in inactive state: throttleWSO2EventReceiver.xml, Stream validation exception: Stream org.wso2.throttle.request.stream:1.0.0 does not exist
TID: [] [] [2026-10-01 14:16:28,824]  INFO {org.wso2.carbon.event.receiver.core.EventReceiverDeployer} - Event receiver deployment held back and in inactive state: tokenRevocationWso2EventReceiver.xml, Stream validation exception: Stream org.wso2.apimgt.token.revocation.stream:1.0.0 does not exist
TID: [] [] [2026-10-01 14:16:29,065]  INFO {org.wso2.carbon.event.publisher.core.EventPublisherDeployer} - Event Publisher undeployed successfully : globalCacheInvalidationJMSPublisher.xml
TID: [] [] [2026-10-01 14:16:29,070]  INFO {org.wso2.carbon.event.stream.core.internal.EventJunction} - WSO2EventConsumer added to the junction. Stream:cache.invalidation.stream:1.0.0
TID: [] [] [2026-10-01 14:16:29,082]  INFO {org.wso2.carbon.event.publisher.core.EventPublisherDeployer} - Event Publisher configuration successfully deployed and in active state : globalCacheInvalidationJMSPublisher
TID: [] [] [2026-10-01 14:16:29,097]  INFO {org.wso2.carbon.event.receiver.core.EventReceiverDeployer} - Event Receiver undeployed successfully: cacheInvalidationRequestReceiver.xml
TID: [] [] [2026-10-01 14:16:29,103]  INFO {org.wso2.carbon.event.input.adapter.core.internal.InputAdapterRuntime} - Connecting receiver cacheInvalidationRequestReceiver
TID: [] [] [2026-10-01 14:16:29,103]  INFO {org.wso2.carbon.event.stream.core.internal.EventJunction} - Producer added to the junction. Stream:cache.invalidation.stream:1.0.0
TID: [] [] [2026-10-01 14:16:29,103]  INFO {org.wso2.carbon.event.receiver.core.EventReceiverDeployer} - Event Receiver configuration successfully deployed and in active state: cacheInvalidationRequestReceiver
TID: [] [] [2026-10-01 14:16:29,103]  INFO {org.wso2.carbon.event.stream.core.EventStreamDeployer} - Stream definition is deployed successfully  : cache.invalidation.stream:1.0.0
TID: [] [] [2026-10-01 14:16:29,111]  INFO {org.wso2.carbon.event.publisher.core.EventPublisherDeployer} - Event Publisher undeployed successfully : EmailPublisher.xml
TID: [] [] [2026-10-01 14:16:29,114]  INFO {org.wso2.carbon.event.stream.core.internal.EventJunction} - WSO2EventConsumer added to the junction. Stream:id_gov_notify_stream:1.0.0
TID: [] [] [2026-10-01 14:16:29,117]  INFO {org.wso2.carbon.event.publisher.core.EventPublisherDeployer} - Event Publisher configuration successfully deployed and in active state : EmailPublisher
TID: [] [] [2026-10-01 14:16:29,117]  INFO {org.wso2.carbon.event.stream.core.EventStreamDeployer} - Stream definition is deployed successfully  : id_gov_notify_stream:1.0.0
TID: [] [] [2026-10-01 14:16:29,126]  INFO {org.wso2.carbon.event.publisher.core.EventPublisherDeployer} - Event Publisher undeployed successfully : cacheInvalidationEventJMSPublisher.xml
TID: [] [] [2026-10-01 14:16:29,128]  INFO {org.wso2.carbon.event.stream.core.internal.EventJunction} - WSO2EventConsumer added to the junction. Stream:org.wso2.apimgt.cache.invalidation.stream:1.0.0
TID: [] [] [2026-10-01 14:16:29,128]  INFO {org.wso2.carbon.event.publisher.core.EventPublisherDeployer} - Event Publisher configuration successfully deployed and in active state : cacheInvalidationJMSPublisher
TID: [] [] [2026-10-01 14:16:29,128]  INFO {org.wso2.carbon.event.receiver.core.EventReceiverDeployer} - Event Receiver undeployed successfully: cacheInvalidationWso2EventReceiver.xml
TID: [] [] [2026-10-01 14:16:29,129]  INFO {org.wso2.carbon.event.input.adapter.core.internal.InputAdapterRuntime} - Connecting receiver cacheInvalidationWso2EventReceiver
TID: [] [] [2026-10-01 14:16:29,129]  INFO {org.wso2.carbon.event.stream.core.internal.EventJunction} - Producer added to the junction. Stream:org.wso2.apimgt.cache.invalidation.stream:1.0.0
TID: [] [] [2026-10-01 14:16:29,129]  INFO {org.wso2.carbon.event.receiver.core.EventReceiverDeployer} - Event Receiver configuration successfully deployed and in active state: cacheInvalidationWso2EventReceiver
TID: [] [] [2026-10-01 14:16:29,129]  INFO {org.wso2.carbon.event.stream.core.EventStreamDeployer} - Stream definition is deployed successfully  : org.wso2.apimgt.cache.invalidation.stream:1.0.0
TID: [] [] [2026-10-01 14:16:29,137]  INFO {org.wso2.carbon.event.publisher.core.EventPublisherDeployer} - Event Publisher undeployed successfully : keymgtEventJMSEventPublisher.xml
TID: [] [] [2026-10-01 14:16:29,138]  INFO {org.wso2.carbon.event.stream.core.internal.EventJunction} - WSO2EventConsumer added to the junction. Stream:org.wso2.apimgt.keymgt.stream:1.0.0
TID: [] [] [2026-10-01 14:16:29,138]  INFO {org.wso2.carbon.event.publisher.core.EventPublisherDeployer} - Event Publisher configuration successfully deployed and in active state : keymgtEventJMSEventPublisher
TID: [] [] [2026-10-01 14:16:29,138]  INFO {org.wso2.carbon.event.receiver.core.EventReceiverDeployer} - Event Receiver undeployed successfully: keyMgtWso2EventReceiver.xml
TID: [] [] [2026-10-01 14:16:29,140]  INFO {org.wso2.carbon.event.input.adapter.core.internal.InputAdapterRuntime} - Connecting receiver keyMgtWso2EventReceiver
TID: [] [] [2026-10-01 14:16:29,140]  INFO {org.wso2.carbon.event.stream.core.internal.EventJunction} - Producer added to the junction. Stream:org.wso2.apimgt.keymgt.stream:1.0.0
TID: [] [] [2026-10-01 14:16:29,140]  INFO {org.wso2.carbon.event.receiver.core.EventReceiverDeployer} - Event Receiver configuration successfully deployed and in active state: keyMgtWso2EventReceiver
TID: [] [] [2026-10-01 14:16:29,140]  INFO {org.wso2.carbon.event.stream.core.EventStreamDeployer} - Stream definition is deployed successfully  : org.wso2.apimgt.keymgt.stream:1.0.0
TID: [] [] [2026-10-01 14:16:29,148]  INFO {org.wso2.carbon.event.publisher.core.EventPublisherDeployer} - Event Publisher undeployed successfully : notificationEventJMSPublisher.xml
TID: [] [] [2026-10-01 14:16:29,149]  INFO {org.wso2.carbon.event.stream.core.internal.EventJunction} - WSO2EventConsumer added to the junction. Stream:org.wso2.apimgt.notification.stream:1.0.0
TID: [] [] [2026-10-01 14:16:29,149]  INFO {org.wso2.carbon.event.publisher.core.EventPublisherDeployer} - Event Publisher configuration successfully deployed and in active state : notificationJMSPublisher
TID: [] [] [2026-10-01 14:16:29,149]  INFO {org.wso2.carbon.event.receiver.core.EventReceiverDeployer} - Event Receiver undeployed successfully: notificationsWSO2EventReceiver.xml
TID: [] [] [2026-10-01 14:16:29,150]  INFO {org.wso2.carbon.event.input.adapter.core.internal.InputAdapterRuntime} - Connecting receiver notificationsWSO2EventReceiver
TID: [] [] [2026-10-01 14:16:29,150]  INFO {org.wso2.carbon.event.stream.core.internal.EventJunction} - Producer added to the junction. Stream:org.wso2.apimgt.notification.stream:1.0.0
TID: [] [] [2026-10-01 14:16:29,150]  INFO {org.wso2.carbon.event.receiver.core.EventReceiverDeployer} - Event Receiver configuration successfully deployed and in active state: notificationsWSO2EventReceiver
TID: [] [] [2026-10-01 14:16:29,150]  INFO {org.wso2.carbon.event.stream.core.EventStreamDeployer} - Stream definition is deployed successfully  : org.wso2.apimgt.notification.stream:1.0.0
TID: [] [] [2026-10-01 14:16:29,157]  INFO {org.wso2.carbon.event.publisher.core.EventPublisherDeployer} - Event Publisher undeployed successfully : HTTP-recommendationEventPublisher.xml
TID: [] [] [2026-10-01 14:16:29,158]  INFO {org.wso2.carbon.event.stream.core.internal.EventJunction} - WSO2EventConsumer added to the junction. Stream:org.wso2.apimgt.recommendation.event.stream:1.0.0
TID: [] [] [2026-10-01 14:16:29,160]  INFO {org.wso2.carbon.event.publisher.core.EventPublisherDeployer} - Event Publisher configuration successfully deployed and in active state : HTTP-recommendationEventPublisher
TID: [] [] [2026-10-01 14:16:29,160]  INFO {org.wso2.carbon.event.receiver.core.EventReceiverDeployer} - Event Receiver undeployed successfully: recommendationWso2EventReceiver.xml
TID: [] [] [2026-10-01 14:16:29,162]  INFO {org.wso2.carbon.event.input.adapter.core.internal.InputAdapterRuntime} - Connecting receiver recommendationWso2EventReceiver
TID: [] [] [2026-10-01 14:16:29,162]  INFO {org.wso2.carbon.event.stream.core.internal.EventJunction} - Producer added to the junction. Stream:org.wso2.apimgt.recommendation.event.stream:1.0.0
TID: [] [] [2026-10-01 14:16:29,162]  INFO {org.wso2.carbon.event.receiver.core.EventReceiverDeployer} - Event Receiver configuration successfully deployed and in active state: recommendationWso2EventReceiver
TID: [] [] [2026-10-01 14:16:29,162]  INFO {org.wso2.carbon.event.stream.core.EventStreamDeployer} - Stream definition is deployed successfully  : org.wso2.apimgt.recommendation.event.stream:1.0.0
TID: [] [] [2026-10-01 14:16:29,170]  INFO {org.wso2.carbon.event.publisher.core.EventPublisherDeployer} - Event Publisher undeployed successfully : tokenRevokeEventJMSPublisher.xml
TID: [] [] [2026-10-01 14:16:29,171]  INFO {org.wso2.carbon.event.stream.core.internal.EventJunction} - WSO2EventConsumer added to the junction. Stream:org.wso2.apimgt.token.revocation.stream:1.0.0
TID: [] [] [2026-10-01 14:16:29,171]  INFO {org.wso2.carbon.event.publisher.core.EventPublisherDeployer} - Event Publisher configuration successfully deployed and in active state : tokenRevocationJMSPublisher
TID: [] [] [2026-10-01 14:16:29,171]  INFO {org.wso2.carbon.event.publisher.core.EventPublisherDeployer} - Event Publisher undeployed successfully : tokenRevokeEventJMSPublisher_2.xml
TID: [] [] [2026-10-01 14:16:29,172]  INFO {org.wso2.carbon.event.stream.core.internal.EventJunction} - WSO2EventConsumer added to the junction. Stream:org.wso2.apimgt.token.revocation.stream:1.0.0
TID: [] [] [2026-10-01 14:16:29,172]  INFO {org.wso2.carbon.event.publisher.core.EventPublisherDeployer} - Event Publisher configuration successfully deployed and in active state : tokenRevocationJMSPublisher2
TID: [] [] [2026-10-01 14:16:29,172]  INFO {org.wso2.carbon.event.receiver.core.EventReceiverDeployer} - Event Receiver undeployed successfully: tokenRevocationWso2EventReceiver.xml
TID: [] [] [2026-10-01 14:16:29,173]  INFO {org.wso2.carbon.event.input.adapter.core.internal.InputAdapterRuntime} - Connecting receiver tokenRevocationWso2EventReceiver
TID: [] [] [2026-10-01 14:16:29,173]  INFO {org.wso2.carbon.event.stream.core.internal.EventJunction} - Producer added to the junction. Stream:org.wso2.apimgt.token.revocation.stream:1.0.0
TID: [] [] [2026-10-01 14:16:29,173]  INFO {org.wso2.carbon.event.receiver.core.EventReceiverDeployer} - Event Receiver configuration successfully deployed and in active state: tokenRevocationWso2EventReceiver
TID: [] [] [2026-10-01 14:16:29,173]  INFO {org.wso2.carbon.event.stream.core.EventStreamDeployer} - Stream definition is deployed successfully  : org.wso2.apimgt.token.revocation.stream:1.0.0
TID: [] [] [2026-10-01 14:16:29,180]  INFO {org.wso2.carbon.event.publisher.core.EventPublisherDeployer} - Event Publisher undeployed successfully : asyncWebhooksEventPublisher.xml
TID: [] [] [2026-10-01 14:16:29,182]  INFO {org.wso2.carbon.event.stream.core.internal.EventJunction} - WSO2EventConsumer added to the junction. Stream:org.wso2.apimgt.webhooks.request.stream:1.0.0
TID: [] [] [2026-10-01 14:16:29,182]  INFO {org.wso2.carbon.event.publisher.core.EventPublisherDeployer} - Event Publisher configuration successfully deployed and in active state : asyncWebhooksEventPublisher
TID: [] [] [2026-10-01 14:16:29,182]  INFO {org.wso2.carbon.event.publisher.core.EventPublisherDeployer} - Event Publisher undeployed successfully : asyncWebhooksEventPublisher2.xml
TID: [] [] [2026-10-01 14:16:29,183]  INFO {org.wso2.carbon.event.stream.core.internal.EventJunction} - WSO2EventConsumer added to the junction. Stream:org.wso2.apimgt.webhooks.request.stream:1.0.0
TID: [] [] [2026-10-01 14:16:29,183]  INFO {org.wso2.carbon.event.publisher.core.EventPublisherDeployer} - Event Publisher configuration successfully deployed and in active state : asyncWebhooksEventPublisher2
TID: [] [] [2026-10-01 14:16:29,183]  INFO {org.wso2.carbon.event.publisher.core.EventPublisherDeployer} - Event Publisher undeployed successfully : asyncWebhooksEventPublisher_1.0.0.xml
TID: [] [] [2026-10-01 14:16:29,184]  INFO {org.wso2.carbon.event.stream.core.internal.EventJunction} - WSO2EventConsumer added to the junction. Stream:org.wso2.apimgt.webhooks.request.stream:1.0.0
TID: [] [] [2026-10-01 14:16:29,185]  INFO {org.wso2.carbon.event.publisher.core.EventPublisherDeployer} - Event Publisher configuration successfully deployed and in active state : asyncWebhooksEventPublisher-1.0.0
TID: [] [] [2026-10-01 14:16:29,185]  INFO {org.wso2.carbon.event.publisher.core.EventPublisherDeployer} - Event Publisher undeployed successfully : asyncWebhooksEventPublisher_1.0.0_2.xml
TID: [] [] [2026-10-01 14:16:29,185]  INFO {org.wso2.carbon.event.stream.core.internal.EventJunction} - WSO2EventConsumer added to the junction. Stream:org.wso2.apimgt.webhooks.request.stream:1.0.0
TID: [] [] [2026-10-01 14:16:29,185]  INFO {org.wso2.carbon.event.publisher.core.EventPublisherDeployer} - Event Publisher configuration successfully deployed and in active state : asyncWebhooksEventPublisher-1.0.0-2
TID: [] [] [2026-10-01 14:16:29,186]  INFO {org.wso2.carbon.event.stream.core.EventStreamDeployer} - Stream definition is deployed successfully  : org.wso2.apimgt.webhooks.request.stream:1.0.0
TID: [] [] [2026-10-01 14:16:29,195]  INFO {org.wso2.carbon.event.publisher.core.EventPublisherDeployer} - Event Publisher undeployed successfully : blockingEventJMSPublisher.xml
TID: [] [] [2026-10-01 14:16:29,196]  INFO {org.wso2.carbon.event.stream.core.internal.EventJunction} - WSO2EventConsumer added to the junction. Stream:org.wso2.blocking.request.stream:1.0.0
TID: [] [] [2026-10-01 14:16:29,196]  INFO {org.wso2.carbon.event.publisher.core.EventPublisherDeployer} - Event Publisher configuration successfully deployed and in active state : blockingEventJMSPublisher
TID: [] [] [2026-10-01 14:16:29,196]  INFO {org.wso2.carbon.event.receiver.core.EventReceiverDeployer} - Event Receiver undeployed successfully: blockingWso2EventReceiver.xml
TID: [] [] [2026-10-01 14:16:29,197]  INFO {org.wso2.carbon.event.input.adapter.core.internal.InputAdapterRuntime} - Connecting receiver blockingWso2EventReceiver
TID: [] [] [2026-10-01 14:16:29,197]  INFO {org.wso2.carbon.event.stream.core.internal.EventJunction} - Producer added to the junction. Stream:org.wso2.blocking.request.stream:1.0.0
TID: [] [] [2026-10-01 14:16:29,197]  INFO {org.wso2.carbon.event.receiver.core.EventReceiverDeployer} - Event Receiver configuration successfully deployed and in active state: blockingWso2EventReceiver
TID: [] [] [2026-10-01 14:16:29,197]  INFO {org.wso2.carbon.event.stream.core.EventStreamDeployer} - Stream definition is deployed successfully  : org.wso2.blocking.request.stream:1.0.0
TID: [] [] [2026-10-01 14:16:29,204]  INFO {org.wso2.carbon.event.stream.core.EventStreamDeployer} - Stream definition is deployed successfully  : org.wso2.botDetectionData.request.stream:1.0.0
TID: [] [] [2026-10-01 14:16:29,213]  INFO {org.wso2.carbon.event.publisher.core.EventPublisherDeployer} - Event Publisher undeployed successfully : jmsEventPublisher.xml
TID: [] [] [2026-10-01 14:16:29,214]  INFO {org.wso2.carbon.event.stream.core.internal.EventJunction} - WSO2EventConsumer added to the junction. Stream:org.wso2.throttle.globalThrottle.stream:1.0.0
TID: [] [] [2026-10-01 14:16:29,214]  INFO {org.wso2.carbon.event.publisher.core.EventPublisherDeployer} - Event Publisher configuration successfully deployed and in active state : jmsEventPublisher
TID: [] [] [2026-10-01 14:16:29,214]  INFO {org.wso2.carbon.event.publisher.core.EventPublisherDeployer} - Event Publisher undeployed successfully : jmsEventPublisher2.xml
TID: [] [] [2026-10-01 14:16:29,215]  INFO {org.wso2.carbon.event.stream.core.internal.EventJunction} - WSO2EventConsumer added to the junction. Stream:org.wso2.throttle.globalThrottle.stream:1.0.0
TID: [] [] [2026-10-01 14:16:29,215]  INFO {org.wso2.carbon.event.publisher.core.EventPublisherDeployer} - Event Publisher configuration successfully deployed and in active state : jmsEventPublisher2
TID: [] [] [2026-10-01 14:16:29,229]  INFO {org.wso2.carbon.event.processor.core.EventProcessorDeployer} - Execution Plan was undeployed successfully : carbon.super_app_10PerMin.siddhiql
TID: [] [] [2026-10-01 14:16:29,234]  INFO {org.wso2.carbon.event.processor.core.EventProcessorDeployer} - Execution Plan was undeployed successfully : carbon.super_app_20PerMin.siddhiql
TID: [] [] [2026-10-01 14:16:29,238]  INFO {org.wso2.carbon.event.processor.core.EventProcessorDeployer} - Execution Plan was undeployed successfully : carbon.super_app_50PerMin.siddhiql
TID: [] [] [2026-10-01 14:16:29,240]  INFO {org.wso2.carbon.event.processor.core.EventProcessorDeployer} - Execution Plan was undeployed successfully : carbon.super_resource_10KPerMin_default.siddhiql
TID: [] [] [2026-10-01 14:16:29,244]  INFO {org.wso2.carbon.event.processor.core.EventProcessorDeployer} - Execution Plan was undeployed successfully : carbon.super_resource_20KPerMin_default.siddhiql
TID: [] [] [2026-10-01 14:16:29,247]  INFO {org.wso2.carbon.event.processor.core.EventProcessorDeployer} - Execution Plan was undeployed successfully : carbon.super_resource_50KPerMin_defualt.siddhiql
TID: [] [] [2026-10-01 14:16:29,250]  INFO {org.wso2.carbon.event.processor.core.EventProcessorDeployer} - Execution Plan was undeployed successfully : carbon.super_sub_Bronze.siddhiql
TID: [] [] [2026-10-01 14:16:29,253]  INFO {org.wso2.carbon.event.processor.core.EventProcessorDeployer} - Execution Plan was undeployed successfully : carbon.super_sub_Gold.siddhiql
TID: [] [] [2026-10-01 14:16:29,256]  INFO {org.wso2.carbon.event.processor.core.EventProcessorDeployer} - Execution Plan was undeployed successfully : carbon.super_sub_Silver.siddhiql
TID: [] [] [2026-10-01 14:16:29,259]  INFO {org.wso2.carbon.event.processor.core.EventProcessorDeployer} - Execution Plan was undeployed successfully : carbon.super_sub_Unauthenticated.siddhiql
TID: [] [] [2026-10-01 14:16:29,263]  INFO {org.wso2.carbon.event.stream.core.EventStreamDeployer} - Stream definition is deployed successfully  : org.wso2.throttle.globalThrottle.stream:1.0.0
TID: [] [] [2026-10-01 14:16:29,270]  INFO {org.wso2.carbon.event.publisher.core.EventPublisherDeployer} - Event Publisher undeployed successfully : jmsEventPublisher_1.10.0.xml
TID: [] [] [2026-10-01 14:16:29,271]  INFO {org.wso2.carbon.event.stream.core.internal.EventJunction} - WSO2EventConsumer added to the junction. Stream:org.wso2.throttle.globalThrottle.stream:1.1.0
TID: [] [] [2026-10-01 14:16:29,271]  INFO {org.wso2.carbon.event.publisher.core.EventPublisherDeployer} - Event Publisher configuration successfully deployed and in active state : jmsEventPublisher-1.0.0
TID: [] [] [2026-10-01 14:16:29,271]  INFO {org.wso2.carbon.event.publisher.core.EventPublisherDeployer} - Event Publisher undeployed successfully : jmsEventPublisher_1.10.0_2.xml
TID: [] [] [2026-10-01 14:16:29,272]  INFO {org.wso2.carbon.event.stream.core.internal.EventJunction} - WSO2EventConsumer added to the junction. Stream:org.wso2.throttle.globalThrottle.stream:1.1.0
TID: [] [] [2026-10-01 14:16:29,273]  INFO {org.wso2.carbon.event.publisher.core.EventPublisherDeployer} - Event Publisher configuration successfully deployed and in active state : jmsEventPublisher-1.0.0-2
TID: [] [] [2026-10-01 14:16:29,273]  INFO {org.wso2.carbon.event.stream.core.EventStreamDeployer} - Stream definition is deployed successfully  : org.wso2.throttle.globalThrottle.stream:1.1.0
TID: [] [] [2026-10-01 14:16:29,282]  INFO {org.wso2.carbon.event.processor.core.EventProcessorDeployer} - Execution Plan was undeployed successfully : RequestPreProcessorExecutionPlan.siddhiql
TID: [] [] [2026-10-01 14:16:29,284]  INFO {org.wso2.carbon.event.processor.core.EventProcessorDeployer} - Execution Plan was undeployed successfully : carbon.super_app_10PerMin.siddhiql
TID: [] [] [2026-10-01 14:16:29,349]  INFO {org.wso2.carbon.event.stream.core.internal.EventJunction} - Producer added to the junction. Stream:org.wso2.throttle.globalThrottle.stream:1.0.0
TID: [] [] [2026-10-01 14:16:29,350]  INFO {org.wso2.carbon.event.stream.core.internal.EventJunction} - Consumer added to the junction. Stream:org.wso2.throttle.processed.request.stream:1.0.0
TID: [] [] [2026-10-01 14:16:29,350]  INFO {org.wso2.carbon.event.processor.core.EventProcessorDeployer} - Execution plan is deployed successfully and in active state  : carbon.super_app_10PerMin
TID: [] [] [2026-10-01 14:16:29,350]  INFO {org.wso2.carbon.event.processor.core.EventProcessorDeployer} - Execution Plan was undeployed successfully : carbon.super_app_20PerMin.siddhiql
TID: [] [] [2026-10-01 14:16:29,367]  INFO {org.wso2.carbon.event.stream.core.internal.EventJunction} - Producer added to the junction. Stream:org.wso2.throttle.globalThrottle.stream:1.0.0
TID: [] [] [2026-10-01 14:16:29,367]  INFO {org.wso2.carbon.event.stream.core.internal.EventJunction} - Consumer added to the junction. Stream:org.wso2.throttle.processed.request.stream:1.0.0
TID: [] [] [2026-10-01 14:16:29,367]  INFO {org.wso2.carbon.event.processor.core.EventProcessorDeployer} - Execution plan is deployed successfully and in active state  : carbon.super_app_20PerMin
TID: [] [] [2026-10-01 14:16:29,367]  INFO {org.wso2.carbon.event.processor.core.EventProcessorDeployer} - Execution Plan was undeployed successfully : carbon.super_app_50PerMin.siddhiql
TID: [] [] [2026-10-01 14:16:29,383]  INFO {org.wso2.carbon.event.stream.core.internal.EventJunction} - Producer added to the junction. Stream:org.wso2.throttle.globalThrottle.stream:1.0.0
TID: [] [] [2026-10-01 14:16:29,383]  INFO {org.wso2.carbon.event.stream.core.internal.EventJunction} - Consumer added to the junction. Stream:org.wso2.throttle.processed.request.stream:1.0.0
TID: [] [] [2026-10-01 14:16:29,383]  INFO {org.wso2.carbon.event.processor.core.EventProcessorDeployer} - Execution plan is deployed successfully and in active state  : carbon.super_app_50PerMin
TID: [] [] [2026-10-01 14:16:29,383]  INFO {org.wso2.carbon.event.processor.core.EventProcessorDeployer} - Execution Plan was undeployed successfully : carbon.super_resource_10KPerMin_default.siddhiql
TID: [] [] [2026-10-01 14:16:29,399]  INFO {org.wso2.carbon.event.stream.core.internal.EventJunction} - Producer added to the junction. Stream:org.wso2.throttle.globalThrottle.stream:1.0.0
TID: [] [] [2026-10-01 14:16:29,399]  INFO {org.wso2.carbon.event.stream.core.internal.EventJunction} - Consumer added to the junction. Stream:org.wso2.throttle.processed.request.stream:1.0.0
TID: [] [] [2026-10-01 14:16:29,399]  INFO {org.wso2.carbon.event.processor.core.EventProcessorDeployer} - Execution plan is deployed successfully and in active state  : carbon.super_resource_10KPerMin_default
TID: [] [] [2026-10-01 14:16:29,399]  INFO {org.wso2.carbon.event.processor.core.EventProcessorDeployer} - Execution Plan was undeployed successfully : carbon.super_resource_20KPerMin_default.siddhiql
TID: [] [] [2026-10-01 14:16:29,415]  INFO {org.wso2.carbon.event.stream.core.internal.EventJunction} - Producer added to the junction. Stream:org.wso2.throttle.globalThrottle.stream:1.0.0
TID: [] [] [2026-10-01 14:16:29,415]  INFO {org.wso2.carbon.event.stream.core.internal.EventJunction} - Consumer added to the junction. Stream:org.wso2.throttle.processed.request.stream:1.0.0
TID: [] [] [2026-10-01 14:16:29,415]  INFO {org.wso2.carbon.event.processor.core.EventProcessorDeployer} - Execution plan is deployed successfully and in active state  : carbon.super_resource_20KPerMin_default
TID: [] [] [2026-10-01 14:16:29,415]  INFO {org.wso2.carbon.event.processor.core.EventProcessorDeployer} - Execution Plan was undeployed successfully : carbon.super_resource_50KPerMin_defualt.siddhiql
TID: [] [] [2026-10-01 14:16:29,432]  INFO {org.wso2.carbon.event.stream.core.internal.EventJunction} - Producer added to the junction. Stream:org.wso2.throttle.globalThrottle.stream:1.0.0
TID: [] [] [2026-10-01 14:16:29,432]  INFO {org.wso2.carbon.event.stream.core.internal.EventJunction} - Consumer added to the junction. Stream:org.wso2.throttle.processed.request.stream:1.0.0
TID: [] [] [2026-10-01 14:16:29,432]  INFO {org.wso2.carbon.event.processor.core.EventProcessorDeployer} - Execution plan is deployed successfully and in active state  : carbon.super_resource_50KPerMin_default
TID: [] [] [2026-10-01 14:16:29,432]  INFO {org.wso2.carbon.event.processor.core.EventProcessorDeployer} - Execution Plan was undeployed successfully : carbon.super_sub_Bronze.siddhiql
TID: [] [] [2026-10-01 14:16:29,449]  INFO {org.wso2.carbon.event.stream.core.internal.EventJunction} - Producer added to the junction. Stream:org.wso2.throttle.globalThrottle.stream:1.0.0
TID: [] [] [2026-10-01 14:16:29,449]  INFO {org.wso2.carbon.event.stream.core.internal.EventJunction} - Consumer added to the junction. Stream:org.wso2.throttle.processed.request.stream:1.0.0
TID: [] [] [2026-10-01 14:16:29,449]  INFO {org.wso2.carbon.event.processor.core.EventProcessorDeployer} - Execution plan is deployed successfully and in active state  : carbon.super_sub_Bronze
TID: [] [] [2026-10-01 14:16:29,449]  INFO {org.wso2.carbon.event.processor.core.EventProcessorDeployer} - Execution Plan was undeployed successfully : carbon.super_sub_Gold.siddhiql
TID: [] [] [2026-10-01 14:16:29,470]  INFO {org.wso2.carbon.event.stream.core.internal.EventJunction} - Producer added to the junction. Stream:org.wso2.throttle.globalThrottle.stream:1.0.0
TID: [] [] [2026-10-01 14:16:29,471]  INFO {org.wso2.carbon.event.stream.core.internal.EventJunction} - Consumer added to the junction. Stream:org.wso2.throttle.processed.request.stream:1.0.0
TID: [] [] [2026-10-01 14:16:29,471]  INFO {org.wso2.carbon.event.processor.core.EventProcessorDeployer} - Execution plan is deployed successfully and in active state  : carbon.super_sub_Gold
TID: [] [] [2026-10-01 14:16:29,471]  INFO {org.wso2.carbon.event.processor.core.EventProcessorDeployer} - Execution Plan was undeployed successfully : carbon.super_sub_Silver.siddhiql
TID: [] [] [2026-10-01 14:16:29,494]  INFO {org.wso2.carbon.event.stream.core.internal.EventJunction} - Producer added to the junction. Stream:org.wso2.throttle.globalThrottle.stream:1.0.0
TID: [] [] [2026-10-01 14:16:29,494]  INFO {org.wso2.carbon.event.stream.core.internal.EventJunction} - Consumer added to the junction. Stream:org.wso2.throttle.processed.request.stream:1.0.0
TID: [] [] [2026-10-01 14:16:29,494]  INFO {org.wso2.carbon.event.processor.core.EventProcessorDeployer} - Execution plan is deployed successfully and in active state  : carbon.super_sub_Silver
TID: [] [] [2026-10-01 14:16:29,494]  INFO {org.wso2.carbon.event.processor.core.EventProcessorDeployer} - Execution Plan was undeployed successfully : carbon.super_sub_Unauthenticated.siddhiql
TID: [] [] [2026-10-01 14:16:29,514]  INFO {org.wso2.carbon.event.stream.core.internal.EventJunction} - Producer added to the junction. Stream:org.wso2.throttle.globalThrottle.stream:1.0.0
TID: [] [] [2026-10-01 14:16:29,514]  INFO {org.wso2.carbon.event.stream.core.internal.EventJunction} - Consumer added to the junction. Stream:org.wso2.throttle.processed.request.stream:1.0.0
TID: [] [] [2026-10-01 14:16:29,514]  INFO {org.wso2.carbon.event.processor.core.EventProcessorDeployer} - Execution plan is deployed successfully and in active state  : carbon.super_sub_Unauthenticated
TID: [] [] [2026-10-01 14:16:29,514]  INFO {org.wso2.carbon.event.stream.core.EventStreamDeployer} - Stream definition is deployed successfully  : org.wso2.throttle.processed.request.stream:1.0.0
TID: [] [] [2026-10-01 14:16:29,523]  INFO {org.wso2.carbon.event.receiver.core.EventReceiverDeployer} - Event Receiver undeployed successfully: throttleEventReceiver.xml
TID: [] [] [2026-10-01 14:16:29,526]  INFO {org.wso2.carbon.event.input.adapter.core.internal.InputAdapterRuntime} - Connecting receiver throttleEventReceiver
TID: [] [] [2026-10-01 14:16:29,527]  INFO {org.wso2.carbon.event.stream.core.internal.EventJunction} - Producer added to the junction. Stream:org.wso2.throttle.request.stream:1.0.0
TID: [] [] [2026-10-01 14:16:29,527]  INFO {org.wso2.carbon.event.receiver.core.EventReceiverDeployer} - Event Receiver configuration successfully deployed and in active state: throttleEventReceiver
TID: [] [] [2026-10-01 14:16:29,527]  INFO {org.wso2.carbon.event.receiver.core.EventReceiverDeployer} - Event Receiver undeployed successfully: throttleWSO2EventReceiver.xml
TID: [] [] [2026-10-01 14:16:29,528]  INFO {org.wso2.carbon.event.input.adapter.core.internal.InputAdapterRuntime} - Connecting receiver throttleWSO2EventReceiver
TID: [] [] [2026-10-01 14:16:29,528]  INFO {org.wso2.carbon.event.stream.core.internal.EventJunction} - Producer added to the junction. Stream:org.wso2.throttle.request.stream:1.0.0
TID: [] [] [2026-10-01 14:16:29,528]  INFO {org.wso2.carbon.event.receiver.core.EventReceiverDeployer} - Event Receiver configuration successfully deployed and in active state: throttleWSO2EventReceiver
TID: [] [] [2026-10-01 14:16:29,528]  INFO {org.wso2.carbon.event.processor.core.EventProcessorDeployer} - Execution Plan was undeployed successfully : RequestPreProcessorExecutionPlan.siddhiql
TID: [] [] [2026-10-01 14:16:29,533]  INFO {org.wso2.carbon.event.stream.core.internal.EventJunction} - Producer added to the junction. Stream:org.wso2.throttle.processed.request.stream:1.0.0
TID: [] [] [2026-10-01 14:16:29,533]  INFO {org.wso2.carbon.event.stream.core.internal.EventJunction} - Consumer added to the junction. Stream:org.wso2.throttle.request.stream:1.0.0
TID: [] [] [2026-10-01 14:16:29,533]  INFO {org.wso2.carbon.event.processor.core.EventProcessorDeployer} - Execution plan is deployed successfully and in active state  : requestPreProcessorExecutionPlan
TID: [] [] [2026-10-01 14:16:29,533]  INFO {org.wso2.carbon.event.stream.core.EventStreamDeployer} - Stream definition is deployed successfully  : org.wso2.throttle.request.stream:1.0.0
TID: [] [] [2026-10-01 14:16:32,133]  INFO {org.wso2.carbon.webapp.mgt.TomcatGenericWebappsDeployer} - Deployed webapp: StandardEngine[Catalina].StandardHost[localhost].StandardContext[/accountrecoveryendpoint].File[D:\wso2am-4.6.0\bin\..\repository\deployment\server\webapps\accountrecoveryendpoint]
TID: [] [] [2026-10-01 14:16:33,044]  INFO {org.wso2.carbon.webapp.mgt.TomcatGenericWebappsDeployer} - Deployed webapp: StandardEngine[Catalina].StandardHost[localhost].StandardContext[/admin].File[D:\wso2am-4.6.0\bin\..\repository\deployment\server\webapps\admin]
TID: [] [] [2026-10-01 14:16:33,472]  INFO {org.wso2.carbon.webapp.mgt.TomcatGenericWebappsDeployer} - Deployed webapp: StandardEngine[Catalina].StandardHost[localhost].StandardContext[/am/sample/calculator/v1].File[D:\wso2am-4.6.0\bin\..\repository\deployment\server\webapps\am#sample#calculator#v1.war]
TID: [] [] [2026-10-01 14:16:33,933]  INFO {org.wso2.carbon.webapp.mgt.TomcatGenericWebappsDeployer} - Deployed webapp: StandardEngine[Catalina].StandardHost[localhost].StandardContext[/am/sample/pizzashack/v1].File[D:\wso2am-4.6.0\bin\..\repository\deployment\server\webapps\am#sample#pizzashack#v1.war]
TID: [] [] [2026-10-01 14:16:36,375]  INFO {org.wso2.carbon.webapp.mgt.TomcatGenericWebappsDeployer} - Deployed webapp: StandardEngine[Catalina].StandardHost[localhost].StandardContext[/api/am/admin].File[D:\wso2am-4.6.0\bin\..\repository\deployment\server\webapps\api#am#admin.war]
TID: [] [] [2026-10-01 14:16:37,525]  INFO {org.wso2.carbon.webapp.mgt.TomcatGenericWebappsDeployer} - Deployed webapp: StandardEngine[Catalina].StandardHost[localhost].StandardContext[/api/am/devops/v0].File[D:\wso2am-4.6.0\bin\..\repository\deployment\server\webapps\api#am#devops#v0.war]
TID: [] [] [2026-10-01 14:16:39,213]  INFO {org.wso2.carbon.webapp.mgt.TomcatGenericWebappsDeployer} - Deployed webapp: StandardEngine[Catalina].StandardHost[localhost].StandardContext[/api/am/devportal].File[D:\wso2am-4.6.0\bin\..\repository\deployment\server\webapps\api#am#devportal.war]
TID: [] [] [2026-10-01 14:16:40,497]  INFO {org.wso2.carbon.webapp.mgt.TomcatGenericWebappsDeployer} - Deployed webapp: StandardEngine[Catalina].StandardHost[localhost].StandardContext[/api/am/gateway/v2].File[D:\wso2am-4.6.0\bin\..\repository\deployment\server\webapps\api#am#gateway#v2.war]
TID: [] [] [2026-10-01 14:16:41,854]  INFO {org.wso2.carbon.webapp.mgt.TomcatGenericWebappsDeployer} - Deployed webapp: StandardEngine[Catalina].StandardHost[localhost].StandardContext[/api/am/governance].File[D:\wso2am-4.6.0\bin\..\repository\deployment\server\webapps\api#am#governance.war]
TID: [] [] [2026-10-01 14:16:43,531]  INFO {org.wso2.carbon.webapp.mgt.TomcatGenericWebappsDeployer} - Deployed webapp: StandardEngine[Catalina].StandardHost[localhost].StandardContext[/api/am/publisher].File[D:\wso2am-4.6.0\bin\..\repository\deployment\server\webapps\api#am#publisher.war]
TID: [] [] [2026-10-01 14:16:44,731]  INFO {org.wso2.carbon.webapp.mgt.TomcatGenericWebappsDeployer} - Deployed webapp: StandardEngine[Catalina].StandardHost[localhost].StandardContext[/api/am/service-catalog/v1].File[D:\wso2am-4.6.0\bin\..\repository\deployment\server\webapps\api#am#service-catalog#v1.war]
TID: [] [] [2026-10-01 14:16:45,812]  INFO {org.wso2.carbon.webapp.mgt.TomcatGenericWebappsDeployer} - Deployed webapp: StandardEngine[Catalina].StandardHost[localhost].StandardContext[/api/identity/auth/v1.1].File[D:\wso2am-4.6.0\bin\..\repository\deployment\server\webapps\api#identity#auth#v1.1.war]
TID: [] [] [2026-10-01 14:16:47,083]  INFO {org.wso2.carbon.webapp.mgt.TomcatGenericWebappsDeployer} - Deployed webapp: StandardEngine[Catalina].StandardHost[localhost].StandardContext[/api/identity/consent-mgt/v1.0].File[D:\wso2am-4.6.0\bin\..\repository\deployment\server\webapps\api#identity#consent-mgt#v1.0.war]
TID: [] [] [2026-10-01 14:16:48,348]  INFO {org.wso2.carbon.webapp.mgt.TomcatGenericWebappsDeployer} - Deployed webapp: StandardEngine[Catalina].StandardHost[localhost].StandardContext[/api/identity/oauth2/dcr/v1.1].File[D:\wso2am-4.6.0\bin\..\repository\deployment\server\webapps\api#identity#oauth2#dcr#v1.1.war]
TID: [] [] [2026-10-01 14:16:49,612]  INFO {org.wso2.carbon.webapp.mgt.TomcatGenericWebappsDeployer} - Deployed webapp: StandardEngine[Catalina].StandardHost[localhost].StandardContext[/api/identity/oauth2/v1.0].File[D:\wso2am-4.6.0\bin\..\repository\deployment\server\webapps\api#identity#oauth2#v1.0.war]
TID: [] [] [2026-10-01 14:16:50,676]  INFO {org.wso2.carbon.webapp.mgt.TomcatGenericWebappsDeployer} - Deployed webapp: StandardEngine[Catalina].StandardHost[localhost].StandardContext[/api/identity/recovery/v0.9].File[D:\wso2am-4.6.0\bin\..\repository\deployment\server\webapps\api#identity#recovery#v0.9.war]
TID: [] [] [2026-10-01 14:16:51,767]  INFO {org.wso2.carbon.webapp.mgt.TomcatGenericWebappsDeployer} - Deployed webapp: StandardEngine[Catalina].StandardHost[localhost].StandardContext[/api/identity/user/v1.0].File[D:\wso2am-4.6.0\bin\..\repository\deployment\server\webapps\api#identity#user#v1.0.war]
TID: [] [] [2026-10-01 14:16:54,519]  INFO {org.wso2.carbon.webapp.mgt.TomcatGenericWebappsDeployer} - Deployed webapp: StandardEngine[Catalina].StandardHost[localhost].StandardContext[/authenticationendpoint].File[D:\wso2am-4.6.0\bin\..\repository\deployment\server\webapps\authenticationendpoint]
TID: [] [] [2026-10-01 14:16:55,965]  INFO {org.wso2.carbon.webapp.mgt.TomcatGenericWebappsDeployer} - Deployed webapp: StandardEngine[Catalina].StandardHost[localhost].StandardContext[/client-registration/v0.17].File[D:\wso2am-4.6.0\bin\..\repository\deployment\server\webapps\client-registration#v0.17.war]
TID: [] [] [2026-10-01 14:16:56,836]  INFO {org.wso2.carbon.webapp.mgt.TomcatGenericWebappsDeployer} - Deployed webapp: StandardEngine[Catalina].StandardHost[localhost].StandardContext[/devportal].File[D:\wso2am-4.6.0\bin\..\repository\deployment\server\webapps\devportal]
TID: [] [] [2026-10-01 14:16:58,311]  INFO {org.wso2.carbon.webapp.mgt.TomcatGenericWebappsDeployer} - Deployed webapp: StandardEngine[Catalina].StandardHost[localhost].StandardContext[/internal/data/v1].File[D:\wso2am-4.6.0\bin\..\repository\deployment\server\webapps\internal#data#v1.war]
TID: [] [] [2026-10-01 14:16:59,486]  INFO {org.wso2.carbon.webapp.mgt.TomcatGenericWebappsDeployer} - Deployed webapp: StandardEngine[Catalina].StandardHost[localhost].StandardContext[/keymanager-operations].File[D:\wso2am-4.6.0\bin\..\repository\deployment\server\webapps\keymanager-operations.war]
TID: [] [] [2026-10-01 14:17:01,237]  INFO {org.wso2.carbon.webapp.mgt.TomcatGenericWebappsDeployer} - Deployed webapp: StandardEngine[Catalina].StandardHost[localhost].StandardContext[/oauth2].File[D:\wso2am-4.6.0\bin\..\repository\deployment\server\webapps\oauth2.war]
TID: [] [] [2026-10-01 14:17:02,055]  INFO {org.wso2.carbon.webapp.mgt.TomcatGenericWebappsDeployer} - Deployed webapp: StandardEngine[Catalina].StandardHost[localhost].StandardContext[/publisher].File[D:\wso2am-4.6.0\bin\..\repository\deployment\server\webapps\publisher]
TID: [] [] [2026-10-01 14:17:02,056]  INFO {org.apache.synapse.Axis2SynapseController} - Deploying the Synapse service...
TID: [] [] [2026-10-01 14:17:02,057]  INFO {org.apache.synapse.Axis2SynapseController} - Deploying Proxy services...
TID: [] [] [2026-10-01 14:17:02,057]  INFO {org.apache.synapse.Axis2SynapseController} - Deploying EventSources...
TID: [] [] [2026-10-01 14:17:02,091]  INFO {org.apache.synapse.inbound.InboundEndpoint} - Initializing Inbound Endpoint: WebSocketInboundEndpoint
TID: [] [] [2026-10-01 14:17:02,252]  INFO {org.wso2.carbon.event.processor.manager.core.internal.CarbonEventManagementService} - Starting polling event receivers
TID: [] [] [2026-10-01 14:17:02,379]  INFO {org.wso2.carbon.inbound.endpoint.protocol.websocket.management.WebsocketEndpointManager} - Netty Listener starting on port 9099
TID: [] [] [2026-10-01 14:17:02,379]  INFO {org.apache.synapse.inbound.InboundEndpoint} - Initializing Inbound Endpoint: SecureWebSocketEP
TID: [] [] [2026-10-01 14:17:02,406]  INFO {org.wso2.carbon.inbound.endpoint.protocol.websocket.management.WebsocketEndpointManager} - Netty SSL Listener starting on port 8099
TID: [] [] [2026-10-01 14:17:02,406]  INFO {org.apache.synapse.inbound.InboundEndpoint} - Initializing Inbound Endpoint: WebhookServer
TID: [] [] [2026-10-01 14:17:02,433]  INFO {org.apache.synapse.transport.passthru.core.PassThroughListeningIOReactorManager} - Pass-through WebhookServer Listener started on 0:0:0:0:0:0:0:0:9021
TID: [] [] [2026-10-01 14:17:02,433]  INFO {org.apache.synapse.inbound.InboundEndpoint} - Initializing Inbound Endpoint: SecureWebhookServer
TID: [] [] [2026-10-01 14:17:02,458]  INFO {org.apache.synapse.transport.passthru.core.PassThroughListeningIOReactorManager} - Pass-through SecureWebhookServer Listener started on 0:0:0:0:0:0:0:0:8021
TID: [] [] [2026-10-01 14:17:02,461]  INFO {org.apache.synapse.api.API} - {api:_OpenService_} Initializing API: _OpenService_
TID: [] [] [2026-10-01 14:17:02,461]  INFO {org.apache.synapse.ServerManager} - Server ready for processing...
TID: [] [] [2026-10-01 14:17:02,878]  INFO {org.wso2.carbon.apimgt.common.jms.factory.JMSConnectionFactory} - JMS ConnectionFactory : Siddhi-JMS-Consumer initialized
TID: [] [] [2026-10-01 14:17:02,878]  INFO {org.wso2.carbon.apimgt.common.jms.factory.JMSConnectionFactory} - JMS ConnectionFactory : Siddhi-JMS-Consumer initialized
TID: [] [] [2026-10-01 14:17:02,913]  INFO {org.wso2.carbon.inbound.endpoint.protocol.websocket.management.WebsocketEndpointManager} - Netty Listener already started on port 8099
TID: [] [] [2026-10-01 14:17:02,913]  INFO {org.wso2.carbon.inbound.endpoint.protocol.http.management.HTTPEndpointManager} - Listener is already started for port : 8021
TID: [] [] [2026-10-01 14:17:02,913]  INFO {org.wso2.carbon.inbound.endpoint.protocol.websocket.management.WebsocketEndpointManager} - Netty Listener already started on port 9099
TID: [] [] [2026-10-01 14:17:02,913]  INFO {org.wso2.carbon.inbound.endpoint.protocol.http.management.HTTPEndpointManager} - Listener is already started for port : 9021
TID: [] [] [2026-10-01 14:17:03,012]  INFO {org.wso2.carbon.andes.internal.QpidServiceComponent} - Activating Andes Message Broker Engine...
TID: [] [] [2026-10-01 14:17:03,430]  INFO {qpid.message.broker.listening} - [Broker] BRK-1002 : Starting : Listening on TCP port 5672
TID: [] [] [2026-10-01 14:17:03,433]  INFO {qpid.message.broker.listening} - [Broker] BRK-1002 : Starting : Listening on TCP/SSL port 8672
TID: [] [] [2026-10-01 14:17:03,465]  INFO {org.wso2.carbon.andes.internal.QpidServiceComponent} - AMQP Host Address : 0.0.0.0 Port : 5672
TID: [] [] [2026-10-01 14:17:03,465]  INFO {org.wso2.carbon.andes.internal.QpidServiceComponent} - Successfully connected to AMQP server on port 5672
TID: [] [] [2026-10-01 14:17:03,465]  INFO {org.wso2.carbon.andes.internal.QpidServiceComponent} - WSO2 Message Broker is started.
TID: [] [] [2026-10-01 14:17:03,578]  INFO {org.wso2.carbon.databridge.receiver.binary.internal.BinaryDataReceiver} - Started Binary SSL Transport on port : 9711
TID: [] [] [2026-10-01 14:17:03,578]  INFO {org.wso2.carbon.databridge.receiver.binary.internal.BinaryDataReceiver} - Started Binary TCP Transport on port : 9611
TID: [] [] [2026-10-01 14:17:04,028]  INFO {org.wso2.carbon.databridge.receiver.thrift.internal.ThriftServerStartupObserver} -  Thrift Data Receiver is disabled.
TID: [] [] [2026-10-01 14:17:04,076]  INFO {org.apache.synapse.transport.passthru.PassThroughHttpListener} - Starting Pass-through HTTP Listener...
TID: [] [] [2026-10-01 14:17:04,086]  INFO {org.apache.synapse.transport.passthru.core.PassThroughListeningIOReactorManager} - Pass-through HTTP Listener started on 0:0:0:0:0:0:0:0:8280
TID: [] [] [2026-10-01 14:17:04,086]  INFO {org.apache.synapse.transport.passthru.PassThroughHttpMultiSSLListener} - Starting Pass-through HTTPS Listener...
TID: [] [] [2026-10-01 14:17:04,095]  INFO {org.apache.synapse.transport.passthru.core.PassThroughListeningIOReactorManager} - Pass-through HTTPS Listener started on 0:0:0:0:0:0:0:0:8243
TID: [] [] [2026-10-01 14:17:04,143]  INFO {org.apache.tomcat.util.net.NioEndpoint.certificate} - Connector [https-jsse-nio-9443], TLS virtual host [_default_], certificate type [UNDEFINED] configured from keystore [D:\wso2am-4.6.0\bin\../repository/resources/security/wso2carbon.jks] using alias [wso2carbon] with trust store [D:\wso2am-4.6.0\bin\../repository/resources/security/client-truststore.jks]
TID: [] [] [2026-10-01 14:17:04,219]  INFO {org.wso2.carbon.ntask.core.service.impl.TaskServiceImpl} - Task service starting in STANDALONE mode...
TID: [] [] [2026-10-01 14:17:04,248]  INFO {org.wso2.carbon.registry.eventing.internal.RegistryEventingServiceComponent} - Successfully Initialized Eventing on Registry
TID: [] [] [2026-10-01 14:17:04,331]  INFO {org.wso2.carbon.core.init.JMXServerManager} - JMX Service URL  : service:jmx:rmi://localhost:11111/jndi/rmi://localhost:9999/jmxrmi
TID: [] [] [2026-10-01 14:17:04,409]  INFO {org.wso2.carbon.apimgt.governance.impl.util.APIMGovernanceUtil} - Adding default ruleset: OWASP Top 10
TID: [] [] [2026-10-01 14:17:04,657]  INFO {org.wso2.carbon.apimgt.governance.impl.util.APIMGovernanceUtil} - Adding default ruleset: WSO2 API Management Guidelines
TID: [] [] [2026-10-01 14:17:04,698]  INFO {org.wso2.carbon.apimgt.governance.impl.util.APIMGovernanceUtil} - Adding default ruleset: WSO2 REST API Design Guidelines
TID: [] [] [2026-10-01 14:17:04,740]  INFO {org.wso2.carbon.apimgt.governance.impl.util.APIMGovernanceUtil} - Adding default policy: WSO2 API Management Best Practices
TID: [] [] [2026-10-01 14:17:04,748]  INFO {org.wso2.carbon.apimgt.common.jms.JMSTransportHandler} - Starting jms topic consumer thread for the notification topic...
TID: [] [] [2026-10-01 14:17:04,910]  INFO {org.wso2.carbon.databridge.core.DataBridge} - user admin connected
TID: [] [] [2026-10-01 14:17:05,128]  INFO {org.wso2.carbon.apimgt.common.jms.JMSListener} - Connection successfully created towards the JMS provider for the listener: Siddhi-JMS-Consumer#notification. The connected JMS provider is AMQConnection: | Host: 192.168.1.235 | Port: 5672 | Virtual Host: carbon | Client ID: clientid | Active session count: 0
TID: [] [] [2026-10-01 14:17:05,128]  INFO {org.wso2.carbon.apimgt.common.jms.JMSListener} - Connection attempt: 1 for JMS Provider for listener: Siddhi-JMS-Consumer#notification was successful!
TID: [] [] [2026-10-01 14:17:05,131]  INFO {org.wso2.carbon.apimgt.common.jms.JMSTaskManager} - Task manager for Siddhi-JMS-Consumer [re-]initialized
TID: [] [] [2026-10-01 14:17:05,222]  INFO {org.wso2.carbon.event.output.adapter.jms.internal.util.JMSConnectionFactory} - JMS ConnectionFactory : notificationJMSPublisher initialized
TID: [] [] [2026-10-01 14:17:05,498]  INFO {org.wso2.carbon.apimgt.common.jms.JMSTransportHandler} - Starting jms topic consumer thread for the keyManager topic...
TID: [] [] [2026-10-01 14:17:05,499]  INFO {org.wso2.carbon.apimgt.common.jms.JMSTransportHandler} - Starting jms topic consumer thread for the notification topic...
TID: [] [] [2026-10-01 14:17:05,499]  INFO {org.wso2.carbon.apimgt.jms.listener.utils.JMSListenerStartupShutdownListener} - Certificate management event listening is enabled. Subscribing to notification topic.
TID: [] [] [2026-10-01 14:17:05,500]  INFO {org.wso2.carbon.apimgt.common.jms.JMSTransportHandler} - Starting jms topic consumer thread for the notification topic...
TID: [] [] [2026-10-01 14:17:05,505]  INFO {org.wso2.carbon.apimgt.common.jms.JMSTransportHandler} - Starting jms topic consumer thread for the notification topic...
TID: [] [] [2026-10-01 14:17:05,519]  INFO {org.wso2.carbon.apimgt.common.jms.JMSListener} - Connection successfully created towards the JMS provider for the listener: Siddhi-JMS-Consumer#keyManager. The connected JMS provider is AMQConnection: | Host: 192.168.1.235 | Port: 5672 | Virtual Host: carbon | Client ID: clientid | Active session count: 0
TID: [] [] [2026-10-01 14:17:05,519]  INFO {org.wso2.carbon.apimgt.common.jms.JMSListener} - Connection successfully created towards the JMS provider for the listener: Siddhi-JMS-Consumer#notification. The connected JMS provider is AMQConnection: | Host: 192.168.1.235 | Port: 5672 | Virtual Host: carbon | Client ID: clientid | Active session count: 0
TID: [] [] [2026-10-01 14:17:05,519]  INFO {org.wso2.carbon.apimgt.common.jms.JMSListener} - Connection attempt: 1 for JMS Provider for listener: Siddhi-JMS-Consumer#keyManager was successful!
TID: [] [] [2026-10-01 14:17:05,519]  INFO {org.wso2.carbon.apimgt.common.jms.JMSListener} - Connection successfully created towards the JMS provider for the listener: Siddhi-JMS-Consumer#notification. The connected JMS provider is AMQConnection: | Host: 192.168.1.235 | Port: 5672 | Virtual Host: carbon | Client ID: clientid | Active session count: 0
TID: [] [] [2026-10-01 14:17:05,519]  INFO {org.wso2.carbon.apimgt.common.jms.JMSListener} - Connection attempt: 1 for JMS Provider for listener: Siddhi-JMS-Consumer#notification was successful!
TID: [] [] [2026-10-01 14:17:05,519]  INFO {org.wso2.carbon.apimgt.common.jms.JMSListener} - Connection attempt: 1 for JMS Provider for listener: Siddhi-JMS-Consumer#notification was successful!
TID: [] [] [2026-10-01 14:17:05,519]  INFO {org.wso2.carbon.apimgt.common.jms.JMSTaskManager} - Task manager for Siddhi-JMS-Consumer [re-]initialized
TID: [] [] [2026-10-01 14:17:05,519]  INFO {org.wso2.carbon.apimgt.common.jms.JMSTaskManager} - Task manager for Siddhi-JMS-Consumer [re-]initialized
TID: [] [] [2026-10-01 14:17:05,519]  INFO {org.wso2.carbon.apimgt.common.jms.JMSTaskManager} - Task manager for Siddhi-JMS-Consumer [re-]initialized
TID: [] [] [2026-10-01 14:17:05,520]  INFO {org.wso2.carbon.apimgt.common.jms.JMSListener} - Connection successfully created towards the JMS provider for the listener: Siddhi-JMS-Consumer#notification. The connected JMS provider is AMQConnection: | Host: 192.168.1.235 | Port: 5672 | Virtual Host: carbon | Client ID: clientid | Active session count: 0
TID: [] [] [2026-10-01 14:17:05,520]  INFO {org.wso2.carbon.apimgt.common.jms.JMSListener} - Connection attempt: 1 for JMS Provider for listener: Siddhi-JMS-Consumer#notification was successful!
TID: [] [] [2026-10-01 14:17:05,520]  INFO {org.wso2.carbon.apimgt.common.jms.JMSTaskManager} - Task manager for Siddhi-JMS-Consumer [re-]initialized
TID: [] [] [2026-10-01 14:17:05,614]  INFO {org.wso2.carbon.event.output.adapter.jms.internal.util.JMSConnectionFactory} - JMS ConnectionFactory : cacheInvalidationJMSPublisher initialized
TID: [] [] [2026-10-01 14:17:05,638]  INFO {org.wso2.carbon.apimgt.gateway.InMemoryAPIDeployer} - Deploying synapse artifacts of _JwksEndpoint_
TID: [] [] [2026-10-01 14:17:05,653]  INFO {org.apache.synapse.api.API} - {api:_JwksEndpoint_} Initializing API: _JwksEndpoint_
TID: [] [] [2026-10-01 14:17:05,653]  INFO {org.wso2.carbon.mediation.dependency.mgt.DependencyTracker} - API : _JwksEndpoint_ was added to the Synapse configuration successfully
TID: [] [] [2026-10-01 14:17:05,654]  INFO {org.wso2.carbon.apimgt.gateway.InMemoryAPIDeployer} - Deploying synapse artifacts of _HealthCheckAPI_
TID: [] [] [2026-10-01 14:17:05,655]  INFO {org.wso2.carbon.apimgt.common.jms.JMSTransportHandler} - Starting jms topic consumer thread for the throttleData topic...
TID: [] [] [2026-10-01 14:17:05,658]  INFO {org.wso2.carbon.apimgt.common.jms.JMSTransportHandler} - Starting jms topic consumer thread for the tokenRevocation topic...
TID: [] [] [2026-10-01 14:17:05,661]  INFO {org.wso2.carbon.apimgt.common.jms.JMSTransportHandler} - Starting jms topic consumer thread for the cacheInvalidation topic...
TID: [] [] [2026-10-01 14:17:05,662]  INFO {org.apache.synapse.api.API} - {api:_HealthCheckAPI_} Initializing API: _HealthCheckAPI_
TID: [] [] [2026-10-01 14:17:05,662]  INFO {org.wso2.carbon.mediation.dependency.mgt.DependencyTracker} - API : _HealthCheckAPI_ was added to the Synapse configuration successfully
TID: [] [] [2026-10-01 14:17:05,665]  INFO {org.wso2.carbon.apimgt.common.jms.JMSTransportHandler} - Starting jms topic consumer thread for the notification topic...
TID: [] [] [2026-10-01 14:17:05,665]  INFO {org.wso2.carbon.apimgt.common.jms.JMSTransportHandler} - Starting jms topic consumer thread for the throttleData topic...
TID: [] [] [2026-10-01 14:17:05,666]  INFO {org.wso2.carbon.apimgt.common.jms.JMSTransportHandler} - Starting jms topic consumer thread for the asyncWebhooksData topic...
TID: [] [] [2026-10-01 14:17:05,670]  INFO {org.wso2.carbon.apimgt.common.jms.JMSListener} - Connection successfully created towards the JMS provider for the listener: Siddhi-JMS-Consumer#throttleData. The connected JMS provider is AMQConnection: | Host: 192.168.1.235 | Port: 5672 | Virtual Host: carbon | Client ID: clientid | Active session count: 0
TID: [] [] [2026-10-01 14:17:05,670]  INFO {org.wso2.carbon.apimgt.common.jms.JMSListener} - Connection attempt: 1 for JMS Provider for listener: Siddhi-JMS-Consumer#throttleData was successful!
TID: [] [] [2026-10-01 14:17:05,670]  INFO {org.wso2.carbon.apimgt.common.jms.JMSTaskManager} - Task manager for Siddhi-JMS-Consumer [re-]initialized
TID: [] [] [2026-10-01 14:17:05,671]  INFO {org.wso2.carbon.apimgt.common.jms.JMSListener} - Connection successfully created towards the JMS provider for the listener: Siddhi-JMS-Consumer#tokenRevocation. The connected JMS provider is AMQConnection: | Host: 192.168.1.235 | Port: 5672 | Virtual Host: carbon | Client ID: clientid | Active session count: 0
TID: [] [] [2026-10-01 14:17:05,671]  INFO {org.wso2.carbon.apimgt.common.jms.JMSListener} - Connection attempt: 1 for JMS Provider for listener: Siddhi-JMS-Consumer#tokenRevocation was successful!
TID: [] [] [2026-10-01 14:17:05,671]  INFO {org.wso2.carbon.apimgt.common.jms.JMSTaskManager} - Task manager for Siddhi-JMS-Consumer [re-]initialized
TID: [] [] [2026-10-01 14:17:05,679]  INFO {org.wso2.carbon.databridge.core.DataBridge} - user admin connected
TID: [] [] [2026-10-01 14:17:05,680]  INFO {org.wso2.carbon.apimgt.common.jms.JMSListener} - Connection successfully created towards the JMS provider for the listener: Siddhi-JMS-Consumer#cacheInvalidation. The connected JMS provider is AMQConnection: | Host: 192.168.1.235 | Port: 5672 | Virtual Host: carbon | Client ID: clientid | Active session count: 0
TID: [] [] [2026-10-01 14:17:05,680]  INFO {org.wso2.carbon.apimgt.common.jms.JMSListener} - Connection attempt: 1 for JMS Provider for listener: Siddhi-JMS-Consumer#cacheInvalidation was successful!
TID: [] [] [2026-10-01 14:17:05,680]  INFO {org.wso2.carbon.apimgt.common.jms.JMSTaskManager} - Task manager for Siddhi-JMS-Consumer [re-]initialized
TID: [] [] [2026-10-01 14:17:05,687]  INFO {org.wso2.carbon.apimgt.common.jms.JMSListener} - Connection successfully created towards the JMS provider for the listener: Siddhi-JMS-Consumer#notification. The connected JMS provider is AMQConnection: | Host: 192.168.1.235 | Port: 5672 | Virtual Host: carbon | Client ID: clientid | Active session count: 0
TID: [] [] [2026-10-01 14:17:05,687]  INFO {org.wso2.carbon.apimgt.common.jms.JMSListener} - Connection attempt: 1 for JMS Provider for listener: Siddhi-JMS-Consumer#notification was successful!
TID: [] [] [2026-10-01 14:17:05,687]  INFO {org.wso2.carbon.apimgt.common.jms.JMSTaskManager} - Task manager for Siddhi-JMS-Consumer [re-]initialized
TID: [] [] [2026-10-01 14:17:05,688]  INFO {org.wso2.carbon.apimgt.common.jms.JMSListener} - Connection successfully created towards the JMS provider for the listener: Siddhi-JMS-Consumer#asyncWebhooksData. The connected JMS provider is AMQConnection: | Host: 192.168.1.235 | Port: 5672 | Virtual Host: carbon | Client ID: clientid | Active session count: 0
TID: [] [] [2026-10-01 14:17:05,688]  INFO {org.wso2.carbon.apimgt.common.jms.JMSListener} - Connection attempt: 1 for JMS Provider for listener: Siddhi-JMS-Consumer#asyncWebhooksData was successful!
TID: [] [] [2026-10-01 14:17:05,688]  INFO {org.wso2.carbon.apimgt.common.jms.JMSTaskManager} - Task manager for Siddhi-JMS-Consumer [re-]initialized
TID: [] [] [2026-10-01 14:17:05,689]  INFO {org.wso2.carbon.core.internal.StartupFinalizerServiceComponent} - Server           :  WSO2 API Manager-4.6.0
TID: [] [] [2026-10-01 14:17:05,689]  INFO {org.wso2.carbon.core.internal.StartupFinalizerServiceComponent} - WSO2 Carbon started in 115 sec
TID: [] [] [2026-10-01 14:17:05,693]  INFO {org.wso2.carbon.apimgt.common.jms.JMSListener} - Connection successfully created towards the JMS provider for the listener: Siddhi-JMS-Consumer#throttleData. The connected JMS provider is AMQConnection: | Host: 192.168.1.235 | Port: 5672 | Virtual Host: carbon | Client ID: clientid | Active session count: 0
TID: [] [] [2026-10-01 14:17:05,693]  INFO {org.wso2.carbon.apimgt.common.jms.JMSListener} - Connection attempt: 1 for JMS Provider for listener: Siddhi-JMS-Consumer#throttleData was successful!
TID: [] [] [2026-10-01 14:17:05,694]  INFO {org.wso2.carbon.apimgt.common.jms.JMSTaskManager} - Task manager for Siddhi-JMS-Consumer [re-]initialized
TID: [-1234] [internal/data/v1] [2026-10-01 14:17:05,772]  INFO {org.wso2.carbon.apimgt.impl.gatewayartifactsynchronizer.RuntimeArtifactGeneratorUtil} - No API Artifacts
TID: [] [] [2026-10-01 14:17:05,877]  INFO {org.wso2.carbon.event.output.adapter.jms.internal.util.JMSConnectionFactory} - JMS ConnectionFactory : keymgtEventJMSEventPublisher initialized
TID: [] [] [2026-10-01 14:17:06,013]  INFO {org.wso2.carbon.ui.internal.CarbonUIServiceComponent} - Mgt Console URL  : https://localhost:9443/carbon/
TID: [] [] [2026-10-01 14:17:06,013]  INFO {org.wso2.carbon.ui.internal.CarbonUIServiceComponent} - API Developer Portal Default Context : https://localhost:9443/devportal
TID: [] [] [2026-10-01 14:17:06,013]  INFO {org.wso2.carbon.ui.internal.CarbonUIServiceComponent} - API Publisher Default Context : https://localhost:9443/publisher
TID: [] [] [2026-10-01 14:17:06,131]  INFO {org.wso2.carbon.apimgt.common.jms.JMSListener} - Started to listen on destination : notification of type topic for listener Siddhi-JMS-Consumer#notification
TID: [] [] [2026-10-01 14:17:06,283]  INFO {org.wso2.carbon.mediation.dependency.mgt.DependencyTracker} - Local entry : ga-config-key was added to the Synapse configuration successfully
TID: [] [] [2026-10-01 14:17:06,298]  INFO {org.wso2.carbon.apimgt.gateway.InMemoryAPIDeployer} - Retrieved 0 artifacts for deployment
TID: [] [] [2026-10-01 14:17:06,298]  INFO {org.wso2.carbon.apimgt.gateway.listeners.GatewayStartupListener} - Synapse Artifacts deployed Successfully in the Gateway
TID: [] [] [2026-10-01 14:17:06,299]  INFO {org.wso2.carbon.apimgt.gateway.listeners.GatewayStartupListener} - Gateway policy artifacts deployed Successfully in the Gateway
TID: [] [] [2026-10-01 14:17:06,358]  INFO {org.wso2.carbon.apimgt.gateway.notifiers.GatewayNotifier} - Gateway registered successfully with ID: 1861d5b0-65f8-41f9-b184-3b3f4bb94683
TID: [] [] [2026-10-01 14:17:06,378]  INFO {org.wso2.carbon.event.processor.core.internal.util.EventProcessorConfigurationFilesystemInvoker} - carbon.super_sub_Silver.siddhiql is deleted from the file system
TID: [] [] [2026-10-01 14:17:06,378]  INFO {org.wso2.carbon.event.processor.core.EventProcessorDeployer} - Execution Plan was undeployed successfully : carbon.super_sub_Silver.siddhiql
TID: [] [] [2026-10-01 14:17:06,379]  INFO {org.wso2.carbon.event.processor.core.internal.util.EventProcessorConfigurationFilesystemInvoker} - carbon.super_resource_50KPerMin_defualt.siddhiql is deleted from the file system
TID: [] [] [2026-10-01 14:17:06,379]  INFO {org.wso2.carbon.event.processor.core.EventProcessorDeployer} - Execution Plan was undeployed successfully : carbon.super_resource_50KPerMin_defualt.siddhiql
TID: [] [] [2026-10-01 14:17:06,379]  INFO {org.wso2.carbon.event.processor.core.internal.util.EventProcessorConfigurationFilesystemInvoker} - carbon.super_sub_Bronze.siddhiql is deleted from the file system
TID: [] [] [2026-10-01 14:17:06,379]  INFO {org.wso2.carbon.event.processor.core.EventProcessorDeployer} - Execution Plan was undeployed successfully : carbon.super_sub_Bronze.siddhiql
TID: [] [] [2026-10-01 14:17:06,380]  INFO {org.wso2.carbon.event.processor.core.internal.util.EventProcessorConfigurationFilesystemInvoker} - carbon.super_resource_20KPerMin_default.siddhiql is deleted from the file system
TID: [] [] [2026-10-01 14:17:06,380]  INFO {org.wso2.carbon.event.processor.core.EventProcessorDeployer} - Execution Plan was undeployed successfully : carbon.super_resource_20KPerMin_default.siddhiql
TID: [] [] [2026-10-01 14:17:06,380]  INFO {org.wso2.carbon.event.processor.core.internal.util.EventProcessorConfigurationFilesystemInvoker} - carbon.super_sub_Unauthenticated.siddhiql is deleted from the file system
TID: [] [] [2026-10-01 14:17:06,380]  INFO {org.wso2.carbon.event.processor.core.EventProcessorDeployer} - Execution Plan was undeployed successfully : carbon.super_sub_Unauthenticated.siddhiql
TID: [] [] [2026-10-01 14:17:06,380]  INFO {org.wso2.carbon.event.processor.core.internal.util.EventProcessorConfigurationFilesystemInvoker} - carbon.super_resource_10KPerMin_default.siddhiql is deleted from the file system
TID: [] [] [2026-10-01 14:17:06,380]  INFO {org.wso2.carbon.event.processor.core.EventProcessorDeployer} - Execution Plan was undeployed successfully : carbon.super_resource_10KPerMin_default.siddhiql
TID: [] [] [2026-10-01 14:17:06,381]  INFO {org.wso2.carbon.event.processor.core.internal.util.EventProcessorConfigurationFilesystemInvoker} - carbon.super_sub_Gold.siddhiql is deleted from the file system
TID: [] [] [2026-10-01 14:17:06,381]  INFO {org.wso2.carbon.event.processor.core.EventProcessorDeployer} - Execution Plan was undeployed successfully : carbon.super_sub_Gold.siddhiql
TID: [] [] [2026-10-01 14:17:06,381]  INFO {org.wso2.carbon.event.processor.core.internal.util.EventProcessorConfigurationFilesystemInvoker} - carbon.super_app_10PerMin.siddhiql is deleted from the file system
TID: [] [] [2026-10-01 14:17:06,381]  INFO {org.wso2.carbon.event.processor.core.EventProcessorDeployer} - Execution Plan was undeployed successfully : carbon.super_app_10PerMin.siddhiql
TID: [] [] [2026-10-01 14:17:06,381]  INFO {org.wso2.carbon.event.processor.core.internal.util.EventProcessorConfigurationFilesystemInvoker} - carbon.super_app_20PerMin.siddhiql is deleted from the file system
TID: [] [] [2026-10-01 14:17:06,381]  INFO {org.wso2.carbon.event.processor.core.EventProcessorDeployer} - Execution Plan was undeployed successfully : carbon.super_app_20PerMin.siddhiql
TID: [] [] [2026-10-01 14:17:06,382]  INFO {org.wso2.carbon.event.processor.core.internal.util.EventProcessorConfigurationFilesystemInvoker} - carbon.super_app_50PerMin.siddhiql is deleted from the file system
TID: [] [] [2026-10-01 14:17:06,382]  INFO {org.wso2.carbon.event.processor.core.EventProcessorDeployer} - Execution Plan was undeployed successfully : carbon.super_app_50PerMin.siddhiql
TID: [] [] [2026-10-01 14:17:06,450]  INFO {org.wso2.carbon.event.processor.core.internal.util.EventProcessorConfigurationFilesystemInvoker} - Execution plan: carbon.super_sub_Gold saved in the filesystem
TID: [] [] [2026-10-01 14:17:06,474]  INFO {org.wso2.carbon.event.stream.core.internal.EventJunction} - Producer added to the junction. Stream:org.wso2.throttle.globalThrottle.stream:1.0.0
TID: [] [] [2026-10-01 14:17:06,474]  INFO {org.wso2.carbon.event.stream.core.internal.EventJunction} - Consumer added to the junction. Stream:org.wso2.throttle.processed.request.stream:1.0.0
TID: [] [] [2026-10-01 14:17:06,474]  INFO {org.wso2.carbon.event.processor.core.EventProcessorDeployer} - Execution plan is deployed successfully and in active state  : carbon.super_sub_Gold
TID: [] [] [2026-10-01 14:17:06,482]  INFO {org.wso2.carbon.event.processor.core.internal.util.EventProcessorConfigurationFilesystemInvoker} - Execution plan: carbon.super_sub_Silver saved in the filesystem
TID: [] [] [2026-10-01 14:17:06,505]  INFO {org.wso2.carbon.event.stream.core.internal.EventJunction} - Producer added to the junction. Stream:org.wso2.throttle.globalThrottle.stream:1.0.0
TID: [] [] [2026-10-01 14:17:06,505]  INFO {org.wso2.carbon.event.stream.core.internal.EventJunction} - Consumer added to the junction. Stream:org.wso2.throttle.processed.request.stream:1.0.0
TID: [] [] [2026-10-01 14:17:06,505]  INFO {org.wso2.carbon.event.processor.core.EventProcessorDeployer} - Execution plan is deployed successfully and in active state  : carbon.super_sub_Silver
TID: [] [] [2026-10-01 14:17:06,512]  INFO {org.wso2.carbon.event.processor.core.internal.util.EventProcessorConfigurationFilesystemInvoker} - Execution plan: carbon.super_sub_Bronze saved in the filesystem
TID: [] [] [2026-10-01 14:17:06,520]  INFO {org.wso2.carbon.apimgt.common.jms.JMSListener} - Started to listen on destination : notification of type topic for listener Siddhi-JMS-Consumer#notification
TID: [] [] [2026-10-01 14:17:06,520]  INFO {org.wso2.carbon.apimgt.common.jms.JMSListener} - Started to listen on destination : notification of type topic for listener Siddhi-JMS-Consumer#notification
TID: [] [] [2026-10-01 14:17:06,520]  INFO {org.wso2.carbon.apimgt.common.jms.JMSListener} - Started to listen on destination : keyManager of type topic for listener Siddhi-JMS-Consumer#keyManager
TID: [] [] [2026-10-01 14:17:06,524]  INFO {org.wso2.carbon.apimgt.common.jms.JMSListener} - Started to listen on destination : notification of type topic for listener Siddhi-JMS-Consumer#notification
TID: [] [] [2026-10-01 14:17:06,533]  INFO {org.wso2.carbon.event.stream.core.internal.EventJunction} - Producer added to the junction. Stream:org.wso2.throttle.globalThrottle.stream:1.0.0
TID: [] [] [2026-10-01 14:17:06,533]  INFO {org.wso2.carbon.event.stream.core.internal.EventJunction} - Consumer added to the junction. Stream:org.wso2.throttle.processed.request.stream:1.0.0
TID: [] [] [2026-10-01 14:17:06,533]  INFO {org.wso2.carbon.event.processor.core.EventProcessorDeployer} - Execution plan is deployed successfully and in active state  : carbon.super_sub_Bronze
TID: [] [] [2026-10-01 14:17:06,540]  INFO {org.wso2.carbon.event.processor.core.internal.util.EventProcessorConfigurationFilesystemInvoker} - Execution plan: carbon.super_sub_Unauthenticated saved in the filesystem
TID: [] [] [2026-10-01 14:17:06,561]  INFO {org.wso2.carbon.event.stream.core.internal.EventJunction} - Producer added to the junction. Stream:org.wso2.throttle.globalThrottle.stream:1.0.0
TID: [] [] [2026-10-01 14:17:06,561]  INFO {org.wso2.carbon.event.stream.core.internal.EventJunction} - Consumer added to the junction. Stream:org.wso2.throttle.processed.request.stream:1.0.0
TID: [] [] [2026-10-01 14:17:06,561]  INFO {org.wso2.carbon.event.processor.core.EventProcessorDeployer} - Execution plan is deployed successfully and in active state  : carbon.super_sub_Unauthenticated
TID: [] [] [2026-10-01 14:17:06,567]  INFO {org.wso2.carbon.event.processor.core.internal.util.EventProcessorConfigurationFilesystemInvoker} - Execution plan: carbon.super_sub_DefaultSubscriptionless saved in the filesystem
TID: [] [] [2026-10-01 14:17:06,590]  INFO {org.wso2.carbon.event.stream.core.internal.EventJunction} - Producer added to the junction. Stream:org.wso2.throttle.globalThrottle.stream:1.0.0
TID: [] [] [2026-10-01 14:17:06,590]  INFO {org.wso2.carbon.event.stream.core.internal.EventJunction} - Consumer added to the junction. Stream:org.wso2.throttle.processed.request.stream:1.0.0
TID: [] [] [2026-10-01 14:17:06,590]  INFO {org.wso2.carbon.event.processor.core.EventProcessorDeployer} - Execution plan is deployed successfully and in active state  : carbon.super_sub_DefaultSubscriptionless
TID: [] [] [2026-10-01 14:17:06,600]  INFO {org.wso2.carbon.event.processor.core.internal.util.EventProcessorConfigurationFilesystemInvoker} - Execution plan: carbon.super_sub_AsyncGold saved in the filesystem
TID: [] [] [2026-10-01 14:17:06,622]  INFO {org.wso2.carbon.event.stream.core.internal.EventJunction} - Producer added to the junction. Stream:org.wso2.throttle.globalThrottle.stream:1.0.0
TID: [] [] [2026-10-01 14:17:06,622]  INFO {org.wso2.carbon.event.stream.core.internal.EventJunction} - Consumer added to the junction. Stream:org.wso2.throttle.processed.request.stream:1.0.0
TID: [] [] [2026-10-01 14:17:06,622]  INFO {org.wso2.carbon.event.processor.core.EventProcessorDeployer} - Execution plan is deployed successfully and in active state  : carbon.super_sub_AsyncGold
TID: [] [] [2026-10-01 14:17:06,629]  INFO {org.wso2.carbon.event.processor.core.internal.util.EventProcessorConfigurationFilesystemInvoker} - Execution plan: carbon.super_sub_AsyncSilver saved in the filesystem
TID: [] [] [2026-10-01 14:17:06,654]  INFO {org.wso2.carbon.event.stream.core.internal.EventJunction} - Producer added to the junction. Stream:org.wso2.throttle.globalThrottle.stream:1.0.0
TID: [] [] [2026-10-01 14:17:06,654]  INFO {org.wso2.carbon.event.stream.core.internal.EventJunction} - Consumer added to the junction. Stream:org.wso2.throttle.processed.request.stream:1.0.0
TID: [] [] [2026-10-01 14:17:06,654]  INFO {org.wso2.carbon.event.processor.core.EventProcessorDeployer} - Execution plan is deployed successfully and in active state  : carbon.super_sub_AsyncSilver
TID: [] [] [2026-10-01 14:17:06,666]  INFO {org.wso2.carbon.event.processor.core.internal.util.EventProcessorConfigurationFilesystemInvoker} - Execution plan: carbon.super_sub_AsyncBronze saved in the filesystem
TID: [] [] [2026-10-01 14:17:06,672]  INFO {org.wso2.carbon.apimgt.common.jms.JMSListener} - Started to listen on destination : throttleData of type topic for listener Siddhi-JMS-Consumer#throttleData
TID: [] [] [2026-10-01 14:17:06,673]  INFO {org.wso2.carbon.apimgt.common.jms.JMSListener} - Started to listen on destination : tokenRevocation of type topic for listener Siddhi-JMS-Consumer#tokenRevocation
TID: [] [] [2026-10-01 14:17:06,681]  INFO {org.wso2.carbon.apimgt.common.jms.JMSListener} - Started to listen on destination : cacheInvalidation of type topic for listener Siddhi-JMS-Consumer#cacheInvalidation
TID: [] [] [2026-10-01 14:17:06,690]  INFO {org.wso2.carbon.apimgt.common.jms.JMSListener} - Started to listen on destination : asyncWebhooksData of type topic for listener Siddhi-JMS-Consumer#asyncWebhooksData
TID: [] [] [2026-10-01 14:17:06,690]  INFO {org.wso2.carbon.apimgt.common.jms.JMSListener} - Started to listen on destination : notification of type topic for listener Siddhi-JMS-Consumer#notification
TID: [] [] [2026-10-01 14:17:06,694]  INFO {org.wso2.carbon.event.stream.core.internal.EventJunction} - Producer added to the junction. Stream:org.wso2.throttle.globalThrottle.stream:1.0.0
TID: [] [] [2026-10-01 14:17:06,694]  INFO {org.wso2.carbon.event.stream.core.internal.EventJunction} - Consumer added to the junction. Stream:org.wso2.throttle.processed.request.stream:1.0.0
TID: [] [] [2026-10-01 14:17:06,694]  INFO {org.wso2.carbon.event.processor.core.EventProcessorDeployer} - Execution plan is deployed successfully and in active state  : carbon.super_sub_AsyncBronze
TID: [] [] [2026-10-01 14:17:06,695]  INFO {org.wso2.carbon.apimgt.common.jms.JMSListener} - Started to listen on destination : throttleData of type topic for listener Siddhi-JMS-Consumer#throttleData
TID: [] [] [2026-10-01 14:17:06,701]  INFO {org.wso2.carbon.event.processor.core.internal.util.EventProcessorConfigurationFilesystemInvoker} - Execution plan: carbon.super_sub_AsyncDefaultSubscriptionless saved in the filesystem
TID: [] [] [2026-10-01 14:17:06,719]  INFO {org.wso2.carbon.event.stream.core.internal.EventJunction} - Producer added to the junction. Stream:org.wso2.throttle.globalThrottle.stream:1.0.0
TID: [] [] [2026-10-01 14:17:06,719]  INFO {org.wso2.carbon.event.stream.core.internal.EventJunction} - Consumer added to the junction. Stream:org.wso2.throttle.processed.request.stream:1.0.0
TID: [] [] [2026-10-01 14:17:06,719]  INFO {org.wso2.carbon.event.processor.core.EventProcessorDeployer} - Execution plan is deployed successfully and in active state  : carbon.super_sub_AsyncDefaultSubscriptionless
TID: [] [] [2026-10-01 14:17:06,731]  INFO {org.wso2.carbon.event.processor.core.internal.util.EventProcessorConfigurationFilesystemInvoker} - Execution plan: carbon.super_sub_AIGold saved in the filesystem
TID: [] [] [2026-10-01 14:17:06,752]  INFO {org.wso2.carbon.event.stream.core.internal.EventJunction} - Producer added to the junction. Stream:org.wso2.throttle.globalThrottle.stream:1.0.0
TID: [] [] [2026-10-01 14:17:06,752]  INFO {org.wso2.carbon.event.stream.core.internal.EventJunction} - Consumer added to the junction. Stream:org.wso2.throttle.processed.request.stream:1.0.0
TID: [] [] [2026-10-01 14:17:06,752]  INFO {org.wso2.carbon.event.processor.core.EventProcessorDeployer} - Execution plan is deployed successfully and in active state  : carbon.super_sub_AIGold
TID: [] [] [2026-10-01 14:17:06,760]  INFO {org.wso2.carbon.event.processor.core.internal.util.EventProcessorConfigurationFilesystemInvoker} - Execution plan: carbon.super_sub_AISilver saved in the filesystem
TID: [] [] [2026-10-01 14:17:06,779]  INFO {org.wso2.carbon.event.stream.core.internal.EventJunction} - Producer added to the junction. Stream:org.wso2.throttle.globalThrottle.stream:1.0.0
TID: [] [] [2026-10-01 14:17:06,779]  INFO {org.wso2.carbon.event.stream.core.internal.EventJunction} - Consumer added to the junction. Stream:org.wso2.throttle.processed.request.stream:1.0.0
TID: [] [] [2026-10-01 14:17:06,779]  INFO {org.wso2.carbon.event.processor.core.EventProcessorDeployer} - Execution plan is deployed successfully and in active state  : carbon.super_sub_AISilver
TID: [] [] [2026-10-01 14:17:06,787]  INFO {org.wso2.carbon.event.processor.core.internal.util.EventProcessorConfigurationFilesystemInvoker} - Execution plan: carbon.super_sub_AIBronze saved in the filesystem
TID: [] [] [2026-10-01 14:17:06,804]  INFO {org.wso2.carbon.event.stream.core.internal.EventJunction} - Producer added to the junction. Stream:org.wso2.throttle.globalThrottle.stream:1.0.0
TID: [] [] [2026-10-01 14:17:06,804]  INFO {org.wso2.carbon.event.stream.core.internal.EventJunction} - Consumer added to the junction. Stream:org.wso2.throttle.processed.request.stream:1.0.0
TID: [] [] [2026-10-01 14:17:06,804]  INFO {org.wso2.carbon.event.processor.core.EventProcessorDeployer} - Execution plan is deployed successfully and in active state  : carbon.super_sub_AIBronze
TID: [] [] [2026-10-01 14:17:06,810]  INFO {org.wso2.carbon.event.processor.core.internal.util.EventProcessorConfigurationFilesystemInvoker} - Execution plan: carbon.super_sub_AsyncWHGold saved in the filesystem
TID: [] [] [2026-10-01 14:17:06,824]  INFO {org.wso2.carbon.event.stream.core.internal.EventJunction} - Producer added to the junction. Stream:org.wso2.throttle.globalThrottle.stream:1.0.0
TID: [] [] [2026-10-01 14:17:06,824]  INFO {org.wso2.carbon.event.stream.core.internal.EventJunction} - Consumer added to the junction. Stream:org.wso2.throttle.processed.request.stream:1.0.0
TID: [] [] [2026-10-01 14:17:06,824]  INFO {org.wso2.carbon.event.processor.core.EventProcessorDeployer} - Execution plan is deployed successfully and in active state  : carbon.super_sub_AsyncWHGold
TID: [] [] [2026-10-01 14:17:06,829]  INFO {org.wso2.carbon.event.processor.core.internal.util.EventProcessorConfigurationFilesystemInvoker} - Execution plan: carbon.super_sub_AsyncWHSilver saved in the filesystem
TID: [] [] [2026-10-01 14:17:06,848]  INFO {org.wso2.carbon.event.stream.core.internal.EventJunction} - Producer added to the junction. Stream:org.wso2.throttle.globalThrottle.stream:1.0.0
TID: [] [] [2026-10-01 14:17:06,848]  INFO {org.wso2.carbon.event.stream.core.internal.EventJunction} - Consumer added to the junction. Stream:org.wso2.throttle.processed.request.stream:1.0.0
TID: [] [] [2026-10-01 14:17:06,848]  INFO {org.wso2.carbon.event.processor.core.EventProcessorDeployer} - Execution plan is deployed successfully and in active state  : carbon.super_sub_AsyncWHSilver
TID: [] [] [2026-10-01 14:17:06,853]  INFO {org.wso2.carbon.event.processor.core.internal.util.EventProcessorConfigurationFilesystemInvoker} - Execution plan: carbon.super_sub_AsyncWHBronze saved in the filesystem
TID: [] [] [2026-10-01 14:17:06,869]  INFO {org.wso2.carbon.event.stream.core.internal.EventJunction} - Producer added to the junction. Stream:org.wso2.throttle.globalThrottle.stream:1.0.0
TID: [] [] [2026-10-01 14:17:06,869]  INFO {org.wso2.carbon.event.stream.core.internal.EventJunction} - Consumer added to the junction. Stream:org.wso2.throttle.processed.request.stream:1.0.0
TID: [] [] [2026-10-01 14:17:06,869]  INFO {org.wso2.carbon.event.processor.core.EventProcessorDeployer} - Execution plan is deployed successfully and in active state  : carbon.super_sub_AsyncWHBronze
TID: [] [] [2026-10-01 14:17:06,878]  INFO {org.wso2.carbon.event.processor.core.internal.util.EventProcessorConfigurationFilesystemInvoker} - Execution plan: carbon.super_app_50PerMin saved in the filesystem
TID: [] [] [2026-10-01 14:17:06,898]  INFO {org.wso2.carbon.event.stream.core.internal.EventJunction} - Producer added to the junction. Stream:org.wso2.throttle.globalThrottle.stream:1.0.0
TID: [] [] [2026-10-01 14:17:06,898]  INFO {org.wso2.carbon.event.stream.core.internal.EventJunction} - Consumer added to the junction. Stream:org.wso2.throttle.processed.request.stream:1.0.0
TID: [] [] [2026-10-01 14:17:06,899]  INFO {org.wso2.carbon.event.processor.core.EventProcessorDeployer} - Execution plan is deployed successfully and in active state  : carbon.super_app_50PerMin
TID: [] [] [2026-10-01 14:17:06,904]  INFO {org.wso2.carbon.event.processor.core.internal.util.EventProcessorConfigurationFilesystemInvoker} - Execution plan: carbon.super_app_20PerMin saved in the filesystem
TID: [] [] [2026-10-01 14:17:06,922]  INFO {org.wso2.carbon.event.stream.core.internal.EventJunction} - Producer added to the junction. Stream:org.wso2.throttle.globalThrottle.stream:1.0.0
TID: [] [] [2026-10-01 14:17:06,922]  INFO {org.wso2.carbon.event.stream.core.internal.EventJunction} - Consumer added to the junction. Stream:org.wso2.throttle.processed.request.stream:1.0.0
TID: [] [] [2026-10-01 14:17:06,922]  INFO {org.wso2.carbon.event.processor.core.EventProcessorDeployer} - Execution plan is deployed successfully and in active state  : carbon.super_app_20PerMin
TID: [] [] [2026-10-01 14:17:06,927]  INFO {org.wso2.carbon.event.processor.core.internal.util.EventProcessorConfigurationFilesystemInvoker} - Execution plan: carbon.super_app_10PerMin saved in the filesystem
TID: [] [] [2026-10-01 14:17:06,942]  INFO {org.wso2.carbon.event.stream.core.internal.EventJunction} - Producer added to the junction. Stream:org.wso2.throttle.globalThrottle.stream:1.0.0
TID: [] [] [2026-10-01 14:17:06,943]  INFO {org.wso2.carbon.event.stream.core.internal.EventJunction} - Consumer added to the junction. Stream:org.wso2.throttle.processed.request.stream:1.0.0
TID: [] [] [2026-10-01 14:17:06,943]  INFO {org.wso2.carbon.event.processor.core.EventProcessorDeployer} - Execution plan is deployed successfully and in active state  : carbon.super_app_10PerMin
TID: [] [] [2026-10-01 14:17:06,958]  INFO {org.wso2.carbon.event.processor.core.internal.util.EventProcessorConfigurationFilesystemInvoker} - Execution plan: carbon.super_resource_50KPerMin_default saved in the filesystem
TID: [] [] [2026-10-01 14:17:06,974]  INFO {org.wso2.carbon.event.stream.core.internal.EventJunction} - Producer added to the junction. Stream:org.wso2.throttle.globalThrottle.stream:1.1.0
TID: [] [] [2026-10-01 14:17:06,974]  INFO {org.wso2.carbon.event.stream.core.internal.EventJunction} - Consumer added to the junction. Stream:org.wso2.throttle.processed.request.stream:1.0.0
TID: [] [] [2026-10-01 14:17:06,974]  INFO {org.wso2.carbon.event.processor.core.EventProcessorDeployer} - Execution plan is deployed successfully and in active state  : carbon.super_resource_50KPerMin_default
TID: [] [] [2026-10-01 14:17:06,985]  INFO {org.wso2.carbon.event.processor.core.internal.util.EventProcessorConfigurationFilesystemInvoker} - Execution plan: carbon.super_resource_20KPerMin_default saved in the filesystem
TID: [] [] [2026-10-01 14:17:07,000]  INFO {org.wso2.carbon.event.stream.core.internal.EventJunction} - Producer added to the junction. Stream:org.wso2.throttle.globalThrottle.stream:1.1.0
TID: [] [] [2026-10-01 14:17:07,000]  INFO {org.wso2.carbon.event.stream.core.internal.EventJunction} - Consumer added to the junction. Stream:org.wso2.throttle.processed.request.stream:1.0.0
TID: [] [] [2026-10-01 14:17:07,000]  INFO {org.wso2.carbon.event.processor.core.EventProcessorDeployer} - Execution plan is deployed successfully and in active state  : carbon.super_resource_20KPerMin_default
TID: [] [] [2026-10-01 14:17:07,007]  INFO {org.wso2.carbon.event.processor.core.internal.util.EventProcessorConfigurationFilesystemInvoker} - Execution plan: carbon.super_resource_10KPerMin_default saved in the filesystem
TID: [] [] [2026-10-01 14:17:07,023]  INFO {org.wso2.carbon.event.stream.core.internal.EventJunction} - Producer added to the junction. Stream:org.wso2.throttle.globalThrottle.stream:1.1.0
TID: [] [] [2026-10-01 14:17:07,023]  INFO {org.wso2.carbon.event.stream.core.internal.EventJunction} - Consumer added to the junction. Stream:org.wso2.throttle.processed.request.stream:1.0.0
TID: [] [] [2026-10-01 14:17:07,023]  INFO {org.wso2.carbon.event.processor.core.EventProcessorDeployer} - Execution plan is deployed successfully and in active state  : carbon.super_resource_10KPerMin_default
TID: [-1234] [] [2026-10-01 14:19:32,869]  INFO {org.wso2.carbon.core.services.util.CarbonAuthenticationUtil} - 'admin@carbon.super [-1234]' logged in at [2026-10-01 14:19:32,869-0300]
TID: [-1234] [api/am/publisher] [2026-10-01 14:23:53,143] ERROR {org.wso2.carbon.apimgt.impl.utils.APIUtil} - Invalid endpoint url https://localhost:8080/aplicaçãoExemplo
TID: [-1234] [api/am/publisher] [2026-10-01 14:24:00,120] ERROR {org.wso2.carbon.apimgt.impl.utils.APIUtil} - Invalid endpoint url https://localhost:8080/aplicaçãoExemplo
TID: [-1234] [internal/data/v1] [2026-10-01 14:24:11,927]  INFO {org.wso2.carbon.apimgt.impl.importexport.utils.CommonUtil} - Creation of folder is successful. Directory Name : Api Exemplo-0.1
TID: [-1234] [internal/data/v1] [2026-10-01 14:24:11,927]  INFO {org.wso2.carbon.apimgt.impl.importexport.utils.CommonUtil} - Creation of folder is successful. Directory Name : Definitions
TID: [] [] [2026-10-01 14:24:12,133]  INFO {org.wso2.carbon.mediation.dependency.mgt.DependencyTracker} - Local entry : e2751bd4-70e9-4e96-9c39-c0d334d80213 was added to the Synapse configuration successfully
TID: [] [] [2026-10-01 14:24:12,135]  INFO {org.wso2.carbon.mediation.dependency.mgt.DependencyTracker} - Endpoint : Api Exemplo--v0.1_APIproductionEndpoint was added to the Synapse configuration successfully
TID: [] [] [2026-10-01 14:24:12,136]  INFO {org.wso2.carbon.mediation.dependency.mgt.DependencyTracker} - Endpoint : Api Exemplo--v0.1_APIsandboxEndpoint was added to the Synapse configuration successfully
TID: [] [] [2026-10-01 14:24:12,258]  INFO {org.apache.synapse.api.API} - {api:prod--Api Exemplo:v0.1} Initializing API: prod--Api Exemplo:v0.1
TID: [] [] [2026-10-01 14:24:12,267]  INFO {org.wso2.carbon.mediation.dependency.mgt.DependencyTracker} - API : prod--Api Exemplo:v0.1 was added to the Synapse configuration successfully
TID: [] [] [2026-10-01 14:25:52,958]  INFO {org.wso2.carbon.core.init.CarbonServerManager} - Shutdown hook triggered....
TID: [] [] [2026-10-01 14:25:52,958]  INFO {org.wso2.carbon.core.init.CarbonServerManager} - Gracefully shutting down WSO2 API Manager...
TID: [] [] [2026-10-01 14:25:52,958]  INFO {org.wso2.carbon.core.ServerManagement} - Starting to switch to maintenance mode...
TID: [] [] [2026-10-01 14:25:52,959]  INFO {org.apache.synapse.transport.passthru.PassThroughHttpListener} - Stopping Pass-through HTTP Listener..
TID: [] [] [2026-10-01 14:25:52,959]  INFO {org.apache.synapse.transport.passthru.PassThroughHttpMultiSSLListener} - Stopping Pass-through HTTPS Listener..
TID: [] [] [2026-10-01 14:25:52,959]  INFO {org.apache.synapse.transport.passthru.core.PassThroughListeningIOReactorManager} - Pausing  IO Reactor bind for port 8280
TID: [] [] [2026-10-01 14:25:52,959]  INFO {org.apache.synapse.transport.passthru.core.PassThroughListeningIOReactorManager} - Pausing  IO Reactor bind for port 8243
TID: [] [] [2026-10-01 14:25:52,959]  INFO {org.apache.synapse.transport.passthru.core.PassThroughListeningIOReactorManager} - Shutting down IO Reactor bind for port 8280
TID: [] [] [2026-10-01 14:25:52,959]  INFO {org.apache.synapse.transport.passthru.core.PassThroughListeningIOReactorManager} - Shutting down IO Reactor bind for port 8243
TID: [] [] [2026-10-01 14:25:52,960]  INFO {org.apache.synapse.transport.passthru.core.PassThroughListeningIOReactorManager} - HTTPS-Listener I/O dispatcher Listener shutdown.
TID: [] [] [2026-10-01 14:25:52,960]  INFO {org.apache.synapse.transport.passthru.core.PassThroughListeningIOReactorManager} - HTTP-Listener I/O dispatcher Listener shutdown.
TID: [] [] [2026-10-01 14:25:52,960]  INFO {org.wso2.carbon.core.ServerManagement} - Stopped all transport listeners
TID: [] [] [2026-10-01 14:25:52,960]  INFO {org.apache.synapse.transport.passthru.PassThroughHttpListener} - Destroying PassThroughHttpListener
TID: [] [] [2026-10-01 14:25:52,960]  INFO {org.apache.synapse.transport.passthru.PassThroughHttpMultiSSLListener} - Destroying PassThroughHttpListener
TID: [] [] [2026-10-01 14:25:52,960]  INFO {org.wso2.carbon.core.ServerManagement} - Waiting for request service completion...
TID: [] [] [2026-10-01 14:25:52,964]  INFO {org.wso2.carbon.core.ServerManagement} - All requests have been served.
TID: [] [] [2026-10-01 14:25:52,964]  INFO {org.wso2.carbon.core.ServerManagement} - Waiting for deployment completion...
TID: [] [] [2026-10-01 14:25:52,991]  INFO {org.wso2.carbon.webapp.mgt.WebApplication} - Unloaded webapp: StandardEngine[Catalina].StandardHost[localhost].StandardContext[/publisher]
TID: [] [] [2026-10-01 14:25:53,004]  INFO {org.wso2.carbon.webapp.mgt.WebApplication} - Unloaded webapp: StandardEngine[Catalina].StandardHost[localhost].StandardContext[/accountrecoveryendpoint]
TID: [] [] [2026-10-01 14:25:53,014]  INFO {org.wso2.carbon.webapp.mgt.WebApplication} - Unloaded webapp: StandardEngine[Catalina].StandardHost[localhost].StandardContext[/devportal]
TID: [] [] [2026-10-01 14:25:53,035]  INFO {org.wso2.carbon.webapp.mgt.WebApplication} - Unloaded webapp: StandardEngine[Catalina].StandardHost[localhost].StandardContext[/authenticationendpoint]
TID: [] [] [2026-10-01 14:25:53,044]  INFO {org.wso2.carbon.webapp.mgt.WebApplication} - Unloaded webapp: StandardEngine[Catalina].StandardHost[localhost].StandardContext[/admin]
TID: [] [] [2026-10-01 14:25:53,054]  INFO {org.wso2.carbon.webapp.mgt.WebApplication} - Unloaded webapp: StandardEngine[Catalina].StandardHost[localhost].StandardContext[/api/identity/auth/v1.1]
TID: [] [] [2026-10-01 14:25:53,063]  INFO {org.wso2.carbon.webapp.mgt.WebApplication} - Unloaded webapp: StandardEngine[Catalina].StandardHost[localhost].StandardContext[/api/identity/oauth2/dcr/v1.1]
TID: [] [] [2026-10-01 14:25:53,070]  INFO {org.wso2.carbon.webapp.mgt.WebApplication} - Unloaded webapp: StandardEngine[Catalina].StandardHost[localhost].StandardContext[/internal/data/v1]
TID: [] [] [2026-10-01 14:25:53,077]  INFO {org.wso2.carbon.webapp.mgt.WebApplication} - Unloaded webapp: StandardEngine[Catalina].StandardHost[localhost].StandardContext[/oauth2]
TID: [] [] [2026-10-01 14:25:53,083]  INFO {org.wso2.carbon.webapp.mgt.WebApplication} - Unloaded webapp: StandardEngine[Catalina].StandardHost[localhost].StandardContext[/client-registration/v0.17]
TID: [] [] [2026-10-01 14:25:53,090]  INFO {org.wso2.carbon.webapp.mgt.WebApplication} - Unloaded webapp: StandardEngine[Catalina].StandardHost[localhost].StandardContext[/api/am/devportal]
TID: [] [] [2026-10-01 14:25:53,096]  INFO {org.wso2.carbon.webapp.mgt.WebApplication} - Unloaded webapp: StandardEngine[Catalina].StandardHost[localhost].StandardContext[/api/am/admin]
TID: [] [] [2026-10-01 14:25:53,103]  INFO {org.wso2.carbon.webapp.mgt.WebApplication} - Unloaded webapp: StandardEngine[Catalina].StandardHost[localhost].StandardContext[/api/identity/recovery/v0.9]
TID: [] [] [2026-10-01 14:25:53,110]  INFO {org.wso2.carbon.webapp.mgt.WebApplication} - Unloaded webapp: StandardEngine[Catalina].StandardHost[localhost].StandardContext[/api/identity/user/v1.0]
TID: [] [] [2026-10-01 14:25:53,120]  INFO {org.wso2.carbon.webapp.mgt.WebApplication} - Unloaded webapp: StandardEngine[Catalina].StandardHost[localhost].StandardContext[/api/identity/oauth2/v1.0]
TID: [] [] [2026-10-01 14:25:53,127]  INFO {org.wso2.carbon.webapp.mgt.WebApplication} - Unloaded webapp: StandardEngine[Catalina].StandardHost[localhost].StandardContext[/api/am/gateway/v2]
TID: [] [] [2026-10-01 14:25:53,133]  INFO {org.wso2.carbon.webapp.mgt.WebApplication} - Unloaded webapp: StandardEngine[Catalina].StandardHost[localhost].StandardContext[/api/am/publisher]
TID: [] [] [2026-10-01 14:25:53,139]  INFO {org.wso2.carbon.webapp.mgt.WebApplication} - Unloaded webapp: StandardEngine[Catalina].StandardHost[localhost].StandardContext[/api/am/service-catalog/v1]
TID: [] [] [2026-10-01 14:25:53,145]  INFO {org.wso2.carbon.webapp.mgt.WebApplication} - Unloaded webapp: StandardEngine[Catalina].StandardHost[localhost].StandardContext[/api/am/devops/v0]
TID: [] [] [2026-10-01 14:25:53,153]  INFO {org.wso2.carbon.webapp.mgt.WebApplication} - Unloaded webapp: StandardEngine[Catalina].StandardHost[localhost].StandardContext[/api/am/governance]
TID: [] [] [2026-10-01 14:25:53,158]  INFO {org.wso2.carbon.webapp.mgt.WebApplication} - Unloaded webapp: StandardEngine[Catalina].StandardHost[localhost].StandardContext[/api/identity/consent-mgt/v1.0]
TID: [] [] [2026-10-01 14:25:53,163]  INFO {org.wso2.carbon.webapp.mgt.WebApplication} - Unloaded webapp: StandardEngine[Catalina].StandardHost[localhost].StandardContext[/keymanager-operations]
TID: [] [] [2026-10-01 14:25:53,165]  INFO {org.wso2.carbon.webapp.mgt.WebApplication} - Unloaded webapp: StandardEngine[Catalina].StandardHost[localhost].StandardContext[/am/sample/pizzashack/v1]
TID: [] [] [2026-10-01 14:25:53,168]  INFO {org.wso2.carbon.webapp.mgt.WebApplication} - Unloaded webapp: StandardEngine[Catalina].StandardHost[localhost].StandardContext[/am/sample/calculator/v1]
TID: [] [] [2026-10-01 14:25:53,168]  INFO {org.wso2.carbon.core.ServerManagement} - All deployment tasks have been completed.
TID: [] [] [2026-10-01 14:25:53,168]  INFO {org.wso2.carbon.core.ServerManagement} - Waiting for server task completion...
TID: [] [] [2026-10-01 14:25:53,169]  INFO {org.wso2.carbon.registry.core.internal.RegistryCoreServiceComponent} - Writing logs 
TID: [] [] [2026-10-01 14:25:53,169]  INFO {org.wso2.carbon.core.ServerManagement} - All server tasks have been completed.
TID: [] [] [2026-10-01 14:25:53,169]  INFO {org.wso2.carbon.core.init.CarbonServerManager} - Shutting down WSO2 API Manager...
TID: [] [] [2026-10-01 14:25:53,169]  INFO {org.wso2.carbon.apimgt.common.jms.JMSTransportHandler} - Starting to Shutdown the Listener...
TID: [] [] [2026-10-01 14:25:54,173]  INFO {org.wso2.carbon.apimgt.common.jms.JMSTaskManager} - Task manager for jms consumer 1000 shutdown
TID: [] [] [2026-10-01 14:25:54,173]  INFO {org.wso2.carbon.apimgt.common.jms.JMSListener} - Stopped listening for JMS messages to listener : Siddhi-JMS-Consumer#notification
TID: [] [] [2026-10-01 14:25:54,173]  INFO {org.wso2.carbon.apimgt.common.jms.JMSTransportHandler} - Starting to Shutdown the Listener...
TID: [] [] [2026-10-01 14:25:55,176]  INFO {org.wso2.carbon.apimgt.common.jms.JMSTaskManager} - Task manager for jms consumer 1000 shutdown
TID: [] [] [2026-10-01 14:25:55,176]  INFO {org.wso2.carbon.apimgt.common.jms.JMSListener} - Stopped listening for JMS messages to listener : Siddhi-JMS-Consumer#keyManager
TID: [] [] [2026-10-01 14:25:56,180]  INFO {org.wso2.carbon.apimgt.common.jms.JMSTaskManager} - Task manager for jms consumer 1000 shutdown
TID: [] [] [2026-10-01 14:25:56,180]  INFO {org.wso2.carbon.apimgt.common.jms.JMSListener} - Stopped listening for JMS messages to listener : Siddhi-JMS-Consumer#notification
TID: [] [] [2026-10-01 14:25:57,182]  INFO {org.wso2.carbon.apimgt.common.jms.JMSTaskManager} - Task manager for jms consumer 1000 shutdown
TID: [] [] [2026-10-01 14:25:57,182]  INFO {org.wso2.carbon.apimgt.common.jms.JMSListener} - Stopped listening for JMS messages to listener : Siddhi-JMS-Consumer#notification
TID: [] [] [2026-10-01 14:25:57,182]  INFO {org.wso2.carbon.apimgt.common.jms.JMSTransportHandler} - Starting to Shutdown the Listener...
TID: [] [] [2026-10-01 14:25:58,183]  INFO {org.wso2.carbon.apimgt.common.jms.JMSTaskManager} - Task manager for jms consumer 1000 shutdown
TID: [] [] [2026-10-01 14:25:58,183]  INFO {org.wso2.carbon.apimgt.common.jms.JMSListener} - Stopped listening for JMS messages to listener : Siddhi-JMS-Consumer#notification
TID: [] [] [2026-10-01 14:25:58,183]  INFO {org.wso2.carbon.apimgt.common.jms.JMSTransportHandler} - Starting to Shutdown the Listener...
TID: [] [] [2026-10-01 14:25:59,186]  INFO {org.wso2.carbon.apimgt.common.jms.JMSTaskManager} - Task manager for jms consumer 1000 shutdown
TID: [] [] [2026-10-01 14:25:59,186]  INFO {org.wso2.carbon.apimgt.common.jms.JMSListener} - Stopped listening for JMS messages to listener : Siddhi-JMS-Consumer#throttleData
TID: [] [] [2026-10-01 14:25:59,186]  INFO {org.wso2.carbon.apimgt.common.jms.JMSTransportHandler} - Starting to Shutdown the Listener...
TID: [] [] [2026-10-01 14:26:00,187]  INFO {org.wso2.carbon.apimgt.common.jms.JMSTaskManager} - Task manager for jms consumer 1000 shutdown
TID: [] [] [2026-10-01 14:26:00,187]  INFO {org.wso2.carbon.apimgt.common.jms.JMSListener} - Stopped listening for JMS messages to listener : Siddhi-JMS-Consumer#tokenRevocation
TID: [] [] [2026-10-01 14:26:01,189]  INFO {org.wso2.carbon.apimgt.common.jms.JMSTaskManager} - Task manager for jms consumer 1000 shutdown
TID: [] [] [2026-10-01 14:26:01,189]  INFO {org.wso2.carbon.apimgt.common.jms.JMSListener} - Stopped listening for JMS messages to listener : Siddhi-JMS-Consumer#cacheInvalidation
TID: [] [] [2026-10-01 14:26:02,193]  INFO {org.wso2.carbon.apimgt.common.jms.JMSTaskManager} - Task manager for jms consumer 1000 shutdown
TID: [] [] [2026-10-01 14:26:02,193]  INFO {org.wso2.carbon.apimgt.common.jms.JMSListener} - Stopped listening for JMS messages to listener : Siddhi-JMS-Consumer#notification
TID: [] [] [2026-10-01 14:26:03,197]  INFO {org.wso2.carbon.apimgt.common.jms.JMSTaskManager} - Task manager for jms consumer 1000 shutdown
TID: [] [] [2026-10-01 14:26:03,197]  INFO {org.wso2.carbon.apimgt.common.jms.JMSListener} - Stopped listening for JMS messages to listener : Siddhi-JMS-Consumer#throttleData
TID: [] [] [2026-10-01 14:26:04,201]  INFO {org.wso2.carbon.apimgt.common.jms.JMSTaskManager} - Task manager for jms consumer 1000 shutdown
TID: [] [] [2026-10-01 14:26:04,201]  INFO {org.wso2.carbon.apimgt.common.jms.JMSListener} - Stopped listening for JMS messages to listener : Siddhi-JMS-Consumer#asyncWebhooksData
TID: [] [] [2026-10-01 14:26:04,201]  INFO {org.wso2.carbon.apimgt.gateway.notifiers.DeploymentStatusNotifier} - Shutting down DeploymentStatusNotifier
TID: [] [] [2026-10-01 14:26:04,204]  INFO {org.wso2.carbon.apimgt.common.jms.JMSTransportHandler} - Starting to Shutdown the Listener...
TID: [] [] [2026-10-01 14:26:04,204]  INFO {org.wso2.carbon.apimgt.common.jms.JMSTransportHandler} - Starting to Shutdown the Listener...
TID: [] [] [2026-10-01 14:26:04,204]  INFO {org.wso2.carbon.apimgt.common.jms.JMSTransportHandler} - Starting to Shutdown the Listener...
TID: [] [] [2026-10-01 14:26:04,204]  INFO {org.wso2.carbon.apimgt.common.jms.JMSTransportHandler} - Starting to Shutdown the Listener...
TID: [] [] [2026-10-01 14:26:04,204]  INFO {org.wso2.carbon.apimgt.common.jms.JMSTransportHandler} - Starting to Shutdown the Listener...
TID: [] [] [2026-10-01 14:26:04,208]  INFO {org.wso2.carbon.core.init.CarbonServerManager} - Shutting down OSGi framework...
TID: [] [] [2026-10-01 14:26:04,220]  INFO {org.wso2.carbon.core.init.CarbonServerManager} - Stopping CarbonServerManager...
TID: [] [] [2026-10-01 14:26:04,221]  INFO {org.wso2.carbon.websocket.transport.WebsocketTransportSender} - WSS Sender Shutdown
TID: [] [] [2026-10-01 14:26:04,221]  INFO {org.apache.synapse.transport.passthru.PassThroughHttpSender} - HTTP Sender shutdown
TID: [] [] [2026-10-01 14:26:04,221]  INFO {org.wso2.carbon.websocket.transport.WebsocketTransportSender} - WS Sender Shutdown
TID: [] [] [2026-10-01 14:26:04,221]  INFO {org.apache.synapse.transport.passthru.PassThroughHttpSSLSender} - HTTPS Sender shutdown
TID: [] [] [2026-10-01 14:26:04,221]  INFO {org.apache.synapse.transport.passthru.PassThroughHttpListener} - Destroying PassThroughHttpListener
TID: [] [] [2026-10-01 14:26:04,222]  INFO {org.apache.synapse.transport.passthru.PassThroughHttpMultiSSLListener} - Destroying PassThroughHttpListener
TID: [] [] [2026-10-01 14:26:04,237]  INFO {org.wso2.carbon.event.processor.core.internal.CarbonEventProcessorService} - Successfully shutdown ExecutionPlans
TID: [] [] [2026-10-01 14:26:04,246]  INFO {org.wso2.carbon.apimgt.governance.impl.ComplianceEvaluationScheduler} - Shutting down Evaluation Request Scheduler...
TID: [] [] [2026-10-01 14:26:04,246]  INFO {org.wso2.carbon.apimgt.governance.impl.ComplianceEvaluationScheduler} - Evaluation Request Scheduler shut down.
TID: [] [] [2026-10-01 14:26:04,271]  INFO {org.apache.synapse.Axis2SynapseController} - Undeploying the Synapse service...
TID: [] [] [2026-10-01 14:26:04,271]  INFO {org.apache.synapse.Axis2SynapseController} - Undeploying Proxy services...
TID: [] [] [2026-10-01 14:26:04,271]  INFO {org.apache.synapse.Axis2SynapseController} - Undeploying EventSources...
TID: [] [] [2026-10-01 14:26:04,271]  INFO {org.apache.synapse.inbound.InboundEndpoint} - Destroying Inbound Endpoint: WebSocketInboundEndpoint
TID: [] [] [2026-10-01 14:26:04,274]  INFO {org.apache.synapse.inbound.InboundEndpoint} - Destroying Inbound Endpoint: SecureWebSocketEP
TID: [] [] [2026-10-01 14:26:04,277]  INFO {org.apache.synapse.inbound.InboundEndpoint} - Destroying Inbound Endpoint: WebhookServer
TID: [] [] [2026-10-01 14:26:04,277]  INFO {org.apache.synapse.transport.passthru.core.PassThroughListeningIOReactorManager} - Closing Endpoint Listener for port 9021
TID: [] [] [2026-10-01 14:26:05,281]  INFO {org.apache.synapse.transport.passthru.core.PassThroughListeningIOReactorManager} - Successfully closed Endpoint Listener for port 9021
TID: [] [] [2026-10-01 14:26:05,281]  INFO {org.apache.synapse.inbound.InboundEndpoint} - Destroying Inbound Endpoint: SecureWebhookServer
TID: [] [] [2026-10-01 14:26:05,281]  INFO {org.apache.synapse.transport.passthru.core.PassThroughListeningIOReactorManager} - Closing Endpoint Listener for port 8021
TID: [] [] [2026-10-01 14:26:06,282]  INFO {org.apache.synapse.transport.passthru.core.PassThroughListeningIOReactorManager} - Successfully closed Endpoint Listener for port 8021
TID: [] [] [2026-10-01 14:26:06,283]  INFO {org.apache.synapse.api.API} - {api:_HealthCheckAPI_} Destroying API: _HealthCheckAPI_
TID: [] [] [2026-10-01 14:26:06,283]  INFO {org.apache.synapse.api.API} - {api:prod--Api Exemplo:v0.1} Destroying API: prod--Api Exemplo:v0.1
TID: [] [] [2026-10-01 14:26:06,283]  INFO {org.apache.synapse.api.API} - {api:_OpenService_} Destroying API: _OpenService_
TID: [] [] [2026-10-01 14:26:06,283]  INFO {org.apache.synapse.api.API} - {api:_JwksEndpoint_} Destroying API: _JwksEndpoint_
TID: [] [] [2026-10-01 14:26:06,283]  INFO {org.apache.synapse.task.SynapseTaskManager} - Shutting down the task manager
TID: [] [] [2026-10-01 14:26:06,289]  INFO {org.wso2.carbon.metrics.impl.reporter.AbstractReporter} - Stopped JMX reporter for Metrics
TID: [] [] [2026-10-01 14:26:06,314]  INFO {org.wso2.carbon.tomcat.ext.internal.CarbonTomcatServiceComponent} - Stopping the carbon web-app registered under : /
TID: [] [] [2026-10-01 14:26:06,407]  INFO {org.wso2.carbon.apimgt.eventing.hub.internal.ServiceComponent} - Eventing Hub ServiceComponent is deactivated
TID: [] [] [2026-10-01 14:26:06,408]  INFO {org.wso2.carbon.event.publisher.core.EventPublisherDeployer} - Event Publisher undeployed successfully : HTTP-recommendationEventPublisher.xml
TID: [] [] [2026-10-01 14:26:06,409]  INFO {org.wso2.carbon.event.publisher.core.EventPublisherDeployer} - Event Publisher deployment held back and in inactive state : HTTP-recommendationEventPublisher.xml, waiting for Output Event Adapter dependency : http-extended
TID: [] [] [2026-10-01 14:26:06,409]  INFO {org.wso2.carbon.event.publisher.core.internal.CarbonEventPublisherService} - Event publisher : HTTP-recommendationEventPublisher  is in inactive state because dependency could not be found : http-extended
TID: [] [] [2026-10-01 14:26:06,409]  INFO {org.wso2.carbon.event.publisher.core.EventPublisherDeployer} - Event Publisher undeployed successfully : jmsEventPublisher_1.10.0_2.xml
TID: [] [] [2026-10-01 14:26:06,410]  INFO {org.wso2.carbon.event.publisher.core.EventPublisherDeployer} - Event Publisher deployment held back and in inactive state : jmsEventPublisher_1.10.0_2.xml, waiting for Output Event Adapter dependency : jms
TID: [] [] [2026-10-01 14:26:06,410]  INFO {org.wso2.carbon.event.publisher.core.internal.CarbonEventPublisherService} - Event publisher : jmsEventPublisher-1.0.0-2  is in inactive state because dependency could not be found : jms
TID: [] [] [2026-10-01 14:26:06,410]  INFO {org.wso2.carbon.event.publisher.core.EventPublisherDeployer} - Event Publisher undeployed successfully : keymgtEventJMSEventPublisher.xml
TID: [] [] [2026-10-01 14:26:06,411]  INFO {org.wso2.carbon.event.publisher.core.EventPublisherDeployer} - Event Publisher deployment held back and in inactive state : keymgtEventJMSEventPublisher.xml, waiting for Output Event Adapter dependency : jms
TID: [] [] [2026-10-01 14:26:06,411]  INFO {org.wso2.carbon.event.publisher.core.internal.CarbonEventPublisherService} - Event publisher : keymgtEventJMSEventPublisher  is in inactive state because dependency could not be found : jms
TID: [] [] [2026-10-01 14:26:06,411]  INFO {org.wso2.carbon.event.publisher.core.EventPublisherDeployer} - Event Publisher undeployed successfully : globalCacheInvalidationJMSPublisher.xml
TID: [] [] [2026-10-01 14:26:06,411]  INFO {org.wso2.carbon.event.publisher.core.EventPublisherDeployer} - Event Publisher deployment held back and in inactive state : globalCacheInvalidationJMSPublisher.xml, waiting for Output Event Adapter dependency : jms
TID: [] [] [2026-10-01 14:26:06,411]  INFO {org.wso2.carbon.event.publisher.core.internal.CarbonEventPublisherService} - Event publisher : globalCacheInvalidationJMSPublisher  is in inactive state because dependency could not be found : jms
TID: [] [] [2026-10-01 14:26:06,411]  INFO {org.wso2.carbon.event.publisher.core.EventPublisherDeployer} - Event Publisher undeployed successfully : asyncWebhooksEventPublisher_1.0.0.xml
TID: [] [] [2026-10-01 14:26:06,412]  INFO {org.wso2.carbon.event.publisher.core.EventPublisherDeployer} - Event Publisher deployment held back and in inactive state : asyncWebhooksEventPublisher_1.0.0.xml, waiting for Output Event Adapter dependency : jms
TID: [] [] [2026-10-01 14:26:06,412]  INFO {org.wso2.carbon.event.publisher.core.internal.CarbonEventPublisherService} - Event publisher : asyncWebhooksEventPublisher-1.0.0  is in inactive state because dependency could not be found : jms
TID: [] [] [2026-10-01 14:26:06,412]  INFO {org.wso2.carbon.event.publisher.core.EventPublisherDeployer} - Event Publisher undeployed successfully : jmsEventPublisher2.xml
TID: [] [] [2026-10-01 14:26:06,412]  INFO {org.wso2.carbon.event.publisher.core.EventPublisherDeployer} - Event Publisher deployment held back and in inactive state : jmsEventPublisher2.xml, waiting for Output Event Adapter dependency : jms
TID: [] [] [2026-10-01 14:26:06,412]  INFO {org.wso2.carbon.event.publisher.core.internal.CarbonEventPublisherService} - Event publisher : jmsEventPublisher2  is in inactive state because dependency could not be found : jms
TID: [] [] [2026-10-01 14:26:06,412]  INFO {org.wso2.carbon.event.publisher.core.EventPublisherDeployer} - Event Publisher undeployed successfully : asyncWebhooksEventPublisher.xml
TID: [] [] [2026-10-01 14:26:06,413]  INFO {org.wso2.carbon.event.publisher.core.EventPublisherDeployer} - Event Publisher deployment held back and in inactive state : asyncWebhooksEventPublisher.xml, waiting for Output Event Adapter dependency : jms
TID: [] [] [2026-10-01 14:26:06,413]  INFO {org.wso2.carbon.event.publisher.core.internal.CarbonEventPublisherService} - Event publisher : asyncWebhooksEventPublisher  is in inactive state because dependency could not be found : jms
TID: [] [] [2026-10-01 14:26:06,413]  INFO {org.wso2.carbon.event.publisher.core.EventPublisherDeployer} - Event Publisher undeployed successfully : asyncWebhooksEventPublisher_1.0.0_2.xml
TID: [] [] [2026-10-01 14:26:06,413]  INFO {org.wso2.carbon.event.publisher.core.EventPublisherDeployer} - Event Publisher deployment held back and in inactive state : asyncWebhooksEventPublisher_1.0.0_2.xml, waiting for Output Event Adapter dependency : jms
TID: [] [] [2026-10-01 14:26:06,413]  INFO {org.wso2.carbon.event.publisher.core.internal.CarbonEventPublisherService} - Event publisher : asyncWebhooksEventPublisher-1.0.0-2  is in inactive state because dependency could not be found : jms
TID: [] [] [2026-10-01 14:26:06,413]  INFO {org.wso2.carbon.event.publisher.core.EventPublisherDeployer} - Event Publisher undeployed successfully : cacheInvalidationEventJMSPublisher.xml
TID: [] [] [2026-10-01 14:26:06,414]  INFO {org.wso2.carbon.event.publisher.core.EventPublisherDeployer} - Event Publisher deployment held back and in inactive state : cacheInvalidationEventJMSPublisher.xml, waiting for Output Event Adapter dependency : jms
TID: [] [] [2026-10-01 14:26:06,414]  INFO {org.wso2.carbon.event.publisher.core.internal.CarbonEventPublisherService} - Event publisher : cacheInvalidationJMSPublisher  is in inactive state because dependency could not be found : jms
TID: [] [] [2026-10-01 14:26:06,414]  INFO {org.wso2.carbon.event.publisher.core.EventPublisherDeployer} - Event Publisher undeployed successfully : asyncWebhooksEventPublisher2.xml
TID: [] [] [2026-10-01 14:26:06,414]  INFO {org.wso2.carbon.event.publisher.core.EventPublisherDeployer} - Event Publisher deployment held back and in inactive state : asyncWebhooksEventPublisher2.xml, waiting for Output Event Adapter dependency : jms
TID: [] [] [2026-10-01 14:26:06,414]  INFO {org.wso2.carbon.event.publisher.core.internal.CarbonEventPublisherService} - Event publisher : asyncWebhooksEventPublisher2  is in inactive state because dependency could not be found : jms
TID: [] [] [2026-10-01 14:26:06,414]  INFO {org.wso2.carbon.event.publisher.core.EventPublisherDeployer} - Event Publisher undeployed successfully : blockingEventJMSPublisher.xml
TID: [] [] [2026-10-01 14:26:06,415]  INFO {org.wso2.carbon.event.publisher.core.EventPublisherDeployer} - Event Publisher deployment held back and in inactive state : blockingEventJMSPublisher.xml, waiting for Output Event Adapter dependency : jms
TID: [] [] [2026-10-01 14:26:06,415]  INFO {org.wso2.carbon.event.publisher.core.internal.CarbonEventPublisherService} - Event publisher : blockingEventJMSPublisher  is in inactive state because dependency could not be found : jms
TID: [] [] [2026-10-01 14:26:06,415]  INFO {org.wso2.carbon.event.publisher.core.EventPublisherDeployer} - Event Publisher undeployed successfully : tokenRevokeEventJMSPublisher_2.xml
TID: [] [] [2026-10-01 14:26:06,415]  INFO {org.wso2.carbon.event.publisher.core.EventPublisherDeployer} - Event Publisher deployment held back and in inactive state : tokenRevokeEventJMSPublisher_2.xml, waiting for Output Event Adapter dependency : jms
TID: [] [] [2026-10-01 14:26:06,415]  INFO {org.wso2.carbon.event.publisher.core.internal.CarbonEventPublisherService} - Event publisher : tokenRevocationJMSPublisher2  is in inactive state because dependency could not be found : jms
TID: [] [] [2026-10-01 14:26:06,415]  INFO {org.wso2.carbon.event.publisher.core.EventPublisherDeployer} - Event Publisher undeployed successfully : jmsEventPublisher_1.10.0.xml
TID: [] [] [2026-10-01 14:26:06,416]  INFO {org.wso2.carbon.event.publisher.core.EventPublisherDeployer} - Event Publisher deployment held back and in inactive state : jmsEventPublisher_1.10.0.xml, waiting for Output Event Adapter dependency : jms
TID: [] [] [2026-10-01 14:26:06,416]  INFO {org.wso2.carbon.event.publisher.core.internal.CarbonEventPublisherService} - Event publisher : jmsEventPublisher-1.0.0  is in inactive state because dependency could not be found : jms
TID: [] [] [2026-10-01 14:26:06,416]  INFO {org.wso2.carbon.event.publisher.core.EventPublisherDeployer} - Event Publisher undeployed successfully : notificationEventJMSPublisher.xml
TID: [] [] [2026-10-01 14:26:06,416]  INFO {org.wso2.carbon.event.publisher.core.EventPublisherDeployer} - Event Publisher deployment held back and in inactive state : notificationEventJMSPublisher.xml, waiting for Output Event Adapter dependency : jms
TID: [] [] [2026-10-01 14:26:06,416]  INFO {org.wso2.carbon.event.publisher.core.internal.CarbonEventPublisherService} - Event publisher : notificationJMSPublisher  is in inactive state because dependency could not be found : jms
TID: [] [] [2026-10-01 14:26:06,416]  INFO {org.wso2.carbon.event.publisher.core.EventPublisherDeployer} - Event Publisher undeployed successfully : jmsEventPublisher.xml
TID: [] [] [2026-10-01 14:26:06,417]  INFO {org.wso2.carbon.event.publisher.core.EventPublisherDeployer} - Event Publisher deployment held back and in inactive state : jmsEventPublisher.xml, waiting for Output Event Adapter dependency : jms
TID: [] [] [2026-10-01 14:26:06,417]  INFO {org.wso2.carbon.event.publisher.core.internal.CarbonEventPublisherService} - Event publisher : jmsEventPublisher  is in inactive state because dependency could not be found : jms
TID: [] [] [2026-10-01 14:26:06,417]  INFO {org.wso2.carbon.event.publisher.core.EventPublisherDeployer} - Event Publisher undeployed successfully : tokenRevokeEventJMSPublisher.xml
TID: [] [] [2026-10-01 14:26:06,417]  INFO {org.wso2.carbon.event.publisher.core.EventPublisherDeployer} - Event Publisher deployment held back and in inactive state : tokenRevokeEventJMSPublisher.xml, waiting for Output Event Adapter dependency : jms
TID: [] [] [2026-10-01 14:26:06,417]  INFO {org.wso2.carbon.event.publisher.core.internal.CarbonEventPublisherService} - Event publisher : tokenRevocationJMSPublisher  is in inactive state because dependency could not be found : jms
TID: [] [] [2026-10-01 14:26:06,417]  INFO {org.wso2.carbon.event.publisher.core.EventPublisherDeployer} - Event Publisher undeployed successfully : EmailPublisher.xml
TID: [] [] [2026-10-01 14:26:06,417]  INFO {org.wso2.carbon.event.publisher.core.EventPublisherDeployer} - Event Publisher deployment held back and in inactive state : EmailPublisher.xml, waiting for Output Event Adapter dependency : email
TID: [] [] [2026-10-01 14:26:06,417]  INFO {org.wso2.carbon.event.publisher.core.internal.CarbonEventPublisherService} - Event publisher : EmailPublisher  is in inactive state because dependency could not be found : email
TID: [] [] [2026-10-01 14:26:06,423]  INFO {org.wso2.carbon.databridge.receiver.binary.internal.BinaryDataReceiverServiceComponent} - Binary Data Receiver server shutting down...
TID: [] [] [2026-10-01 14:26:06,423]  INFO {org.wso2.carbon.databridge.receiver.binary.internal.BinaryDataReceiver} - Stopping Binary Server..
TID: [-1234] [] [2026-10-01 14:26:06,655]  INFO {org.wso2.carbon.core.init.CarbonServerManager} - Shutdown complete 
TID: [-1234] [] [2026-10-01 14:26:06,655]  INFO {org.wso2.carbon.core.init.CarbonServerManager} - Halting JVM 
TID: [2026-10-01 14:26:24,028]  INFO {org.wso2.config.mapper.ConfigParser} - Configurations Changed in :repository\resources\security\listenerprofiles.xml {org.wso2.config.mapper.ConfigParser}
TID: [2026-10-01 14:26:24,028]  INFO {org.wso2.config.mapper.ConfigParser} - Configurations Changed in :repository\resources\security\sslprofiles.xml {org.wso2.config.mapper.ConfigParser}
TID: [2026-10-01 14:26:24,028]  INFO {org.wso2.config.mapper.ConfigParser} - Overriding files in configuration directory D:\wso2am-4.6.0\bin\.. {org.wso2.config.mapper.ConfigParser}
TID: [] [] [2026-10-01 14:26:28,949]  INFO {org.wso2.carbon.core.internal.CarbonCoreActivator} - Starting WSO2 Carbon...
TID: [] [] [2026-10-01 14:26:28,949]  INFO {org.wso2.carbon.core.internal.CarbonCoreActivator} - Operating System : Windows 10 10.0, amd64
TID: [] [] [2026-10-01 14:26:28,949]  INFO {org.wso2.carbon.core.internal.CarbonCoreActivator} - Java Home        : C:\Program Files\Java\jdk-17
TID: [] [] [2026-10-01 14:26:28,949]  INFO {org.wso2.carbon.core.internal.CarbonCoreActivator} - Java Version     : 17.0.15
TID: [] [] [2026-10-01 14:26:28,949]  INFO {org.wso2.carbon.core.internal.CarbonCoreActivator} - Java VM          : Java HotSpot(TM) 64-Bit Server VM 17.0.15+9-LTS-241,Oracle Corporation
TID: [] [] [2026-10-01 14:26:28,949]  INFO {org.wso2.carbon.core.internal.CarbonCoreActivator} - Carbon Home      : D:\wso2am-4.6.0\bin\..
TID: [] [] [2026-10-01 14:26:28,949]  INFO {org.wso2.carbon.core.internal.CarbonCoreActivator} - Java Temp Dir    : D:\wso2am-4.6.0\bin\..\tmp
TID: [] [] [2026-10-01 14:26:28,949]  INFO {org.wso2.carbon.core.internal.CarbonCoreActivator} - User             : gabri, en-US, America/Sao_Paulo
TID: [] [] [2026-10-01 14:26:29,144]  INFO {org.wso2.carbon.crypto.provider.internal.DefaultCryptoProviderComponent} - 'CryptoService.Secret' property has not been set. 'org.wso2.carbon.crypto.provider.SymmetricKeyInternalCryptoProvider' won't be registered as an internal crypto provider. Please set the secret if the provider needs to be registered.
TID: [] [] [2026-10-01 14:26:29,374]  INFO {org.wso2.carbon.event.output.adapter.kafka.internal.ds.KafkaEventAdapterServiceDS} - Successfully deployed the Kafka output event adaptor service
TID: [] [] [2026-10-01 14:26:33,370]  INFO {org.wso2.carbon.apimgt.eventing.hub.internal.ServiceComponent} - Eventing Hub ServiceComponent is activated
TID: [] [] [2026-10-01 14:26:33,791]  WARN {org.apache.tomcat.util.digester.Digester} - Match [Server/Service/Engine/Host/Valve] failed to set property [maxDays] to []
TID: [] [] [2026-10-01 14:26:34,299]  INFO {org.wso2.carbon.consent.mgt.core.internal.ConsentManagerComponent} - ConsentManagerComponent is activated.
TID: [] [] [2026-10-01 14:26:34,417]  INFO {org.wso2.carbon.databridge.receiver.binary.internal.BinaryDataReceiverServiceComponent} - Binary Data Receiver server activated
TID: [] [] [2026-10-01 14:26:34,427]  INFO {org.wso2.carbon.databridge.core.internal.DataBridgeDS} - Successfully deployed Agent Server 
TID: [] [] [2026-10-01 14:26:34,750]  INFO {org.wso2.carbon.registry.core.jdbc.EmbeddedRegistryService} - Configured Registry in 49ms
TID: [] [] [2026-10-01 14:26:34,778]  INFO {org.wso2.carbon.registry.core.jdbc.EmbeddedRegistryService} - Connected to mount at configregistry in 3ms
TID: [] [] [2026-10-01 14:26:34,778]  INFO {org.wso2.carbon.registry.core.jdbc.EmbeddedRegistryService} - Connected to mount at govregistry in 3ms
TID: [] [] [2026-10-01 14:26:34,813]  INFO {org.wso2.carbon.registry.core.jdbc.EmbeddedRegistryService} - Connected to mount at configregistry in 3ms
TID: [] [] [2026-10-01 14:26:34,813]  INFO {org.wso2.carbon.registry.core.jdbc.EmbeddedRegistryService} - Connected to mount at govregistry in 3ms
TID: [] [] [2026-10-01 14:26:34,817]  INFO {org.wso2.carbon.registry.core.internal.RegistryCoreServiceComponent} - Registry Mode    : READ-WRITE
TID: [] [] [2026-10-01 14:26:35,253]  INFO {org.wso2.carbon.metrics.impl.util.JmxReporterBuilder} - Creating JMX reporter for Metrics with domain 'org.wso2.carbon.metrics'
TID: [] [] [2026-10-01 14:26:35,255]  INFO {org.wso2.carbon.metrics.impl.reporter.AbstractReporter} - Started JMX reporter for Metrics
TID: [] [] [2026-10-01 14:26:54,360]  INFO {org.wso2.carbon.registry.indexing.solr.SolrClient} - Default Embedded Solr Server Initialized
TID: [] [] [2026-10-01 14:26:54,454]  INFO {org.wso2.carbon.user.core.internal.UserStoreMgtDSComponent} - Carbon UserStoreMgtDSComponent activated successfully.
TID: [] [] [2026-10-01 14:26:55,828]  INFO {org.wso2.carbon.identity.user.store.configuration.deployer.UserStoreConfigurationDeployer} - User Store Configuration Deployer initiated.
TID: [] [] [2026-10-01 14:26:55,828]  INFO {org.wso2.carbon.identity.user.store.configuration.deployer.UserStoreConfigurationDeployer} - User Store Configuration Deployer initiated.
TID: [] [] [2026-10-01 14:26:55,961]  INFO {org.wso2.carbon.websocket.transport.WebsocketTransportSender} - WSS Sender started
TID: [] [] [2026-10-01 14:26:55,975]  INFO {org.apache.synapse.transport.passthru.PassThroughHttpSender} - Initializing Pass-through HTTP/S Sender...
TID: [] [] [2026-10-01 14:26:56,009]  INFO {org.apache.synapse.transport.passthru.PassThroughHttpSender} - Pass-through HTTP Sender started...
TID: [] [] [2026-10-01 14:26:56,009]  INFO {org.apache.synapse.transport.passthru.PassThroughHttpSSLSender} - Initializing Pass-through HTTP/S Sender...
TID: [] [] [2026-10-01 14:26:56,014]  INFO {org.apache.synapse.transport.nhttp.config.ClientConnFactoryBuilder} - customSSLProfiles configuration is loaded from path: D:\wso2am-4.6.0\repository/resources/security/sslprofiles.xml
TID: [] [] [2026-10-01 14:26:56,014]  INFO {org.apache.synapse.transport.nhttp.config.ClientConnFactoryBuilder} - HTTPS Loading custom SSL profiles for the HTTPS sender
TID: [] [] [2026-10-01 14:26:56,018]  INFO {org.apache.synapse.transport.nhttp.config.ClientConnFactoryBuilder} - HTTPS Custom SSL profiles initialized for 1 mappings
TID: [] [] [2026-10-01 14:26:56,019]  INFO {org.apache.synapse.transport.passthru.PassThroughHttpSSLSender} - Pass-through HTTPS Sender started...
TID: [] [] [2026-10-01 14:26:56,022]  INFO {org.wso2.carbon.websocket.transport.WebsocketTransportSender} - WS Sender started
TID: [] [] [2026-10-01 14:26:56,045]  INFO {org.apache.synapse.transport.passthru.PassThroughHttpListener} - Initializing Pass-through HTTP/S Listener...
TID: [] [] [2026-10-01 14:26:56,061]  INFO {org.apache.synapse.transport.passthru.PassThroughHttpMultiSSLListener} - Initializing Pass-through HTTP/S Listener...
TID: [] [] [2026-10-01 14:26:56,066]  INFO {org.apache.synapse.transport.nhttp.config.ServerConnFactoryBuilder} - SSLProfile configuration is loaded from path: D:\wso2am-4.6.0\repository/resources/security/listenerprofiles.xml
TID: [] [] [2026-10-01 14:26:56,290]  INFO {org.wso2.carbon.core.deployment.DeploymentInterceptor} - Deploying Axis2 service: AdminAdvisoryManagementService {super-tenant}
TID: [] [] [2026-10-01 14:26:56,761]  INFO {org.wso2.carbon.core.deployment.DeploymentInterceptor} - Deploying Axis2 service: I18nEmailMgtConfigService {super-tenant}
TID: [] [] [2026-10-01 14:26:57,595]  INFO {org.wso2.carbon.core.deployment.DeploymentInterceptor} - Deploying Axis2 service: AccountCredentialMgtConfigService {super-tenant}
TID: [] [] [2026-10-01 14:26:57,595]  INFO {org.wso2.carbon.core.deployment.DeploymentInterceptor} - Deploying Axis2 service: UserIdentityManagementAdminService {super-tenant}
TID: [] [] [2026-10-01 14:26:57,595]  INFO {org.wso2.carbon.core.deployment.DeploymentInterceptor} - Deploying Axis2 service: UserInformationRecoveryService {super-tenant}
TID: [] [] [2026-10-01 14:26:58,024]  WARN {org.apache.axis2.description.java2wsdl.DefaultSchemaGenerator} - We don't support method overloading. Ignoring [addRemoteServerConfig]
TID: [] [] [2026-10-01 14:26:58,024]  WARN {org.apache.axis2.description.java2wsdl.DefaultSchemaGenerator} - We don't support method overloading. Ignoring [resetRemoteServerConfig]
TID: [] [] [2026-10-01 14:26:58,345]  WARN {org.apache.axis2.description.java2wsdl.DefaultSchemaGenerator} - We don't support method overloading. Ignoring [searchByAttribute]
TID: [] [] [2026-10-01 14:26:59,056]  INFO {org.wso2.carbon.core.init.CarbonServerManager} - Repository       : D:\wso2am-4.6.0\bin\../repository/deployment/server/
TID: [] [] [2026-10-01 14:26:59,059]  INFO {org.wso2.carbon.event.input.adapter.kafka.internal.ds.KafkaEventAdapterServiceHolder} - Kafka input event adaptor waiting for dependent configurations to load
TID: [] [] [2026-10-01 14:26:59,069]  INFO {org.wso2.carbon.andes.core.internal.ds.QueueManagerServiceDS} - Successfully created the queue manager service
TID: [] [] [2026-10-01 14:26:59,072]  INFO {org.wso2.carbon.andes.core.internal.ds.SubscriptionManagerServiceDS} - Successfully created the subscription manager service
TID: [] [] [2026-10-01 14:26:59,147]  INFO {org.wso2.carbon.apimgt.persistence.internal.PersistenceManagerComponent} - Activating PersistenceManagerComponent 
TID: [] [] [2026-10-01 14:26:59,163]  INFO {org.wso2.carbon.core.multitenancy.eager.TenantLoadingConfig} - Using tenant lazy loading policy...
TID: [] [] [2026-10-01 14:26:59,171]  INFO {org.wso2.carbon.core.internal.permission.update.PermissionUpdater} - Permission cache updated for tenant -1234
TID: [] [] [2026-10-01 14:26:59,733]  INFO {org.wso2.carbon.identity.entitlement.internal.SchemaBuilder} - XACML policy schema loaded successfully.
TID: [] [] [2026-10-01 14:26:59,799]  INFO {org.wso2.carbon.user.core.internal.UserStoreMgtDSComponent} - Claim manager set for class org.wso2.carbon.user.core.common.DefaultRealm
TID: [] [] [2026-10-01 14:26:59,805]  INFO {org.wso2.carbon.user.core.internal.UserStoreMgtDSComponent} - Claim manager set for class org.wso2.carbon.user.core.jdbc.UniqueIDJDBCUserStoreManager
TID: [] [] [2026-10-01 14:26:59,844]  WARN {org.wso2.carbon.identity.application.mgt.internal.ApplicationManagementServiceComponent} - Templates directory not found at D:\wso2am-4.6.0\bin\..\repository\resources\identity\authntemplates
TID: [] [] [2026-10-01 14:27:00,034]  WARN {org.wso2.carbon.identity.auth.valve.internal.AuthenticationValveServiceComponent} - File invalid_tenant_domain_response.html not found. The default content will be used as the error page content.
TID: [] [] [2026-10-01 14:27:00,082]  WARN {org.wso2.carbon.identity.auth.service.internal.AuthenticationServiceComponent} - 

##################################  ALERT  ##################################
[WARNING]: Internal authentication is utilizing default credentials,
which may expose the environment to potential security risks.
If this is a production environment, change the credentials immediately.
Please refer to the WSO2 security advisory: https://security.docs.wso2.com/en/latest/security-announcements/security-advisories/2023/WSO2-2023-2617/
#############################################################################

TID: [] [] [2026-10-01 14:27:00,093]  INFO {org.wso2.carbon.identity.organization.management.tenant.association.internal.TenantAssociationServiceComponent} - Organization management related TenantAssociationManagementListener registered successfully.
TID: [] [] [2026-10-01 14:27:00,823]  INFO {org.wso2.carbon.apimgt.impl.dao.CorrelationConfigDAO} - Correlation Components [http, jdbc, ldap, synapse, method-calls]
TID: [] [] [2026-10-01 14:27:00,876]  INFO {org.wso2.carbon.apimgt.common.jms.factory.JMSConnectionFactory} - JMS ConnectionFactory : Siddhi-JMS-Consumer initialized
TID: [] [] [2026-10-01 14:27:00,879]  INFO {org.wso2.carbon.apimgt.governance.impl.ComplianceEvaluationScheduler} - Initializing Evaluation Request Scheduler...
TID: [] [] [2026-10-01 14:27:00,884]  INFO {org.wso2.carbon.apimgt.common.jms.factory.JMSConnectionFactory} - JMS ConnectionFactory : Siddhi-JMS-Consumer initialized
TID: [] [] [2026-10-01 14:27:00,921]  INFO {org.wso2.carbon.apimgt.common.jms.factory.JMSConnectionFactory} - JMS ConnectionFactory : Siddhi-JMS-Consumer initialized
TID: [] [] [2026-10-01 14:27:00,971]  INFO {org.wso2.carbon.identity.oauth.config.OAuthServerConfiguration} - The default OAuth token issuer will be used. No custom token generator is set.
TID: [] [] [2026-10-01 14:27:00,971]  INFO {org.wso2.carbon.identity.oauth.config.OAuthServerConfiguration} - An instance of org.wso2.carbon.identity.oauth2.token.OauthTokenIssuerImpl is created for Identity OAuth token generation.
TID: [] [] [2026-10-01 14:27:01,754]  INFO {org.wso2.carbon.identity.local.auth.api.core.internal.AuthAPIServiceComponent} - Auth API Service Component  is activated.
TID: [] [] [2026-10-01 14:27:01,911]  WARN {org.wso2.carbon.identity.event.internal.IdentityEventServiceComponent} - Properties for OrganizationCreationHandler is not configured. This event handler will not be activated
TID: [] [] [2026-10-01 14:27:01,928]  WARN {org.wso2.carbon.identity.application.authentication.framework.internal.FrameworkServiceComponent} - Adaptive authentication is disabled.
TID: [] [] [2026-10-01 14:27:01,975]  INFO {org.wso2.carbon.identity.application.authentication.framework.store.SessionDataStore} - Thread pool size for temporary authentication context data delete task: 20
TID: [] [] [2026-10-01 14:27:02,718]  INFO {org.wso2.carbon.mediation.initializer.ServiceBusInitializer} - Starting ESB...
TID: [] [] [2026-10-01 14:27:02,733]  INFO {org.wso2.carbon.mediation.initializer.ServiceBusInitializer} - Initializing Apache Synapse...
TID: [] [] [2026-10-01 14:27:02,737]  INFO {org.apache.synapse.SynapseControllerFactory} - Using Synapse home : D:\wso2am-4.6.0\.
TID: [] [] [2026-10-01 14:27:02,737]  INFO {org.apache.synapse.SynapseControllerFactory} - Using synapse.xml location : D:\wso2am-4.6.0\.\.\repository\deployment\server\synapse-configs\default
TID: [] [] [2026-10-01 14:27:02,737]  INFO {org.apache.synapse.SynapseControllerFactory} - Using server name : localhost
TID: [] [] [2026-10-01 14:27:02,753]  INFO {org.apache.synapse.SynapseControllerFactory} - The timeout handler will run every : 15s
TID: [] [] [2026-10-01 14:27:02,769]  INFO {org.apache.synapse.Axis2SynapseController} - Initializing Synapse at : Thu Oct 01 14:27:02 BRT 2026
TID: [] [] [2026-10-01 14:27:02,774]  INFO {org.wso2.carbon.mediation.initializer.CarbonSynapseController} - Loading the mediation configuration from the file system
TID: [] [] [2026-10-01 14:27:02,775]  INFO {org.apache.synapse.config.xml.MultiXMLConfigurationBuilder} - Building synapse configuration from the synapse artifact repository at : .\.\repository/deployment/server/synapse-configs\default
TID: [] [] [2026-10-01 14:27:02,775]  INFO {org.apache.synapse.config.xml.XMLConfigurationBuilder} - Generating the Synapse configuration model by parsing the XML configuration
TID: [] [] [2026-10-01 14:27:02,877]  INFO {org.wso2.carbon.mediation.dependency.mgt.DependencyTracker} - Sequence : dispatchSeq was added to the Synapse configuration successfully
TID: [] [] [2026-10-01 14:27:02,917]  INFO {org.wso2.carbon.mediation.dependency.mgt.DependencyTracker} - Sequence : fault was added to the Synapse configuration successfully
TID: [] [] [2026-10-01 14:27:02,951]  INFO {org.wso2.carbon.mediation.dependency.mgt.DependencyTracker} - Sequence : guardrail_fault was added to the Synapse configuration successfully
TID: [] [] [2026-10-01 14:27:02,990]  INFO {org.wso2.carbon.mediation.dependency.mgt.DependencyTracker} - Sequence : main was added to the Synapse configuration successfully
TID: [] [] [2026-10-01 14:27:02,991]  INFO {org.wso2.carbon.mediation.dependency.mgt.DependencyTracker} - Sequence : outDispatchSeq was added to the Synapse configuration successfully
TID: [] [] [2026-10-01 14:27:03,030]  INFO {org.wso2.carbon.mediation.dependency.mgt.DependencyTracker} - Sequence : webhooksFaultSequence was added to the Synapse configuration successfully
TID: [] [] [2026-10-01 14:27:03,050]  INFO {org.wso2.carbon.mediation.dependency.mgt.DependencyTracker} - Sequence : _auth_failure_handler_ was added to the Synapse configuration successfully
TID: [] [] [2026-10-01 14:27:03,073]  INFO {org.wso2.carbon.mediation.dependency.mgt.DependencyTracker} - Sequence : _backend_failure_handler_ was added to the Synapse configuration successfully
TID: [] [] [2026-10-01 14:27:03,079]  INFO {org.wso2.carbon.mediation.dependency.mgt.DependencyTracker} - Sequence : _api_blocked_sequence_ was added to the Synapse configuration successfully
TID: [] [] [2026-10-01 14:27:03,083]  INFO {org.wso2.carbon.mediation.dependency.mgt.DependencyTracker} - Sequence : _build_ was added to the Synapse configuration successfully
TID: [] [] [2026-10-01 14:27:03,110]  INFO {org.wso2.carbon.mediation.dependency.mgt.DependencyTracker} - Sequence : _cors_request_handler_ was added to the Synapse configuration successfully
TID: [] [] [2026-10-01 14:27:03,111]  INFO {org.wso2.carbon.mediation.dependency.mgt.DependencyTracker} - Sequence : _extension_fault_handler_ was added to the Synapse configuration successfully
TID: [] [] [2026-10-01 14:27:03,123]  INFO {org.wso2.carbon.mediation.dependency.mgt.DependencyTracker} - Sequence : _graphql_failure_handler was added to the Synapse configuration successfully
TID: [] [] [2026-10-01 14:27:03,134]  INFO {org.wso2.carbon.mediation.dependency.mgt.DependencyTracker} - Sequence : _mcp_failure_handler_ was added to the Synapse configuration successfully
TID: [] [] [2026-10-01 14:27:03,157]  INFO {org.wso2.carbon.mediation.dependency.mgt.DependencyTracker} - Sequence : _opa_policy_failure_handler_ was added to the Synapse configuration successfully
TID: [] [] [2026-10-01 14:27:03,159]  INFO {org.wso2.carbon.mediation.dependency.mgt.DependencyTracker} - Sequence : _production_key_error_ was added to the Synapse configuration successfully
TID: [] [] [2026-10-01 14:27:03,161]  INFO {org.wso2.carbon.mediation.dependency.mgt.DependencyTracker} - Sequence : _resource_mismatch_handler_ was added to the Synapse configuration successfully
TID: [] [] [2026-10-01 14:27:03,162]  INFO {org.wso2.carbon.mediation.dependency.mgt.DependencyTracker} - Sequence : _sandbox_key_error_ was added to the Synapse configuration successfully
TID: [] [] [2026-10-01 14:27:03,182]  INFO {org.wso2.carbon.mediation.dependency.mgt.DependencyTracker} - Sequence : _threat_fault_ was added to the Synapse configuration successfully
TID: [] [] [2026-10-01 14:27:03,220]  INFO {org.wso2.carbon.mediation.dependency.mgt.DependencyTracker} - Sequence : _throttle_out_handler_ was added to the Synapse configuration successfully
TID: [] [] [2026-10-01 14:27:03,238]  INFO {org.wso2.carbon.mediation.dependency.mgt.DependencyTracker} - Sequence : _token_fault_ was added to the Synapse configuration successfully
TID: [] [] [2026-10-01 14:27:03,268]  INFO {org.wso2.carbon.mediation.dependency.mgt.DependencyTracker} - API : _OpenService_ was added to the Synapse configuration successfully
TID: [] [] [2026-10-01 14:27:03,271]  INFO {org.wso2.carbon.mediation.dependency.mgt.DependencyTracker} - Inbound Endpoint : SecureWebhookServer was added to the Synapse configuration successfully
TID: [] [] [2026-10-01 14:27:03,273]  INFO {org.wso2.carbon.mediation.dependency.mgt.DependencyTracker} - Inbound Endpoint : SecureWebSocketEP was added to the Synapse configuration successfully
TID: [] [] [2026-10-01 14:27:03,274]  INFO {org.wso2.carbon.mediation.dependency.mgt.DependencyTracker} - Inbound Endpoint : WebhookServer was added to the Synapse configuration successfully
TID: [] [] [2026-10-01 14:27:03,275]  INFO {org.wso2.carbon.mediation.dependency.mgt.DependencyTracker} - Inbound Endpoint : WebSocketInboundEndpoint was added to the Synapse configuration successfully
TID: [] [] [2026-10-01 14:27:03,275]  INFO {org.apache.synapse.config.SynapseConfigurationBuilder} - Loaded Synapse configuration from the artifact repository at : .\.\repository/deployment/server/synapse-configs\default
TID: [] [] [2026-10-01 14:27:03,276]  INFO {org.wso2.carbon.mediation.dependency.mgt.DependencyTracker} - Local entry : SERVER_HOST was added to the Synapse configuration successfully
TID: [] [] [2026-10-01 14:27:03,276]  INFO {org.wso2.carbon.mediation.dependency.mgt.DependencyTracker} - Local entry : SERVER_IP was added to the Synapse configuration successfully
TID: [] [] [2026-10-01 14:27:03,308]  INFO {org.apache.synapse.Axis2SynapseController} - Loading mediator extensions...
TID: [] [] [2026-10-01 14:27:03,617]  INFO {org.wso2.carbon.core.deployment.DeploymentInterceptor} - Deploying Axis2 service: echo {super-tenant}
TID: [] [] [2026-10-01 14:27:03,632]  INFO {org.wso2.carbon.core.deployment.DeploymentInterceptor} - Deploying Axis2 service: Version {super-tenant}
TID: [] [] [2026-10-01 14:27:03,635]  INFO {org.wso2.carbon.event.publisher.core.EventPublisherDeployer} - Event Publisher deployment held back and in inactive state :EmailPublisher.xml, Stream validation exception : Stream id_gov_notify_stream:1.0.0 does not exist
TID: [] [] [2026-10-01 14:27:03,636]  INFO {org.wso2.carbon.event.publisher.core.EventPublisherDeployer} - Event Publisher deployment held back and in inactive state :HTTP-recommendationEventPublisher.xml, Stream validation exception : Stream org.wso2.apimgt.recommendation.event.stream:1.0.0 does not exist
TID: [] [] [2026-10-01 14:27:03,637]  INFO {org.wso2.carbon.event.publisher.core.EventPublisherDeployer} - Event Publisher deployment held back and in inactive state :asyncWebhooksEventPublisher.xml, Stream validation exception : Stream org.wso2.apimgt.webhooks.request.stream:1.0.0 does not exist
TID: [] [] [2026-10-01 14:27:03,638]  INFO {org.wso2.carbon.event.publisher.core.EventPublisherDeployer} - Event Publisher deployment held back and in inactive state :asyncWebhooksEventPublisher2.xml, Stream validation exception : Stream org.wso2.apimgt.webhooks.request.stream:1.0.0 does not exist
TID: [] [] [2026-10-01 14:27:03,638]  INFO {org.wso2.carbon.event.publisher.core.EventPublisherDeployer} - Event Publisher deployment held back and in inactive state :asyncWebhooksEventPublisher_1.0.0.xml, Stream validation exception : Stream org.wso2.apimgt.webhooks.request.stream:1.0.0 does not exist
TID: [] [] [2026-10-01 14:27:03,639]  INFO {org.wso2.carbon.event.publisher.core.EventPublisherDeployer} - Event Publisher deployment held back and in inactive state :asyncWebhooksEventPublisher_1.0.0_2.xml, Stream validation exception : Stream org.wso2.apimgt.webhooks.request.stream:1.0.0 does not exist
TID: [] [] [2026-10-01 14:27:03,639]  INFO {org.wso2.carbon.event.publisher.core.EventPublisherDeployer} - Event Publisher deployment held back and in inactive state :blockingEventJMSPublisher.xml, Stream validation exception : Stream org.wso2.blocking.request.stream:1.0.0 does not exist
TID: [] [] [2026-10-01 14:27:03,640]  INFO {org.wso2.carbon.event.publisher.core.EventPublisherDeployer} - Event Publisher deployment held back and in inactive state :cacheInvalidationEventJMSPublisher.xml, Stream validation exception : Stream org.wso2.apimgt.cache.invalidation.stream:1.0.0 does not exist
TID: [] [] [2026-10-01 14:27:03,641]  INFO {org.wso2.carbon.event.publisher.core.EventPublisherDeployer} - Event Publisher deployment held back and in inactive state :globalCacheInvalidationJMSPublisher.xml, Stream validation exception : Stream cache.invalidation.stream:1.0.0 does not exist
TID: [] [] [2026-10-01 14:27:03,641]  INFO {org.wso2.carbon.event.publisher.core.EventPublisherDeployer} - Event Publisher deployment held back and in inactive state :jmsEventPublisher.xml, Stream validation exception : Stream org.wso2.throttle.globalThrottle.stream:1.0.0 does not exist
TID: [] [] [2026-10-01 14:27:03,642]  INFO {org.wso2.carbon.event.publisher.core.EventPublisherDeployer} - Event Publisher deployment held back and in inactive state :jmsEventPublisher2.xml, Stream validation exception : Stream org.wso2.throttle.globalThrottle.stream:1.0.0 does not exist
TID: [] [] [2026-10-01 14:27:03,642]  INFO {org.wso2.carbon.event.publisher.core.EventPublisherDeployer} - Event Publisher deployment held back and in inactive state :jmsEventPublisher_1.10.0.xml, Stream validation exception : Stream org.wso2.throttle.globalThrottle.stream:1.1.0 does not exist
TID: [] [] [2026-10-01 14:27:03,643]  INFO {org.wso2.carbon.event.publisher.core.EventPublisherDeployer} - Event Publisher deployment held back and in inactive state :jmsEventPublisher_1.10.0_2.xml, Stream validation exception : Stream org.wso2.throttle.globalThrottle.stream:1.1.0 does not exist
TID: [] [] [2026-10-01 14:27:03,643]  INFO {org.wso2.carbon.event.publisher.core.EventPublisherDeployer} - Event Publisher deployment held back and in inactive state :keymgtEventJMSEventPublisher.xml, Stream validation exception : Stream org.wso2.apimgt.keymgt.stream:1.0.0 does not exist
TID: [] [] [2026-10-01 14:27:03,644]  INFO {org.wso2.carbon.event.publisher.core.EventPublisherDeployer} - Event Publisher deployment held back and in inactive state :notificationEventJMSPublisher.xml, Stream validation exception : Stream org.wso2.apimgt.notification.stream:1.0.0 does not exist
TID: [] [] [2026-10-01 14:27:03,644]  INFO {org.wso2.carbon.event.publisher.core.EventPublisherDeployer} - Event Publisher deployment held back and in inactive state :tokenRevokeEventJMSPublisher.xml, Stream validation exception : Stream org.wso2.apimgt.token.revocation.stream:1.0.0 does not exist
TID: [] [] [2026-10-01 14:27:03,645]  INFO {org.wso2.carbon.event.publisher.core.EventPublisherDeployer} - Event Publisher deployment held back and in inactive state :tokenRevokeEventJMSPublisher_2.xml, Stream validation exception : Stream org.wso2.apimgt.token.revocation.stream:1.0.0 does not exist
TID: [] [] [2026-10-01 14:27:03,648]  INFO {org.wso2.carbon.event.receiver.core.EventReceiverDeployer} - Event receiver deployment held back and in inactive state: blockingWso2EventReceiver.xml, Stream validation exception: Stream org.wso2.blocking.request.stream:1.0.0 does not exist
TID: [] [] [2026-10-01 14:27:03,649]  INFO {org.wso2.carbon.event.receiver.core.EventReceiverDeployer} - Event receiver deployment held back and in inactive state: cacheInvalidationRequestReceiver.xml, Stream validation exception: Stream cache.invalidation.stream:1.0.0 does not exist
TID: [] [] [2026-10-01 14:27:03,649]  INFO {org.wso2.carbon.event.receiver.core.EventReceiverDeployer} - Event receiver deployment held back and in inactive state: cacheInvalidationWso2EventReceiver.xml, Stream validation exception: Stream org.wso2.apimgt.cache.invalidation.stream:1.0.0 does not exist
TID: [] [] [2026-10-01 14:27:03,650]  INFO {org.wso2.carbon.event.receiver.core.EventReceiverDeployer} - Event receiver deployment held back and in inactive state: keyMgtWso2EventReceiver.xml, Stream validation exception: Stream org.wso2.apimgt.keymgt.stream:1.0.0 does not exist
TID: [] [] [2026-10-01 14:27:03,650]  INFO {org.wso2.carbon.event.receiver.core.EventReceiverDeployer} - Event receiver deployment held back and in inactive state: notificationsWSO2EventReceiver.xml, Stream validation exception: Stream org.wso2.apimgt.notification.stream:1.0.0 does not exist
TID: [] [] [2026-10-01 14:27:03,651]  INFO {org.wso2.carbon.event.receiver.core.EventReceiverDeployer} - Event receiver deployment held back and in inactive state: recommendationWso2EventReceiver.xml, Stream validation exception: Stream org.wso2.apimgt.recommendation.event.stream:1.0.0 does not exist
TID: [] [] [2026-10-01 14:27:03,652]  INFO {org.wso2.carbon.event.receiver.core.EventReceiverDeployer} - Event receiver deployment held back and in inactive state: throttleEventReceiver.xml, Stream validation exception: Stream org.wso2.throttle.request.stream:1.0.0 does not exist
TID: [] [] [2026-10-01 14:27:03,652]  INFO {org.wso2.carbon.event.receiver.core.EventReceiverDeployer} - Event receiver deployment held back and in inactive state: throttleWSO2EventReceiver.xml, Stream validation exception: Stream org.wso2.throttle.request.stream:1.0.0 does not exist
TID: [] [] [2026-10-01 14:27:03,653]  INFO {org.wso2.carbon.event.receiver.core.EventReceiverDeployer} - Event receiver deployment held back and in inactive state: tokenRevocationWso2EventReceiver.xml, Stream validation exception: Stream org.wso2.apimgt.token.revocation.stream:1.0.0 does not exist
TID: [] [] [2026-10-01 14:27:03,814]  INFO {org.wso2.carbon.event.publisher.core.EventPublisherDeployer} - Event Publisher undeployed successfully : globalCacheInvalidationJMSPublisher.xml
TID: [] [] [2026-10-01 14:27:03,818]  INFO {org.wso2.carbon.event.stream.core.internal.EventJunction} - WSO2EventConsumer added to the junction. Stream:cache.invalidation.stream:1.0.0
TID: [] [] [2026-10-01 14:27:03,831]  INFO {org.wso2.carbon.event.publisher.core.EventPublisherDeployer} - Event Publisher configuration successfully deployed and in active state : globalCacheInvalidationJMSPublisher
TID: [] [] [2026-10-01 14:27:03,847]  INFO {org.wso2.carbon.event.receiver.core.EventReceiverDeployer} - Event Receiver undeployed successfully: cacheInvalidationRequestReceiver.xml
TID: [] [] [2026-10-01 14:27:03,851]  INFO {org.wso2.carbon.event.input.adapter.core.internal.InputAdapterRuntime} - Connecting receiver cacheInvalidationRequestReceiver
TID: [] [] [2026-10-01 14:27:03,851]  INFO {org.wso2.carbon.event.stream.core.internal.EventJunction} - Producer added to the junction. Stream:cache.invalidation.stream:1.0.0
TID: [] [] [2026-10-01 14:27:03,851]  INFO {org.wso2.carbon.event.receiver.core.EventReceiverDeployer} - Event Receiver configuration successfully deployed and in active state: cacheInvalidationRequestReceiver
TID: [] [] [2026-10-01 14:27:03,851]  INFO {org.wso2.carbon.event.stream.core.EventStreamDeployer} - Stream definition is deployed successfully  : cache.invalidation.stream:1.0.0
TID: [] [] [2026-10-01 14:27:03,852]  INFO {org.wso2.carbon.event.publisher.core.EventPublisherDeployer} - Event Publisher undeployed successfully : EmailPublisher.xml
TID: [] [] [2026-10-01 14:27:03,855]  INFO {org.wso2.carbon.event.stream.core.internal.EventJunction} - WSO2EventConsumer added to the junction. Stream:id_gov_notify_stream:1.0.0
TID: [] [] [2026-10-01 14:27:03,856]  INFO {org.wso2.carbon.event.publisher.core.EventPublisherDeployer} - Event Publisher configuration successfully deployed and in active state : EmailPublisher
TID: [] [] [2026-10-01 14:27:03,856]  INFO {org.wso2.carbon.event.stream.core.EventStreamDeployer} - Stream definition is deployed successfully  : id_gov_notify_stream:1.0.0
TID: [] [] [2026-10-01 14:27:03,857]  INFO {org.wso2.carbon.event.publisher.core.EventPublisherDeployer} - Event Publisher undeployed successfully : cacheInvalidationEventJMSPublisher.xml
TID: [] [] [2026-10-01 14:27:03,859]  INFO {org.wso2.carbon.event.stream.core.internal.EventJunction} - WSO2EventConsumer added to the junction. Stream:org.wso2.apimgt.cache.invalidation.stream:1.0.0
TID: [] [] [2026-10-01 14:27:03,859]  INFO {org.wso2.carbon.event.publisher.core.EventPublisherDeployer} - Event Publisher configuration successfully deployed and in active state : cacheInvalidationJMSPublisher
TID: [] [] [2026-10-01 14:27:03,859]  INFO {org.wso2.carbon.event.receiver.core.EventReceiverDeployer} - Event Receiver undeployed successfully: cacheInvalidationWso2EventReceiver.xml
TID: [] [] [2026-10-01 14:27:03,861]  INFO {org.wso2.carbon.event.input.adapter.core.internal.InputAdapterRuntime} - Connecting receiver cacheInvalidationWso2EventReceiver
TID: [] [] [2026-10-01 14:27:03,861]  INFO {org.wso2.carbon.event.stream.core.internal.EventJunction} - Producer added to the junction. Stream:org.wso2.apimgt.cache.invalidation.stream:1.0.0
TID: [] [] [2026-10-01 14:27:03,861]  INFO {org.wso2.carbon.event.receiver.core.EventReceiverDeployer} - Event Receiver configuration successfully deployed and in active state: cacheInvalidationWso2EventReceiver
TID: [] [] [2026-10-01 14:27:03,861]  INFO {org.wso2.carbon.event.stream.core.EventStreamDeployer} - Stream definition is deployed successfully  : org.wso2.apimgt.cache.invalidation.stream:1.0.0
TID: [] [] [2026-10-01 14:27:03,862]  INFO {org.wso2.carbon.event.publisher.core.EventPublisherDeployer} - Event Publisher undeployed successfully : keymgtEventJMSEventPublisher.xml
TID: [] [] [2026-10-01 14:27:03,864]  INFO {org.wso2.carbon.event.stream.core.internal.EventJunction} - WSO2EventConsumer added to the junction. Stream:org.wso2.apimgt.keymgt.stream:1.0.0
TID: [] [] [2026-10-01 14:27:03,864]  INFO {org.wso2.carbon.event.publisher.core.EventPublisherDeployer} - Event Publisher configuration successfully deployed and in active state : keymgtEventJMSEventPublisher
TID: [] [] [2026-10-01 14:27:03,864]  INFO {org.wso2.carbon.event.receiver.core.EventReceiverDeployer} - Event Receiver undeployed successfully: keyMgtWso2EventReceiver.xml
TID: [] [] [2026-10-01 14:27:03,865]  INFO {org.wso2.carbon.event.input.adapter.core.internal.InputAdapterRuntime} - Connecting receiver keyMgtWso2EventReceiver
TID: [] [] [2026-10-01 14:27:03,865]  INFO {org.wso2.carbon.event.stream.core.internal.EventJunction} - Producer added to the junction. Stream:org.wso2.apimgt.keymgt.stream:1.0.0
TID: [] [] [2026-10-01 14:27:03,865]  INFO {org.wso2.carbon.event.receiver.core.EventReceiverDeployer} - Event Receiver configuration successfully deployed and in active state: keyMgtWso2EventReceiver
TID: [] [] [2026-10-01 14:27:03,865]  INFO {org.wso2.carbon.event.stream.core.EventStreamDeployer} - Stream definition is deployed successfully  : org.wso2.apimgt.keymgt.stream:1.0.0
TID: [] [] [2026-10-01 14:27:03,866]  INFO {org.wso2.carbon.event.publisher.core.EventPublisherDeployer} - Event Publisher undeployed successfully : notificationEventJMSPublisher.xml
TID: [] [] [2026-10-01 14:27:03,868]  INFO {org.wso2.carbon.event.stream.core.internal.EventJunction} - WSO2EventConsumer added to the junction. Stream:org.wso2.apimgt.notification.stream:1.0.0
TID: [] [] [2026-10-01 14:27:03,868]  INFO {org.wso2.carbon.event.publisher.core.EventPublisherDeployer} - Event Publisher configuration successfully deployed and in active state : notificationJMSPublisher
TID: [] [] [2026-10-01 14:27:03,868]  INFO {org.wso2.carbon.event.receiver.core.EventReceiverDeployer} - Event Receiver undeployed successfully: notificationsWSO2EventReceiver.xml
TID: [] [] [2026-10-01 14:27:03,869]  INFO {org.wso2.carbon.event.input.adapter.core.internal.InputAdapterRuntime} - Connecting receiver notificationsWSO2EventReceiver
TID: [] [] [2026-10-01 14:27:03,869]  INFO {org.wso2.carbon.event.stream.core.internal.EventJunction} - Producer added to the junction. Stream:org.wso2.apimgt.notification.stream:1.0.0
TID: [] [] [2026-10-01 14:27:03,869]  INFO {org.wso2.carbon.event.receiver.core.EventReceiverDeployer} - Event Receiver configuration successfully deployed and in active state: notificationsWSO2EventReceiver
TID: [] [] [2026-10-01 14:27:03,869]  INFO {org.wso2.carbon.event.stream.core.EventStreamDeployer} - Stream definition is deployed successfully  : org.wso2.apimgt.notification.stream:1.0.0
TID: [] [] [2026-10-01 14:27:03,870]  INFO {org.wso2.carbon.event.publisher.core.EventPublisherDeployer} - Event Publisher undeployed successfully : HTTP-recommendationEventPublisher.xml
TID: [] [] [2026-10-01 14:27:03,871]  INFO {org.wso2.carbon.event.stream.core.internal.EventJunction} - WSO2EventConsumer added to the junction. Stream:org.wso2.apimgt.recommendation.event.stream:1.0.0
TID: [] [] [2026-10-01 14:27:03,872]  INFO {org.wso2.carbon.event.publisher.core.EventPublisherDeployer} - Event Publisher configuration successfully deployed and in active state : HTTP-recommendationEventPublisher
TID: [] [] [2026-10-01 14:27:03,872]  INFO {org.wso2.carbon.event.receiver.core.EventReceiverDeployer} - Event Receiver undeployed successfully: recommendationWso2EventReceiver.xml
TID: [] [] [2026-10-01 14:27:03,873]  INFO {org.wso2.carbon.event.input.adapter.core.internal.InputAdapterRuntime} - Connecting receiver recommendationWso2EventReceiver
TID: [] [] [2026-10-01 14:27:03,873]  INFO {org.wso2.carbon.event.stream.core.internal.EventJunction} - Producer added to the junction. Stream:org.wso2.apimgt.recommendation.event.stream:1.0.0
TID: [] [] [2026-10-01 14:27:03,873]  INFO {org.wso2.carbon.event.receiver.core.EventReceiverDeployer} - Event Receiver configuration successfully deployed and in active state: recommendationWso2EventReceiver
TID: [] [] [2026-10-01 14:27:03,873]  INFO {org.wso2.carbon.event.stream.core.EventStreamDeployer} - Stream definition is deployed successfully  : org.wso2.apimgt.recommendation.event.stream:1.0.0
TID: [] [] [2026-10-01 14:27:03,874]  INFO {org.wso2.carbon.event.publisher.core.EventPublisherDeployer} - Event Publisher undeployed successfully : tokenRevokeEventJMSPublisher.xml
TID: [] [] [2026-10-01 14:27:03,875]  INFO {org.wso2.carbon.event.stream.core.internal.EventJunction} - WSO2EventConsumer added to the junction. Stream:org.wso2.apimgt.token.revocation.stream:1.0.0
TID: [] [] [2026-10-01 14:27:03,875]  INFO {org.wso2.carbon.event.publisher.core.EventPublisherDeployer} - Event Publisher configuration successfully deployed and in active state : tokenRevocationJMSPublisher
TID: [] [] [2026-10-01 14:27:03,876]  INFO {org.wso2.carbon.event.publisher.core.EventPublisherDeployer} - Event Publisher undeployed successfully : tokenRevokeEventJMSPublisher_2.xml
TID: [] [] [2026-10-01 14:27:03,877]  INFO {org.wso2.carbon.event.stream.core.internal.EventJunction} - WSO2EventConsumer added to the junction. Stream:org.wso2.apimgt.token.revocation.stream:1.0.0
TID: [] [] [2026-10-01 14:27:03,877]  INFO {org.wso2.carbon.event.publisher.core.EventPublisherDeployer} - Event Publisher configuration successfully deployed and in active state : tokenRevocationJMSPublisher2
TID: [] [] [2026-10-01 14:27:03,877]  INFO {org.wso2.carbon.event.receiver.core.EventReceiverDeployer} - Event Receiver undeployed successfully: tokenRevocationWso2EventReceiver.xml
TID: [] [] [2026-10-01 14:27:03,877]  INFO {org.wso2.carbon.event.input.adapter.core.internal.InputAdapterRuntime} - Connecting receiver tokenRevocationWso2EventReceiver
TID: [] [] [2026-10-01 14:27:03,877]  INFO {org.wso2.carbon.event.stream.core.internal.EventJunction} - Producer added to the junction. Stream:org.wso2.apimgt.token.revocation.stream:1.0.0
TID: [] [] [2026-10-01 14:27:03,877]  INFO {org.wso2.carbon.event.receiver.core.EventReceiverDeployer} - Event Receiver configuration successfully deployed and in active state: tokenRevocationWso2EventReceiver
TID: [] [] [2026-10-01 14:27:03,878]  INFO {org.wso2.carbon.event.stream.core.EventStreamDeployer} - Stream definition is deployed successfully  : org.wso2.apimgt.token.revocation.stream:1.0.0
TID: [] [] [2026-10-01 14:27:03,880]  INFO {org.wso2.carbon.event.publisher.core.EventPublisherDeployer} - Event Publisher undeployed successfully : asyncWebhooksEventPublisher.xml
TID: [] [] [2026-10-01 14:27:03,881]  INFO {org.wso2.carbon.event.stream.core.internal.EventJunction} - WSO2EventConsumer added to the junction. Stream:org.wso2.apimgt.webhooks.request.stream:1.0.0
TID: [] [] [2026-10-01 14:27:03,881]  INFO {org.wso2.carbon.event.publisher.core.EventPublisherDeployer} - Event Publisher configuration successfully deployed and in active state : asyncWebhooksEventPublisher
TID: [] [] [2026-10-01 14:27:03,881]  INFO {org.wso2.carbon.event.publisher.core.EventPublisherDeployer} - Event Publisher undeployed successfully : asyncWebhooksEventPublisher2.xml
TID: [] [] [2026-10-01 14:27:03,882]  INFO {org.wso2.carbon.event.stream.core.internal.EventJunction} - WSO2EventConsumer added to the junction. Stream:org.wso2.apimgt.webhooks.request.stream:1.0.0
TID: [] [] [2026-10-01 14:27:03,883]  INFO {org.wso2.carbon.event.publisher.core.EventPublisherDeployer} - Event Publisher configuration successfully deployed and in active state : asyncWebhooksEventPublisher2
TID: [] [] [2026-10-01 14:27:03,883]  INFO {org.wso2.carbon.event.publisher.core.EventPublisherDeployer} - Event Publisher undeployed successfully : asyncWebhooksEventPublisher_1.0.0.xml
TID: [] [] [2026-10-01 14:27:03,884]  INFO {org.wso2.carbon.event.stream.core.internal.EventJunction} - WSO2EventConsumer added to the junction. Stream:org.wso2.apimgt.webhooks.request.stream:1.0.0
TID: [] [] [2026-10-01 14:27:03,884]  INFO {org.wso2.carbon.event.publisher.core.EventPublisherDeployer} - Event Publisher configuration successfully deployed and in active state : asyncWebhooksEventPublisher-1.0.0
TID: [] [] [2026-10-01 14:27:03,884]  INFO {org.wso2.carbon.event.publisher.core.EventPublisherDeployer} - Event Publisher undeployed successfully : asyncWebhooksEventPublisher_1.0.0_2.xml
TID: [] [] [2026-10-01 14:27:03,885]  INFO {org.wso2.carbon.event.stream.core.internal.EventJunction} - WSO2EventConsumer added to the junction. Stream:org.wso2.apimgt.webhooks.request.stream:1.0.0
TID: [] [] [2026-10-01 14:27:03,885]  INFO {org.wso2.carbon.event.publisher.core.EventPublisherDeployer} - Event Publisher configuration successfully deployed and in active state : asyncWebhooksEventPublisher-1.0.0-2
TID: [] [] [2026-10-01 14:27:03,885]  INFO {org.wso2.carbon.event.stream.core.EventStreamDeployer} - Stream definition is deployed successfully  : org.wso2.apimgt.webhooks.request.stream:1.0.0
TID: [] [] [2026-10-01 14:27:03,886]  INFO {org.wso2.carbon.event.publisher.core.EventPublisherDeployer} - Event Publisher undeployed successfully : blockingEventJMSPublisher.xml
TID: [] [] [2026-10-01 14:27:03,887]  INFO {org.wso2.carbon.event.stream.core.internal.EventJunction} - WSO2EventConsumer added to the junction. Stream:org.wso2.blocking.request.stream:1.0.0
TID: [] [] [2026-10-01 14:27:03,887]  INFO {org.wso2.carbon.event.publisher.core.EventPublisherDeployer} - Event Publisher configuration successfully deployed and in active state : blockingEventJMSPublisher
TID: [] [] [2026-10-01 14:27:03,887]  INFO {org.wso2.carbon.event.receiver.core.EventReceiverDeployer} - Event Receiver undeployed successfully: blockingWso2EventReceiver.xml
TID: [] [] [2026-10-01 14:27:03,888]  INFO {org.wso2.carbon.event.input.adapter.core.internal.InputAdapterRuntime} - Connecting receiver blockingWso2EventReceiver
TID: [] [] [2026-10-01 14:27:03,888]  INFO {org.wso2.carbon.event.stream.core.internal.EventJunction} - Producer added to the junction. Stream:org.wso2.blocking.request.stream:1.0.0
TID: [] [] [2026-10-01 14:27:03,888]  INFO {org.wso2.carbon.event.receiver.core.EventReceiverDeployer} - Event Receiver configuration successfully deployed and in active state: blockingWso2EventReceiver
TID: [] [] [2026-10-01 14:27:03,888]  INFO {org.wso2.carbon.event.stream.core.EventStreamDeployer} - Stream definition is deployed successfully  : org.wso2.blocking.request.stream:1.0.0
TID: [] [] [2026-10-01 14:27:03,888]  INFO {org.wso2.carbon.event.stream.core.EventStreamDeployer} - Stream definition is deployed successfully  : org.wso2.botDetectionData.request.stream:1.0.0
TID: [] [] [2026-10-01 14:27:03,889]  INFO {org.wso2.carbon.event.publisher.core.EventPublisherDeployer} - Event Publisher undeployed successfully : jmsEventPublisher.xml
TID: [] [] [2026-10-01 14:27:03,890]  INFO {org.wso2.carbon.event.stream.core.internal.EventJunction} - WSO2EventConsumer added to the junction. Stream:org.wso2.throttle.globalThrottle.stream:1.0.0
TID: [] [] [2026-10-01 14:27:03,891]  INFO {org.wso2.carbon.event.publisher.core.EventPublisherDeployer} - Event Publisher configuration successfully deployed and in active state : jmsEventPublisher
TID: [] [] [2026-10-01 14:27:03,891]  INFO {org.wso2.carbon.event.publisher.core.EventPublisherDeployer} - Event Publisher undeployed successfully : jmsEventPublisher2.xml
TID: [] [] [2026-10-01 14:27:03,891]  INFO {org.wso2.carbon.event.stream.core.internal.EventJunction} - WSO2EventConsumer added to the junction. Stream:org.wso2.throttle.globalThrottle.stream:1.0.0
TID: [] [] [2026-10-01 14:27:03,892]  INFO {org.wso2.carbon.event.publisher.core.EventPublisherDeployer} - Event Publisher configuration successfully deployed and in active state : jmsEventPublisher2
TID: [] [] [2026-10-01 14:27:03,918]  INFO {org.wso2.carbon.event.processor.core.EventProcessorDeployer} - Execution Plan was undeployed successfully : carbon.super_app_10PerMin.siddhiql
TID: [] [] [2026-10-01 14:27:03,923]  INFO {org.wso2.carbon.event.processor.core.EventProcessorDeployer} - Execution Plan was undeployed successfully : carbon.super_app_20PerMin.siddhiql
TID: [] [] [2026-10-01 14:27:03,928]  INFO {org.wso2.carbon.event.processor.core.EventProcessorDeployer} - Execution Plan was undeployed successfully : carbon.super_app_50PerMin.siddhiql
TID: [] [] [2026-10-01 14:27:03,934]  INFO {org.wso2.carbon.event.processor.core.EventProcessorDeployer} - Execution Plan was undeployed successfully : carbon.super_sub_AIBronze.siddhiql
TID: [] [] [2026-10-01 14:27:03,939]  INFO {org.wso2.carbon.event.processor.core.EventProcessorDeployer} - Execution Plan was undeployed successfully : carbon.super_sub_AIGold.siddhiql
TID: [] [] [2026-10-01 14:27:03,946]  INFO {org.wso2.carbon.event.processor.core.EventProcessorDeployer} - Execution Plan was undeployed successfully : carbon.super_sub_AISilver.siddhiql
TID: [] [] [2026-10-01 14:27:03,952]  INFO {org.wso2.carbon.event.processor.core.EventProcessorDeployer} - Execution Plan was undeployed successfully : carbon.super_sub_AsyncBronze.siddhiql
TID: [] [] [2026-10-01 14:27:03,957]  INFO {org.wso2.carbon.event.processor.core.EventProcessorDeployer} - Execution Plan was undeployed successfully : carbon.super_sub_AsyncDefaultSubscriptionless.siddhiql
TID: [] [] [2026-10-01 14:27:03,961]  INFO {org.wso2.carbon.event.processor.core.EventProcessorDeployer} - Execution Plan was undeployed successfully : carbon.super_sub_AsyncGold.siddhiql
TID: [] [] [2026-10-01 14:27:03,965]  INFO {org.wso2.carbon.event.processor.core.EventProcessorDeployer} - Execution Plan was undeployed successfully : carbon.super_sub_AsyncSilver.siddhiql
TID: [] [] [2026-10-01 14:27:03,969]  INFO {org.wso2.carbon.event.processor.core.EventProcessorDeployer} - Execution Plan was undeployed successfully : carbon.super_sub_AsyncWHBronze.siddhiql
TID: [] [] [2026-10-01 14:27:03,973]  INFO {org.wso2.carbon.event.processor.core.EventProcessorDeployer} - Execution Plan was undeployed successfully : carbon.super_sub_AsyncWHGold.siddhiql
TID: [] [] [2026-10-01 14:27:03,978]  INFO {org.wso2.carbon.event.processor.core.EventProcessorDeployer} - Execution Plan was undeployed successfully : carbon.super_sub_AsyncWHSilver.siddhiql
TID: [] [] [2026-10-01 14:27:03,983]  INFO {org.wso2.carbon.event.processor.core.EventProcessorDeployer} - Execution Plan was undeployed successfully : carbon.super_sub_Bronze.siddhiql
TID: [] [] [2026-10-01 14:27:03,987]  INFO {org.wso2.carbon.event.processor.core.EventProcessorDeployer} - Execution Plan was undeployed successfully : carbon.super_sub_DefaultSubscriptionless.siddhiql
TID: [] [] [2026-10-01 14:27:03,990]  INFO {org.wso2.carbon.event.processor.core.EventProcessorDeployer} - Execution Plan was undeployed successfully : carbon.super_sub_Gold.siddhiql
TID: [] [] [2026-10-01 14:27:03,994]  INFO {org.wso2.carbon.event.processor.core.EventProcessorDeployer} - Execution Plan was undeployed successfully : carbon.super_sub_Silver.siddhiql
TID: [] [] [2026-10-01 14:27:03,997]  INFO {org.wso2.carbon.event.processor.core.EventProcessorDeployer} - Execution Plan was undeployed successfully : carbon.super_sub_Unauthenticated.siddhiql
TID: [] [] [2026-10-01 14:27:04,002]  INFO {org.wso2.carbon.event.stream.core.EventStreamDeployer} - Stream definition is deployed successfully  : org.wso2.throttle.globalThrottle.stream:1.0.0
TID: [] [] [2026-10-01 14:27:04,003]  INFO {org.wso2.carbon.event.publisher.core.EventPublisherDeployer} - Event Publisher undeployed successfully : jmsEventPublisher_1.10.0.xml
TID: [] [] [2026-10-01 14:27:04,004]  INFO {org.wso2.carbon.event.stream.core.internal.EventJunction} - WSO2EventConsumer added to the junction. Stream:org.wso2.throttle.globalThrottle.stream:1.1.0
TID: [] [] [2026-10-01 14:27:04,004]  INFO {org.wso2.carbon.event.publisher.core.EventPublisherDeployer} - Event Publisher configuration successfully deployed and in active state : jmsEventPublisher-1.0.0
TID: [] [] [2026-10-01 14:27:04,004]  INFO {org.wso2.carbon.event.publisher.core.EventPublisherDeployer} - Event Publisher undeployed successfully : jmsEventPublisher_1.10.0_2.xml
TID: [] [] [2026-10-01 14:27:04,005]  INFO {org.wso2.carbon.event.stream.core.internal.EventJunction} - WSO2EventConsumer added to the junction. Stream:org.wso2.throttle.globalThrottle.stream:1.1.0
TID: [] [] [2026-10-01 14:27:04,005]  INFO {org.wso2.carbon.event.publisher.core.EventPublisherDeployer} - Event Publisher configuration successfully deployed and in active state : jmsEventPublisher-1.0.0-2
TID: [] [] [2026-10-01 14:27:04,005]  INFO {org.wso2.carbon.event.processor.core.EventProcessorDeployer} - Execution Plan was undeployed successfully : carbon.super_resource_10KPerMin_default.siddhiql
TID: [] [] [2026-10-01 14:27:04,010]  INFO {org.wso2.carbon.event.processor.core.EventProcessorDeployer} - Execution Plan was undeployed successfully : carbon.super_resource_20KPerMin_default.siddhiql
TID: [] [] [2026-10-01 14:27:04,015]  INFO {org.wso2.carbon.event.processor.core.EventProcessorDeployer} - Execution Plan was undeployed successfully : carbon.super_resource_50KPerMin_default.siddhiql
TID: [] [] [2026-10-01 14:27:04,019]  INFO {org.wso2.carbon.event.stream.core.EventStreamDeployer} - Stream definition is deployed successfully  : org.wso2.throttle.globalThrottle.stream:1.1.0
TID: [] [] [2026-10-01 14:27:04,020]  INFO {org.wso2.carbon.event.processor.core.EventProcessorDeployer} - Execution Plan was undeployed successfully : RequestPreProcessorExecutionPlan.siddhiql
TID: [] [] [2026-10-01 14:27:04,022]  INFO {org.wso2.carbon.event.processor.core.EventProcessorDeployer} - Execution Plan was undeployed successfully : carbon.super_app_10PerMin.siddhiql
TID: [] [] [2026-10-01 14:27:04,073]  INFO {org.wso2.carbon.event.stream.core.internal.EventJunction} - Producer added to the junction. Stream:org.wso2.throttle.globalThrottle.stream:1.0.0
TID: [] [] [2026-10-01 14:27:04,073]  INFO {org.wso2.carbon.event.stream.core.internal.EventJunction} - Consumer added to the junction. Stream:org.wso2.throttle.processed.request.stream:1.0.0
TID: [] [] [2026-10-01 14:27:04,073]  INFO {org.wso2.carbon.event.processor.core.EventProcessorDeployer} - Execution plan is deployed successfully and in active state  : carbon.super_app_10PerMin
TID: [] [] [2026-10-01 14:27:04,073]  INFO {org.wso2.carbon.event.processor.core.EventProcessorDeployer} - Execution Plan was undeployed successfully : carbon.super_app_20PerMin.siddhiql
TID: [] [] [2026-10-01 14:27:04,089]  INFO {org.wso2.carbon.event.stream.core.internal.EventJunction} - Producer added to the junction. Stream:org.wso2.throttle.globalThrottle.stream:1.0.0
TID: [] [] [2026-10-01 14:27:04,089]  INFO {org.wso2.carbon.event.stream.core.internal.EventJunction} - Consumer added to the junction. Stream:org.wso2.throttle.processed.request.stream:1.0.0
TID: [] [] [2026-10-01 14:27:04,089]  INFO {org.wso2.carbon.event.processor.core.EventProcessorDeployer} - Execution plan is deployed successfully and in active state  : carbon.super_app_20PerMin
TID: [] [] [2026-10-01 14:27:04,089]  INFO {org.wso2.carbon.event.processor.core.EventProcessorDeployer} - Execution Plan was undeployed successfully : carbon.super_app_50PerMin.siddhiql
TID: [] [] [2026-10-01 14:27:04,105]  INFO {org.wso2.carbon.event.stream.core.internal.EventJunction} - Producer added to the junction. Stream:org.wso2.throttle.globalThrottle.stream:1.0.0
TID: [] [] [2026-10-01 14:27:04,105]  INFO {org.wso2.carbon.event.stream.core.internal.EventJunction} - Consumer added to the junction. Stream:org.wso2.throttle.processed.request.stream:1.0.0
TID: [] [] [2026-10-01 14:27:04,105]  INFO {org.wso2.carbon.event.processor.core.EventProcessorDeployer} - Execution plan is deployed successfully and in active state  : carbon.super_app_50PerMin
TID: [] [] [2026-10-01 14:27:04,105]  INFO {org.wso2.carbon.event.processor.core.EventProcessorDeployer} - Execution Plan was undeployed successfully : carbon.super_sub_AIBronze.siddhiql
TID: [] [] [2026-10-01 14:27:04,121]  INFO {org.wso2.carbon.event.stream.core.internal.EventJunction} - Producer added to the junction. Stream:org.wso2.throttle.globalThrottle.stream:1.0.0
TID: [] [] [2026-10-01 14:27:04,121]  INFO {org.wso2.carbon.event.stream.core.internal.EventJunction} - Consumer added to the junction. Stream:org.wso2.throttle.processed.request.stream:1.0.0
TID: [] [] [2026-10-01 14:27:04,121]  INFO {org.wso2.carbon.event.processor.core.EventProcessorDeployer} - Execution plan is deployed successfully and in active state  : carbon.super_sub_AIBronze
TID: [] [] [2026-10-01 14:27:04,121]  INFO {org.wso2.carbon.event.processor.core.EventProcessorDeployer} - Execution Plan was undeployed successfully : carbon.super_sub_AIGold.siddhiql
TID: [] [] [2026-10-01 14:27:04,137]  INFO {org.wso2.carbon.event.stream.core.internal.EventJunction} - Producer added to the junction. Stream:org.wso2.throttle.globalThrottle.stream:1.0.0
TID: [] [] [2026-10-01 14:27:04,137]  INFO {org.wso2.carbon.event.stream.core.internal.EventJunction} - Consumer added to the junction. Stream:org.wso2.throttle.processed.request.stream:1.0.0
TID: [] [] [2026-10-01 14:27:04,137]  INFO {org.wso2.carbon.event.processor.core.EventProcessorDeployer} - Execution plan is deployed successfully and in active state  : carbon.super_sub_AIGold
TID: [] [] [2026-10-01 14:27:04,137]  INFO {org.wso2.carbon.event.processor.core.EventProcessorDeployer} - Execution Plan was undeployed successfully : carbon.super_sub_AISilver.siddhiql
TID: [] [] [2026-10-01 14:27:04,155]  INFO {org.wso2.carbon.event.stream.core.internal.EventJunction} - Producer added to the junction. Stream:org.wso2.throttle.globalThrottle.stream:1.0.0
TID: [] [] [2026-10-01 14:27:04,155]  INFO {org.wso2.carbon.event.stream.core.internal.EventJunction} - Consumer added to the junction. Stream:org.wso2.throttle.processed.request.stream:1.0.0
TID: [] [] [2026-10-01 14:27:04,155]  INFO {org.wso2.carbon.event.processor.core.EventProcessorDeployer} - Execution plan is deployed successfully and in active state  : carbon.super_sub_AISilver
TID: [] [] [2026-10-01 14:27:04,155]  INFO {org.wso2.carbon.event.processor.core.EventProcessorDeployer} - Execution Plan was undeployed successfully : carbon.super_sub_AsyncBronze.siddhiql
TID: [] [] [2026-10-01 14:27:04,169]  INFO {org.wso2.carbon.event.stream.core.internal.EventJunction} - Producer added to the junction. Stream:org.wso2.throttle.globalThrottle.stream:1.0.0
TID: [] [] [2026-10-01 14:27:04,169]  INFO {org.wso2.carbon.event.stream.core.internal.EventJunction} - Consumer added to the junction. Stream:org.wso2.throttle.processed.request.stream:1.0.0
TID: [] [] [2026-10-01 14:27:04,169]  INFO {org.wso2.carbon.event.processor.core.EventProcessorDeployer} - Execution plan is deployed successfully and in active state  : carbon.super_sub_AsyncBronze
TID: [] [] [2026-10-01 14:27:04,169]  INFO {org.wso2.carbon.event.processor.core.EventProcessorDeployer} - Execution Plan was undeployed successfully : carbon.super_sub_AsyncDefaultSubscriptionless.siddhiql
TID: [] [] [2026-10-01 14:27:04,183]  INFO {org.wso2.carbon.event.stream.core.internal.EventJunction} - Producer added to the junction. Stream:org.wso2.throttle.globalThrottle.stream:1.0.0
TID: [] [] [2026-10-01 14:27:04,184]  INFO {org.wso2.carbon.event.stream.core.internal.EventJunction} - Consumer added to the junction. Stream:org.wso2.throttle.processed.request.stream:1.0.0
TID: [] [] [2026-10-01 14:27:04,184]  INFO {org.wso2.carbon.event.processor.core.EventProcessorDeployer} - Execution plan is deployed successfully and in active state  : carbon.super_sub_AsyncDefaultSubscriptionless
TID: [] [] [2026-10-01 14:27:04,184]  INFO {org.wso2.carbon.event.processor.core.EventProcessorDeployer} - Execution Plan was undeployed successfully : carbon.super_sub_AsyncGold.siddhiql
TID: [] [] [2026-10-01 14:27:04,198]  INFO {org.wso2.carbon.event.stream.core.internal.EventJunction} - Producer added to the junction. Stream:org.wso2.throttle.globalThrottle.stream:1.0.0
TID: [] [] [2026-10-01 14:27:04,198]  INFO {org.wso2.carbon.event.stream.core.internal.EventJunction} - Consumer added to the junction. Stream:org.wso2.throttle.processed.request.stream:1.0.0
TID: [] [] [2026-10-01 14:27:04,199]  INFO {org.wso2.carbon.event.processor.core.EventProcessorDeployer} - Execution plan is deployed successfully and in active state  : carbon.super_sub_AsyncGold
TID: [] [] [2026-10-01 14:27:04,199]  INFO {org.wso2.carbon.event.processor.core.EventProcessorDeployer} - Execution Plan was undeployed successfully : carbon.super_sub_AsyncSilver.siddhiql
TID: [] [] [2026-10-01 14:27:04,213]  INFO {org.wso2.carbon.event.stream.core.internal.EventJunction} - Producer added to the junction. Stream:org.wso2.throttle.globalThrottle.stream:1.0.0
TID: [] [] [2026-10-01 14:27:04,213]  INFO {org.wso2.carbon.event.stream.core.internal.EventJunction} - Consumer added to the junction. Stream:org.wso2.throttle.processed.request.stream:1.0.0
TID: [] [] [2026-10-01 14:27:04,213]  INFO {org.wso2.carbon.event.processor.core.EventProcessorDeployer} - Execution plan is deployed successfully and in active state  : carbon.super_sub_AsyncSilver
TID: [] [] [2026-10-01 14:27:04,213]  INFO {org.wso2.carbon.event.processor.core.EventProcessorDeployer} - Execution Plan was undeployed successfully : carbon.super_sub_AsyncWHBronze.siddhiql
TID: [] [] [2026-10-01 14:27:04,228]  INFO {org.wso2.carbon.event.stream.core.internal.EventJunction} - Producer added to the junction. Stream:org.wso2.throttle.globalThrottle.stream:1.0.0
TID: [] [] [2026-10-01 14:27:04,228]  INFO {org.wso2.carbon.event.stream.core.internal.EventJunction} - Consumer added to the junction. Stream:org.wso2.throttle.processed.request.stream:1.0.0
TID: [] [] [2026-10-01 14:27:04,228]  INFO {org.wso2.carbon.event.processor.core.EventProcessorDeployer} - Execution plan is deployed successfully and in active state  : carbon.super_sub_AsyncWHBronze
TID: [] [] [2026-10-01 14:27:04,228]  INFO {org.wso2.carbon.event.processor.core.EventProcessorDeployer} - Execution Plan was undeployed successfully : carbon.super_sub_AsyncWHGold.siddhiql
TID: [] [] [2026-10-01 14:27:04,241]  INFO {org.wso2.carbon.event.stream.core.internal.EventJunction} - Producer added to the junction. Stream:org.wso2.throttle.globalThrottle.stream:1.0.0
TID: [] [] [2026-10-01 14:27:04,241]  INFO {org.wso2.carbon.event.stream.core.internal.EventJunction} - Consumer added to the junction. Stream:org.wso2.throttle.processed.request.stream:1.0.0
TID: [] [] [2026-10-01 14:27:04,241]  INFO {org.wso2.carbon.event.processor.core.EventProcessorDeployer} - Execution plan is deployed successfully and in active state  : carbon.super_sub_AsyncWHGold
TID: [] [] [2026-10-01 14:27:04,241]  INFO {org.wso2.carbon.event.processor.core.EventProcessorDeployer} - Execution Plan was undeployed successfully : carbon.super_sub_AsyncWHSilver.siddhiql
TID: [] [] [2026-10-01 14:27:04,253]  INFO {org.wso2.carbon.event.stream.core.internal.EventJunction} - Producer added to the junction. Stream:org.wso2.throttle.globalThrottle.stream:1.0.0
TID: [] [] [2026-10-01 14:27:04,253]  INFO {org.wso2.carbon.event.stream.core.internal.EventJunction} - Consumer added to the junction. Stream:org.wso2.throttle.processed.request.stream:1.0.0
TID: [] [] [2026-10-01 14:27:04,253]  INFO {org.wso2.carbon.event.processor.core.EventProcessorDeployer} - Execution plan is deployed successfully and in active state  : carbon.super_sub_AsyncWHSilver
TID: [] [] [2026-10-01 14:27:04,253]  INFO {org.wso2.carbon.event.processor.core.EventProcessorDeployer} - Execution Plan was undeployed successfully : carbon.super_sub_Bronze.siddhiql
TID: [] [] [2026-10-01 14:27:04,265]  INFO {org.wso2.carbon.event.stream.core.internal.EventJunction} - Producer added to the junction. Stream:org.wso2.throttle.globalThrottle.stream:1.0.0
TID: [] [] [2026-10-01 14:27:04,265]  INFO {org.wso2.carbon.event.stream.core.internal.EventJunction} - Consumer added to the junction. Stream:org.wso2.throttle.processed.request.stream:1.0.0
TID: [] [] [2026-10-01 14:27:04,265]  INFO {org.wso2.carbon.event.processor.core.EventProcessorDeployer} - Execution plan is deployed successfully and in active state  : carbon.super_sub_Bronze
TID: [] [] [2026-10-01 14:27:04,265]  INFO {org.wso2.carbon.event.processor.core.EventProcessorDeployer} - Execution Plan was undeployed successfully : carbon.super_sub_DefaultSubscriptionless.siddhiql
TID: [] [] [2026-10-01 14:27:04,279]  INFO {org.wso2.carbon.event.stream.core.internal.EventJunction} - Producer added to the junction. Stream:org.wso2.throttle.globalThrottle.stream:1.0.0
TID: [] [] [2026-10-01 14:27:04,279]  INFO {org.wso2.carbon.event.stream.core.internal.EventJunction} - Consumer added to the junction. Stream:org.wso2.throttle.processed.request.stream:1.0.0
TID: [] [] [2026-10-01 14:27:04,279]  INFO {org.wso2.carbon.event.processor.core.EventProcessorDeployer} - Execution plan is deployed successfully and in active state  : carbon.super_sub_DefaultSubscriptionless
TID: [] [] [2026-10-01 14:27:04,279]  INFO {org.wso2.carbon.event.processor.core.EventProcessorDeployer} - Execution Plan was undeployed successfully : carbon.super_sub_Gold.siddhiql
TID: [] [] [2026-10-01 14:27:04,295]  INFO {org.wso2.carbon.event.stream.core.internal.EventJunction} - Producer added to the junction. Stream:org.wso2.throttle.globalThrottle.stream:1.0.0
TID: [] [] [2026-10-01 14:27:04,295]  INFO {org.wso2.carbon.event.stream.core.internal.EventJunction} - Consumer added to the junction. Stream:org.wso2.throttle.processed.request.stream:1.0.0
TID: [] [] [2026-10-01 14:27:04,295]  INFO {org.wso2.carbon.event.processor.core.EventProcessorDeployer} - Execution plan is deployed successfully and in active state  : carbon.super_sub_Gold
TID: [] [] [2026-10-01 14:27:04,295]  INFO {org.wso2.carbon.event.processor.core.EventProcessorDeployer} - Execution Plan was undeployed successfully : carbon.super_sub_Silver.siddhiql
TID: [] [] [2026-10-01 14:27:04,308]  INFO {org.wso2.carbon.event.stream.core.internal.EventJunction} - Producer added to the junction. Stream:org.wso2.throttle.globalThrottle.stream:1.0.0
TID: [] [] [2026-10-01 14:27:04,308]  INFO {org.wso2.carbon.event.stream.core.internal.EventJunction} - Consumer added to the junction. Stream:org.wso2.throttle.processed.request.stream:1.0.0
TID: [] [] [2026-10-01 14:27:04,308]  INFO {org.wso2.carbon.event.processor.core.EventProcessorDeployer} - Execution plan is deployed successfully and in active state  : carbon.super_sub_Silver
TID: [] [] [2026-10-01 14:27:04,308]  INFO {org.wso2.carbon.event.processor.core.EventProcessorDeployer} - Execution Plan was undeployed successfully : carbon.super_sub_Unauthenticated.siddhiql
TID: [] [] [2026-10-01 14:27:04,322]  INFO {org.wso2.carbon.event.stream.core.internal.EventJunction} - Producer added to the junction. Stream:org.wso2.throttle.globalThrottle.stream:1.0.0
TID: [] [] [2026-10-01 14:27:04,322]  INFO {org.wso2.carbon.event.stream.core.internal.EventJunction} - Consumer added to the junction. Stream:org.wso2.throttle.processed.request.stream:1.0.0
TID: [] [] [2026-10-01 14:27:04,322]  INFO {org.wso2.carbon.event.processor.core.EventProcessorDeployer} - Execution plan is deployed successfully and in active state  : carbon.super_sub_Unauthenticated
TID: [] [] [2026-10-01 14:27:04,322]  INFO {org.wso2.carbon.event.processor.core.EventProcessorDeployer} - Execution Plan was undeployed successfully : carbon.super_resource_10KPerMin_default.siddhiql
TID: [] [] [2026-10-01 14:27:04,337]  INFO {org.wso2.carbon.event.stream.core.internal.EventJunction} - Producer added to the junction. Stream:org.wso2.throttle.globalThrottle.stream:1.1.0
TID: [] [] [2026-10-01 14:27:04,337]  INFO {org.wso2.carbon.event.stream.core.internal.EventJunction} - Consumer added to the junction. Stream:org.wso2.throttle.processed.request.stream:1.0.0
TID: [] [] [2026-10-01 14:27:04,337]  INFO {org.wso2.carbon.event.processor.core.EventProcessorDeployer} - Execution plan is deployed successfully and in active state  : carbon.super_resource_10KPerMin_default
TID: [] [] [2026-10-01 14:27:04,338]  INFO {org.wso2.carbon.event.processor.core.EventProcessorDeployer} - Execution Plan was undeployed successfully : carbon.super_resource_20KPerMin_default.siddhiql
TID: [] [] [2026-10-01 14:27:04,348]  INFO {org.wso2.carbon.event.stream.core.internal.EventJunction} - Producer added to the junction. Stream:org.wso2.throttle.globalThrottle.stream:1.1.0
TID: [] [] [2026-10-01 14:27:04,348]  INFO {org.wso2.carbon.event.stream.core.internal.EventJunction} - Consumer added to the junction. Stream:org.wso2.throttle.processed.request.stream:1.0.0
TID: [] [] [2026-10-01 14:27:04,348]  INFO {org.wso2.carbon.event.processor.core.EventProcessorDeployer} - Execution plan is deployed successfully and in active state  : carbon.super_resource_20KPerMin_default
TID: [] [] [2026-10-01 14:27:04,348]  INFO {org.wso2.carbon.event.processor.core.EventProcessorDeployer} - Execution Plan was undeployed successfully : carbon.super_resource_50KPerMin_default.siddhiql
TID: [] [] [2026-10-01 14:27:04,360]  INFO {org.wso2.carbon.event.stream.core.internal.EventJunction} - Producer added to the junction. Stream:org.wso2.throttle.globalThrottle.stream:1.1.0
TID: [] [] [2026-10-01 14:27:04,360]  INFO {org.wso2.carbon.event.stream.core.internal.EventJunction} - Consumer added to the junction. Stream:org.wso2.throttle.processed.request.stream:1.0.0
TID: [] [] [2026-10-01 14:27:04,360]  INFO {org.wso2.carbon.event.processor.core.EventProcessorDeployer} - Execution plan is deployed successfully and in active state  : carbon.super_resource_50KPerMin_default
TID: [] [] [2026-10-01 14:27:04,360]  INFO {org.wso2.carbon.event.stream.core.EventStreamDeployer} - Stream definition is deployed successfully  : org.wso2.throttle.processed.request.stream:1.0.0
TID: [] [] [2026-10-01 14:27:04,361]  INFO {org.wso2.carbon.event.receiver.core.EventReceiverDeployer} - Event Receiver undeployed successfully: throttleEventReceiver.xml
TID: [] [] [2026-10-01 14:27:04,364]  INFO {org.wso2.carbon.event.input.adapter.core.internal.InputAdapterRuntime} - Connecting receiver throttleEventReceiver
TID: [] [] [2026-10-01 14:27:04,366]  INFO {org.wso2.carbon.event.stream.core.internal.EventJunction} - Producer added to the junction. Stream:org.wso2.throttle.request.stream:1.0.0
TID: [] [] [2026-10-01 14:27:04,366]  INFO {org.wso2.carbon.event.receiver.core.EventReceiverDeployer} - Event Receiver configuration successfully deployed and in active state: throttleEventReceiver
TID: [] [] [2026-10-01 14:27:04,366]  INFO {org.wso2.carbon.event.receiver.core.EventReceiverDeployer} - Event Receiver undeployed successfully: throttleWSO2EventReceiver.xml
TID: [] [] [2026-10-01 14:27:04,367]  INFO {org.wso2.carbon.event.input.adapter.core.internal.InputAdapterRuntime} - Connecting receiver throttleWSO2EventReceiver
TID: [] [] [2026-10-01 14:27:04,367]  INFO {org.wso2.carbon.event.stream.core.internal.EventJunction} - Producer added to the junction. Stream:org.wso2.throttle.request.stream:1.0.0
TID: [] [] [2026-10-01 14:27:04,367]  INFO {org.wso2.carbon.event.receiver.core.EventReceiverDeployer} - Event Receiver configuration successfully deployed and in active state: throttleWSO2EventReceiver
TID: [] [] [2026-10-01 14:27:04,367]  INFO {org.wso2.carbon.event.processor.core.EventProcessorDeployer} - Execution Plan was undeployed successfully : RequestPreProcessorExecutionPlan.siddhiql
TID: [] [] [2026-10-01 14:27:04,370]  INFO {org.wso2.carbon.event.stream.core.internal.EventJunction} - Producer added to the junction. Stream:org.wso2.throttle.processed.request.stream:1.0.0
TID: [] [] [2026-10-01 14:27:04,371]  INFO {org.wso2.carbon.event.stream.core.internal.EventJunction} - Consumer added to the junction. Stream:org.wso2.throttle.request.stream:1.0.0
TID: [] [] [2026-10-01 14:27:04,371]  INFO {org.wso2.carbon.event.processor.core.EventProcessorDeployer} - Execution plan is deployed successfully and in active state  : requestPreProcessorExecutionPlan
TID: [] [] [2026-10-01 14:27:04,371]  INFO {org.wso2.carbon.event.stream.core.EventStreamDeployer} - Stream definition is deployed successfully  : org.wso2.throttle.request.stream:1.0.0
TID: [] [] [2026-10-01 14:27:06,804]  INFO {org.wso2.carbon.webapp.mgt.TomcatGenericWebappsDeployer} - Deployed webapp: StandardEngine[Catalina].StandardHost[localhost].StandardContext[/accountrecoveryendpoint].File[D:\wso2am-4.6.0\bin\..\repository\deployment\server\webapps\accountrecoveryendpoint]
TID: [] [] [2026-10-01 14:27:07,705]  INFO {org.wso2.carbon.webapp.mgt.TomcatGenericWebappsDeployer} - Deployed webapp: StandardEngine[Catalina].StandardHost[localhost].StandardContext[/admin].File[D:\wso2am-4.6.0\bin\..\repository\deployment\server\webapps\admin]
TID: [] [] [2026-10-01 14:27:08,085]  INFO {org.wso2.carbon.webapp.mgt.TomcatGenericWebappsDeployer} - Deployed webapp: StandardEngine[Catalina].StandardHost[localhost].StandardContext[/am/sample/calculator/v1].File[D:\wso2am-4.6.0\bin\..\repository\deployment\server\webapps\am#sample#calculator#v1.war]
TID: [] [] [2026-10-01 14:27:08,438]  INFO {org.wso2.carbon.webapp.mgt.TomcatGenericWebappsDeployer} - Deployed webapp: StandardEngine[Catalina].StandardHost[localhost].StandardContext[/am/sample/pizzashack/v1].File[D:\wso2am-4.6.0\bin\..\repository\deployment\server\webapps\am#sample#pizzashack#v1.war]
TID: [] [] [2026-10-01 14:27:10,324]  INFO {org.wso2.carbon.webapp.mgt.TomcatGenericWebappsDeployer} - Deployed webapp: StandardEngine[Catalina].StandardHost[localhost].StandardContext[/api/am/admin].File[D:\wso2am-4.6.0\bin\..\repository\deployment\server\webapps\api#am#admin.war]
TID: [] [] [2026-10-01 14:27:11,319]  INFO {org.wso2.carbon.webapp.mgt.TomcatGenericWebappsDeployer} - Deployed webapp: StandardEngine[Catalina].StandardHost[localhost].StandardContext[/api/am/devops/v0].File[D:\wso2am-4.6.0\bin\..\repository\deployment\server\webapps\api#am#devops#v0.war]
TID: [] [] [2026-10-01 14:27:12,638]  INFO {org.wso2.carbon.webapp.mgt.TomcatGenericWebappsDeployer} - Deployed webapp: StandardEngine[Catalina].StandardHost[localhost].StandardContext[/api/am/devportal].File[D:\wso2am-4.6.0\bin\..\repository\deployment\server\webapps\api#am#devportal.war]
TID: [] [] [2026-10-01 14:27:13,707]  INFO {org.wso2.carbon.webapp.mgt.TomcatGenericWebappsDeployer} - Deployed webapp: StandardEngine[Catalina].StandardHost[localhost].StandardContext[/api/am/gateway/v2].File[D:\wso2am-4.6.0\bin\..\repository\deployment\server\webapps\api#am#gateway#v2.war]
TID: [] [] [2026-10-01 14:27:14,811]  INFO {org.wso2.carbon.webapp.mgt.TomcatGenericWebappsDeployer} - Deployed webapp: StandardEngine[Catalina].StandardHost[localhost].StandardContext[/api/am/governance].File[D:\wso2am-4.6.0\bin\..\repository\deployment\server\webapps\api#am#governance.war]
TID: [] [] [2026-10-01 14:27:16,142]  INFO {org.wso2.carbon.webapp.mgt.TomcatGenericWebappsDeployer} - Deployed webapp: StandardEngine[Catalina].StandardHost[localhost].StandardContext[/api/am/publisher].File[D:\wso2am-4.6.0\bin\..\repository\deployment\server\webapps\api#am#publisher.war]
TID: [] [] [2026-10-01 14:27:17,138]  INFO {org.wso2.carbon.webapp.mgt.TomcatGenericWebappsDeployer} - Deployed webapp: StandardEngine[Catalina].StandardHost[localhost].StandardContext[/api/am/service-catalog/v1].File[D:\wso2am-4.6.0\bin\..\repository\deployment\server\webapps\api#am#service-catalog#v1.war]
TID: [] [] [2026-10-01 14:27:17,857]  INFO {org.wso2.carbon.webapp.mgt.TomcatGenericWebappsDeployer} - Deployed webapp: StandardEngine[Catalina].StandardHost[localhost].StandardContext[/api/identity/auth/v1.1].File[D:\wso2am-4.6.0\bin\..\repository\deployment\server\webapps\api#identity#auth#v1.1.war]
TID: [] [] [2026-10-01 14:27:18,530]  INFO {org.wso2.carbon.webapp.mgt.TomcatGenericWebappsDeployer} - Deployed webapp: StandardEngine[Catalina].StandardHost[localhost].StandardContext[/api/identity/consent-mgt/v1.0].File[D:\wso2am-4.6.0\bin\..\repository\deployment\server\webapps\api#identity#consent-mgt#v1.0.war]
TID: [] [] [2026-10-01 14:27:19,211]  INFO {org.wso2.carbon.webapp.mgt.TomcatGenericWebappsDeployer} - Deployed webapp: StandardEngine[Catalina].StandardHost[localhost].StandardContext[/api/identity/oauth2/dcr/v1.1].File[D:\wso2am-4.6.0\bin\..\repository\deployment\server\webapps\api#identity#oauth2#dcr#v1.1.war]
TID: [] [] [2026-10-01 14:27:19,936]  INFO {org.wso2.carbon.webapp.mgt.TomcatGenericWebappsDeployer} - Deployed webapp: StandardEngine[Catalina].StandardHost[localhost].StandardContext[/api/identity/oauth2/v1.0].File[D:\wso2am-4.6.0\bin\..\repository\deployment\server\webapps\api#identity#oauth2#v1.0.war]
TID: [] [] [2026-10-01 14:27:20,614]  INFO {org.wso2.carbon.webapp.mgt.TomcatGenericWebappsDeployer} - Deployed webapp: StandardEngine[Catalina].StandardHost[localhost].StandardContext[/api/identity/recovery/v0.9].File[D:\wso2am-4.6.0\bin\..\repository\deployment\server\webapps\api#identity#recovery#v0.9.war]
TID: [] [] [2026-10-01 14:27:21,310]  INFO {org.wso2.carbon.webapp.mgt.TomcatGenericWebappsDeployer} - Deployed webapp: StandardEngine[Catalina].StandardHost[localhost].StandardContext[/api/identity/user/v1.0].File[D:\wso2am-4.6.0\bin\..\repository\deployment\server\webapps\api#identity#user#v1.0.war]
TID: [] [] [2026-10-01 14:27:23,719]  INFO {org.wso2.carbon.webapp.mgt.TomcatGenericWebappsDeployer} - Deployed webapp: StandardEngine[Catalina].StandardHost[localhost].StandardContext[/authenticationendpoint].File[D:\wso2am-4.6.0\bin\..\repository\deployment\server\webapps\authenticationendpoint]
TID: [] [] [2026-10-01 14:27:24,694]  INFO {org.wso2.carbon.webapp.mgt.TomcatGenericWebappsDeployer} - Deployed webapp: StandardEngine[Catalina].StandardHost[localhost].StandardContext[/client-registration/v0.17].File[D:\wso2am-4.6.0\bin\..\repository\deployment\server\webapps\client-registration#v0.17.war]
TID: [] [] [2026-10-01 14:27:25,472]  INFO {org.wso2.carbon.webapp.mgt.TomcatGenericWebappsDeployer} - Deployed webapp: StandardEngine[Catalina].StandardHost[localhost].StandardContext[/devportal].File[D:\wso2am-4.6.0\bin\..\repository\deployment\server\webapps\devportal]
TID: [] [] [2026-10-01 14:27:26,468]  INFO {org.wso2.carbon.webapp.mgt.TomcatGenericWebappsDeployer} - Deployed webapp: StandardEngine[Catalina].StandardHost[localhost].StandardContext[/internal/data/v1].File[D:\wso2am-4.6.0\bin\..\repository\deployment\server\webapps\internal#data#v1.war]
TID: [] [] [2026-10-01 14:27:27,262]  INFO {org.wso2.carbon.webapp.mgt.TomcatGenericWebappsDeployer} - Deployed webapp: StandardEngine[Catalina].StandardHost[localhost].StandardContext[/keymanager-operations].File[D:\wso2am-4.6.0\bin\..\repository\deployment\server\webapps\keymanager-operations.war]
TID: [] [] [2026-10-01 14:27:28,392]  INFO {org.wso2.carbon.webapp.mgt.TomcatGenericWebappsDeployer} - Deployed webapp: StandardEngine[Catalina].StandardHost[localhost].StandardContext[/oauth2].File[D:\wso2am-4.6.0\bin\..\repository\deployment\server\webapps\oauth2.war]
TID: [] [] [2026-10-01 14:27:29,097]  INFO {org.wso2.carbon.webapp.mgt.TomcatGenericWebappsDeployer} - Deployed webapp: StandardEngine[Catalina].StandardHost[localhost].StandardContext[/publisher].File[D:\wso2am-4.6.0\bin\..\repository\deployment\server\webapps\publisher]
TID: [] [] [2026-10-01 14:27:29,098]  INFO {org.apache.synapse.Axis2SynapseController} - Deploying the Synapse service...
TID: [] [] [2026-10-01 14:27:29,099]  INFO {org.apache.synapse.Axis2SynapseController} - Deploying Proxy services...
TID: [] [] [2026-10-01 14:27:29,099]  INFO {org.apache.synapse.Axis2SynapseController} - Deploying EventSources...
TID: [] [] [2026-10-01 14:27:29,130]  INFO {org.apache.synapse.inbound.InboundEndpoint} - Initializing Inbound Endpoint: WebSocketInboundEndpoint
TID: [] [] [2026-10-01 14:27:29,375]  INFO {org.wso2.carbon.inbound.endpoint.protocol.websocket.management.WebsocketEndpointManager} - Netty Listener starting on port 9099
TID: [] [] [2026-10-01 14:27:29,375]  INFO {org.apache.synapse.inbound.InboundEndpoint} - Initializing Inbound Endpoint: SecureWebSocketEP
TID: [] [] [2026-10-01 14:27:29,397]  INFO {org.wso2.carbon.inbound.endpoint.protocol.websocket.management.WebsocketEndpointManager} - Netty SSL Listener starting on port 8099
TID: [] [] [2026-10-01 14:27:29,397]  INFO {org.apache.synapse.inbound.InboundEndpoint} - Initializing Inbound Endpoint: WebhookServer
TID: [] [] [2026-10-01 14:27:29,424]  INFO {org.apache.synapse.transport.passthru.core.PassThroughListeningIOReactorManager} - Pass-through WebhookServer Listener started on 0:0:0:0:0:0:0:0:9021
TID: [] [] [2026-10-01 14:27:29,424]  INFO {org.apache.synapse.inbound.InboundEndpoint} - Initializing Inbound Endpoint: SecureWebhookServer
TID: [] [] [2026-10-01 14:27:29,452]  INFO {org.apache.synapse.transport.passthru.core.PassThroughListeningIOReactorManager} - Pass-through SecureWebhookServer Listener started on 0:0:0:0:0:0:0:0:8021
TID: [] [] [2026-10-01 14:27:29,454]  INFO {org.apache.synapse.api.API} - {api:_OpenService_} Initializing API: _OpenService_
TID: [] [] [2026-10-01 14:27:29,454]  INFO {org.apache.synapse.ServerManager} - Server ready for processing...
TID: [] [] [2026-10-01 14:27:29,792]  INFO {org.wso2.carbon.apimgt.common.jms.factory.JMSConnectionFactory} - JMS ConnectionFactory : Siddhi-JMS-Consumer initialized
TID: [] [] [2026-10-01 14:27:29,792]  INFO {org.wso2.carbon.apimgt.common.jms.factory.JMSConnectionFactory} - JMS ConnectionFactory : Siddhi-JMS-Consumer initialized
TID: [] [] [2026-10-01 14:27:29,824]  INFO {org.wso2.carbon.inbound.endpoint.protocol.websocket.management.WebsocketEndpointManager} - Netty Listener already started on port 8099
TID: [] [] [2026-10-01 14:27:29,824]  INFO {org.wso2.carbon.inbound.endpoint.protocol.http.management.HTTPEndpointManager} - Listener is already started for port : 8021
TID: [] [] [2026-10-01 14:27:29,824]  INFO {org.wso2.carbon.inbound.endpoint.protocol.websocket.management.WebsocketEndpointManager} - Netty Listener already started on port 9099
TID: [] [] [2026-10-01 14:27:29,824]  INFO {org.wso2.carbon.inbound.endpoint.protocol.http.management.HTTPEndpointManager} - Listener is already started for port : 9021
TID: [] [] [2026-10-01 14:27:29,928]  INFO {org.wso2.carbon.andes.internal.QpidServiceComponent} - Activating Andes Message Broker Engine...
TID: [] [] [2026-10-01 14:27:30,200]  INFO {qpid.message.broker.listening} - [Broker] BRK-1002 : Starting : Listening on TCP port 5672
TID: [] [] [2026-10-01 14:27:30,204]  INFO {qpid.message.broker.listening} - [Broker] BRK-1002 : Starting : Listening on TCP/SSL port 8672
TID: [] [] [2026-10-01 14:27:30,207]  INFO {org.wso2.carbon.andes.internal.QpidServiceComponent} - AMQP Host Address : 0.0.0.0 Port : 5672
TID: [] [] [2026-10-01 14:27:30,207]  INFO {org.wso2.carbon.andes.internal.QpidServiceComponent} - Successfully connected to AMQP server on port 5672
TID: [] [] [2026-10-01 14:27:30,207]  INFO {org.wso2.carbon.andes.internal.QpidServiceComponent} - WSO2 Message Broker is started.
TID: [] [] [2026-10-01 14:27:30,313]  INFO {org.wso2.carbon.databridge.receiver.binary.internal.BinaryDataReceiver} - Started Binary SSL Transport on port : 9711
TID: [] [] [2026-10-01 14:27:30,313]  INFO {org.wso2.carbon.databridge.receiver.binary.internal.BinaryDataReceiver} - Started Binary TCP Transport on port : 9611
TID: [] [] [2026-10-01 14:27:30,635]  INFO {org.wso2.carbon.databridge.receiver.thrift.internal.ThriftServerStartupObserver} -  Thrift Data Receiver is disabled.
TID: [] [] [2026-10-01 14:27:30,675]  INFO {org.apache.synapse.transport.passthru.PassThroughHttpListener} - Starting Pass-through HTTP Listener...
TID: [] [] [2026-10-01 14:27:30,683]  INFO {org.apache.synapse.transport.passthru.core.PassThroughListeningIOReactorManager} - Pass-through HTTP Listener started on 0:0:0:0:0:0:0:0:8280
TID: [] [] [2026-10-01 14:27:30,683]  INFO {org.apache.synapse.transport.passthru.PassThroughHttpMultiSSLListener} - Starting Pass-through HTTPS Listener...
TID: [] [] [2026-10-01 14:27:30,693]  INFO {org.apache.synapse.transport.passthru.core.PassThroughListeningIOReactorManager} - Pass-through HTTPS Listener started on 0:0:0:0:0:0:0:0:8243
TID: [] [] [2026-10-01 14:27:30,728]  INFO {org.apache.tomcat.util.net.NioEndpoint.certificate} - Connector [https-jsse-nio-9443], TLS virtual host [_default_], certificate type [UNDEFINED] configured from keystore [D:\wso2am-4.6.0\bin\../repository/resources/security/wso2carbon.jks] using alias [wso2carbon] with trust store [D:\wso2am-4.6.0\bin\../repository/resources/security/client-truststore.jks]
TID: [] [] [2026-10-01 14:27:30,793]  INFO {org.wso2.carbon.ntask.core.service.impl.TaskServiceImpl} - Task service starting in STANDALONE mode...
TID: [] [] [2026-10-01 14:27:30,823]  INFO {org.wso2.carbon.registry.eventing.internal.RegistryEventingServiceComponent} - Successfully Initialized Eventing on Registry
TID: [] [] [2026-10-01 14:27:30,886]  INFO {org.wso2.carbon.core.init.JMXServerManager} - JMX Service URL  : service:jmx:rmi://localhost:11111/jndi/rmi://localhost:9999/jmxrmi
TID: [] [] [2026-10-01 14:27:30,933]  INFO {org.wso2.carbon.apimgt.governance.impl.util.APIMGovernanceUtil} - Ruleset OWASP Top 10 already exists in organization: carbon.super; skipping.
TID: [] [] [2026-10-01 14:27:30,939]  INFO {org.wso2.carbon.apimgt.governance.impl.util.APIMGovernanceUtil} - Ruleset WSO2 API Management Guidelines already exists in organization: carbon.super; skipping.
TID: [] [] [2026-10-01 14:27:30,948]  INFO {org.wso2.carbon.apimgt.governance.impl.util.APIMGovernanceUtil} - Ruleset WSO2 REST API Design Guidelines already exists in organization: carbon.super; skipping.
TID: [] [] [2026-10-01 14:27:30,953]  INFO {org.wso2.carbon.apimgt.governance.impl.util.APIMGovernanceUtil} - Policy WSO2 API Management Best Practices already exists in organization: carbon.super; skipping.
TID: [] [] [2026-10-01 14:27:30,957]  INFO {org.wso2.carbon.apimgt.common.jms.JMSTransportHandler} - Starting jms topic consumer thread for the notification topic...
TID: [] [] [2026-10-01 14:27:30,983]  INFO {org.wso2.carbon.apimgt.common.jms.JMSTransportHandler} - Starting jms topic consumer thread for the keyManager topic...
TID: [] [] [2026-10-01 14:27:30,983]  INFO {org.wso2.carbon.apimgt.common.jms.JMSTransportHandler} - Starting jms topic consumer thread for the notification topic...
TID: [] [] [2026-10-01 14:27:30,983]  INFO {org.wso2.carbon.apimgt.jms.listener.utils.JMSListenerStartupShutdownListener} - Certificate management event listening is enabled. Subscribing to notification topic.
TID: [] [] [2026-10-01 14:27:30,991]  INFO {org.wso2.carbon.apimgt.common.jms.JMSTransportHandler} - Starting jms topic consumer thread for the notification topic...
TID: [] [] [2026-10-01 14:27:30,996]  INFO {org.wso2.carbon.apimgt.common.jms.JMSTransportHandler} - Starting jms topic consumer thread for the notification topic...
TID: [] [] [2026-10-01 14:27:31,043]  INFO {org.wso2.carbon.apimgt.gateway.InMemoryAPIDeployer} - Deploying synapse artifacts of _JwksEndpoint_
TID: [] [] [2026-10-01 14:27:31,069]  INFO {org.wso2.carbon.apimgt.common.jms.JMSTransportHandler} - Starting jms topic consumer thread for the throttleData topic...
TID: [] [] [2026-10-01 14:27:31,069]  INFO {org.apache.synapse.api.API} - {api:_JwksEndpoint_} Initializing API: _JwksEndpoint_
TID: [] [] [2026-10-01 14:27:31,069]  INFO {org.wso2.carbon.mediation.dependency.mgt.DependencyTracker} - API : _JwksEndpoint_ was added to the Synapse configuration successfully
TID: [] [] [2026-10-01 14:27:31,071]  INFO {org.wso2.carbon.apimgt.common.jms.JMSTransportHandler} - Starting jms topic consumer thread for the tokenRevocation topic...
TID: [] [] [2026-10-01 14:27:31,073]  INFO {org.wso2.carbon.apimgt.common.jms.JMSTransportHandler} - Starting jms topic consumer thread for the cacheInvalidation topic...
TID: [] [] [2026-10-01 14:27:31,074]  INFO {org.wso2.carbon.apimgt.gateway.InMemoryAPIDeployer} - Deploying synapse artifacts of _HealthCheckAPI_
TID: [] [] [2026-10-01 14:27:31,081]  INFO {org.wso2.carbon.apimgt.common.jms.JMSTransportHandler} - Starting jms topic consumer thread for the notification topic...
TID: [] [] [2026-10-01 14:27:31,082]  INFO {org.wso2.carbon.apimgt.common.jms.JMSTransportHandler} - Starting jms topic consumer thread for the throttleData topic...
TID: [] [] [2026-10-01 14:27:31,082]  INFO {org.wso2.carbon.apimgt.common.jms.JMSTransportHandler} - Starting jms topic consumer thread for the asyncWebhooksData topic...
TID: [] [] [2026-10-01 14:27:31,082]  INFO {org.apache.synapse.api.API} - {api:_HealthCheckAPI_} Initializing API: _HealthCheckAPI_
TID: [] [] [2026-10-01 14:27:31,082]  INFO {org.wso2.carbon.mediation.dependency.mgt.DependencyTracker} - API : _HealthCheckAPI_ was added to the Synapse configuration successfully
TID: [] [] [2026-10-01 14:27:31,244]  INFO {org.wso2.carbon.databridge.core.DataBridge} - user admin connected
TID: [] [] [2026-10-01 14:27:31,464]  INFO {org.wso2.carbon.core.internal.StartupFinalizerServiceComponent} - Server           :  WSO2 API Manager-4.6.0
TID: [] [] [2026-10-01 14:27:31,464]  INFO {org.wso2.carbon.core.internal.StartupFinalizerServiceComponent} - WSO2 Carbon started in 67 sec
TID: [] [] [2026-10-01 14:27:31,464]  INFO {org.wso2.carbon.apimgt.common.jms.JMSListener} - Connection successfully created towards the JMS provider for the listener: Siddhi-JMS-Consumer#notification. The connected JMS provider is AMQConnection: | Host: 192.168.1.235 | Port: 5672 | Virtual Host: carbon | Client ID: clientid | Active session count: 0
TID: [] [] [2026-10-01 14:27:31,464]  INFO {org.wso2.carbon.apimgt.common.jms.JMSListener} - Connection successfully created towards the JMS provider for the listener: Siddhi-JMS-Consumer#notification. The connected JMS provider is AMQConnection: | Host: 192.168.1.235 | Port: 5672 | Virtual Host: carbon | Client ID: clientid | Active session count: 0
TID: [] [] [2026-10-01 14:27:31,464]  INFO {org.wso2.carbon.apimgt.common.jms.JMSListener} - Connection successfully created towards the JMS provider for the listener: Siddhi-JMS-Consumer#tokenRevocation. The connected JMS provider is AMQConnection: | Host: 192.168.1.235 | Port: 5672 | Virtual Host: carbon | Client ID: clientid | Active session count: 0
TID: [] [] [2026-10-01 14:27:31,464]  INFO {org.wso2.carbon.apimgt.common.jms.JMSListener} - Connection successfully created towards the JMS provider for the listener: Siddhi-JMS-Consumer#keyManager. The connected JMS provider is AMQConnection: | Host: 192.168.1.235 | Port: 5672 | Virtual Host: carbon | Client ID: clientid | Active session count: 0
TID: [] [] [2026-10-01 14:27:31,464]  INFO {org.wso2.carbon.apimgt.common.jms.JMSListener} - Connection attempt: 1 for JMS Provider for listener: Siddhi-JMS-Consumer#notification was successful!
TID: [] [] [2026-10-01 14:27:31,464]  INFO {org.wso2.carbon.apimgt.common.jms.JMSListener} - Connection attempt: 1 for JMS Provider for listener: Siddhi-JMS-Consumer#tokenRevocation was successful!
TID: [] [] [2026-10-01 14:27:31,464]  INFO {org.wso2.carbon.apimgt.common.jms.JMSListener} - Connection attempt: 1 for JMS Provider for listener: Siddhi-JMS-Consumer#notification was successful!
TID: [] [] [2026-10-01 14:27:31,464]  INFO {org.wso2.carbon.apimgt.common.jms.JMSListener} - Connection attempt: 1 for JMS Provider for listener: Siddhi-JMS-Consumer#keyManager was successful!
TID: [] [] [2026-10-01 14:27:31,465]  INFO {org.wso2.carbon.apimgt.common.jms.JMSListener} - Connection successfully created towards the JMS provider for the listener: Siddhi-JMS-Consumer#notification. The connected JMS provider is AMQConnection: | Host: 192.168.1.235 | Port: 5672 | Virtual Host: carbon | Client ID: clientid | Active session count: 0
TID: [] [] [2026-10-01 14:27:31,465]  INFO {org.wso2.carbon.apimgt.common.jms.JMSListener} - Connection successfully created towards the JMS provider for the listener: Siddhi-JMS-Consumer#notification. The connected JMS provider is AMQConnection: | Host: 192.168.1.235 | Port: 5672 | Virtual Host: carbon | Client ID: clientid | Active session count: 0
TID: [] [] [2026-10-01 14:27:31,465]  INFO {org.wso2.carbon.apimgt.common.jms.JMSListener} - Connection successfully created towards the JMS provider for the listener: Siddhi-JMS-Consumer#cacheInvalidation. The connected JMS provider is AMQConnection: | Host: 192.168.1.235 | Port: 5672 | Virtual Host: carbon | Client ID: clientid | Active session count: 0
TID: [] [] [2026-10-01 14:27:31,465]  INFO {org.wso2.carbon.apimgt.common.jms.JMSListener} - Connection attempt: 1 for JMS Provider for listener: Siddhi-JMS-Consumer#notification was successful!
TID: [] [] [2026-10-01 14:27:31,465]  INFO {org.wso2.carbon.apimgt.common.jms.JMSListener} - Connection attempt: 1 for JMS Provider for listener: Siddhi-JMS-Consumer#cacheInvalidation was successful!
TID: [] [] [2026-10-01 14:27:31,465]  INFO {org.wso2.carbon.apimgt.common.jms.JMSListener} - Connection successfully created towards the JMS provider for the listener: Siddhi-JMS-Consumer#notification. The connected JMS provider is AMQConnection: | Host: 192.168.1.235 | Port: 5672 | Virtual Host: carbon | Client ID: clientid | Active session count: 0
TID: [] [] [2026-10-01 14:27:31,465]  INFO {org.wso2.carbon.apimgt.common.jms.JMSListener} - Connection attempt: 1 for JMS Provider for listener: Siddhi-JMS-Consumer#notification was successful!
TID: [] [] [2026-10-01 14:27:31,465]  INFO {org.wso2.carbon.apimgt.common.jms.JMSListener} - Connection attempt: 1 for JMS Provider for listener: Siddhi-JMS-Consumer#notification was successful!
TID: [] [] [2026-10-01 14:27:31,465]  INFO {org.wso2.carbon.apimgt.common.jms.JMSListener} - Connection successfully created towards the JMS provider for the listener: Siddhi-JMS-Consumer#throttleData. The connected JMS provider is AMQConnection: | Host: 192.168.1.235 | Port: 5672 | Virtual Host: carbon | Client ID: clientid | Active session count: 0
TID: [] [] [2026-10-01 14:27:31,465]  INFO {org.wso2.carbon.apimgt.common.jms.JMSListener} - Connection attempt: 1 for JMS Provider for listener: Siddhi-JMS-Consumer#throttleData was successful!
TID: [] [] [2026-10-01 14:27:31,465]  INFO {org.wso2.carbon.apimgt.common.jms.JMSListener} - Connection successfully created towards the JMS provider for the listener: Siddhi-JMS-Consumer#asyncWebhooksData. The connected JMS provider is AMQConnection: | Host: 192.168.1.235 | Port: 5672 | Virtual Host: carbon | Client ID: clientid | Active session count: 0
TID: [] [] [2026-10-01 14:27:31,465]  INFO {org.wso2.carbon.apimgt.common.jms.JMSListener} - Connection attempt: 1 for JMS Provider for listener: Siddhi-JMS-Consumer#asyncWebhooksData was successful!
TID: [] [] [2026-10-01 14:27:31,465]  INFO {org.wso2.carbon.apimgt.common.jms.JMSListener} - Connection successfully created towards the JMS provider for the listener: Siddhi-JMS-Consumer#throttleData. The connected JMS provider is AMQConnection: | Host: 192.168.1.235 | Port: 5672 | Virtual Host: carbon | Client ID: clientid | Active session count: 0
TID: [] [] [2026-10-01 14:27:31,465]  INFO {org.wso2.carbon.apimgt.common.jms.JMSListener} - Connection attempt: 1 for JMS Provider for listener: Siddhi-JMS-Consumer#throttleData was successful!
TID: [] [] [2026-10-01 14:27:31,467]  INFO {org.wso2.carbon.apimgt.common.jms.JMSTaskManager} - Task manager for Siddhi-JMS-Consumer [re-]initialized
TID: [] [] [2026-10-01 14:27:31,467]  INFO {org.wso2.carbon.apimgt.common.jms.JMSTaskManager} - Task manager for Siddhi-JMS-Consumer [re-]initialized
TID: [] [] [2026-10-01 14:27:31,467]  INFO {org.wso2.carbon.apimgt.common.jms.JMSTaskManager} - Task manager for Siddhi-JMS-Consumer [re-]initialized
TID: [] [] [2026-10-01 14:27:31,467]  INFO {org.wso2.carbon.apimgt.common.jms.JMSTaskManager} - Task manager for Siddhi-JMS-Consumer [re-]initialized
TID: [] [] [2026-10-01 14:27:31,467]  INFO {org.wso2.carbon.apimgt.common.jms.JMSTaskManager} - Task manager for Siddhi-JMS-Consumer [re-]initialized
TID: [] [] [2026-10-01 14:27:31,467]  INFO {org.wso2.carbon.apimgt.common.jms.JMSTaskManager} - Task manager for Siddhi-JMS-Consumer [re-]initialized
TID: [] [] [2026-10-01 14:27:31,467]  INFO {org.wso2.carbon.apimgt.common.jms.JMSTaskManager} - Task manager for Siddhi-JMS-Consumer [re-]initialized
TID: [] [] [2026-10-01 14:27:31,467]  INFO {org.wso2.carbon.apimgt.common.jms.JMSTaskManager} - Task manager for Siddhi-JMS-Consumer [re-]initialized
TID: [] [] [2026-10-01 14:27:31,467]  INFO {org.wso2.carbon.apimgt.common.jms.JMSTaskManager} - Task manager for Siddhi-JMS-Consumer [re-]initialized
TID: [] [] [2026-10-01 14:27:31,467]  INFO {org.wso2.carbon.apimgt.common.jms.JMSTaskManager} - Task manager for Siddhi-JMS-Consumer [re-]initialized
TID: [] [] [2026-10-01 14:27:31,467]  INFO {org.wso2.carbon.apimgt.common.jms.JMSTaskManager} - Task manager for Siddhi-JMS-Consumer [re-]initialized
TID: [] [] [2026-10-01 14:27:31,940]  INFO {org.wso2.carbon.ui.internal.CarbonUIServiceComponent} - Mgt Console URL  : https://localhost:9443/carbon/
TID: [] [] [2026-10-01 14:27:31,940]  INFO {org.wso2.carbon.ui.internal.CarbonUIServiceComponent} - API Developer Portal Default Context : https://localhost:9443/devportal
TID: [] [] [2026-10-01 14:27:31,940]  INFO {org.wso2.carbon.ui.internal.CarbonUIServiceComponent} - API Publisher Default Context : https://localhost:9443/publisher
TID: [-1234] [internal/data/v1] [2026-10-01 14:27:31,966]  INFO {org.wso2.carbon.apimgt.impl.importexport.utils.CommonUtil} - Creation of folder is successful. Directory Name : Api Exemplo-0.1
TID: [-1234] [internal/data/v1] [2026-10-01 14:27:31,967]  INFO {org.wso2.carbon.apimgt.impl.importexport.utils.CommonUtil} - Creation of folder is successful. Directory Name : Definitions
TID: [] [] [2026-10-01 14:27:32,468]  INFO {org.wso2.carbon.apimgt.common.jms.JMSListener} - Started to listen on destination : tokenRevocation of type topic for listener Siddhi-JMS-Consumer#tokenRevocation
TID: [] [] [2026-10-01 14:27:32,468]  INFO {org.wso2.carbon.apimgt.common.jms.JMSListener} - Started to listen on destination : notification of type topic for listener Siddhi-JMS-Consumer#notification
TID: [] [] [2026-10-01 14:27:32,468]  INFO {org.wso2.carbon.apimgt.common.jms.JMSListener} - Started to listen on destination : keyManager of type topic for listener Siddhi-JMS-Consumer#keyManager
TID: [] [] [2026-10-01 14:27:32,468]  INFO {org.wso2.carbon.apimgt.common.jms.JMSListener} - Started to listen on destination : throttleData of type topic for listener Siddhi-JMS-Consumer#throttleData
TID: [] [] [2026-10-01 14:27:32,468]  INFO {org.wso2.carbon.apimgt.common.jms.JMSListener} - Started to listen on destination : cacheInvalidation of type topic for listener Siddhi-JMS-Consumer#cacheInvalidation
TID: [] [] [2026-10-01 14:27:32,468]  INFO {org.wso2.carbon.apimgt.common.jms.JMSListener} - Started to listen on destination : notification of type topic for listener Siddhi-JMS-Consumer#notification
TID: [] [] [2026-10-01 14:27:32,468]  INFO {org.wso2.carbon.apimgt.common.jms.JMSListener} - Started to listen on destination : throttleData of type topic for listener Siddhi-JMS-Consumer#throttleData
TID: [] [] [2026-10-01 14:27:32,468]  INFO {org.wso2.carbon.apimgt.common.jms.JMSListener} - Started to listen on destination : notification of type topic for listener Siddhi-JMS-Consumer#notification
TID: [] [] [2026-10-01 14:27:32,468]  INFO {org.wso2.carbon.apimgt.common.jms.JMSListener} - Started to listen on destination : asyncWebhooksData of type topic for listener Siddhi-JMS-Consumer#asyncWebhooksData
TID: [] [] [2026-10-01 14:27:32,472]  INFO {org.wso2.carbon.apimgt.common.jms.JMSListener} - Started to listen on destination : notification of type topic for listener Siddhi-JMS-Consumer#notification
TID: [] [] [2026-10-01 14:27:32,472]  INFO {org.wso2.carbon.apimgt.common.jms.JMSListener} - Started to listen on destination : notification of type topic for listener Siddhi-JMS-Consumer#notification
TID: [] [] [2026-10-01 14:27:32,602]  INFO {org.wso2.carbon.apimgt.gateway.listeners.GatewayStartupListener} - Gateway policy artifacts deployed Successfully in the Gateway
TID: [] [] [2026-10-01 14:27:32,616]  INFO {org.wso2.carbon.mediation.dependency.mgt.DependencyTracker} - Local entry : ga-config-key was added to the Synapse configuration successfully
TID: [] [] [2026-10-01 14:27:32,617]  INFO {org.wso2.carbon.apimgt.gateway.InMemoryAPIDeployer} - Retrieved 1 artifacts for deployment
TID: [] [] [2026-10-01 14:27:32,618]  INFO {org.wso2.carbon.apimgt.gateway.InMemoryAPIDeployer} - Deploying synapse artifacts of API ID: e2751bd4-70e9-4e96-9c39-c0d334d80213 and Context: /teste/0.1
TID: [] [] [2026-10-01 14:27:32,668]  INFO {org.wso2.carbon.mediation.dependency.mgt.DependencyTracker} - Local entry : e2751bd4-70e9-4e96-9c39-c0d334d80213 was added to the Synapse configuration successfully
TID: [] [] [2026-10-01 14:27:32,670]  INFO {org.wso2.carbon.mediation.dependency.mgt.DependencyTracker} - Endpoint : Api Exemplo--v0.1_APIproductionEndpoint was added to the Synapse configuration successfully
TID: [] [] [2026-10-01 14:27:32,671]  INFO {org.wso2.carbon.mediation.dependency.mgt.DependencyTracker} - Endpoint : Api Exemplo--v0.1_APIsandboxEndpoint was added to the Synapse configuration successfully
TID: [] [] [2026-10-01 14:27:32,703]  INFO {org.wso2.carbon.apimgt.gateway.notifiers.GatewayNotifier} - Gateway registered successfully with ID: c1bfaecf-0a16-4c7a-bd2c-5564064f69ab
TID: [] [] [2026-10-01 14:27:32,707]  INFO {org.wso2.carbon.event.processor.core.internal.util.EventProcessorConfigurationFilesystemInvoker} - carbon.super_sub_AsyncWHSilver.siddhiql is deleted from the file system
TID: [] [] [2026-10-01 14:27:32,707]  INFO {org.wso2.carbon.event.processor.core.EventProcessorDeployer} - Execution Plan was undeployed successfully : carbon.super_sub_AsyncWHSilver.siddhiql
TID: [] [] [2026-10-01 14:27:32,708]  INFO {org.wso2.carbon.event.processor.core.internal.util.EventProcessorConfigurationFilesystemInvoker} - carbon.super_sub_AsyncBronze.siddhiql is deleted from the file system
TID: [] [] [2026-10-01 14:27:32,708]  INFO {org.wso2.carbon.event.processor.core.EventProcessorDeployer} - Execution Plan was undeployed successfully : carbon.super_sub_AsyncBronze.siddhiql
TID: [] [] [2026-10-01 14:27:32,709]  INFO {org.wso2.carbon.event.processor.core.internal.util.EventProcessorConfigurationFilesystemInvoker} - carbon.super_sub_AISilver.siddhiql is deleted from the file system
TID: [] [] [2026-10-01 14:27:32,709]  INFO {org.wso2.carbon.event.processor.core.EventProcessorDeployer} - Execution Plan was undeployed successfully : carbon.super_sub_AISilver.siddhiql
TID: [] [] [2026-10-01 14:27:32,709]  INFO {org.wso2.carbon.event.processor.core.internal.util.EventProcessorConfigurationFilesystemInvoker} - carbon.super_sub_AsyncDefaultSubscriptionless.siddhiql is deleted from the file system
TID: [] [] [2026-10-01 14:27:32,709]  INFO {org.wso2.carbon.event.processor.core.EventProcessorDeployer} - Execution Plan was undeployed successfully : carbon.super_sub_AsyncDefaultSubscriptionless.siddhiql
TID: [] [] [2026-10-01 14:27:32,710]  INFO {org.wso2.carbon.event.processor.core.internal.util.EventProcessorConfigurationFilesystemInvoker} - carbon.super_sub_Unauthenticated.siddhiql is deleted from the file system
TID: [] [] [2026-10-01 14:27:32,710]  INFO {org.wso2.carbon.event.processor.core.EventProcessorDeployer} - Execution Plan was undeployed successfully : carbon.super_sub_Unauthenticated.siddhiql
TID: [] [] [2026-10-01 14:27:32,710]  INFO {org.wso2.carbon.event.processor.core.internal.util.EventProcessorConfigurationFilesystemInvoker} - carbon.super_sub_AsyncWHGold.siddhiql is deleted from the file system
TID: [] [] [2026-10-01 14:27:32,710]  INFO {org.wso2.carbon.event.processor.core.EventProcessorDeployer} - Execution Plan was undeployed successfully : carbon.super_sub_AsyncWHGold.siddhiql
TID: [] [] [2026-10-01 14:27:32,710]  INFO {org.wso2.carbon.event.processor.core.internal.util.EventProcessorConfigurationFilesystemInvoker} - carbon.super_resource_10KPerMin_default.siddhiql is deleted from the file system
TID: [] [] [2026-10-01 14:27:32,710]  INFO {org.wso2.carbon.event.processor.core.EventProcessorDeployer} - Execution Plan was undeployed successfully : carbon.super_resource_10KPerMin_default.siddhiql
TID: [] [] [2026-10-01 14:27:32,711]  INFO {org.wso2.carbon.event.processor.core.internal.util.EventProcessorConfigurationFilesystemInvoker} - carbon.super_sub_AIGold.siddhiql is deleted from the file system
TID: [] [] [2026-10-01 14:27:32,711]  INFO {org.wso2.carbon.event.processor.core.EventProcessorDeployer} - Execution Plan was undeployed successfully : carbon.super_sub_AIGold.siddhiql
TID: [] [] [2026-10-01 14:27:32,711]  INFO {org.wso2.carbon.event.processor.core.internal.util.EventProcessorConfigurationFilesystemInvoker} - carbon.super_sub_AsyncWHBronze.siddhiql is deleted from the file system
TID: [] [] [2026-10-01 14:27:32,711]  INFO {org.wso2.carbon.event.processor.core.EventProcessorDeployer} - Execution Plan was undeployed successfully : carbon.super_sub_AsyncWHBronze.siddhiql
TID: [] [] [2026-10-01 14:27:32,712]  INFO {org.wso2.carbon.event.processor.core.internal.util.EventProcessorConfigurationFilesystemInvoker} - carbon.super_sub_AsyncSilver.siddhiql is deleted from the file system
TID: [] [] [2026-10-01 14:27:32,712]  INFO {org.wso2.carbon.event.processor.core.EventProcessorDeployer} - Execution Plan was undeployed successfully : carbon.super_sub_AsyncSilver.siddhiql
TID: [] [] [2026-10-01 14:27:32,712]  INFO {org.wso2.carbon.event.processor.core.internal.util.EventProcessorConfigurationFilesystemInvoker} - carbon.super_sub_DefaultSubscriptionless.siddhiql is deleted from the file system
TID: [] [] [2026-10-01 14:27:32,712]  INFO {org.wso2.carbon.event.processor.core.EventProcessorDeployer} - Execution Plan was undeployed successfully : carbon.super_sub_DefaultSubscriptionless.siddhiql
TID: [] [] [2026-10-01 14:27:32,713]  INFO {org.wso2.carbon.event.processor.core.internal.util.EventProcessorConfigurationFilesystemInvoker} - carbon.super_sub_Silver.siddhiql is deleted from the file system
TID: [] [] [2026-10-01 14:27:32,713]  INFO {org.wso2.carbon.event.processor.core.EventProcessorDeployer} - Execution Plan was undeployed successfully : carbon.super_sub_Silver.siddhiql
TID: [] [] [2026-10-01 14:27:32,713]  INFO {org.wso2.carbon.event.processor.core.internal.util.EventProcessorConfigurationFilesystemInvoker} - carbon.super_sub_Bronze.siddhiql is deleted from the file system
TID: [] [] [2026-10-01 14:27:32,713]  INFO {org.wso2.carbon.event.processor.core.EventProcessorDeployer} - Execution Plan was undeployed successfully : carbon.super_sub_Bronze.siddhiql
TID: [] [] [2026-10-01 14:27:32,714]  INFO {org.wso2.carbon.event.processor.core.internal.util.EventProcessorConfigurationFilesystemInvoker} - carbon.super_resource_50KPerMin_default.siddhiql is deleted from the file system
TID: [] [] [2026-10-01 14:27:32,714]  INFO {org.wso2.carbon.event.processor.core.EventProcessorDeployer} - Execution Plan was undeployed successfully : carbon.super_resource_50KPerMin_default.siddhiql
TID: [] [] [2026-10-01 14:27:32,714]  INFO {org.wso2.carbon.event.processor.core.internal.util.EventProcessorConfigurationFilesystemInvoker} - carbon.super_resource_20KPerMin_default.siddhiql is deleted from the file system
TID: [] [] [2026-10-01 14:27:32,714]  INFO {org.wso2.carbon.event.processor.core.EventProcessorDeployer} - Execution Plan was undeployed successfully : carbon.super_resource_20KPerMin_default.siddhiql
TID: [] [] [2026-10-01 14:27:32,714]  INFO {org.wso2.carbon.event.processor.core.internal.util.EventProcessorConfigurationFilesystemInvoker} - carbon.super_sub_AsyncGold.siddhiql is deleted from the file system
TID: [] [] [2026-10-01 14:27:32,714]  INFO {org.wso2.carbon.event.processor.core.EventProcessorDeployer} - Execution Plan was undeployed successfully : carbon.super_sub_AsyncGold.siddhiql
TID: [] [] [2026-10-01 14:27:32,715]  INFO {org.wso2.carbon.event.processor.core.internal.util.EventProcessorConfigurationFilesystemInvoker} - carbon.super_sub_AIBronze.siddhiql is deleted from the file system
TID: [] [] [2026-10-01 14:27:32,715]  INFO {org.wso2.carbon.event.processor.core.EventProcessorDeployer} - Execution Plan was undeployed successfully : carbon.super_sub_AIBronze.siddhiql
TID: [] [] [2026-10-01 14:27:32,715]  INFO {org.wso2.carbon.event.processor.core.internal.util.EventProcessorConfigurationFilesystemInvoker} - carbon.super_sub_Gold.siddhiql is deleted from the file system
TID: [] [] [2026-10-01 14:27:32,715]  INFO {org.wso2.carbon.event.processor.core.EventProcessorDeployer} - Execution Plan was undeployed successfully : carbon.super_sub_Gold.siddhiql
TID: [] [] [2026-10-01 14:27:32,715]  INFO {org.wso2.carbon.event.processor.core.internal.util.EventProcessorConfigurationFilesystemInvoker} - carbon.super_app_10PerMin.siddhiql is deleted from the file system
TID: [] [] [2026-10-01 14:27:32,715]  INFO {org.wso2.carbon.event.processor.core.EventProcessorDeployer} - Execution Plan was undeployed successfully : carbon.super_app_10PerMin.siddhiql
TID: [] [] [2026-10-01 14:27:32,716]  INFO {org.wso2.carbon.event.processor.core.internal.util.EventProcessorConfigurationFilesystemInvoker} - carbon.super_app_20PerMin.siddhiql is deleted from the file system
TID: [] [] [2026-10-01 14:27:32,716]  INFO {org.wso2.carbon.event.processor.core.EventProcessorDeployer} - Execution Plan was undeployed successfully : carbon.super_app_20PerMin.siddhiql
TID: [] [] [2026-10-01 14:27:32,716]  INFO {org.wso2.carbon.event.processor.core.internal.util.EventProcessorConfigurationFilesystemInvoker} - carbon.super_app_50PerMin.siddhiql is deleted from the file system
TID: [] [] [2026-10-01 14:27:32,716]  INFO {org.wso2.carbon.event.processor.core.EventProcessorDeployer} - Execution Plan was undeployed successfully : carbon.super_app_50PerMin.siddhiql
TID: [] [] [2026-10-01 14:27:32,728]  INFO {org.wso2.carbon.event.processor.core.internal.util.EventProcessorConfigurationFilesystemInvoker} - Execution plan: carbon.super_sub_Gold saved in the filesystem
TID: [] [] [2026-10-01 14:27:32,743]  INFO {org.wso2.carbon.event.stream.core.internal.EventJunction} - Producer added to the junction. Stream:org.wso2.throttle.globalThrottle.stream:1.0.0
TID: [] [] [2026-10-01 14:27:32,744]  INFO {org.wso2.carbon.event.stream.core.internal.EventJunction} - Consumer added to the junction. Stream:org.wso2.throttle.processed.request.stream:1.0.0
TID: [] [] [2026-10-01 14:27:32,744]  INFO {org.wso2.carbon.event.processor.core.EventProcessorDeployer} - Execution plan is deployed successfully and in active state  : carbon.super_sub_Gold
TID: [] [] [2026-10-01 14:27:32,750]  INFO {org.wso2.carbon.event.processor.core.internal.util.EventProcessorConfigurationFilesystemInvoker} - Execution plan: carbon.super_sub_Silver saved in the filesystem
TID: [] [] [2026-10-01 14:27:32,766]  INFO {org.wso2.carbon.event.stream.core.internal.EventJunction} - Producer added to the junction. Stream:org.wso2.throttle.globalThrottle.stream:1.0.0
TID: [] [] [2026-10-01 14:27:32,766]  INFO {org.wso2.carbon.event.stream.core.internal.EventJunction} - Consumer added to the junction. Stream:org.wso2.throttle.processed.request.stream:1.0.0
TID: [] [] [2026-10-01 14:27:32,766]  INFO {org.wso2.carbon.event.processor.core.EventProcessorDeployer} - Execution plan is deployed successfully and in active state  : carbon.super_sub_Silver
TID: [] [] [2026-10-01 14:27:32,773]  INFO {org.wso2.carbon.event.processor.core.internal.util.EventProcessorConfigurationFilesystemInvoker} - Execution plan: carbon.super_sub_Bronze saved in the filesystem
TID: [] [] [2026-10-01 14:27:32,791]  INFO {org.wso2.carbon.event.stream.core.internal.EventJunction} - Producer added to the junction. Stream:org.wso2.throttle.globalThrottle.stream:1.0.0
TID: [] [] [2026-10-01 14:27:32,791]  INFO {org.wso2.carbon.event.stream.core.internal.EventJunction} - Consumer added to the junction. Stream:org.wso2.throttle.processed.request.stream:1.0.0
TID: [] [] [2026-10-01 14:27:32,791]  INFO {org.wso2.carbon.event.processor.core.EventProcessorDeployer} - Execution plan is deployed successfully and in active state  : carbon.super_sub_Bronze
TID: [] [] [2026-10-01 14:27:32,798]  INFO {org.wso2.carbon.event.processor.core.internal.util.EventProcessorConfigurationFilesystemInvoker} - Execution plan: carbon.super_sub_Unauthenticated saved in the filesystem
TID: [] [] [2026-10-01 14:27:32,814]  INFO {org.wso2.carbon.event.stream.core.internal.EventJunction} - Producer added to the junction. Stream:org.wso2.throttle.globalThrottle.stream:1.0.0
TID: [] [] [2026-10-01 14:27:32,814]  INFO {org.wso2.carbon.event.stream.core.internal.EventJunction} - Consumer added to the junction. Stream:org.wso2.throttle.processed.request.stream:1.0.0
TID: [] [] [2026-10-01 14:27:32,814]  INFO {org.wso2.carbon.event.processor.core.EventProcessorDeployer} - Execution plan is deployed successfully and in active state  : carbon.super_sub_Unauthenticated
TID: [] [] [2026-10-01 14:27:32,821]  INFO {org.wso2.carbon.event.processor.core.internal.util.EventProcessorConfigurationFilesystemInvoker} - Execution plan: carbon.super_sub_DefaultSubscriptionless saved in the filesystem
TID: [] [] [2026-10-01 14:27:32,843]  INFO {org.wso2.carbon.event.stream.core.internal.EventJunction} - Producer added to the junction. Stream:org.wso2.throttle.globalThrottle.stream:1.0.0
TID: [] [] [2026-10-01 14:27:32,843]  INFO {org.wso2.carbon.event.stream.core.internal.EventJunction} - Consumer added to the junction. Stream:org.wso2.throttle.processed.request.stream:1.0.0
TID: [] [] [2026-10-01 14:27:32,843]  INFO {org.wso2.carbon.event.processor.core.EventProcessorDeployer} - Execution plan is deployed successfully and in active state  : carbon.super_sub_DefaultSubscriptionless
TID: [] [] [2026-10-01 14:27:32,850]  INFO {org.wso2.carbon.event.processor.core.internal.util.EventProcessorConfigurationFilesystemInvoker} - Execution plan: carbon.super_sub_AsyncGold saved in the filesystem
TID: [] [] [2026-10-01 14:27:32,858]  INFO {org.apache.synapse.api.API} - {api:prod--Api Exemplo:v0.1} Initializing API: prod--Api Exemplo:v0.1
TID: [] [] [2026-10-01 14:27:32,868]  INFO {org.wso2.carbon.mediation.dependency.mgt.DependencyTracker} - API : prod--Api Exemplo:v0.1 was added to the Synapse configuration successfully
TID: [] [] [2026-10-01 14:27:32,869]  INFO {org.wso2.carbon.apimgt.gateway.listeners.GatewayStartupListener} - Synapse Artifacts deployed Successfully in the Gateway
TID: [] [] [2026-10-01 14:27:32,870]  INFO {org.wso2.carbon.event.stream.core.internal.EventJunction} - Producer added to the junction. Stream:org.wso2.throttle.globalThrottle.stream:1.0.0
TID: [] [] [2026-10-01 14:27:32,870]  INFO {org.wso2.carbon.event.stream.core.internal.EventJunction} - Consumer added to the junction. Stream:org.wso2.throttle.processed.request.stream:1.0.0
TID: [] [] [2026-10-01 14:27:32,870]  INFO {org.wso2.carbon.event.processor.core.EventProcessorDeployer} - Execution plan is deployed successfully and in active state  : carbon.super_sub_AsyncGold
TID: [] [] [2026-10-01 14:27:32,873]  INFO {org.apache.synapse.transport.passthru.PassThroughHttpMultiSSLListener} - PassThroughHttpListener reloading SSL Config..
TID: [] [] [2026-10-01 14:27:32,873]  INFO {org.apache.synapse.transport.passthru.PassThroughHttpSSLSender} - PassThroughHttpSender reloading SSL Config..
TID: [] [] [2026-10-01 14:27:32,881]  INFO {org.wso2.carbon.event.processor.core.internal.util.EventProcessorConfigurationFilesystemInvoker} - Execution plan: carbon.super_sub_AsyncSilver saved in the filesystem
TID: [] [] [2026-10-01 14:27:32,881]  INFO {org.apache.synapse.transport.nhttp.config.ClientConnFactoryBuilder} - customSSLProfiles configuration is loaded from path: D:\wso2am-4.6.0\repository/resources/security/sslprofiles.xml
TID: [] [] [2026-10-01 14:27:32,881]  INFO {org.apache.synapse.transport.nhttp.config.ServerConnFactoryBuilder} - SSLProfile configuration is loaded from path: D:\wso2am-4.6.0\repository/resources/security/listenerprofiles.xml
TID: [] [] [2026-10-01 14:27:32,881]  INFO {org.apache.synapse.transport.nhttp.config.ClientConnFactoryBuilder} - HTTPS Loading custom SSL profiles for the HTTPS sender
TID: [] [] [2026-10-01 14:27:32,884]  INFO {org.apache.synapse.transport.nhttp.config.ClientConnFactoryBuilder} - HTTPS Custom SSL profiles initialized for 1 mappings
TID: [] [] [2026-10-01 14:27:32,884]  INFO {org.apache.synapse.transport.passthru.PassThroughHttpSSLSender} - Pass-through HTTPS Sender updated with Dynamic Configuration Updates ...
TID: [] [] [2026-10-01 14:27:32,885]  INFO {org.apache.synapse.transport.passthru.core.PassThroughListeningIOReactorManager} - Pass-through HTTPS Listener started on 0.0.0.0:8243
TID: [] [] [2026-10-01 14:27:32,885]  INFO {org.apache.synapse.transport.passthru.PassThroughHttpMultiSSLListener} - HTTPS Reloaded
TID: [] [] [2026-10-01 14:27:32,887]  WARN {org.apache.synapse.transport.passthru.PassThroughHttpMultiSSLListener} - System may be unstable: HTTPS ListeningIOReactor encountered a checked exception : Address already in use: bind java.net.BindException: Address already in use: bind
	at java.base/sun.nio.ch.Net.bind0(Native Method)
	at java.base/sun.nio.ch.Net.bind(Net.java:555)
	at java.base/sun.nio.ch.ServerSocketChannelImpl.netBind(ServerSocketChannelImpl.java:337)
	at java.base/sun.nio.ch.ServerSocketChannelImpl.bind(ServerSocketChannelImpl.java:294)
	at java.base/sun.nio.ch.ServerSocketAdaptor.bind(ServerSocketAdaptor.java:89)
	at org.apache.http.impl.nio.reactor.DefaultListeningIOReactor.processSessionRequests(DefaultListeningIOReactor.java:243)
	at org.apache.http.impl.nio.reactor.DefaultListeningIOReactor.processEvents(DefaultListeningIOReactor.java:144)
	at org.apache.http.impl.nio.reactor.AbstractMultiworkerIOReactor.execute(AbstractMultiworkerIOReactor.java:351)
	at org.apache.synapse.transport.passthru.core.PassThroughListeningIOReactorManager$1.run(PassThroughListeningIOReactorManager.java:561)
	at java.base/java.lang.Thread.run(Thread.java:842)

TID: [] [] [2026-10-01 14:27:32,897]  INFO {org.wso2.carbon.event.stream.core.internal.EventJunction} - Producer added to the junction. Stream:org.wso2.throttle.globalThrottle.stream:1.0.0
TID: [] [] [2026-10-01 14:27:32,898]  INFO {org.wso2.carbon.event.stream.core.internal.EventJunction} - Consumer added to the junction. Stream:org.wso2.throttle.processed.request.stream:1.0.0
TID: [] [] [2026-10-01 14:27:32,898]  INFO {org.wso2.carbon.event.processor.core.EventProcessorDeployer} - Execution plan is deployed successfully and in active state  : carbon.super_sub_AsyncSilver
TID: [] [] [2026-10-01 14:27:32,904]  INFO {org.wso2.carbon.event.processor.core.internal.util.EventProcessorConfigurationFilesystemInvoker} - Execution plan: carbon.super_sub_AsyncBronze saved in the filesystem
TID: [] [] [2026-10-01 14:27:32,926]  INFO {org.wso2.carbon.event.stream.core.internal.EventJunction} - Producer added to the junction. Stream:org.wso2.throttle.globalThrottle.stream:1.0.0
TID: [] [] [2026-10-01 14:27:32,926]  INFO {org.wso2.carbon.event.stream.core.internal.EventJunction} - Consumer added to the junction. Stream:org.wso2.throttle.processed.request.stream:1.0.0
TID: [] [] [2026-10-01 14:27:32,926]  INFO {org.wso2.carbon.event.processor.core.EventProcessorDeployer} - Execution plan is deployed successfully and in active state  : carbon.super_sub_AsyncBronze
TID: [] [] [2026-10-01 14:27:32,932]  INFO {org.wso2.carbon.event.processor.core.internal.util.EventProcessorConfigurationFilesystemInvoker} - Execution plan: carbon.super_sub_AsyncDefaultSubscriptionless saved in the filesystem
TID: [] [] [2026-10-01 14:27:32,947]  INFO {org.wso2.carbon.event.stream.core.internal.EventJunction} - Producer added to the junction. Stream:org.wso2.throttle.globalThrottle.stream:1.0.0
TID: [] [] [2026-10-01 14:27:32,947]  INFO {org.wso2.carbon.event.stream.core.internal.EventJunction} - Consumer added to the junction. Stream:org.wso2.throttle.processed.request.stream:1.0.0
TID: [] [] [2026-10-01 14:27:32,947]  INFO {org.wso2.carbon.event.processor.core.EventProcessorDeployer} - Execution plan is deployed successfully and in active state  : carbon.super_sub_AsyncDefaultSubscriptionless
TID: [] [] [2026-10-01 14:27:32,954]  INFO {org.wso2.carbon.event.processor.core.internal.util.EventProcessorConfigurationFilesystemInvoker} - Execution plan: carbon.super_sub_AIGold saved in the filesystem
TID: [] [] [2026-10-01 14:27:32,971]  INFO {org.wso2.carbon.event.stream.core.internal.EventJunction} - Producer added to the junction. Stream:org.wso2.throttle.globalThrottle.stream:1.0.0
TID: [] [] [2026-10-01 14:27:32,971]  INFO {org.wso2.carbon.event.stream.core.internal.EventJunction} - Consumer added to the junction. Stream:org.wso2.throttle.processed.request.stream:1.0.0
TID: [] [] [2026-10-01 14:27:32,971]  INFO {org.wso2.carbon.event.processor.core.EventProcessorDeployer} - Execution plan is deployed successfully and in active state  : carbon.super_sub_AIGold
TID: [] [] [2026-10-01 14:27:32,980]  INFO {org.wso2.carbon.event.processor.core.internal.util.EventProcessorConfigurationFilesystemInvoker} - Execution plan: carbon.super_sub_AISilver saved in the filesystem
TID: [] [] [2026-10-01 14:27:33,003]  INFO {org.wso2.carbon.event.stream.core.internal.EventJunction} - Producer added to the junction. Stream:org.wso2.throttle.globalThrottle.stream:1.0.0
TID: [] [] [2026-10-01 14:27:33,003]  INFO {org.wso2.carbon.event.stream.core.internal.EventJunction} - Consumer added to the junction. Stream:org.wso2.throttle.processed.request.stream:1.0.0
TID: [] [] [2026-10-01 14:27:33,003]  INFO {org.wso2.carbon.event.processor.core.EventProcessorDeployer} - Execution plan is deployed successfully and in active state  : carbon.super_sub_AISilver
TID: [] [] [2026-10-01 14:27:33,011]  INFO {org.wso2.carbon.event.processor.core.internal.util.EventProcessorConfigurationFilesystemInvoker} - Execution plan: carbon.super_sub_AIBronze saved in the filesystem
TID: [] [] [2026-10-01 14:27:33,024]  INFO {org.wso2.carbon.event.stream.core.internal.EventJunction} - Producer added to the junction. Stream:org.wso2.throttle.globalThrottle.stream:1.0.0
TID: [] [] [2026-10-01 14:27:33,024]  INFO {org.wso2.carbon.event.stream.core.internal.EventJunction} - Consumer added to the junction. Stream:org.wso2.throttle.processed.request.stream:1.0.0
TID: [] [] [2026-10-01 14:27:33,024]  INFO {org.wso2.carbon.event.processor.core.EventProcessorDeployer} - Execution plan is deployed successfully and in active state  : carbon.super_sub_AIBronze
TID: [] [] [2026-10-01 14:27:33,031]  INFO {org.wso2.carbon.event.processor.core.internal.util.EventProcessorConfigurationFilesystemInvoker} - Execution plan: carbon.super_sub_AsyncWHGold saved in the filesystem
TID: [] [] [2026-10-01 14:27:33,044]  INFO {org.wso2.carbon.event.stream.core.internal.EventJunction} - Producer added to the junction. Stream:org.wso2.throttle.globalThrottle.stream:1.0.0
TID: [] [] [2026-10-01 14:27:33,044]  INFO {org.wso2.carbon.event.stream.core.internal.EventJunction} - Consumer added to the junction. Stream:org.wso2.throttle.processed.request.stream:1.0.0
TID: [] [] [2026-10-01 14:27:33,044]  INFO {org.wso2.carbon.event.processor.core.EventProcessorDeployer} - Execution plan is deployed successfully and in active state  : carbon.super_sub_AsyncWHGold
TID: [] [] [2026-10-01 14:27:33,050]  INFO {org.wso2.carbon.event.processor.core.internal.util.EventProcessorConfigurationFilesystemInvoker} - Execution plan: carbon.super_sub_AsyncWHSilver saved in the filesystem
TID: [] [] [2026-10-01 14:27:33,062]  INFO {org.wso2.carbon.event.stream.core.internal.EventJunction} - Producer added to the junction. Stream:org.wso2.throttle.globalThrottle.stream:1.0.0
TID: [] [] [2026-10-01 14:27:33,062]  INFO {org.wso2.carbon.event.stream.core.internal.EventJunction} - Consumer added to the junction. Stream:org.wso2.throttle.processed.request.stream:1.0.0
TID: [] [] [2026-10-01 14:27:33,062]  INFO {org.wso2.carbon.event.processor.core.EventProcessorDeployer} - Execution plan is deployed successfully and in active state  : carbon.super_sub_AsyncWHSilver
TID: [] [] [2026-10-01 14:27:33,068]  INFO {org.wso2.carbon.event.processor.core.internal.util.EventProcessorConfigurationFilesystemInvoker} - Execution plan: carbon.super_sub_AsyncWHBronze saved in the filesystem
TID: [] [] [2026-10-01 14:27:33,082]  INFO {org.wso2.carbon.event.stream.core.internal.EventJunction} - Producer added to the junction. Stream:org.wso2.throttle.globalThrottle.stream:1.0.0
TID: [] [] [2026-10-01 14:27:33,082]  INFO {org.wso2.carbon.event.stream.core.internal.EventJunction} - Consumer added to the junction. Stream:org.wso2.throttle.processed.request.stream:1.0.0
TID: [] [] [2026-10-01 14:27:33,082]  INFO {org.wso2.carbon.event.processor.core.EventProcessorDeployer} - Execution plan is deployed successfully and in active state  : carbon.super_sub_AsyncWHBronze
TID: [] [] [2026-10-01 14:27:33,088]  INFO {org.wso2.carbon.event.processor.core.internal.util.EventProcessorConfigurationFilesystemInvoker} - Execution plan: carbon.super_app_50PerMin saved in the filesystem
TID: [] [] [2026-10-01 14:27:33,108]  INFO {org.wso2.carbon.event.stream.core.internal.EventJunction} - Producer added to the junction. Stream:org.wso2.throttle.globalThrottle.stream:1.0.0
TID: [] [] [2026-10-01 14:27:33,108]  INFO {org.wso2.carbon.event.stream.core.internal.EventJunction} - Consumer added to the junction. Stream:org.wso2.throttle.processed.request.stream:1.0.0
TID: [] [] [2026-10-01 14:27:33,108]  INFO {org.wso2.carbon.event.processor.core.EventProcessorDeployer} - Execution plan is deployed successfully and in active state  : carbon.super_app_50PerMin
TID: [] [] [2026-10-01 14:27:33,114]  INFO {org.wso2.carbon.event.processor.core.internal.util.EventProcessorConfigurationFilesystemInvoker} - Execution plan: carbon.super_app_20PerMin saved in the filesystem
TID: [] [] [2026-10-01 14:27:33,125]  INFO {org.wso2.carbon.event.stream.core.internal.EventJunction} - Producer added to the junction. Stream:org.wso2.throttle.globalThrottle.stream:1.0.0
TID: [] [] [2026-10-01 14:27:33,125]  INFO {org.wso2.carbon.event.stream.core.internal.EventJunction} - Consumer added to the junction. Stream:org.wso2.throttle.processed.request.stream:1.0.0
TID: [] [] [2026-10-01 14:27:33,125]  INFO {org.wso2.carbon.event.processor.core.EventProcessorDeployer} - Execution plan is deployed successfully and in active state  : carbon.super_app_20PerMin
TID: [] [] [2026-10-01 14:27:33,131]  INFO {org.wso2.carbon.event.processor.core.internal.util.EventProcessorConfigurationFilesystemInvoker} - Execution plan: carbon.super_app_10PerMin saved in the filesystem
TID: [] [] [2026-10-01 14:27:33,140]  INFO {org.wso2.carbon.event.stream.core.internal.EventJunction} - Producer added to the junction. Stream:org.wso2.throttle.globalThrottle.stream:1.0.0
TID: [] [] [2026-10-01 14:27:33,140]  INFO {org.wso2.carbon.event.stream.core.internal.EventJunction} - Consumer added to the junction. Stream:org.wso2.throttle.processed.request.stream:1.0.0
TID: [] [] [2026-10-01 14:27:33,140]  INFO {org.wso2.carbon.event.processor.core.EventProcessorDeployer} - Execution plan is deployed successfully and in active state  : carbon.super_app_10PerMin
TID: [] [] [2026-10-01 14:27:33,151]  INFO {org.wso2.carbon.event.processor.core.internal.util.EventProcessorConfigurationFilesystemInvoker} - Execution plan: carbon.super_resource_50KPerMin_default saved in the filesystem
TID: [] [] [2026-10-01 14:27:33,168]  INFO {org.wso2.carbon.event.stream.core.internal.EventJunction} - Producer added to the junction. Stream:org.wso2.throttle.globalThrottle.stream:1.1.0
TID: [] [] [2026-10-01 14:27:33,168]  INFO {org.wso2.carbon.event.stream.core.internal.EventJunction} - Consumer added to the junction. Stream:org.wso2.throttle.processed.request.stream:1.0.0
TID: [] [] [2026-10-01 14:27:33,168]  INFO {org.wso2.carbon.event.processor.core.EventProcessorDeployer} - Execution plan is deployed successfully and in active state  : carbon.super_resource_50KPerMin_default
TID: [] [] [2026-10-01 14:27:33,178]  INFO {org.wso2.carbon.event.processor.core.internal.util.EventProcessorConfigurationFilesystemInvoker} - Execution plan: carbon.super_resource_20KPerMin_default saved in the filesystem
TID: [] [] [2026-10-01 14:27:33,187]  INFO {org.wso2.carbon.event.stream.core.internal.EventJunction} - Producer added to the junction. Stream:org.wso2.throttle.globalThrottle.stream:1.1.0
TID: [] [] [2026-10-01 14:27:33,187]  INFO {org.wso2.carbon.event.stream.core.internal.EventJunction} - Consumer added to the junction. Stream:org.wso2.throttle.processed.request.stream:1.0.0
TID: [] [] [2026-10-01 14:27:33,187]  INFO {org.wso2.carbon.event.processor.core.EventProcessorDeployer} - Execution plan is deployed successfully and in active state  : carbon.super_resource_20KPerMin_default
TID: [] [] [2026-10-01 14:27:33,195]  INFO {org.wso2.carbon.event.processor.core.internal.util.EventProcessorConfigurationFilesystemInvoker} - Execution plan: carbon.super_resource_10KPerMin_default saved in the filesystem
TID: [] [] [2026-10-01 14:27:33,210]  INFO {org.wso2.carbon.event.stream.core.internal.EventJunction} - Producer added to the junction. Stream:org.wso2.throttle.globalThrottle.stream:1.1.0
TID: [] [] [2026-10-01 14:27:33,210]  INFO {org.wso2.carbon.event.stream.core.internal.EventJunction} - Consumer added to the junction. Stream:org.wso2.throttle.processed.request.stream:1.0.0
TID: [] [] [2026-10-01 14:27:33,210]  INFO {org.wso2.carbon.event.processor.core.EventProcessorDeployer} - Execution plan is deployed successfully and in active state  : carbon.super_resource_10KPerMin_default
TID: [] [] [2026-10-01 14:27:39,061]  INFO {org.wso2.carbon.event.processor.manager.core.internal.CarbonEventManagementService} - Starting polling event receivers
TID: [] [] [2026-10-01 15:16:01,149]  INFO {org.wso2.carbon.core.init.CarbonServerManager} - Shutdown hook triggered....
TID: [] [] [2026-10-01 15:16:01,149]  INFO {org.wso2.carbon.core.init.CarbonServerManager} - Gracefully shutting down WSO2 API Manager...
TID: [] [] [2026-10-01 15:16:01,150]  INFO {org.wso2.carbon.core.ServerManagement} - Starting to switch to maintenance mode...
TID: [] [] [2026-10-01 15:16:01,151]  INFO {org.apache.synapse.transport.passthru.PassThroughHttpListener} - Stopping Pass-through HTTP Listener..
TID: [] [] [2026-10-01 15:16:01,151]  INFO {org.apache.synapse.transport.passthru.core.PassThroughListeningIOReactorManager} - Pausing  IO Reactor bind for port 8280
TID: [] [] [2026-10-01 15:16:01,151]  INFO {org.apache.synapse.transport.passthru.core.PassThroughListeningIOReactorManager} - Shutting down IO Reactor bind for port 8280
TID: [] [] [2026-10-01 15:16:01,152]  INFO {org.apache.synapse.transport.passthru.PassThroughHttpMultiSSLListener} - Stopping Pass-through HTTPS Listener..
TID: [] [] [2026-10-01 15:16:01,152]  INFO {org.apache.synapse.transport.passthru.core.PassThroughListeningIOReactorManager} - Pausing  IO Reactor bind for port 8243
TID: [] [] [2026-10-01 15:16:01,152]  INFO {org.apache.synapse.transport.passthru.core.PassThroughListeningIOReactorManager} - Shutting down IO Reactor bind for port 8243
TID: [] [] [2026-10-01 15:16:01,152]  INFO {org.apache.synapse.transport.passthru.core.PassThroughListeningIOReactorManager} - HTTPS-Listener I/O dispatcher Listener shutdown.
TID: [] [] [2026-10-01 15:16:01,152]  INFO {org.apache.synapse.transport.passthru.core.PassThroughListeningIOReactorManager} - HTTP-Listener I/O dispatcher Listener shutdown.
TID: [] [] [2026-10-01 15:16:01,153]  INFO {org.wso2.carbon.core.ServerManagement} - Stopped all transport listeners
TID: [] [] [2026-10-01 15:16:01,153]  INFO {org.apache.synapse.transport.passthru.PassThroughHttpListener} - Destroying PassThroughHttpListener
TID: [] [] [2026-10-01 15:16:01,154]  INFO {org.apache.synapse.transport.passthru.PassThroughHttpMultiSSLListener} - Destroying PassThroughHttpListener
TID: [] [] [2026-10-01 15:16:01,154]  INFO {org.wso2.carbon.core.ServerManagement} - Waiting for request service completion...
TID: [] [] [2026-10-01 15:16:01,158]  INFO {org.wso2.carbon.core.ServerManagement} - All requests have been served.
TID: [] [] [2026-10-01 15:16:01,158]  INFO {org.wso2.carbon.core.ServerManagement} - Waiting for deployment completion...
TID: [] [] [2026-10-01 15:16:01,196]  INFO {org.wso2.carbon.webapp.mgt.WebApplication} - Unloaded webapp: StandardEngine[Catalina].StandardHost[localhost].StandardContext[/publisher]
TID: [] [] [2026-10-01 15:16:01,213]  INFO {org.wso2.carbon.webapp.mgt.WebApplication} - Unloaded webapp: StandardEngine[Catalina].StandardHost[localhost].StandardContext[/accountrecoveryendpoint]
TID: [] [] [2026-10-01 15:16:01,223]  INFO {org.wso2.carbon.webapp.mgt.WebApplication} - Unloaded webapp: StandardEngine[Catalina].StandardHost[localhost].StandardContext[/devportal]
TID: [] [] [2026-10-01 15:16:01,243]  INFO {org.wso2.carbon.webapp.mgt.WebApplication} - Unloaded webapp: StandardEngine[Catalina].StandardHost[localhost].StandardContext[/authenticationendpoint]
TID: [] [] [2026-10-01 15:16:01,252]  INFO {org.wso2.carbon.webapp.mgt.WebApplication} - Unloaded webapp: StandardEngine[Catalina].StandardHost[localhost].StandardContext[/admin]
TID: [] [] [2026-10-01 15:16:01,264]  INFO {org.wso2.carbon.webapp.mgt.WebApplication} - Unloaded webapp: StandardEngine[Catalina].StandardHost[localhost].StandardContext[/api/identity/auth/v1.1]
TID: [] [] [2026-10-01 15:16:01,277]  INFO {org.wso2.carbon.webapp.mgt.WebApplication} - Unloaded webapp: StandardEngine[Catalina].StandardHost[localhost].StandardContext[/api/identity/oauth2/dcr/v1.1]
TID: [] [] [2026-10-01 15:16:01,287]  INFO {org.wso2.carbon.webapp.mgt.WebApplication} - Unloaded webapp: StandardEngine[Catalina].StandardHost[localhost].StandardContext[/internal/data/v1]
TID: [] [] [2026-10-01 15:16:01,296]  INFO {org.wso2.carbon.webapp.mgt.WebApplication} - Unloaded webapp: StandardEngine[Catalina].StandardHost[localhost].StandardContext[/oauth2]
TID: [] [] [2026-10-01 15:16:01,303]  INFO {org.wso2.carbon.webapp.mgt.WebApplication} - Unloaded webapp: StandardEngine[Catalina].StandardHost[localhost].StandardContext[/client-registration/v0.17]
TID: [] [] [2026-10-01 15:16:01,313]  INFO {org.wso2.carbon.webapp.mgt.WebApplication} - Unloaded webapp: StandardEngine[Catalina].StandardHost[localhost].StandardContext[/api/am/devportal]
TID: [] [] [2026-10-01 15:16:01,324]  INFO {org.wso2.carbon.webapp.mgt.WebApplication} - Unloaded webapp: StandardEngine[Catalina].StandardHost[localhost].StandardContext[/api/am/admin]
TID: [] [] [2026-10-01 15:16:01,333]  INFO {org.wso2.carbon.webapp.mgt.WebApplication} - Unloaded webapp: StandardEngine[Catalina].StandardHost[localhost].StandardContext[/api/identity/recovery/v0.9]
TID: [] [] [2026-10-01 15:16:01,344]  INFO {org.wso2.carbon.webapp.mgt.WebApplication} - Unloaded webapp: StandardEngine[Catalina].StandardHost[localhost].StandardContext[/api/identity/user/v1.0]
TID: [] [] [2026-10-01 15:16:01,354]  INFO {org.wso2.carbon.webapp.mgt.WebApplication} - Unloaded webapp: StandardEngine[Catalina].StandardHost[localhost].StandardContext[/api/identity/oauth2/v1.0]
TID: [] [] [2026-10-01 15:16:01,364]  INFO {org.wso2.carbon.webapp.mgt.WebApplication} - Unloaded webapp: StandardEngine[Catalina].StandardHost[localhost].StandardContext[/api/am/gateway/v2]
TID: [] [] [2026-10-01 15:16:01,376]  INFO {org.wso2.carbon.webapp.mgt.WebApplication} - Unloaded webapp: StandardEngine[Catalina].StandardHost[localhost].StandardContext[/api/am/publisher]
TID: [] [] [2026-10-01 15:16:01,383]  INFO {org.wso2.carbon.webapp.mgt.WebApplication} - Unloaded webapp: StandardEngine[Catalina].StandardHost[localhost].StandardContext[/api/am/service-catalog/v1]
TID: [] [] [2026-10-01 15:16:01,394]  INFO {org.wso2.carbon.webapp.mgt.WebApplication} - Unloaded webapp: StandardEngine[Catalina].StandardHost[localhost].StandardContext[/api/am/devops/v0]
TID: [] [] [2026-10-01 15:16:01,404]  INFO {org.wso2.carbon.webapp.mgt.WebApplication} - Unloaded webapp: StandardEngine[Catalina].StandardHost[localhost].StandardContext[/api/am/governance]
TID: [] [] [2026-10-01 15:16:01,417]  INFO {org.wso2.carbon.webapp.mgt.WebApplication} - Unloaded webapp: StandardEngine[Catalina].StandardHost[localhost].StandardContext[/api/identity/consent-mgt/v1.0]
TID: [] [] [2026-10-01 15:16:01,426]  INFO {org.wso2.carbon.webapp.mgt.WebApplication} - Unloaded webapp: StandardEngine[Catalina].StandardHost[localhost].StandardContext[/keymanager-operations]
TID: [] [] [2026-10-01 15:16:01,429]  INFO {org.wso2.carbon.webapp.mgt.WebApplication} - Unloaded webapp: StandardEngine[Catalina].StandardHost[localhost].StandardContext[/am/sample/pizzashack/v1]
TID: [] [] [2026-10-01 15:16:01,432]  INFO {org.wso2.carbon.webapp.mgt.WebApplication} - Unloaded webapp: StandardEngine[Catalina].StandardHost[localhost].StandardContext[/am/sample/calculator/v1]
TID: [] [] [2026-10-01 15:16:01,433]  INFO {org.wso2.carbon.core.ServerManagement} - All deployment tasks have been completed.
TID: [] [] [2026-10-01 15:16:01,433]  INFO {org.wso2.carbon.core.ServerManagement} - Waiting for server task completion...
TID: [] [] [2026-10-01 15:16:01,435]  INFO {org.wso2.carbon.registry.core.internal.RegistryCoreServiceComponent} - Writing logs 
TID: [] [] [2026-10-01 15:16:01,435]  INFO {org.wso2.carbon.core.ServerManagement} - All server tasks have been completed.
TID: [] [] [2026-10-01 15:16:01,435]  INFO {org.wso2.carbon.core.init.CarbonServerManager} - Shutting down WSO2 API Manager...
TID: [] [] [2026-10-01 15:16:01,435]  INFO {org.wso2.carbon.apimgt.common.jms.JMSTransportHandler} - Starting to Shutdown the Listener...
TID: [] [] [2026-10-01 15:16:02,437]  INFO {org.wso2.carbon.apimgt.common.jms.JMSTaskManager} - Task manager for jms consumer 1000 shutdown
TID: [] [] [2026-10-01 15:16:02,437]  INFO {org.wso2.carbon.apimgt.common.jms.JMSListener} - Stopped listening for JMS messages to listener : Siddhi-JMS-Consumer#notification
TID: [] [] [2026-10-01 15:16:02,437]  INFO {org.wso2.carbon.apimgt.common.jms.JMSTransportHandler} - Starting to Shutdown the Listener...
TID: [] [] [2026-10-01 15:16:03,439]  INFO {org.wso2.carbon.apimgt.common.jms.JMSTaskManager} - Task manager for jms consumer 1000 shutdown
TID: [] [] [2026-10-01 15:16:03,439]  INFO {org.wso2.carbon.apimgt.common.jms.JMSListener} - Stopped listening for JMS messages to listener : Siddhi-JMS-Consumer#keyManager
TID: [] [] [2026-10-01 15:16:04,441]  INFO {org.wso2.carbon.apimgt.common.jms.JMSTaskManager} - Task manager for jms consumer 1000 shutdown
TID: [] [] [2026-10-01 15:16:04,441]  INFO {org.wso2.carbon.apimgt.common.jms.JMSListener} - Stopped listening for JMS messages to listener : Siddhi-JMS-Consumer#notification
TID: [2026-10-01 16:50:06,362]  INFO {org.wso2.config.mapper.ConfigParser} - Configurations Changed in :repository\resources\security\listenerprofiles.xml {org.wso2.config.mapper.ConfigParser}
TID: [2026-10-01 16:50:06,362]  INFO {org.wso2.config.mapper.ConfigParser} - Configurations Changed in :repository\resources\security\sslprofiles.xml {org.wso2.config.mapper.ConfigParser}
TID: [2026-10-01 16:50:06,362]  INFO {org.wso2.config.mapper.ConfigParser} - Overriding files in configuration directory C:\Users\gabri\Desktop\ENTREV~1\WSO2AM~1.0\bin\.. {org.wso2.config.mapper.ConfigParser}
TID: [] [] [2026-10-01 16:50:12,335]  INFO {org.wso2.carbon.core.internal.CarbonCoreActivator} - Starting WSO2 Carbon...
TID: [] [] [2026-10-01 16:50:12,336]  INFO {org.wso2.carbon.core.internal.CarbonCoreActivator} - Operating System : Windows 10 10.0, amd64
TID: [] [] [2026-10-01 16:50:12,336]  INFO {org.wso2.carbon.core.internal.CarbonCoreActivator} - Java Home        : C:\Program Files\Java\jdk-17
TID: [] [] [2026-10-01 16:50:12,336]  INFO {org.wso2.carbon.core.internal.CarbonCoreActivator} - Java Version     : 17.0.15
TID: [] [] [2026-10-01 16:50:12,336]  INFO {org.wso2.carbon.core.internal.CarbonCoreActivator} - Java VM          : Java HotSpot(TM) 64-Bit Server VM 17.0.15+9-LTS-241,Oracle Corporation
TID: [] [] [2026-10-01 16:50:12,336]  INFO {org.wso2.carbon.core.internal.CarbonCoreActivator} - Carbon Home      : C:\Users\gabri\Desktop\ENTREV~1\WSO2AM~1.0\bin\..
TID: [] [] [2026-10-01 16:50:12,336]  INFO {org.wso2.carbon.core.internal.CarbonCoreActivator} - Java Temp Dir    : C:\Users\gabri\Desktop\ENTREV~1\WSO2AM~1.0\bin\..\tmp
TID: [] [] [2026-10-01 16:50:12,336]  INFO {org.wso2.carbon.core.internal.CarbonCoreActivator} - User             : gabri, en-US, America/Sao_Paulo
TID: [] [] [2026-10-01 16:50:12,525]  INFO {org.wso2.carbon.crypto.provider.internal.DefaultCryptoProviderComponent} - 'CryptoService.Secret' property has not been set. 'org.wso2.carbon.crypto.provider.SymmetricKeyInternalCryptoProvider' won't be registered as an internal crypto provider. Please set the secret if the provider needs to be registered.
TID: [] [] [2026-10-01 16:50:12,788]  INFO {org.wso2.carbon.event.output.adapter.kafka.internal.ds.KafkaEventAdapterServiceDS} - Successfully deployed the Kafka output event adaptor service
TID: [] [] [2026-10-01 16:50:14,717]  INFO {org.wso2.carbon.apimgt.eventing.hub.internal.ServiceComponent} - Eventing Hub ServiceComponent is activated
TID: [] [] [2026-10-01 16:50:15,216]  WARN {org.apache.tomcat.util.digester.Digester} - Match [Server/Service/Engine/Host/Valve] failed to set property [maxDays] to []
TID: [] [] [2026-10-01 16:50:15,847]  INFO {org.wso2.carbon.consent.mgt.core.internal.ConsentManagerComponent} - ConsentManagerComponent is activated.
TID: [] [] [2026-10-01 16:50:15,954]  INFO {org.wso2.carbon.databridge.receiver.binary.internal.BinaryDataReceiverServiceComponent} - Binary Data Receiver server activated
TID: [] [] [2026-10-01 16:50:15,965]  INFO {org.wso2.carbon.databridge.core.internal.DataBridgeDS} - Successfully deployed Agent Server 
TID: [] [] [2026-10-01 16:50:16,284]  INFO {org.wso2.carbon.registry.core.jdbc.EmbeddedRegistryService} - Configured Registry in 40ms
TID: [] [] [2026-10-01 16:50:16,298]  INFO {org.wso2.carbon.registry.core.jdbc.EmbeddedRegistryService} - Connected to mount at configregistry in 3ms
TID: [] [] [2026-10-01 16:50:16,298]  INFO {org.wso2.carbon.registry.core.jdbc.EmbeddedRegistryService} - Connected to mount at govregistry in 3ms
TID: [] [] [2026-10-01 16:50:16,331]  INFO {org.wso2.carbon.registry.core.jdbc.EmbeddedRegistryService} - Connected to mount at configregistry in 0ms
TID: [] [] [2026-10-01 16:50:16,331]  INFO {org.wso2.carbon.registry.core.jdbc.EmbeddedRegistryService} - Connected to mount at govregistry in 0ms
TID: [] [] [2026-10-01 16:50:16,334]  INFO {org.wso2.carbon.registry.core.internal.RegistryCoreServiceComponent} - Registry Mode    : READ-WRITE
TID: [] [] [2026-10-01 16:50:16,650]  INFO {org.wso2.carbon.metrics.impl.util.JmxReporterBuilder} - Creating JMX reporter for Metrics with domain 'org.wso2.carbon.metrics'
TID: [] [] [2026-10-01 16:50:16,655]  INFO {org.wso2.carbon.metrics.impl.reporter.AbstractReporter} - Started JMX reporter for Metrics
TID: [] [] [2026-10-01 16:50:36,195]  INFO {org.wso2.carbon.registry.indexing.solr.SolrClient} - Default Embedded Solr Server Initialized
TID: [] [] [2026-10-01 16:50:36,299]  INFO {org.wso2.carbon.user.core.internal.UserStoreMgtDSComponent} - Carbon UserStoreMgtDSComponent activated successfully.
TID: [] [] [2026-10-01 16:50:38,539]  INFO {org.wso2.carbon.identity.user.store.configuration.deployer.UserStoreConfigurationDeployer} - User Store Configuration Deployer initiated.
TID: [] [] [2026-10-01 16:50:38,539]  INFO {org.wso2.carbon.identity.user.store.configuration.deployer.UserStoreConfigurationDeployer} - User Store Configuration Deployer initiated.
TID: [] [] [2026-10-01 16:50:38,699]  INFO {org.wso2.carbon.websocket.transport.WebsocketTransportSender} - WSS Sender started
TID: [] [] [2026-10-01 16:50:38,717]  INFO {org.apache.synapse.transport.passthru.PassThroughHttpSender} - Initializing Pass-through HTTP/S Sender...
TID: [] [] [2026-10-01 16:50:38,751]  INFO {org.apache.synapse.transport.passthru.PassThroughHttpSender} - Pass-through HTTP Sender started...
TID: [] [] [2026-10-01 16:50:38,751]  INFO {org.apache.synapse.transport.passthru.PassThroughHttpSSLSender} - Initializing Pass-through HTTP/S Sender...
TID: [] [] [2026-10-01 16:50:38,757]  INFO {org.apache.synapse.transport.nhttp.config.ClientConnFactoryBuilder} - customSSLProfiles configuration is loaded from path: C:\Users\gabri\Desktop\ENTREV~1\WSO2AM~1.0\repository/resources/security/sslprofiles.xml
TID: [] [] [2026-10-01 16:50:38,757]  INFO {org.apache.synapse.transport.nhttp.config.ClientConnFactoryBuilder} - HTTPS Loading custom SSL profiles for the HTTPS sender
TID: [] [] [2026-10-01 16:50:38,762]  INFO {org.apache.synapse.transport.nhttp.config.ClientConnFactoryBuilder} - HTTPS Custom SSL profiles initialized for 1 mappings
TID: [] [] [2026-10-01 16:50:38,763]  INFO {org.apache.synapse.transport.passthru.PassThroughHttpSSLSender} - Pass-through HTTPS Sender started...
TID: [] [] [2026-10-01 16:50:38,765]  INFO {org.wso2.carbon.websocket.transport.WebsocketTransportSender} - WS Sender started
TID: [] [] [2026-10-01 16:50:38,793]  INFO {org.apache.synapse.transport.passthru.PassThroughHttpListener} - Initializing Pass-through HTTP/S Listener...
TID: [] [] [2026-10-01 16:50:38,812]  INFO {org.apache.synapse.transport.passthru.PassThroughHttpMultiSSLListener} - Initializing Pass-through HTTP/S Listener...
TID: [] [] [2026-10-01 16:50:38,816]  INFO {org.apache.synapse.transport.nhttp.config.ServerConnFactoryBuilder} - SSLProfile configuration is loaded from path: C:\Users\gabri\Desktop\ENTREV~1\WSO2AM~1.0\repository/resources/security/listenerprofiles.xml
TID: [] [] [2026-10-01 16:50:39,047]  INFO {org.wso2.carbon.core.deployment.DeploymentInterceptor} - Deploying Axis2 service: AdminAdvisoryManagementService {super-tenant}
TID: [] [] [2026-10-01 16:50:39,587]  INFO {org.wso2.carbon.core.deployment.DeploymentInterceptor} - Deploying Axis2 service: I18nEmailMgtConfigService {super-tenant}
TID: [] [] [2026-10-01 16:50:40,690]  INFO {org.wso2.carbon.core.deployment.DeploymentInterceptor} - Deploying Axis2 service: AccountCredentialMgtConfigService {super-tenant}
TID: [] [] [2026-10-01 16:50:40,691]  INFO {org.wso2.carbon.core.deployment.DeploymentInterceptor} - Deploying Axis2 service: UserIdentityManagementAdminService {super-tenant}
TID: [] [] [2026-10-01 16:50:40,691]  INFO {org.wso2.carbon.core.deployment.DeploymentInterceptor} - Deploying Axis2 service: UserInformationRecoveryService {super-tenant}
TID: [] [] [2026-10-01 16:50:41,151]  WARN {org.apache.axis2.description.java2wsdl.DefaultSchemaGenerator} - We don't support method overloading. Ignoring [resetRemoteServerConfig]
TID: [] [] [2026-10-01 16:50:41,152]  WARN {org.apache.axis2.description.java2wsdl.DefaultSchemaGenerator} - We don't support method overloading. Ignoring [addRemoteServerConfig]
TID: [] [] [2026-10-01 16:50:41,570]  WARN {org.apache.axis2.description.java2wsdl.DefaultSchemaGenerator} - We don't support method overloading. Ignoring [searchByAttribute]
TID: [] [] [2026-10-01 16:50:42,446]  INFO {org.wso2.carbon.core.init.CarbonServerManager} - Repository       : C:\Users\gabri\Desktop\ENTREV~1\WSO2AM~1.0\bin\../repository/deployment/server/
TID: [] [] [2026-10-01 16:50:42,448]  INFO {org.wso2.carbon.event.input.adapter.kafka.internal.ds.KafkaEventAdapterServiceHolder} - Kafka input event adaptor waiting for dependent configurations to load
TID: [] [] [2026-10-01 16:50:42,457]  INFO {org.wso2.carbon.andes.core.internal.ds.QueueManagerServiceDS} - Successfully created the queue manager service
TID: [] [] [2026-10-01 16:50:42,461]  INFO {org.wso2.carbon.andes.core.internal.ds.SubscriptionManagerServiceDS} - Successfully created the subscription manager service
TID: [] [] [2026-10-01 16:50:42,508]  INFO {org.wso2.carbon.apimgt.persistence.internal.PersistenceManagerComponent} - Activating PersistenceManagerComponent 
TID: [] [] [2026-10-01 16:50:42,525]  INFO {org.wso2.carbon.core.multitenancy.eager.TenantLoadingConfig} - Using tenant lazy loading policy...
TID: [] [] [2026-10-01 16:50:42,535]  INFO {org.wso2.carbon.core.internal.permission.update.PermissionUpdater} - Permission cache updated for tenant -1234
TID: [] [] [2026-10-01 16:50:43,186]  INFO {org.wso2.carbon.identity.entitlement.internal.SchemaBuilder} - XACML policy schema loaded successfully.
TID: [] [] [2026-10-01 16:50:43,211]  INFO {org.wso2.carbon.user.core.internal.UserStoreMgtDSComponent} - Claim manager set for class org.wso2.carbon.user.core.common.DefaultRealm
TID: [] [] [2026-10-01 16:50:43,215]  INFO {org.wso2.carbon.user.core.internal.UserStoreMgtDSComponent} - Claim manager set for class org.wso2.carbon.user.core.jdbc.UniqueIDJDBCUserStoreManager
TID: [] [] [2026-10-01 16:50:43,261]  WARN {org.wso2.carbon.identity.application.mgt.internal.ApplicationManagementServiceComponent} - Templates directory not found at C:\Users\gabri\Desktop\ENTREV~1\WSO2AM~1.0\bin\..\repository\resources\identity\authntemplates
TID: [] [] [2026-10-01 16:50:43,501]  WARN {org.wso2.carbon.identity.auth.valve.internal.AuthenticationValveServiceComponent} - File invalid_tenant_domain_response.html not found. The default content will be used as the error page content.
TID: [] [] [2026-10-01 16:50:43,532]  WARN {org.wso2.carbon.identity.auth.service.internal.AuthenticationServiceComponent} - 

##################################  ALERT  ##################################
[WARNING]: Internal authentication is utilizing default credentials,
which may expose the environment to potential security risks.
If this is a production environment, change the credentials immediately.
Please refer to the WSO2 security advisory: https://security.docs.wso2.com/en/latest/security-announcements/security-advisories/2023/WSO2-2023-2617/
#############################################################################

TID: [] [] [2026-10-01 16:50:43,539]  INFO {org.wso2.carbon.identity.organization.management.tenant.association.internal.TenantAssociationServiceComponent} - Organization management related TenantAssociationManagementListener registered successfully.
TID: [] [] [2026-10-01 16:50:44,441]  INFO {org.wso2.carbon.apimgt.impl.dao.CorrelationConfigDAO} - Correlation Components [http, jdbc, ldap, synapse, method-calls]
TID: [] [] [2026-10-01 16:50:44,530]  INFO {org.wso2.carbon.apimgt.common.jms.factory.JMSConnectionFactory} - JMS ConnectionFactory : Siddhi-JMS-Consumer initialized
TID: [] [] [2026-10-01 16:50:44,534]  INFO {org.wso2.carbon.apimgt.governance.impl.ComplianceEvaluationScheduler} - Initializing Evaluation Request Scheduler...
TID: [] [] [2026-10-01 16:50:44,540]  INFO {org.wso2.carbon.apimgt.common.jms.factory.JMSConnectionFactory} - JMS ConnectionFactory : Siddhi-JMS-Consumer initialized
TID: [] [] [2026-10-01 16:50:44,589]  INFO {org.wso2.carbon.apimgt.common.jms.factory.JMSConnectionFactory} - JMS ConnectionFactory : Siddhi-JMS-Consumer initialized
TID: [] [] [2026-10-01 16:50:44,660]  INFO {org.wso2.carbon.identity.oauth.config.OAuthServerConfiguration} - The default OAuth token issuer will be used. No custom token generator is set.
TID: [] [] [2026-10-01 16:50:44,660]  INFO {org.wso2.carbon.identity.oauth.config.OAuthServerConfiguration} - An instance of org.wso2.carbon.identity.oauth2.token.OauthTokenIssuerImpl is created for Identity OAuth token generation.
TID: [] [] [2026-10-01 16:50:45,605]  INFO {org.wso2.carbon.identity.local.auth.api.core.internal.AuthAPIServiceComponent} - Auth API Service Component  is activated.
TID: [] [] [2026-10-01 16:50:45,767]  WARN {org.wso2.carbon.identity.event.internal.IdentityEventServiceComponent} - Properties for OrganizationCreationHandler is not configured. This event handler will not be activated
TID: [] [] [2026-10-01 16:50:45,786]  WARN {org.wso2.carbon.identity.application.authentication.framework.internal.FrameworkServiceComponent} - Adaptive authentication is disabled.
TID: [] [] [2026-10-01 16:50:45,850]  INFO {org.wso2.carbon.identity.application.authentication.framework.store.SessionDataStore} - Thread pool size for temporary authentication context data delete task: 20
TID: [] [] [2026-10-01 16:50:46,865]  INFO {org.wso2.carbon.mediation.initializer.ServiceBusInitializer} - Starting ESB...
TID: [] [] [2026-10-01 16:50:46,881]  INFO {org.wso2.carbon.mediation.initializer.ServiceBusInitializer} - Initializing Apache Synapse...
TID: [] [] [2026-10-01 16:50:46,885]  INFO {org.apache.synapse.SynapseControllerFactory} - Using Synapse home : C:\Users\gabri\Desktop\ENTREV~1\WSO2AM~1.0\.
TID: [] [] [2026-10-01 16:50:46,886]  INFO {org.apache.synapse.SynapseControllerFactory} - Using synapse.xml location : C:\Users\gabri\Desktop\ENTREV~1\WSO2AM~1.0\.\.\repository\deployment\server\synapse-configs\default
TID: [] [] [2026-10-01 16:50:46,886]  INFO {org.apache.synapse.SynapseControllerFactory} - Using server name : localhost
TID: [] [] [2026-10-01 16:50:46,904]  INFO {org.apache.synapse.SynapseControllerFactory} - The timeout handler will run every : 15s
TID: [] [] [2026-10-01 16:50:46,921]  INFO {org.apache.synapse.Axis2SynapseController} - Initializing Synapse at : Thu Oct 01 16:50:46 BRT 2026
TID: [] [] [2026-10-01 16:50:46,926]  INFO {org.wso2.carbon.mediation.initializer.CarbonSynapseController} - Loading the mediation configuration from the file system
TID: [] [] [2026-10-01 16:50:46,928]  INFO {org.apache.synapse.config.xml.MultiXMLConfigurationBuilder} - Building synapse configuration from the synapse artifact repository at : .\.\repository/deployment/server/synapse-configs\default
TID: [] [] [2026-10-01 16:50:46,928]  INFO {org.apache.synapse.config.xml.XMLConfigurationBuilder} - Generating the Synapse configuration model by parsing the XML configuration
TID: [] [] [2026-10-01 16:50:47,044]  INFO {org.wso2.carbon.mediation.dependency.mgt.DependencyTracker} - Sequence : dispatchSeq was added to the Synapse configuration successfully
TID: [] [] [2026-10-01 16:50:47,094]  INFO {org.wso2.carbon.mediation.dependency.mgt.DependencyTracker} - Sequence : fault was added to the Synapse configuration successfully
TID: [] [] [2026-10-01 16:50:47,138]  INFO {org.wso2.carbon.mediation.dependency.mgt.DependencyTracker} - Sequence : guardrail_fault was added to the Synapse configuration successfully
TID: [] [] [2026-10-01 16:50:47,192]  INFO {org.wso2.carbon.mediation.dependency.mgt.DependencyTracker} - Sequence : main was added to the Synapse configuration successfully
TID: [] [] [2026-10-01 16:50:47,193]  INFO {org.wso2.carbon.mediation.dependency.mgt.DependencyTracker} - Sequence : outDispatchSeq was added to the Synapse configuration successfully
TID: [] [] [2026-10-01 16:50:47,224]  INFO {org.wso2.carbon.mediation.dependency.mgt.DependencyTracker} - Sequence : webhooksFaultSequence was added to the Synapse configuration successfully
TID: [] [] [2026-10-01 16:50:47,247]  INFO {org.wso2.carbon.mediation.dependency.mgt.DependencyTracker} - Sequence : _auth_failure_handler_ was added to the Synapse configuration successfully
TID: [] [] [2026-10-01 16:50:47,272]  INFO {org.wso2.carbon.mediation.dependency.mgt.DependencyTracker} - Sequence : _backend_failure_handler_ was added to the Synapse configuration successfully
TID: [] [] [2026-10-01 16:50:47,279]  INFO {org.wso2.carbon.mediation.dependency.mgt.DependencyTracker} - Sequence : _api_blocked_sequence_ was added to the Synapse configuration successfully
TID: [] [] [2026-10-01 16:50:47,285]  INFO {org.wso2.carbon.mediation.dependency.mgt.DependencyTracker} - Sequence : _build_ was added to the Synapse configuration successfully
TID: [] [] [2026-10-01 16:50:47,317]  INFO {org.wso2.carbon.mediation.dependency.mgt.DependencyTracker} - Sequence : _cors_request_handler_ was added to the Synapse configuration successfully
TID: [] [] [2026-10-01 16:50:47,318]  INFO {org.wso2.carbon.mediation.dependency.mgt.DependencyTracker} - Sequence : _extension_fault_handler_ was added to the Synapse configuration successfully
TID: [] [] [2026-10-01 16:50:47,332]  INFO {org.wso2.carbon.mediation.dependency.mgt.DependencyTracker} - Sequence : _graphql_failure_handler was added to the Synapse configuration successfully
TID: [] [] [2026-10-01 16:50:47,346]  INFO {org.wso2.carbon.mediation.dependency.mgt.DependencyTracker} - Sequence : _mcp_failure_handler_ was added to the Synapse configuration successfully
TID: [] [] [2026-10-01 16:50:47,371]  INFO {org.wso2.carbon.mediation.dependency.mgt.DependencyTracker} - Sequence : _opa_policy_failure_handler_ was added to the Synapse configuration successfully
TID: [] [] [2026-10-01 16:50:47,372]  INFO {org.wso2.carbon.mediation.dependency.mgt.DependencyTracker} - Sequence : _production_key_error_ was added to the Synapse configuration successfully
TID: [] [] [2026-10-01 16:50:47,373]  INFO {org.wso2.carbon.mediation.dependency.mgt.DependencyTracker} - Sequence : _resource_mismatch_handler_ was added to the Synapse configuration successfully
TID: [] [] [2026-10-01 16:50:47,374]  INFO {org.wso2.carbon.mediation.dependency.mgt.DependencyTracker} - Sequence : _sandbox_key_error_ was added to the Synapse configuration successfully
TID: [] [] [2026-10-01 16:50:47,402]  INFO {org.wso2.carbon.mediation.dependency.mgt.DependencyTracker} - Sequence : _threat_fault_ was added to the Synapse configuration successfully
TID: [] [] [2026-10-01 16:50:47,437]  INFO {org.wso2.carbon.mediation.dependency.mgt.DependencyTracker} - Sequence : _throttle_out_handler_ was added to the Synapse configuration successfully
TID: [] [] [2026-10-01 16:50:47,455]  INFO {org.wso2.carbon.mediation.dependency.mgt.DependencyTracker} - Sequence : _token_fault_ was added to the Synapse configuration successfully
TID: [] [] [2026-10-01 16:50:47,493]  INFO {org.wso2.carbon.mediation.dependency.mgt.DependencyTracker} - API : _OpenService_ was added to the Synapse configuration successfully
TID: [] [] [2026-10-01 16:50:47,497]  INFO {org.wso2.carbon.mediation.dependency.mgt.DependencyTracker} - Inbound Endpoint : SecureWebhookServer was added to the Synapse configuration successfully
TID: [] [] [2026-10-01 16:50:47,499]  INFO {org.wso2.carbon.mediation.dependency.mgt.DependencyTracker} - Inbound Endpoint : SecureWebSocketEP was added to the Synapse configuration successfully
TID: [] [] [2026-10-01 16:50:47,500]  INFO {org.wso2.carbon.mediation.dependency.mgt.DependencyTracker} - Inbound Endpoint : WebhookServer was added to the Synapse configuration successfully
TID: [] [] [2026-10-01 16:50:47,501]  INFO {org.wso2.carbon.mediation.dependency.mgt.DependencyTracker} - Inbound Endpoint : WebSocketInboundEndpoint was added to the Synapse configuration successfully
TID: [] [] [2026-10-01 16:50:47,501]  INFO {org.apache.synapse.config.SynapseConfigurationBuilder} - Loaded Synapse configuration from the artifact repository at : .\.\repository/deployment/server/synapse-configs\default
TID: [] [] [2026-10-01 16:50:47,503]  INFO {org.wso2.carbon.mediation.dependency.mgt.DependencyTracker} - Local entry : SERVER_HOST was added to the Synapse configuration successfully
TID: [] [] [2026-10-01 16:50:47,503]  INFO {org.wso2.carbon.mediation.dependency.mgt.DependencyTracker} - Local entry : SERVER_IP was added to the Synapse configuration successfully
TID: [] [] [2026-10-01 16:50:47,541]  INFO {org.apache.synapse.Axis2SynapseController} - Loading mediator extensions...
TID: [] [] [2026-10-01 16:50:48,595]  INFO {org.wso2.carbon.core.deployment.DeploymentInterceptor} - Deploying Axis2 service: echo {super-tenant}
TID: [] [] [2026-10-01 16:50:48,611]  INFO {org.wso2.carbon.core.deployment.DeploymentInterceptor} - Deploying Axis2 service: Version {super-tenant}
TID: [] [] [2026-10-01 16:50:48,615]  INFO {org.wso2.carbon.event.publisher.core.EventPublisherDeployer} - Event Publisher deployment held back and in inactive state :EmailPublisher.xml, Stream validation exception : Stream id_gov_notify_stream:1.0.0 does not exist
TID: [] [] [2026-10-01 16:50:48,616]  INFO {org.wso2.carbon.event.publisher.core.EventPublisherDeployer} - Event Publisher deployment held back and in inactive state :HTTP-recommendationEventPublisher.xml, Stream validation exception : Stream org.wso2.apimgt.recommendation.event.stream:1.0.0 does not exist
TID: [] [] [2026-10-01 16:50:48,617]  INFO {org.wso2.carbon.event.publisher.core.EventPublisherDeployer} - Event Publisher deployment held back and in inactive state :asyncWebhooksEventPublisher.xml, Stream validation exception : Stream org.wso2.apimgt.webhooks.request.stream:1.0.0 does not exist
TID: [] [] [2026-10-01 16:50:48,618]  INFO {org.wso2.carbon.event.publisher.core.EventPublisherDeployer} - Event Publisher deployment held back and in inactive state :asyncWebhooksEventPublisher2.xml, Stream validation exception : Stream org.wso2.apimgt.webhooks.request.stream:1.0.0 does not exist
TID: [] [] [2026-10-01 16:50:48,618]  INFO {org.wso2.carbon.event.publisher.core.EventPublisherDeployer} - Event Publisher deployment held back and in inactive state :asyncWebhooksEventPublisher_1.0.0.xml, Stream validation exception : Stream org.wso2.apimgt.webhooks.request.stream:1.0.0 does not exist
TID: [] [] [2026-10-01 16:50:48,618]  INFO {org.wso2.carbon.event.publisher.core.EventPublisherDeployer} - Event Publisher deployment held back and in inactive state :asyncWebhooksEventPublisher_1.0.0_2.xml, Stream validation exception : Stream org.wso2.apimgt.webhooks.request.stream:1.0.0 does not exist
TID: [] [] [2026-10-01 16:50:48,619]  INFO {org.wso2.carbon.event.publisher.core.EventPublisherDeployer} - Event Publisher deployment held back and in inactive state :blockingEventJMSPublisher.xml, Stream validation exception : Stream org.wso2.blocking.request.stream:1.0.0 does not exist
TID: [] [] [2026-10-01 16:50:48,619]  INFO {org.wso2.carbon.event.publisher.core.EventPublisherDeployer} - Event Publisher deployment held back and in inactive state :cacheInvalidationEventJMSPublisher.xml, Stream validation exception : Stream org.wso2.apimgt.cache.invalidation.stream:1.0.0 does not exist
TID: [] [] [2026-10-01 16:50:48,620]  INFO {org.wso2.carbon.event.publisher.core.EventPublisherDeployer} - Event Publisher deployment held back and in inactive state :globalCacheInvalidationJMSPublisher.xml, Stream validation exception : Stream cache.invalidation.stream:1.0.0 does not exist
TID: [] [] [2026-10-01 16:50:48,621]  INFO {org.wso2.carbon.event.publisher.core.EventPublisherDeployer} - Event Publisher deployment held back and in inactive state :jmsEventPublisher.xml, Stream validation exception : Stream org.wso2.throttle.globalThrottle.stream:1.0.0 does not exist
TID: [] [] [2026-10-01 16:50:48,621]  INFO {org.wso2.carbon.event.publisher.core.EventPublisherDeployer} - Event Publisher deployment held back and in inactive state :jmsEventPublisher2.xml, Stream validation exception : Stream org.wso2.throttle.globalThrottle.stream:1.0.0 does not exist
TID: [] [] [2026-10-01 16:50:48,622]  INFO {org.wso2.carbon.event.publisher.core.EventPublisherDeployer} - Event Publisher deployment held back and in inactive state :jmsEventPublisher_1.10.0.xml, Stream validation exception : Stream org.wso2.throttle.globalThrottle.stream:1.1.0 does not exist
TID: [] [] [2026-10-01 16:50:48,622]  INFO {org.wso2.carbon.event.publisher.core.EventPublisherDeployer} - Event Publisher deployment held back and in inactive state :jmsEventPublisher_1.10.0_2.xml, Stream validation exception : Stream org.wso2.throttle.globalThrottle.stream:1.1.0 does not exist
TID: [] [] [2026-10-01 16:50:48,623]  INFO {org.wso2.carbon.event.publisher.core.EventPublisherDeployer} - Event Publisher deployment held back and in inactive state :keymgtEventJMSEventPublisher.xml, Stream validation exception : Stream org.wso2.apimgt.keymgt.stream:1.0.0 does not exist
TID: [] [] [2026-10-01 16:50:48,623]  INFO {org.wso2.carbon.event.publisher.core.EventPublisherDeployer} - Event Publisher deployment held back and in inactive state :notificationEventJMSPublisher.xml, Stream validation exception : Stream org.wso2.apimgt.notification.stream:1.0.0 does not exist
TID: [] [] [2026-10-01 16:50:48,624]  INFO {org.wso2.carbon.event.publisher.core.EventPublisherDeployer} - Event Publisher deployment held back and in inactive state :tokenRevokeEventJMSPublisher.xml, Stream validation exception : Stream org.wso2.apimgt.token.revocation.stream:1.0.0 does not exist
TID: [] [] [2026-10-01 16:50:48,624]  INFO {org.wso2.carbon.event.publisher.core.EventPublisherDeployer} - Event Publisher deployment held back and in inactive state :tokenRevokeEventJMSPublisher_2.xml, Stream validation exception : Stream org.wso2.apimgt.token.revocation.stream:1.0.0 does not exist
TID: [] [] [2026-10-01 16:50:48,629]  INFO {org.wso2.carbon.event.receiver.core.EventReceiverDeployer} - Event receiver deployment held back and in inactive state: blockingWso2EventReceiver.xml, Stream validation exception: Stream org.wso2.blocking.request.stream:1.0.0 does not exist
TID: [] [] [2026-10-01 16:50:48,629]  INFO {org.wso2.carbon.event.receiver.core.EventReceiverDeployer} - Event receiver deployment held back and in inactive state: cacheInvalidationRequestReceiver.xml, Stream validation exception: Stream cache.invalidation.stream:1.0.0 does not exist
TID: [] [] [2026-10-01 16:50:48,630]  INFO {org.wso2.carbon.event.receiver.core.EventReceiverDeployer} - Event receiver deployment held back and in inactive state: cacheInvalidationWso2EventReceiver.xml, Stream validation exception: Stream org.wso2.apimgt.cache.invalidation.stream:1.0.0 does not exist
TID: [] [] [2026-10-01 16:50:48,630]  INFO {org.wso2.carbon.event.receiver.core.EventReceiverDeployer} - Event receiver deployment held back and in inactive state: keyMgtWso2EventReceiver.xml, Stream validation exception: Stream org.wso2.apimgt.keymgt.stream:1.0.0 does not exist
TID: [] [] [2026-10-01 16:50:48,631]  INFO {org.wso2.carbon.event.receiver.core.EventReceiverDeployer} - Event receiver deployment held back and in inactive state: notificationsWSO2EventReceiver.xml, Stream validation exception: Stream org.wso2.apimgt.notification.stream:1.0.0 does not exist
TID: [] [] [2026-10-01 16:50:48,631]  INFO {org.wso2.carbon.event.receiver.core.EventReceiverDeployer} - Event receiver deployment held back and in inactive state: recommendationWso2EventReceiver.xml, Stream validation exception: Stream org.wso2.apimgt.recommendation.event.stream:1.0.0 does not exist
TID: [] [] [2026-10-01 16:50:48,632]  INFO {org.wso2.carbon.event.receiver.core.EventReceiverDeployer} - Event receiver deployment held back and in inactive state: throttleEventReceiver.xml, Stream validation exception: Stream org.wso2.throttle.request.stream:1.0.0 does not exist
TID: [] [] [2026-10-01 16:50:48,633]  INFO {org.wso2.carbon.event.receiver.core.EventReceiverDeployer} - Event receiver deployment held back and in inactive state: throttleWSO2EventReceiver.xml, Stream validation exception: Stream org.wso2.throttle.request.stream:1.0.0 does not exist
TID: [] [] [2026-10-01 16:50:48,634]  INFO {org.wso2.carbon.event.receiver.core.EventReceiverDeployer} - Event receiver deployment held back and in inactive state: tokenRevocationWso2EventReceiver.xml, Stream validation exception: Stream org.wso2.apimgt.token.revocation.stream:1.0.0 does not exist
TID: [] [] [2026-10-01 16:50:48,901]  INFO {org.wso2.carbon.event.publisher.core.EventPublisherDeployer} - Event Publisher undeployed successfully : globalCacheInvalidationJMSPublisher.xml
TID: [] [] [2026-10-01 16:50:48,907]  INFO {org.wso2.carbon.event.stream.core.internal.EventJunction} - WSO2EventConsumer added to the junction. Stream:cache.invalidation.stream:1.0.0
TID: [] [] [2026-10-01 16:50:48,919]  INFO {org.wso2.carbon.event.publisher.core.EventPublisherDeployer} - Event Publisher configuration successfully deployed and in active state : globalCacheInvalidationJMSPublisher
TID: [] [] [2026-10-01 16:50:48,936]  INFO {org.wso2.carbon.event.receiver.core.EventReceiverDeployer} - Event Receiver undeployed successfully: cacheInvalidationRequestReceiver.xml
TID: [] [] [2026-10-01 16:50:48,942]  INFO {org.wso2.carbon.event.input.adapter.core.internal.InputAdapterRuntime} - Connecting receiver cacheInvalidationRequestReceiver
TID: [] [] [2026-10-01 16:50:48,942]  INFO {org.wso2.carbon.event.stream.core.internal.EventJunction} - Producer added to the junction. Stream:cache.invalidation.stream:1.0.0
TID: [] [] [2026-10-01 16:50:48,942]  INFO {org.wso2.carbon.event.receiver.core.EventReceiverDeployer} - Event Receiver configuration successfully deployed and in active state: cacheInvalidationRequestReceiver
TID: [] [] [2026-10-01 16:50:48,942]  INFO {org.wso2.carbon.event.stream.core.EventStreamDeployer} - Stream definition is deployed successfully  : cache.invalidation.stream:1.0.0
TID: [] [] [2026-10-01 16:50:48,943]  INFO {org.wso2.carbon.event.publisher.core.EventPublisherDeployer} - Event Publisher undeployed successfully : EmailPublisher.xml
TID: [] [] [2026-10-01 16:50:48,946]  INFO {org.wso2.carbon.event.stream.core.internal.EventJunction} - WSO2EventConsumer added to the junction. Stream:id_gov_notify_stream:1.0.0
TID: [] [] [2026-10-01 16:50:48,948]  INFO {org.wso2.carbon.event.publisher.core.EventPublisherDeployer} - Event Publisher configuration successfully deployed and in active state : EmailPublisher
TID: [] [] [2026-10-01 16:50:48,948]  INFO {org.wso2.carbon.event.stream.core.EventStreamDeployer} - Stream definition is deployed successfully  : id_gov_notify_stream:1.0.0
TID: [] [] [2026-10-01 16:50:48,949]  INFO {org.wso2.carbon.event.publisher.core.EventPublisherDeployer} - Event Publisher undeployed successfully : cacheInvalidationEventJMSPublisher.xml
TID: [] [] [2026-10-01 16:50:48,951]  INFO {org.wso2.carbon.event.stream.core.internal.EventJunction} - WSO2EventConsumer added to the junction. Stream:org.wso2.apimgt.cache.invalidation.stream:1.0.0
TID: [] [] [2026-10-01 16:50:48,951]  INFO {org.wso2.carbon.event.publisher.core.EventPublisherDeployer} - Event Publisher configuration successfully deployed and in active state : cacheInvalidationJMSPublisher
TID: [] [] [2026-10-01 16:50:48,951]  INFO {org.wso2.carbon.event.receiver.core.EventReceiverDeployer} - Event Receiver undeployed successfully: cacheInvalidationWso2EventReceiver.xml
TID: [] [] [2026-10-01 16:50:48,953]  INFO {org.wso2.carbon.event.input.adapter.core.internal.InputAdapterRuntime} - Connecting receiver cacheInvalidationWso2EventReceiver
TID: [] [] [2026-10-01 16:50:48,953]  INFO {org.wso2.carbon.event.stream.core.internal.EventJunction} - Producer added to the junction. Stream:org.wso2.apimgt.cache.invalidation.stream:1.0.0
TID: [] [] [2026-10-01 16:50:48,953]  INFO {org.wso2.carbon.event.receiver.core.EventReceiverDeployer} - Event Receiver configuration successfully deployed and in active state: cacheInvalidationWso2EventReceiver
TID: [] [] [2026-10-01 16:50:48,953]  INFO {org.wso2.carbon.event.stream.core.EventStreamDeployer} - Stream definition is deployed successfully  : org.wso2.apimgt.cache.invalidation.stream:1.0.0
TID: [] [] [2026-10-01 16:50:48,953]  INFO {org.wso2.carbon.event.publisher.core.EventPublisherDeployer} - Event Publisher undeployed successfully : keymgtEventJMSEventPublisher.xml
TID: [] [] [2026-10-01 16:50:48,955]  INFO {org.wso2.carbon.event.stream.core.internal.EventJunction} - WSO2EventConsumer added to the junction. Stream:org.wso2.apimgt.keymgt.stream:1.0.0
TID: [] [] [2026-10-01 16:50:48,955]  INFO {org.wso2.carbon.event.publisher.core.EventPublisherDeployer} - Event Publisher configuration successfully deployed and in active state : keymgtEventJMSEventPublisher
TID: [] [] [2026-10-01 16:50:48,955]  INFO {org.wso2.carbon.event.receiver.core.EventReceiverDeployer} - Event Receiver undeployed successfully: keyMgtWso2EventReceiver.xml
TID: [] [] [2026-10-01 16:50:48,956]  INFO {org.wso2.carbon.event.input.adapter.core.internal.InputAdapterRuntime} - Connecting receiver keyMgtWso2EventReceiver
TID: [] [] [2026-10-01 16:50:48,956]  INFO {org.wso2.carbon.event.stream.core.internal.EventJunction} - Producer added to the junction. Stream:org.wso2.apimgt.keymgt.stream:1.0.0
TID: [] [] [2026-10-01 16:50:48,956]  INFO {org.wso2.carbon.event.receiver.core.EventReceiverDeployer} - Event Receiver configuration successfully deployed and in active state: keyMgtWso2EventReceiver
TID: [] [] [2026-10-01 16:50:48,956]  INFO {org.wso2.carbon.event.stream.core.EventStreamDeployer} - Stream definition is deployed successfully  : org.wso2.apimgt.keymgt.stream:1.0.0
TID: [] [] [2026-10-01 16:50:48,957]  INFO {org.wso2.carbon.event.publisher.core.EventPublisherDeployer} - Event Publisher undeployed successfully : notificationEventJMSPublisher.xml
TID: [] [] [2026-10-01 16:50:48,958]  INFO {org.wso2.carbon.event.stream.core.internal.EventJunction} - WSO2EventConsumer added to the junction. Stream:org.wso2.apimgt.notification.stream:1.0.0
TID: [] [] [2026-10-01 16:50:48,958]  INFO {org.wso2.carbon.event.publisher.core.EventPublisherDeployer} - Event Publisher configuration successfully deployed and in active state : notificationJMSPublisher
TID: [] [] [2026-10-01 16:50:48,958]  INFO {org.wso2.carbon.event.receiver.core.EventReceiverDeployer} - Event Receiver undeployed successfully: notificationsWSO2EventReceiver.xml
TID: [] [] [2026-10-01 16:50:48,959]  INFO {org.wso2.carbon.event.input.adapter.core.internal.InputAdapterRuntime} - Connecting receiver notificationsWSO2EventReceiver
TID: [] [] [2026-10-01 16:50:48,959]  INFO {org.wso2.carbon.event.stream.core.internal.EventJunction} - Producer added to the junction. Stream:org.wso2.apimgt.notification.stream:1.0.0
TID: [] [] [2026-10-01 16:50:48,959]  INFO {org.wso2.carbon.event.receiver.core.EventReceiverDeployer} - Event Receiver configuration successfully deployed and in active state: notificationsWSO2EventReceiver
TID: [] [] [2026-10-01 16:50:48,959]  INFO {org.wso2.carbon.event.stream.core.EventStreamDeployer} - Stream definition is deployed successfully  : org.wso2.apimgt.notification.stream:1.0.0
TID: [] [] [2026-10-01 16:50:48,960]  INFO {org.wso2.carbon.event.publisher.core.EventPublisherDeployer} - Event Publisher undeployed successfully : HTTP-recommendationEventPublisher.xml
TID: [] [] [2026-10-01 16:50:48,961]  INFO {org.wso2.carbon.event.stream.core.internal.EventJunction} - WSO2EventConsumer added to the junction. Stream:org.wso2.apimgt.recommendation.event.stream:1.0.0
TID: [] [] [2026-10-01 16:50:48,962]  INFO {org.wso2.carbon.event.publisher.core.EventPublisherDeployer} - Event Publisher configuration successfully deployed and in active state : HTTP-recommendationEventPublisher
TID: [] [] [2026-10-01 16:50:48,962]  INFO {org.wso2.carbon.event.receiver.core.EventReceiverDeployer} - Event Receiver undeployed successfully: recommendationWso2EventReceiver.xml
TID: [] [] [2026-10-01 16:50:48,962]  INFO {org.wso2.carbon.event.input.adapter.core.internal.InputAdapterRuntime} - Connecting receiver recommendationWso2EventReceiver
TID: [] [] [2026-10-01 16:50:48,962]  INFO {org.wso2.carbon.event.stream.core.internal.EventJunction} - Producer added to the junction. Stream:org.wso2.apimgt.recommendation.event.stream:1.0.0
TID: [] [] [2026-10-01 16:50:48,962]  INFO {org.wso2.carbon.event.receiver.core.EventReceiverDeployer} - Event Receiver configuration successfully deployed and in active state: recommendationWso2EventReceiver
TID: [] [] [2026-10-01 16:50:48,962]  INFO {org.wso2.carbon.event.stream.core.EventStreamDeployer} - Stream definition is deployed successfully  : org.wso2.apimgt.recommendation.event.stream:1.0.0
TID: [] [] [2026-10-01 16:50:48,963]  INFO {org.wso2.carbon.event.publisher.core.EventPublisherDeployer} - Event Publisher undeployed successfully : tokenRevokeEventJMSPublisher.xml
TID: [] [] [2026-10-01 16:50:48,964]  INFO {org.wso2.carbon.event.stream.core.internal.EventJunction} - WSO2EventConsumer added to the junction. Stream:org.wso2.apimgt.token.revocation.stream:1.0.0
TID: [] [] [2026-10-01 16:50:48,964]  INFO {org.wso2.carbon.event.publisher.core.EventPublisherDeployer} - Event Publisher configuration successfully deployed and in active state : tokenRevocationJMSPublisher
TID: [] [] [2026-10-01 16:50:48,964]  INFO {org.wso2.carbon.event.publisher.core.EventPublisherDeployer} - Event Publisher undeployed successfully : tokenRevokeEventJMSPublisher_2.xml
TID: [] [] [2026-10-01 16:50:48,965]  INFO {org.wso2.carbon.event.stream.core.internal.EventJunction} - WSO2EventConsumer added to the junction. Stream:org.wso2.apimgt.token.revocation.stream:1.0.0
TID: [] [] [2026-10-01 16:50:48,965]  INFO {org.wso2.carbon.event.publisher.core.EventPublisherDeployer} - Event Publisher configuration successfully deployed and in active state : tokenRevocationJMSPublisher2
TID: [] [] [2026-10-01 16:50:48,965]  INFO {org.wso2.carbon.event.receiver.core.EventReceiverDeployer} - Event Receiver undeployed successfully: tokenRevocationWso2EventReceiver.xml
TID: [] [] [2026-10-01 16:50:48,966]  INFO {org.wso2.carbon.event.input.adapter.core.internal.InputAdapterRuntime} - Connecting receiver tokenRevocationWso2EventReceiver
TID: [] [] [2026-10-01 16:50:48,966]  INFO {org.wso2.carbon.event.stream.core.internal.EventJunction} - Producer added to the junction. Stream:org.wso2.apimgt.token.revocation.stream:1.0.0
TID: [] [] [2026-10-01 16:50:48,966]  INFO {org.wso2.carbon.event.receiver.core.EventReceiverDeployer} - Event Receiver configuration successfully deployed and in active state: tokenRevocationWso2EventReceiver
TID: [] [] [2026-10-01 16:50:48,966]  INFO {org.wso2.carbon.event.stream.core.EventStreamDeployer} - Stream definition is deployed successfully  : org.wso2.apimgt.token.revocation.stream:1.0.0
TID: [] [] [2026-10-01 16:50:48,968]  INFO {org.wso2.carbon.event.publisher.core.EventPublisherDeployer} - Event Publisher undeployed successfully : asyncWebhooksEventPublisher.xml
TID: [] [] [2026-10-01 16:50:48,971]  INFO {org.wso2.carbon.event.stream.core.internal.EventJunction} - WSO2EventConsumer added to the junction. Stream:org.wso2.apimgt.webhooks.request.stream:1.0.0
TID: [] [] [2026-10-01 16:50:48,972]  INFO {org.wso2.carbon.event.publisher.core.EventPublisherDeployer} - Event Publisher configuration successfully deployed and in active state : asyncWebhooksEventPublisher
TID: [] [] [2026-10-01 16:50:48,972]  INFO {org.wso2.carbon.event.publisher.core.EventPublisherDeployer} - Event Publisher undeployed successfully : asyncWebhooksEventPublisher2.xml
TID: [] [] [2026-10-01 16:50:48,973]  INFO {org.wso2.carbon.event.stream.core.internal.EventJunction} - WSO2EventConsumer added to the junction. Stream:org.wso2.apimgt.webhooks.request.stream:1.0.0
TID: [] [] [2026-10-01 16:50:48,973]  INFO {org.wso2.carbon.event.publisher.core.EventPublisherDeployer} - Event Publisher configuration successfully deployed and in active state : asyncWebhooksEventPublisher2
TID: [] [] [2026-10-01 16:50:48,973]  INFO {org.wso2.carbon.event.publisher.core.EventPublisherDeployer} - Event Publisher undeployed successfully : asyncWebhooksEventPublisher_1.0.0.xml
TID: [] [] [2026-10-01 16:50:48,976]  INFO {org.wso2.carbon.event.stream.core.internal.EventJunction} - WSO2EventConsumer added to the junction. Stream:org.wso2.apimgt.webhooks.request.stream:1.0.0
TID: [] [] [2026-10-01 16:50:48,976]  INFO {org.wso2.carbon.event.publisher.core.EventPublisherDeployer} - Event Publisher configuration successfully deployed and in active state : asyncWebhooksEventPublisher-1.0.0
TID: [] [] [2026-10-01 16:50:48,976]  INFO {org.wso2.carbon.event.publisher.core.EventPublisherDeployer} - Event Publisher undeployed successfully : asyncWebhooksEventPublisher_1.0.0_2.xml
TID: [] [] [2026-10-01 16:50:48,978]  INFO {org.wso2.carbon.event.stream.core.internal.EventJunction} - WSO2EventConsumer added to the junction. Stream:org.wso2.apimgt.webhooks.request.stream:1.0.0
TID: [] [] [2026-10-01 16:50:48,978]  INFO {org.wso2.carbon.event.publisher.core.EventPublisherDeployer} - Event Publisher configuration successfully deployed and in active state : asyncWebhooksEventPublisher-1.0.0-2
TID: [] [] [2026-10-01 16:50:48,978]  INFO {org.wso2.carbon.event.stream.core.EventStreamDeployer} - Stream definition is deployed successfully  : org.wso2.apimgt.webhooks.request.stream:1.0.0
TID: [] [] [2026-10-01 16:50:48,981]  INFO {org.wso2.carbon.event.publisher.core.EventPublisherDeployer} - Event Publisher undeployed successfully : blockingEventJMSPublisher.xml
TID: [] [] [2026-10-01 16:50:48,985]  INFO {org.wso2.carbon.event.stream.core.internal.EventJunction} - WSO2EventConsumer added to the junction. Stream:org.wso2.blocking.request.stream:1.0.0
TID: [] [] [2026-10-01 16:50:48,985]  INFO {org.wso2.carbon.event.publisher.core.EventPublisherDeployer} - Event Publisher configuration successfully deployed and in active state : blockingEventJMSPublisher
TID: [] [] [2026-10-01 16:50:48,985]  INFO {org.wso2.carbon.event.receiver.core.EventReceiverDeployer} - Event Receiver undeployed successfully: blockingWso2EventReceiver.xml
TID: [] [] [2026-10-01 16:50:48,987]  INFO {org.wso2.carbon.event.input.adapter.core.internal.InputAdapterRuntime} - Connecting receiver blockingWso2EventReceiver
TID: [] [] [2026-10-01 16:50:48,987]  INFO {org.wso2.carbon.event.stream.core.internal.EventJunction} - Producer added to the junction. Stream:org.wso2.blocking.request.stream:1.0.0
TID: [] [] [2026-10-01 16:50:48,987]  INFO {org.wso2.carbon.event.receiver.core.EventReceiverDeployer} - Event Receiver configuration successfully deployed and in active state: blockingWso2EventReceiver
TID: [] [] [2026-10-01 16:50:48,987]  INFO {org.wso2.carbon.event.stream.core.EventStreamDeployer} - Stream definition is deployed successfully  : org.wso2.blocking.request.stream:1.0.0
TID: [] [] [2026-10-01 16:50:48,993]  INFO {org.wso2.carbon.event.stream.core.EventStreamDeployer} - Stream definition is deployed successfully  : org.wso2.botDetectionData.request.stream:1.0.0
TID: [] [] [2026-10-01 16:50:48,994]  INFO {org.wso2.carbon.event.publisher.core.EventPublisherDeployer} - Event Publisher undeployed successfully : jmsEventPublisher.xml
TID: [] [] [2026-10-01 16:50:48,996]  INFO {org.wso2.carbon.event.stream.core.internal.EventJunction} - WSO2EventConsumer added to the junction. Stream:org.wso2.throttle.globalThrottle.stream:1.0.0
TID: [] [] [2026-10-01 16:50:48,996]  INFO {org.wso2.carbon.event.publisher.core.EventPublisherDeployer} - Event Publisher configuration successfully deployed and in active state : jmsEventPublisher
TID: [] [] [2026-10-01 16:50:48,996]  INFO {org.wso2.carbon.event.publisher.core.EventPublisherDeployer} - Event Publisher undeployed successfully : jmsEventPublisher2.xml
TID: [] [] [2026-10-01 16:50:49,000]  INFO {org.wso2.carbon.event.stream.core.internal.EventJunction} - WSO2EventConsumer added to the junction. Stream:org.wso2.throttle.globalThrottle.stream:1.0.0
TID: [] [] [2026-10-01 16:50:49,000]  INFO {org.wso2.carbon.event.publisher.core.EventPublisherDeployer} - Event Publisher configuration successfully deployed and in active state : jmsEventPublisher2
TID: [] [] [2026-10-01 16:50:49,020]  INFO {org.wso2.carbon.event.processor.core.EventProcessorDeployer} - Execution Plan was undeployed successfully : carbon.super_app_10PerMin.siddhiql
TID: [] [] [2026-10-01 16:50:49,027]  INFO {org.wso2.carbon.event.processor.core.EventProcessorDeployer} - Execution Plan was undeployed successfully : carbon.super_app_20PerMin.siddhiql
TID: [] [] [2026-10-01 16:50:49,031]  INFO {org.wso2.carbon.event.processor.core.EventProcessorDeployer} - Execution Plan was undeployed successfully : carbon.super_app_50PerMin.siddhiql
TID: [] [] [2026-10-01 16:50:49,038]  INFO {org.wso2.carbon.event.processor.core.EventProcessorDeployer} - Execution Plan was undeployed successfully : carbon.super_sub_AIBronze.siddhiql
TID: [] [] [2026-10-01 16:50:49,042]  INFO {org.wso2.carbon.event.processor.core.EventProcessorDeployer} - Execution Plan was undeployed successfully : carbon.super_sub_AIGold.siddhiql
TID: [] [] [2026-10-01 16:50:49,046]  INFO {org.wso2.carbon.event.processor.core.EventProcessorDeployer} - Execution Plan was undeployed successfully : carbon.super_sub_AISilver.siddhiql
TID: [] [] [2026-10-01 16:50:49,051]  INFO {org.wso2.carbon.event.processor.core.EventProcessorDeployer} - Execution Plan was undeployed successfully : carbon.super_sub_AsyncBronze.siddhiql
TID: [] [] [2026-10-01 16:50:49,056]  INFO {org.wso2.carbon.event.processor.core.EventProcessorDeployer} - Execution Plan was undeployed successfully : carbon.super_sub_AsyncDefaultSubscriptionless.siddhiql
TID: [] [] [2026-10-01 16:50:49,059]  INFO {org.wso2.carbon.event.processor.core.EventProcessorDeployer} - Execution Plan was undeployed successfully : carbon.super_sub_AsyncGold.siddhiql
TID: [] [] [2026-10-01 16:50:49,063]  INFO {org.wso2.carbon.event.processor.core.EventProcessorDeployer} - Execution Plan was undeployed successfully : carbon.super_sub_AsyncSilver.siddhiql
TID: [] [] [2026-10-01 16:50:49,068]  INFO {org.wso2.carbon.event.processor.core.EventProcessorDeployer} - Execution Plan was undeployed successfully : carbon.super_sub_AsyncWHBronze.siddhiql
TID: [] [] [2026-10-01 16:50:49,072]  INFO {org.wso2.carbon.event.processor.core.EventProcessorDeployer} - Execution Plan was undeployed successfully : carbon.super_sub_AsyncWHGold.siddhiql
TID: [] [] [2026-10-01 16:50:49,077]  INFO {org.wso2.carbon.event.processor.core.EventProcessorDeployer} - Execution Plan was undeployed successfully : carbon.super_sub_AsyncWHSilver.siddhiql
TID: [] [] [2026-10-01 16:50:49,080]  INFO {org.wso2.carbon.event.processor.core.EventProcessorDeployer} - Execution Plan was undeployed successfully : carbon.super_sub_Bronze.siddhiql
TID: [] [] [2026-10-01 16:50:49,085]  INFO {org.wso2.carbon.event.processor.core.EventProcessorDeployer} - Execution Plan was undeployed successfully : carbon.super_sub_DefaultSubscriptionless.siddhiql
TID: [] [] [2026-10-01 16:50:49,091]  INFO {org.wso2.carbon.event.processor.core.EventProcessorDeployer} - Execution Plan was undeployed successfully : carbon.super_sub_Gold.siddhiql
TID: [] [] [2026-10-01 16:50:49,095]  INFO {org.wso2.carbon.event.processor.core.EventProcessorDeployer} - Execution Plan was undeployed successfully : carbon.super_sub_Silver.siddhiql
TID: [] [] [2026-10-01 16:50:49,101]  INFO {org.wso2.carbon.event.processor.core.EventProcessorDeployer} - Execution Plan was undeployed successfully : carbon.super_sub_Unauthenticated.siddhiql
TID: [] [] [2026-10-01 16:50:49,105]  INFO {org.wso2.carbon.event.stream.core.EventStreamDeployer} - Stream definition is deployed successfully  : org.wso2.throttle.globalThrottle.stream:1.0.0
TID: [] [] [2026-10-01 16:50:49,106]  INFO {org.wso2.carbon.event.publisher.core.EventPublisherDeployer} - Event Publisher undeployed successfully : jmsEventPublisher_1.10.0.xml
TID: [] [] [2026-10-01 16:50:49,107]  INFO {org.wso2.carbon.event.stream.core.internal.EventJunction} - WSO2EventConsumer added to the junction. Stream:org.wso2.throttle.globalThrottle.stream:1.1.0
TID: [] [] [2026-10-01 16:50:49,107]  INFO {org.wso2.carbon.event.publisher.core.EventPublisherDeployer} - Event Publisher configuration successfully deployed and in active state : jmsEventPublisher-1.0.0
TID: [] [] [2026-10-01 16:50:49,107]  INFO {org.wso2.carbon.event.publisher.core.EventPublisherDeployer} - Event Publisher undeployed successfully : jmsEventPublisher_1.10.0_2.xml
TID: [] [] [2026-10-01 16:50:49,108]  INFO {org.wso2.carbon.event.stream.core.internal.EventJunction} - WSO2EventConsumer added to the junction. Stream:org.wso2.throttle.globalThrottle.stream:1.1.0
TID: [] [] [2026-10-01 16:50:49,108]  INFO {org.wso2.carbon.event.publisher.core.EventPublisherDeployer} - Event Publisher configuration successfully deployed and in active state : jmsEventPublisher-1.0.0-2
TID: [] [] [2026-10-01 16:50:49,109]  INFO {org.wso2.carbon.event.processor.core.EventProcessorDeployer} - Execution Plan was undeployed successfully : carbon.super_resource_10KPerMin_default.siddhiql
TID: [] [] [2026-10-01 16:50:49,113]  INFO {org.wso2.carbon.event.processor.core.EventProcessorDeployer} - Execution Plan was undeployed successfully : carbon.super_resource_20KPerMin_default.siddhiql
TID: [] [] [2026-10-01 16:50:49,119]  INFO {org.wso2.carbon.event.processor.core.EventProcessorDeployer} - Execution Plan was undeployed successfully : carbon.super_resource_50KPerMin_default.siddhiql
TID: [] [] [2026-10-01 16:50:49,124]  INFO {org.wso2.carbon.event.stream.core.EventStreamDeployer} - Stream definition is deployed successfully  : org.wso2.throttle.globalThrottle.stream:1.1.0
TID: [] [] [2026-10-01 16:50:49,126]  INFO {org.wso2.carbon.event.processor.core.EventProcessorDeployer} - Execution Plan was undeployed successfully : RequestPreProcessorExecutionPlan.siddhiql
TID: [] [] [2026-10-01 16:50:49,127]  INFO {org.wso2.carbon.event.processor.core.EventProcessorDeployer} - Execution Plan was undeployed successfully : carbon.super_app_10PerMin.siddhiql
TID: [] [] [2026-10-01 16:50:49,179]  INFO {org.wso2.carbon.event.stream.core.internal.EventJunction} - Producer added to the junction. Stream:org.wso2.throttle.globalThrottle.stream:1.0.0
TID: [] [] [2026-10-01 16:50:49,180]  INFO {org.wso2.carbon.event.stream.core.internal.EventJunction} - Consumer added to the junction. Stream:org.wso2.throttle.processed.request.stream:1.0.0
TID: [] [] [2026-10-01 16:50:49,180]  INFO {org.wso2.carbon.event.processor.core.EventProcessorDeployer} - Execution plan is deployed successfully and in active state  : carbon.super_app_10PerMin
TID: [] [] [2026-10-01 16:50:49,180]  INFO {org.wso2.carbon.event.processor.core.EventProcessorDeployer} - Execution Plan was undeployed successfully : carbon.super_app_20PerMin.siddhiql
TID: [] [] [2026-10-01 16:50:49,201]  INFO {org.wso2.carbon.event.stream.core.internal.EventJunction} - Producer added to the junction. Stream:org.wso2.throttle.globalThrottle.stream:1.0.0
TID: [] [] [2026-10-01 16:50:49,201]  INFO {org.wso2.carbon.event.stream.core.internal.EventJunction} - Consumer added to the junction. Stream:org.wso2.throttle.processed.request.stream:1.0.0
TID: [] [] [2026-10-01 16:50:49,201]  INFO {org.wso2.carbon.event.processor.core.EventProcessorDeployer} - Execution plan is deployed successfully and in active state  : carbon.super_app_20PerMin
TID: [] [] [2026-10-01 16:50:49,201]  INFO {org.wso2.carbon.event.processor.core.EventProcessorDeployer} - Execution Plan was undeployed successfully : carbon.super_app_50PerMin.siddhiql
TID: [] [] [2026-10-01 16:50:49,219]  INFO {org.wso2.carbon.event.stream.core.internal.EventJunction} - Producer added to the junction. Stream:org.wso2.throttle.globalThrottle.stream:1.0.0
TID: [] [] [2026-10-01 16:50:49,220]  INFO {org.wso2.carbon.event.stream.core.internal.EventJunction} - Consumer added to the junction. Stream:org.wso2.throttle.processed.request.stream:1.0.0
TID: [] [] [2026-10-01 16:50:49,220]  INFO {org.wso2.carbon.event.processor.core.EventProcessorDeployer} - Execution plan is deployed successfully and in active state  : carbon.super_app_50PerMin
TID: [] [] [2026-10-01 16:50:49,220]  INFO {org.wso2.carbon.event.processor.core.EventProcessorDeployer} - Execution Plan was undeployed successfully : carbon.super_sub_AIBronze.siddhiql
TID: [] [] [2026-10-01 16:50:49,244]  INFO {org.wso2.carbon.event.stream.core.internal.EventJunction} - Producer added to the junction. Stream:org.wso2.throttle.globalThrottle.stream:1.0.0
TID: [] [] [2026-10-01 16:50:49,244]  INFO {org.wso2.carbon.event.stream.core.internal.EventJunction} - Consumer added to the junction. Stream:org.wso2.throttle.processed.request.stream:1.0.0
TID: [] [] [2026-10-01 16:50:49,244]  INFO {org.wso2.carbon.event.processor.core.EventProcessorDeployer} - Execution plan is deployed successfully and in active state  : carbon.super_sub_AIBronze
TID: [] [] [2026-10-01 16:50:49,244]  INFO {org.wso2.carbon.event.processor.core.EventProcessorDeployer} - Execution Plan was undeployed successfully : carbon.super_sub_AIGold.siddhiql
TID: [] [] [2026-10-01 16:50:49,263]  INFO {org.wso2.carbon.event.stream.core.internal.EventJunction} - Producer added to the junction. Stream:org.wso2.throttle.globalThrottle.stream:1.0.0
TID: [] [] [2026-10-01 16:50:49,263]  INFO {org.wso2.carbon.event.stream.core.internal.EventJunction} - Consumer added to the junction. Stream:org.wso2.throttle.processed.request.stream:1.0.0
TID: [] [] [2026-10-01 16:50:49,263]  INFO {org.wso2.carbon.event.processor.core.EventProcessorDeployer} - Execution plan is deployed successfully and in active state  : carbon.super_sub_AIGold
TID: [] [] [2026-10-01 16:50:49,263]  INFO {org.wso2.carbon.event.processor.core.EventProcessorDeployer} - Execution Plan was undeployed successfully : carbon.super_sub_AISilver.siddhiql
TID: [] [] [2026-10-01 16:50:49,283]  INFO {org.wso2.carbon.event.stream.core.internal.EventJunction} - Producer added to the junction. Stream:org.wso2.throttle.globalThrottle.stream:1.0.0
TID: [] [] [2026-10-01 16:50:49,283]  INFO {org.wso2.carbon.event.stream.core.internal.EventJunction} - Consumer added to the junction. Stream:org.wso2.throttle.processed.request.stream:1.0.0
TID: [] [] [2026-10-01 16:50:49,283]  INFO {org.wso2.carbon.event.processor.core.EventProcessorDeployer} - Execution plan is deployed successfully and in active state  : carbon.super_sub_AISilver
TID: [] [] [2026-10-01 16:50:49,283]  INFO {org.wso2.carbon.event.processor.core.EventProcessorDeployer} - Execution Plan was undeployed successfully : carbon.super_sub_AsyncBronze.siddhiql
TID: [] [] [2026-10-01 16:50:49,300]  INFO {org.wso2.carbon.event.stream.core.internal.EventJunction} - Producer added to the junction. Stream:org.wso2.throttle.globalThrottle.stream:1.0.0
TID: [] [] [2026-10-01 16:50:49,300]  INFO {org.wso2.carbon.event.stream.core.internal.EventJunction} - Consumer added to the junction. Stream:org.wso2.throttle.processed.request.stream:1.0.0
TID: [] [] [2026-10-01 16:50:49,300]  INFO {org.wso2.carbon.event.processor.core.EventProcessorDeployer} - Execution plan is deployed successfully and in active state  : carbon.super_sub_AsyncBronze
TID: [] [] [2026-10-01 16:50:49,300]  INFO {org.wso2.carbon.event.processor.core.EventProcessorDeployer} - Execution Plan was undeployed successfully : carbon.super_sub_AsyncDefaultSubscriptionless.siddhiql
TID: [] [] [2026-10-01 16:50:49,324]  INFO {org.wso2.carbon.event.stream.core.internal.EventJunction} - Producer added to the junction. Stream:org.wso2.throttle.globalThrottle.stream:1.0.0
TID: [] [] [2026-10-01 16:50:49,324]  INFO {org.wso2.carbon.event.stream.core.internal.EventJunction} - Consumer added to the junction. Stream:org.wso2.throttle.processed.request.stream:1.0.0
TID: [] [] [2026-10-01 16:50:49,324]  INFO {org.wso2.carbon.event.processor.core.EventProcessorDeployer} - Execution plan is deployed successfully and in active state  : carbon.super_sub_AsyncDefaultSubscriptionless
TID: [] [] [2026-10-01 16:50:49,324]  INFO {org.wso2.carbon.event.processor.core.EventProcessorDeployer} - Execution Plan was undeployed successfully : carbon.super_sub_AsyncGold.siddhiql
TID: [] [] [2026-10-01 16:50:49,343]  INFO {org.wso2.carbon.event.stream.core.internal.EventJunction} - Producer added to the junction. Stream:org.wso2.throttle.globalThrottle.stream:1.0.0
TID: [] [] [2026-10-01 16:50:49,343]  INFO {org.wso2.carbon.event.stream.core.internal.EventJunction} - Consumer added to the junction. Stream:org.wso2.throttle.processed.request.stream:1.0.0
TID: [] [] [2026-10-01 16:50:49,343]  INFO {org.wso2.carbon.event.processor.core.EventProcessorDeployer} - Execution plan is deployed successfully and in active state  : carbon.super_sub_AsyncGold
TID: [] [] [2026-10-01 16:50:49,343]  INFO {org.wso2.carbon.event.processor.core.EventProcessorDeployer} - Execution Plan was undeployed successfully : carbon.super_sub_AsyncSilver.siddhiql
TID: [] [] [2026-10-01 16:50:49,362]  INFO {org.wso2.carbon.event.stream.core.internal.EventJunction} - Producer added to the junction. Stream:org.wso2.throttle.globalThrottle.stream:1.0.0
TID: [] [] [2026-10-01 16:50:49,362]  INFO {org.wso2.carbon.event.stream.core.internal.EventJunction} - Consumer added to the junction. Stream:org.wso2.throttle.processed.request.stream:1.0.0
TID: [] [] [2026-10-01 16:50:49,362]  INFO {org.wso2.carbon.event.processor.core.EventProcessorDeployer} - Execution plan is deployed successfully and in active state  : carbon.super_sub_AsyncSilver
TID: [] [] [2026-10-01 16:50:49,362]  INFO {org.wso2.carbon.event.processor.core.EventProcessorDeployer} - Execution Plan was undeployed successfully : carbon.super_sub_AsyncWHBronze.siddhiql
TID: [] [] [2026-10-01 16:50:49,382]  INFO {org.wso2.carbon.event.stream.core.internal.EventJunction} - Producer added to the junction. Stream:org.wso2.throttle.globalThrottle.stream:1.0.0
TID: [] [] [2026-10-01 16:50:49,382]  INFO {org.wso2.carbon.event.stream.core.internal.EventJunction} - Consumer added to the junction. Stream:org.wso2.throttle.processed.request.stream:1.0.0
TID: [] [] [2026-10-01 16:50:49,382]  INFO {org.wso2.carbon.event.processor.core.EventProcessorDeployer} - Execution plan is deployed successfully and in active state  : carbon.super_sub_AsyncWHBronze
TID: [] [] [2026-10-01 16:50:49,382]  INFO {org.wso2.carbon.event.processor.core.EventProcessorDeployer} - Execution Plan was undeployed successfully : carbon.super_sub_AsyncWHGold.siddhiql
TID: [] [] [2026-10-01 16:50:49,398]  INFO {org.wso2.carbon.event.stream.core.internal.EventJunction} - Producer added to the junction. Stream:org.wso2.throttle.globalThrottle.stream:1.0.0
TID: [] [] [2026-10-01 16:50:49,398]  INFO {org.wso2.carbon.event.stream.core.internal.EventJunction} - Consumer added to the junction. Stream:org.wso2.throttle.processed.request.stream:1.0.0
TID: [] [] [2026-10-01 16:50:49,398]  INFO {org.wso2.carbon.event.processor.core.EventProcessorDeployer} - Execution plan is deployed successfully and in active state  : carbon.super_sub_AsyncWHGold
TID: [] [] [2026-10-01 16:50:49,398]  INFO {org.wso2.carbon.event.processor.core.EventProcessorDeployer} - Execution Plan was undeployed successfully : carbon.super_sub_AsyncWHSilver.siddhiql
TID: [] [] [2026-10-01 16:50:49,416]  INFO {org.wso2.carbon.event.stream.core.internal.EventJunction} - Producer added to the junction. Stream:org.wso2.throttle.globalThrottle.stream:1.0.0
TID: [] [] [2026-10-01 16:50:49,416]  INFO {org.wso2.carbon.event.stream.core.internal.EventJunction} - Consumer added to the junction. Stream:org.wso2.throttle.processed.request.stream:1.0.0
TID: [] [] [2026-10-01 16:50:49,416]  INFO {org.wso2.carbon.event.processor.core.EventProcessorDeployer} - Execution plan is deployed successfully and in active state  : carbon.super_sub_AsyncWHSilver
TID: [] [] [2026-10-01 16:50:49,416]  INFO {org.wso2.carbon.event.processor.core.EventProcessorDeployer} - Execution Plan was undeployed successfully : carbon.super_sub_Bronze.siddhiql
TID: [] [] [2026-10-01 16:50:49,431]  INFO {org.wso2.carbon.event.stream.core.internal.EventJunction} - Producer added to the junction. Stream:org.wso2.throttle.globalThrottle.stream:1.0.0
TID: [] [] [2026-10-01 16:50:49,431]  INFO {org.wso2.carbon.event.stream.core.internal.EventJunction} - Consumer added to the junction. Stream:org.wso2.throttle.processed.request.stream:1.0.0
TID: [] [] [2026-10-01 16:50:49,431]  INFO {org.wso2.carbon.event.processor.core.EventProcessorDeployer} - Execution plan is deployed successfully and in active state  : carbon.super_sub_Bronze
TID: [] [] [2026-10-01 16:50:49,431]  INFO {org.wso2.carbon.event.processor.core.EventProcessorDeployer} - Execution Plan was undeployed successfully : carbon.super_sub_DefaultSubscriptionless.siddhiql
TID: [] [] [2026-10-01 16:50:49,448]  INFO {org.wso2.carbon.event.stream.core.internal.EventJunction} - Producer added to the junction. Stream:org.wso2.throttle.globalThrottle.stream:1.0.0
TID: [] [] [2026-10-01 16:50:49,448]  INFO {org.wso2.carbon.event.stream.core.internal.EventJunction} - Consumer added to the junction. Stream:org.wso2.throttle.processed.request.stream:1.0.0
TID: [] [] [2026-10-01 16:50:49,449]  INFO {org.wso2.carbon.event.processor.core.EventProcessorDeployer} - Execution plan is deployed successfully and in active state  : carbon.super_sub_DefaultSubscriptionless
TID: [] [] [2026-10-01 16:50:49,449]  INFO {org.wso2.carbon.event.processor.core.EventProcessorDeployer} - Execution Plan was undeployed successfully : carbon.super_sub_Gold.siddhiql
TID: [] [] [2026-10-01 16:50:49,462]  INFO {org.wso2.carbon.event.stream.core.internal.EventJunction} - Producer added to the junction. Stream:org.wso2.throttle.globalThrottle.stream:1.0.0
TID: [] [] [2026-10-01 16:50:49,462]  INFO {org.wso2.carbon.event.stream.core.internal.EventJunction} - Consumer added to the junction. Stream:org.wso2.throttle.processed.request.stream:1.0.0
TID: [] [] [2026-10-01 16:50:49,462]  INFO {org.wso2.carbon.event.processor.core.EventProcessorDeployer} - Execution plan is deployed successfully and in active state  : carbon.super_sub_Gold
TID: [] [] [2026-10-01 16:50:49,462]  INFO {org.wso2.carbon.event.processor.core.EventProcessorDeployer} - Execution Plan was undeployed successfully : carbon.super_sub_Silver.siddhiql
TID: [] [] [2026-10-01 16:50:49,478]  INFO {org.wso2.carbon.event.stream.core.internal.EventJunction} - Producer added to the junction. Stream:org.wso2.throttle.globalThrottle.stream:1.0.0
TID: [] [] [2026-10-01 16:50:49,478]  INFO {org.wso2.carbon.event.stream.core.internal.EventJunction} - Consumer added to the junction. Stream:org.wso2.throttle.processed.request.stream:1.0.0
TID: [] [] [2026-10-01 16:50:49,478]  INFO {org.wso2.carbon.event.processor.core.EventProcessorDeployer} - Execution plan is deployed successfully and in active state  : carbon.super_sub_Silver
TID: [] [] [2026-10-01 16:50:49,478]  INFO {org.wso2.carbon.event.processor.core.EventProcessorDeployer} - Execution Plan was undeployed successfully : carbon.super_sub_Unauthenticated.siddhiql
TID: [] [] [2026-10-01 16:50:49,496]  INFO {org.wso2.carbon.event.stream.core.internal.EventJunction} - Producer added to the junction. Stream:org.wso2.throttle.globalThrottle.stream:1.0.0
TID: [] [] [2026-10-01 16:50:49,496]  INFO {org.wso2.carbon.event.stream.core.internal.EventJunction} - Consumer added to the junction. Stream:org.wso2.throttle.processed.request.stream:1.0.0
TID: [] [] [2026-10-01 16:50:49,496]  INFO {org.wso2.carbon.event.processor.core.EventProcessorDeployer} - Execution plan is deployed successfully and in active state  : carbon.super_sub_Unauthenticated
TID: [] [] [2026-10-01 16:50:49,496]  INFO {org.wso2.carbon.event.processor.core.EventProcessorDeployer} - Execution Plan was undeployed successfully : carbon.super_resource_10KPerMin_default.siddhiql
TID: [] [] [2026-10-01 16:50:49,508]  INFO {org.wso2.carbon.event.stream.core.internal.EventJunction} - Producer added to the junction. Stream:org.wso2.throttle.globalThrottle.stream:1.1.0
TID: [] [] [2026-10-01 16:50:49,508]  INFO {org.wso2.carbon.event.stream.core.internal.EventJunction} - Consumer added to the junction. Stream:org.wso2.throttle.processed.request.stream:1.0.0
TID: [] [] [2026-10-01 16:50:49,508]  INFO {org.wso2.carbon.event.processor.core.EventProcessorDeployer} - Execution plan is deployed successfully and in active state  : carbon.super_resource_10KPerMin_default
TID: [] [] [2026-10-01 16:50:49,508]  INFO {org.wso2.carbon.event.processor.core.EventProcessorDeployer} - Execution Plan was undeployed successfully : carbon.super_resource_20KPerMin_default.siddhiql
TID: [] [] [2026-10-01 16:50:49,521]  INFO {org.wso2.carbon.event.stream.core.internal.EventJunction} - Producer added to the junction. Stream:org.wso2.throttle.globalThrottle.stream:1.1.0
TID: [] [] [2026-10-01 16:50:49,521]  INFO {org.wso2.carbon.event.stream.core.internal.EventJunction} - Consumer added to the junction. Stream:org.wso2.throttle.processed.request.stream:1.0.0
TID: [] [] [2026-10-01 16:50:49,521]  INFO {org.wso2.carbon.event.processor.core.EventProcessorDeployer} - Execution plan is deployed successfully and in active state  : carbon.super_resource_20KPerMin_default
TID: [] [] [2026-10-01 16:50:49,521]  INFO {org.wso2.carbon.event.processor.core.EventProcessorDeployer} - Execution Plan was undeployed successfully : carbon.super_resource_50KPerMin_default.siddhiql
TID: [] [] [2026-10-01 16:50:49,533]  INFO {org.wso2.carbon.event.stream.core.internal.EventJunction} - Producer added to the junction. Stream:org.wso2.throttle.globalThrottle.stream:1.1.0
TID: [] [] [2026-10-01 16:50:49,533]  INFO {org.wso2.carbon.event.stream.core.internal.EventJunction} - Consumer added to the junction. Stream:org.wso2.throttle.processed.request.stream:1.0.0
TID: [] [] [2026-10-01 16:50:49,533]  INFO {org.wso2.carbon.event.processor.core.EventProcessorDeployer} - Execution plan is deployed successfully and in active state  : carbon.super_resource_50KPerMin_default
TID: [] [] [2026-10-01 16:50:49,533]  INFO {org.wso2.carbon.event.stream.core.EventStreamDeployer} - Stream definition is deployed successfully  : org.wso2.throttle.processed.request.stream:1.0.0
TID: [] [] [2026-10-01 16:50:49,535]  INFO {org.wso2.carbon.event.receiver.core.EventReceiverDeployer} - Event Receiver undeployed successfully: throttleEventReceiver.xml
TID: [] [] [2026-10-01 16:50:49,538]  INFO {org.wso2.carbon.event.input.adapter.core.internal.InputAdapterRuntime} - Connecting receiver throttleEventReceiver
TID: [] [] [2026-10-01 16:50:49,539]  INFO {org.wso2.carbon.event.stream.core.internal.EventJunction} - Producer added to the junction. Stream:org.wso2.throttle.request.stream:1.0.0
TID: [] [] [2026-10-01 16:50:49,539]  INFO {org.wso2.carbon.event.receiver.core.EventReceiverDeployer} - Event Receiver configuration successfully deployed and in active state: throttleEventReceiver
TID: [] [] [2026-10-01 16:50:49,539]  INFO {org.wso2.carbon.event.receiver.core.EventReceiverDeployer} - Event Receiver undeployed successfully: throttleWSO2EventReceiver.xml
TID: [] [] [2026-10-01 16:50:49,540]  INFO {org.wso2.carbon.event.input.adapter.core.internal.InputAdapterRuntime} - Connecting receiver throttleWSO2EventReceiver
TID: [] [] [2026-10-01 16:50:49,540]  INFO {org.wso2.carbon.event.stream.core.internal.EventJunction} - Producer added to the junction. Stream:org.wso2.throttle.request.stream:1.0.0
TID: [] [] [2026-10-01 16:50:49,540]  INFO {org.wso2.carbon.event.receiver.core.EventReceiverDeployer} - Event Receiver configuration successfully deployed and in active state: throttleWSO2EventReceiver
TID: [] [] [2026-10-01 16:50:49,540]  INFO {org.wso2.carbon.event.processor.core.EventProcessorDeployer} - Execution Plan was undeployed successfully : RequestPreProcessorExecutionPlan.siddhiql
TID: [] [] [2026-10-01 16:50:49,543]  INFO {org.wso2.carbon.event.stream.core.internal.EventJunction} - Producer added to the junction. Stream:org.wso2.throttle.processed.request.stream:1.0.0
TID: [] [] [2026-10-01 16:50:49,543]  INFO {org.wso2.carbon.event.stream.core.internal.EventJunction} - Consumer added to the junction. Stream:org.wso2.throttle.request.stream:1.0.0
TID: [] [] [2026-10-01 16:50:49,543]  INFO {org.wso2.carbon.event.processor.core.EventProcessorDeployer} - Execution plan is deployed successfully and in active state  : requestPreProcessorExecutionPlan
TID: [] [] [2026-10-01 16:50:49,543]  INFO {org.wso2.carbon.event.stream.core.EventStreamDeployer} - Stream definition is deployed successfully  : org.wso2.throttle.request.stream:1.0.0
TID: [] [] [2026-10-01 16:50:52,388]  INFO {org.wso2.carbon.webapp.mgt.TomcatGenericWebappsDeployer} - Deployed webapp: StandardEngine[Catalina].StandardHost[localhost].StandardContext[/accountrecoveryendpoint].File[C:\Users\gabri\Desktop\ENTREV~1\WSO2AM~1.0\bin\..\repository\deployment\server\webapps\accountrecoveryendpoint]
TID: [] [] [2026-10-01 16:50:53,552]  INFO {org.wso2.carbon.webapp.mgt.TomcatGenericWebappsDeployer} - Deployed webapp: StandardEngine[Catalina].StandardHost[localhost].StandardContext[/admin].File[C:\Users\gabri\Desktop\ENTREV~1\WSO2AM~1.0\bin\..\repository\deployment\server\webapps\admin]
TID: [] [] [2026-10-01 16:50:54,100]  INFO {org.wso2.carbon.webapp.mgt.TomcatGenericWebappsDeployer} - Deployed webapp: StandardEngine[Catalina].StandardHost[localhost].StandardContext[/am/sample/calculator/v1].File[C:\Users\gabri\Desktop\ENTREV~1\WSO2AM~1.0\bin\..\repository\deployment\server\webapps\am#sample#calculator#v1.war]
TID: [] [] [2026-10-01 16:50:54,652]  INFO {org.wso2.carbon.webapp.mgt.TomcatGenericWebappsDeployer} - Deployed webapp: StandardEngine[Catalina].StandardHost[localhost].StandardContext[/am/sample/pizzashack/v1].File[C:\Users\gabri\Desktop\ENTREV~1\WSO2AM~1.0\bin\..\repository\deployment\server\webapps\am#sample#pizzashack#v1.war]
TID: [] [] [2026-10-01 16:50:57,039]  INFO {org.wso2.carbon.webapp.mgt.TomcatGenericWebappsDeployer} - Deployed webapp: StandardEngine[Catalina].StandardHost[localhost].StandardContext[/api/am/admin].File[C:\Users\gabri\Desktop\ENTREV~1\WSO2AM~1.0\bin\..\repository\deployment\server\webapps\api#am#admin.war]
TID: [] [] [2026-10-01 16:50:58,446]  INFO {org.wso2.carbon.webapp.mgt.TomcatGenericWebappsDeployer} - Deployed webapp: StandardEngine[Catalina].StandardHost[localhost].StandardContext[/api/am/devops/v0].File[C:\Users\gabri\Desktop\ENTREV~1\WSO2AM~1.0\bin\..\repository\deployment\server\webapps\api#am#devops#v0.war]
TID: [] [] [2026-10-01 16:51:00,287]  INFO {org.wso2.carbon.webapp.mgt.TomcatGenericWebappsDeployer} - Deployed webapp: StandardEngine[Catalina].StandardHost[localhost].StandardContext[/api/am/devportal].File[C:\Users\gabri\Desktop\ENTREV~1\WSO2AM~1.0\bin\..\repository\deployment\server\webapps\api#am#devportal.war]
TID: [] [] [2026-10-01 16:51:01,812]  INFO {org.wso2.carbon.webapp.mgt.TomcatGenericWebappsDeployer} - Deployed webapp: StandardEngine[Catalina].StandardHost[localhost].StandardContext[/api/am/gateway/v2].File[C:\Users\gabri\Desktop\ENTREV~1\WSO2AM~1.0\bin\..\repository\deployment\server\webapps\api#am#gateway#v2.war]
TID: [] [] [2026-10-01 16:51:03,344]  INFO {org.wso2.carbon.webapp.mgt.TomcatGenericWebappsDeployer} - Deployed webapp: StandardEngine[Catalina].StandardHost[localhost].StandardContext[/api/am/governance].File[C:\Users\gabri\Desktop\ENTREV~1\WSO2AM~1.0\bin\..\repository\deployment\server\webapps\api#am#governance.war]
TID: [] [] [2026-10-01 16:51:05,178]  INFO {org.wso2.carbon.webapp.mgt.TomcatGenericWebappsDeployer} - Deployed webapp: StandardEngine[Catalina].StandardHost[localhost].StandardContext[/api/am/publisher].File[C:\Users\gabri\Desktop\ENTREV~1\WSO2AM~1.0\bin\..\repository\deployment\server\webapps\api#am#publisher.war]
TID: [] [] [2026-10-01 16:51:06,610]  INFO {org.wso2.carbon.webapp.mgt.TomcatGenericWebappsDeployer} - Deployed webapp: StandardEngine[Catalina].StandardHost[localhost].StandardContext[/api/am/service-catalog/v1].File[C:\Users\gabri\Desktop\ENTREV~1\WSO2AM~1.0\bin\..\repository\deployment\server\webapps\api#am#service-catalog#v1.war]
TID: [] [] [2026-10-01 16:51:07,645]  INFO {org.wso2.carbon.webapp.mgt.TomcatGenericWebappsDeployer} - Deployed webapp: StandardEngine[Catalina].StandardHost[localhost].StandardContext[/api/identity/auth/v1.1].File[C:\Users\gabri\Desktop\ENTREV~1\WSO2AM~1.0\bin\..\repository\deployment\server\webapps\api#identity#auth#v1.1.war]
TID: [] [] [2026-10-01 16:51:08,731]  INFO {org.wso2.carbon.webapp.mgt.TomcatGenericWebappsDeployer} - Deployed webapp: StandardEngine[Catalina].StandardHost[localhost].StandardContext[/api/identity/consent-mgt/v1.0].File[C:\Users\gabri\Desktop\ENTREV~1\WSO2AM~1.0\bin\..\repository\deployment\server\webapps\api#identity#consent-mgt#v1.0.war]
TID: [] [] [2026-10-01 16:51:09,761]  INFO {org.wso2.carbon.webapp.mgt.TomcatGenericWebappsDeployer} - Deployed webapp: StandardEngine[Catalina].StandardHost[localhost].StandardContext[/api/identity/oauth2/dcr/v1.1].File[C:\Users\gabri\Desktop\ENTREV~1\WSO2AM~1.0\bin\..\repository\deployment\server\webapps\api#identity#oauth2#dcr#v1.1.war]
TID: [] [] [2026-10-01 16:51:10,792]  INFO {org.wso2.carbon.webapp.mgt.TomcatGenericWebappsDeployer} - Deployed webapp: StandardEngine[Catalina].StandardHost[localhost].StandardContext[/api/identity/oauth2/v1.0].File[C:\Users\gabri\Desktop\ENTREV~1\WSO2AM~1.0\bin\..\repository\deployment\server\webapps\api#identity#oauth2#v1.0.war]
TID: [] [] [2026-10-01 16:51:11,833]  INFO {org.wso2.carbon.webapp.mgt.TomcatGenericWebappsDeployer} - Deployed webapp: StandardEngine[Catalina].StandardHost[localhost].StandardContext[/api/identity/recovery/v0.9].File[C:\Users\gabri\Desktop\ENTREV~1\WSO2AM~1.0\bin\..\repository\deployment\server\webapps\api#identity#recovery#v0.9.war]
TID: [] [] [2026-10-01 16:51:12,869]  INFO {org.wso2.carbon.webapp.mgt.TomcatGenericWebappsDeployer} - Deployed webapp: StandardEngine[Catalina].StandardHost[localhost].StandardContext[/api/identity/user/v1.0].File[C:\Users\gabri\Desktop\ENTREV~1\WSO2AM~1.0\bin\..\repository\deployment\server\webapps\api#identity#user#v1.0.war]
TID: [] [] [2026-10-01 16:51:15,971]  INFO {org.wso2.carbon.webapp.mgt.TomcatGenericWebappsDeployer} - Deployed webapp: StandardEngine[Catalina].StandardHost[localhost].StandardContext[/authenticationendpoint].File[C:\Users\gabri\Desktop\ENTREV~1\WSO2AM~1.0\bin\..\repository\deployment\server\webapps\authenticationendpoint]
TID: [] [] [2026-10-01 16:51:17,475]  INFO {org.wso2.carbon.webapp.mgt.TomcatGenericWebappsDeployer} - Deployed webapp: StandardEngine[Catalina].StandardHost[localhost].StandardContext[/client-registration/v0.17].File[C:\Users\gabri\Desktop\ENTREV~1\WSO2AM~1.0\bin\..\repository\deployment\server\webapps\client-registration#v0.17.war]
TID: [] [] [2026-10-01 16:51:18,530]  INFO {org.wso2.carbon.webapp.mgt.TomcatGenericWebappsDeployer} - Deployed webapp: StandardEngine[Catalina].StandardHost[localhost].StandardContext[/devportal].File[C:\Users\gabri\Desktop\ENTREV~1\WSO2AM~1.0\bin\..\repository\deployment\server\webapps\devportal]
TID: [] [] [2026-10-01 16:51:20,032]  INFO {org.wso2.carbon.webapp.mgt.TomcatGenericWebappsDeployer} - Deployed webapp: StandardEngine[Catalina].StandardHost[localhost].StandardContext[/internal/data/v1].File[C:\Users\gabri\Desktop\ENTREV~1\WSO2AM~1.0\bin\..\repository\deployment\server\webapps\internal#data#v1.war]
TID: [] [] [2026-10-01 16:51:21,132]  INFO {org.wso2.carbon.webapp.mgt.TomcatGenericWebappsDeployer} - Deployed webapp: StandardEngine[Catalina].StandardHost[localhost].StandardContext[/keymanager-operations].File[C:\Users\gabri\Desktop\ENTREV~1\WSO2AM~1.0\bin\..\repository\deployment\server\webapps\keymanager-operations.war]
TID: [] [] [2026-10-01 16:51:22,450]  INFO {org.wso2.carbon.event.processor.manager.core.internal.CarbonEventManagementService} - Starting polling event receivers
TID: [] [] [2026-10-01 16:51:22,756]  INFO {org.wso2.carbon.webapp.mgt.TomcatGenericWebappsDeployer} - Deployed webapp: StandardEngine[Catalina].StandardHost[localhost].StandardContext[/oauth2].File[C:\Users\gabri\Desktop\ENTREV~1\WSO2AM~1.0\bin\..\repository\deployment\server\webapps\oauth2.war]
TID: [] [] [2026-10-01 16:51:23,670]  INFO {org.wso2.carbon.webapp.mgt.TomcatGenericWebappsDeployer} - Deployed webapp: StandardEngine[Catalina].StandardHost[localhost].StandardContext[/publisher].File[C:\Users\gabri\Desktop\ENTREV~1\WSO2AM~1.0\bin\..\repository\deployment\server\webapps\publisher]
TID: [] [] [2026-10-01 16:51:23,670]  INFO {org.apache.synapse.Axis2SynapseController} - Deploying the Synapse service...
TID: [] [] [2026-10-01 16:51:23,671]  INFO {org.apache.synapse.Axis2SynapseController} - Deploying Proxy services...
TID: [] [] [2026-10-01 16:51:23,671]  INFO {org.apache.synapse.Axis2SynapseController} - Deploying EventSources...
TID: [] [] [2026-10-01 16:51:23,699]  INFO {org.apache.synapse.inbound.InboundEndpoint} - Initializing Inbound Endpoint: WebSocketInboundEndpoint
TID: [] [] [2026-10-01 16:51:23,978]  INFO {org.wso2.carbon.inbound.endpoint.protocol.websocket.management.WebsocketEndpointManager} - Netty Listener starting on port 9099
TID: [] [] [2026-10-01 16:51:23,978]  INFO {org.apache.synapse.inbound.InboundEndpoint} - Initializing Inbound Endpoint: SecureWebSocketEP
TID: [] [] [2026-10-01 16:51:24,007]  INFO {org.wso2.carbon.inbound.endpoint.protocol.websocket.management.WebsocketEndpointManager} - Netty SSL Listener starting on port 8099
TID: [] [] [2026-10-01 16:51:24,007]  INFO {org.apache.synapse.inbound.InboundEndpoint} - Initializing Inbound Endpoint: WebhookServer
TID: [] [] [2026-10-01 16:51:24,040]  INFO {org.apache.synapse.transport.passthru.core.PassThroughListeningIOReactorManager} - Pass-through WebhookServer Listener started on 0:0:0:0:0:0:0:0:9021
TID: [] [] [2026-10-01 16:51:24,040]  INFO {org.apache.synapse.inbound.InboundEndpoint} - Initializing Inbound Endpoint: SecureWebhookServer
TID: [] [] [2026-10-01 16:51:24,066]  INFO {org.apache.synapse.transport.passthru.core.PassThroughListeningIOReactorManager} - Pass-through SecureWebhookServer Listener started on 0:0:0:0:0:0:0:0:8021
TID: [] [] [2026-10-01 16:51:24,068]  INFO {org.apache.synapse.api.API} - {api:_OpenService_} Initializing API: _OpenService_
TID: [] [] [2026-10-01 16:51:24,068]  INFO {org.apache.synapse.ServerManager} - Server ready for processing...
TID: [] [] [2026-10-01 16:51:24,517]  INFO {org.wso2.carbon.apimgt.common.jms.factory.JMSConnectionFactory} - JMS ConnectionFactory : Siddhi-JMS-Consumer initialized
TID: [] [] [2026-10-01 16:51:24,517]  INFO {org.wso2.carbon.apimgt.common.jms.factory.JMSConnectionFactory} - JMS ConnectionFactory : Siddhi-JMS-Consumer initialized
TID: [] [] [2026-10-01 16:51:24,551]  INFO {org.wso2.carbon.inbound.endpoint.protocol.websocket.management.WebsocketEndpointManager} - Netty Listener already started on port 8099
TID: [] [] [2026-10-01 16:51:24,551]  INFO {org.wso2.carbon.inbound.endpoint.protocol.http.management.HTTPEndpointManager} - Listener is already started for port : 8021
TID: [] [] [2026-10-01 16:51:24,551]  INFO {org.wso2.carbon.inbound.endpoint.protocol.websocket.management.WebsocketEndpointManager} - Netty Listener already started on port 9099
TID: [] [] [2026-10-01 16:51:24,551]  INFO {org.wso2.carbon.inbound.endpoint.protocol.http.management.HTTPEndpointManager} - Listener is already started for port : 9021
TID: [] [] [2026-10-01 16:51:24,637]  INFO {org.wso2.carbon.andes.internal.QpidServiceComponent} - Activating Andes Message Broker Engine...
TID: [] [] [2026-10-01 16:51:42,527]  WARN {org.wso2.carbon.core.internal.StartupFinalizerServiceComponent} - Waiting for required OSGi services: org.wso2.carbon.server.admin.common.IServerAdmin,org.wso2.carbon.throttling.agent.ThrottlingAgent,
TID: [] [] [2026-10-01 16:52:42,528]  WARN {org.wso2.carbon.core.internal.StartupFinalizerServiceComponent} - Waiting for required OSGi services: org.wso2.carbon.server.admin.common.IServerAdmin,org.wso2.carbon.throttling.agent.ThrottlingAgent,
TID: [] [] [2026-10-01 16:53:42,528]  WARN {org.wso2.carbon.core.internal.StartupFinalizerServiceComponent} - Waiting for required OSGi services: org.wso2.carbon.server.admin.common.IServerAdmin,org.wso2.carbon.throttling.agent.ThrottlingAgent,
TID: [] [] [2026-10-01 16:54:42,527]  WARN {org.wso2.carbon.core.internal.StartupFinalizerServiceComponent} - Waiting for required OSGi services: org.wso2.carbon.server.admin.common.IServerAdmin,org.wso2.carbon.throttling.agent.ThrottlingAgent,
TID: [] [] [2026-10-01 16:55:42,528]  WARN {org.wso2.carbon.core.internal.StartupFinalizerServiceComponent} - Waiting for required OSGi services: org.wso2.carbon.server.admin.common.IServerAdmin,org.wso2.carbon.throttling.agent.ThrottlingAgent,
TID: [] [] [2026-10-01 16:56:42,527]  WARN {org.wso2.carbon.core.internal.StartupFinalizerServiceComponent} - Waiting for required OSGi services: org.wso2.carbon.server.admin.common.IServerAdmin,org.wso2.carbon.throttling.agent.ThrottlingAgent,
TID: [] [] [2026-10-01 16:57:42,528]  WARN {org.wso2.carbon.core.internal.StartupFinalizerServiceComponent} - Waiting for required OSGi services: org.wso2.carbon.server.admin.common.IServerAdmin,org.wso2.carbon.throttling.agent.ThrottlingAgent,
TID: [] [] [2026-10-01 16:58:42,527]  WARN {org.wso2.carbon.core.internal.StartupFinalizerServiceComponent} - Waiting for required OSGi services: org.wso2.carbon.server.admin.common.IServerAdmin,org.wso2.carbon.throttling.agent.ThrottlingAgent,
TID: [] [] [2026-10-01 16:58:45,006]  INFO {qpid.message.broker.listening} - [Broker] BRK-1002 : Starting : Listening on TCP port 5672
TID: [] [] [2026-10-01 16:58:45,011]  INFO {qpid.message.broker.listening} - [Broker] BRK-1002 : Starting : Listening on TCP/SSL port 8672
TID: [] [] [2026-10-01 16:58:45,016]  INFO {org.wso2.carbon.andes.internal.QpidServiceComponent} - AMQP Host Address : 0.0.0.0 Port : 5672
TID: [] [] [2026-10-01 16:58:45,016]  INFO {org.wso2.carbon.andes.internal.QpidServiceComponent} - Successfully connected to AMQP server on port 5672
TID: [] [] [2026-10-01 16:58:45,016]  INFO {org.wso2.carbon.andes.internal.QpidServiceComponent} - WSO2 Message Broker is started.
TID: [] [] [2026-10-01 16:58:45,141]  INFO {org.wso2.carbon.databridge.receiver.binary.internal.BinaryDataReceiver} - Started Binary SSL Transport on port : 9711
TID: [] [] [2026-10-01 16:58:45,142]  INFO {org.wso2.carbon.databridge.receiver.binary.internal.BinaryDataReceiver} - Started Binary TCP Transport on port : 9611
TID: [] [] [2026-10-01 16:58:46,058]  INFO {org.wso2.carbon.databridge.receiver.thrift.internal.ThriftServerStartupObserver} -  Thrift Data Receiver is disabled.
TID: [] [] [2026-10-01 16:58:46,097]  INFO {org.apache.synapse.transport.passthru.PassThroughHttpListener} - Starting Pass-through HTTP Listener...
TID: [] [] [2026-10-01 16:58:46,108]  INFO {org.apache.synapse.transport.passthru.core.PassThroughListeningIOReactorManager} - Pass-through HTTP Listener started on 0:0:0:0:0:0:0:0:8280
TID: [] [] [2026-10-01 16:58:46,108]  INFO {org.apache.synapse.transport.passthru.PassThroughHttpMultiSSLListener} - Starting Pass-through HTTPS Listener...
TID: [] [] [2026-10-01 16:58:46,118]  INFO {org.apache.synapse.transport.passthru.core.PassThroughListeningIOReactorManager} - Pass-through HTTPS Listener started on 0:0:0:0:0:0:0:0:8243
TID: [] [] [2026-10-01 16:58:46,164]  INFO {org.apache.tomcat.util.net.NioEndpoint.certificate} - Connector [https-jsse-nio-9443], TLS virtual host [_default_], certificate type [UNDEFINED] configured from keystore [C:\Users\gabri\Desktop\ENTREV~1\WSO2AM~1.0\bin\../repository/resources/security/wso2carbon.jks] using alias [wso2carbon] with trust store [C:\Users\gabri\Desktop\ENTREV~1\WSO2AM~1.0\bin\../repository/resources/security/client-truststore.jks]
TID: [] [] [2026-10-01 16:58:46,234]  INFO {org.wso2.carbon.ntask.core.service.impl.TaskServiceImpl} - Task service starting in STANDALONE mode...
TID: [] [] [2026-10-01 16:58:46,268]  INFO {org.wso2.carbon.registry.eventing.internal.RegistryEventingServiceComponent} - Successfully Initialized Eventing on Registry
TID: [] [] [2026-10-01 16:58:46,339]  INFO {org.wso2.carbon.core.init.JMXServerManager} - JMX Service URL  : service:jmx:rmi://localhost:11111/jndi/rmi://localhost:9999/jmxrmi
TID: [] [] [2026-10-01 16:58:46,401]  INFO {org.wso2.carbon.apimgt.governance.impl.util.APIMGovernanceUtil} - Ruleset OWASP Top 10 already exists in organization: carbon.super; skipping.
TID: [] [] [2026-10-01 16:58:46,408]  INFO {org.wso2.carbon.apimgt.governance.impl.util.APIMGovernanceUtil} - Ruleset WSO2 API Management Guidelines already exists in organization: carbon.super; skipping.
TID: [] [] [2026-10-01 16:58:46,418]  INFO {org.wso2.carbon.apimgt.governance.impl.util.APIMGovernanceUtil} - Ruleset WSO2 REST API Design Guidelines already exists in organization: carbon.super; skipping.
TID: [] [] [2026-10-01 16:58:46,425]  INFO {org.wso2.carbon.apimgt.governance.impl.util.APIMGovernanceUtil} - Policy WSO2 API Management Best Practices already exists in organization: carbon.super; skipping.
TID: [] [] [2026-10-01 16:58:46,430]  INFO {org.wso2.carbon.apimgt.common.jms.JMSTransportHandler} - Starting jms topic consumer thread for the notification topic...
TID: [] [] [2026-10-01 16:58:46,460]  INFO {org.wso2.carbon.apimgt.common.jms.JMSTransportHandler} - Starting jms topic consumer thread for the keyManager topic...
TID: [] [] [2026-10-01 16:58:46,461]  INFO {org.wso2.carbon.apimgt.common.jms.JMSTransportHandler} - Starting jms topic consumer thread for the notification topic...
TID: [] [] [2026-10-01 16:58:46,461]  INFO {org.wso2.carbon.apimgt.jms.listener.utils.JMSListenerStartupShutdownListener} - Certificate management event listening is enabled. Subscribing to notification topic.
TID: [] [] [2026-10-01 16:58:46,462]  INFO {org.wso2.carbon.apimgt.common.jms.JMSTransportHandler} - Starting jms topic consumer thread for the notification topic...
TID: [] [] [2026-10-01 16:58:46,467]  INFO {org.wso2.carbon.apimgt.common.jms.JMSTransportHandler} - Starting jms topic consumer thread for the notification topic...
TID: [] [] [2026-10-01 16:58:46,489]  INFO {org.wso2.carbon.apimgt.gateway.InMemoryAPIDeployer} - Deploying synapse artifacts of _JwksEndpoint_
TID: [] [] [2026-10-01 16:58:46,506]  INFO {org.wso2.carbon.apimgt.common.jms.JMSTransportHandler} - Starting jms topic consumer thread for the throttleData topic...
TID: [] [] [2026-10-01 16:58:46,507]  INFO {org.wso2.carbon.apimgt.common.jms.JMSTransportHandler} - Starting jms topic consumer thread for the tokenRevocation topic...
TID: [] [] [2026-10-01 16:58:46,508]  INFO {org.apache.synapse.api.API} - {api:_JwksEndpoint_} Initializing API: _JwksEndpoint_
TID: [] [] [2026-10-01 16:58:46,508]  INFO {org.wso2.carbon.mediation.dependency.mgt.DependencyTracker} - API : _JwksEndpoint_ was added to the Synapse configuration successfully
TID: [] [] [2026-10-01 16:58:46,509]  INFO {org.wso2.carbon.apimgt.common.jms.JMSTransportHandler} - Starting jms topic consumer thread for the cacheInvalidation topic...
TID: [] [] [2026-10-01 16:58:46,513]  INFO {org.wso2.carbon.apimgt.gateway.InMemoryAPIDeployer} - Deploying synapse artifacts of _HealthCheckAPI_
TID: [] [] [2026-10-01 16:58:46,515]  INFO {org.wso2.carbon.apimgt.common.jms.JMSTransportHandler} - Starting jms topic consumer thread for the notification topic...
TID: [] [] [2026-10-01 16:58:46,516]  INFO {org.wso2.carbon.apimgt.common.jms.JMSTransportHandler} - Starting jms topic consumer thread for the throttleData topic...
TID: [] [] [2026-10-01 16:58:46,516]  INFO {org.wso2.carbon.apimgt.common.jms.JMSTransportHandler} - Starting jms topic consumer thread for the asyncWebhooksData topic...
TID: [] [] [2026-10-01 16:58:46,519]  INFO {org.apache.synapse.api.API} - {api:_HealthCheckAPI_} Initializing API: _HealthCheckAPI_
TID: [] [] [2026-10-01 16:58:46,519]  INFO {org.wso2.carbon.mediation.dependency.mgt.DependencyTracker} - API : _HealthCheckAPI_ was added to the Synapse configuration successfully
TID: [] [] [2026-10-01 16:58:46,700]  INFO {org.wso2.carbon.databridge.core.DataBridge} - user admin connected
TID: [] [] [2026-10-01 16:58:46,993]  INFO {org.wso2.carbon.core.internal.StartupFinalizerServiceComponent} - Server           :  WSO2 API Manager-4.6.0
TID: [] [] [2026-10-01 16:58:46,994]  INFO {org.wso2.carbon.core.internal.StartupFinalizerServiceComponent} - WSO2 Carbon started in 521 sec
TID: [] [] [2026-10-01 16:58:46,997]  INFO {org.wso2.carbon.apimgt.common.jms.JMSListener} - Connection successfully created towards the JMS provider for the listener: Siddhi-JMS-Consumer#throttleData. The connected JMS provider is AMQConnection: | Host: 192.168.1.235 | Port: 5672 | Virtual Host: carbon | Client ID: clientid | Active session count: 0
TID: [] [] [2026-10-01 16:58:46,997]  INFO {org.wso2.carbon.apimgt.common.jms.JMSListener} - Connection successfully created towards the JMS provider for the listener: Siddhi-JMS-Consumer#throttleData. The connected JMS provider is AMQConnection: | Host: 192.168.1.235 | Port: 5672 | Virtual Host: carbon | Client ID: clientid | Active session count: 0
TID: [] [] [2026-10-01 16:58:46,997]  INFO {org.wso2.carbon.apimgt.common.jms.JMSListener} - Connection successfully created towards the JMS provider for the listener: Siddhi-JMS-Consumer#tokenRevocation. The connected JMS provider is AMQConnection: | Host: 192.168.1.235 | Port: 5672 | Virtual Host: carbon | Client ID: clientid | Active session count: 0
TID: [] [] [2026-10-01 16:58:46,997]  INFO {org.wso2.carbon.apimgt.common.jms.JMSListener} - Connection successfully created towards the JMS provider for the listener: Siddhi-JMS-Consumer#notification. The connected JMS provider is AMQConnection: | Host: 192.168.1.235 | Port: 5672 | Virtual Host: carbon | Client ID: clientid | Active session count: 0
TID: [] [] [2026-10-01 16:58:46,997]  INFO {org.wso2.carbon.apimgt.common.jms.JMSListener} - Connection attempt: 1 for JMS Provider for listener: Siddhi-JMS-Consumer#notification was successful!
TID: [] [] [2026-10-01 16:58:46,997]  INFO {org.wso2.carbon.apimgt.common.jms.JMSListener} - Connection attempt: 1 for JMS Provider for listener: Siddhi-JMS-Consumer#throttleData was successful!
TID: [] [] [2026-10-01 16:58:46,997]  INFO {org.wso2.carbon.apimgt.common.jms.JMSListener} - Connection attempt: 1 for JMS Provider for listener: Siddhi-JMS-Consumer#throttleData was successful!
TID: [] [] [2026-10-01 16:58:46,997]  INFO {org.wso2.carbon.apimgt.common.jms.JMSListener} - Connection successfully created towards the JMS provider for the listener: Siddhi-JMS-Consumer#notification. The connected JMS provider is AMQConnection: | Host: 192.168.1.235 | Port: 5672 | Virtual Host: carbon | Client ID: clientid | Active session count: 0
TID: [] [] [2026-10-01 16:58:46,998]  INFO {org.wso2.carbon.apimgt.common.jms.JMSListener} - Connection attempt: 1 for JMS Provider for listener: Siddhi-JMS-Consumer#notification was successful!
TID: [] [] [2026-10-01 16:58:46,998]  INFO {org.wso2.carbon.apimgt.common.jms.JMSListener} - Connection successfully created towards the JMS provider for the listener: Siddhi-JMS-Consumer#notification. The connected JMS provider is AMQConnection: | Host: 192.168.1.235 | Port: 5672 | Virtual Host: carbon | Client ID: clientid | Active session count: 0
TID: [] [] [2026-10-01 16:58:46,998]  INFO {org.wso2.carbon.apimgt.common.jms.JMSListener} - Connection attempt: 1 for JMS Provider for listener: Siddhi-JMS-Consumer#notification was successful!
TID: [] [] [2026-10-01 16:58:46,998]  INFO {org.wso2.carbon.apimgt.common.jms.JMSListener} - Connection attempt: 1 for JMS Provider for listener: Siddhi-JMS-Consumer#tokenRevocation was successful!
TID: [] [] [2026-10-01 16:58:46,998]  INFO {org.wso2.carbon.apimgt.common.jms.JMSListener} - Connection successfully created towards the JMS provider for the listener: Siddhi-JMS-Consumer#notification. The connected JMS provider is AMQConnection: | Host: 192.168.1.235 | Port: 5672 | Virtual Host: carbon | Client ID: clientid | Active session count: 0
TID: [] [] [2026-10-01 16:58:46,998]  INFO {org.wso2.carbon.apimgt.common.jms.JMSListener} - Connection successfully created towards the JMS provider for the listener: Siddhi-JMS-Consumer#notification. The connected JMS provider is AMQConnection: | Host: 192.168.1.235 | Port: 5672 | Virtual Host: carbon | Client ID: clientid | Active session count: 0
TID: [] [] [2026-10-01 16:58:46,998]  INFO {org.wso2.carbon.apimgt.common.jms.JMSListener} - Connection attempt: 1 for JMS Provider for listener: Siddhi-JMS-Consumer#notification was successful!
TID: [] [] [2026-10-01 16:58:46,998]  INFO {org.wso2.carbon.apimgt.common.jms.JMSListener} - Connection successfully created towards the JMS provider for the listener: Siddhi-JMS-Consumer#keyManager. The connected JMS provider is AMQConnection: | Host: 192.168.1.235 | Port: 5672 | Virtual Host: carbon | Client ID: clientid | Active session count: 0
TID: [] [] [2026-10-01 16:58:46,998]  INFO {org.wso2.carbon.apimgt.common.jms.JMSListener} - Connection successfully created towards the JMS provider for the listener: Siddhi-JMS-Consumer#cacheInvalidation. The connected JMS provider is AMQConnection: | Host: 192.168.1.235 | Port: 5672 | Virtual Host: carbon | Client ID: clientid | Active session count: 0
TID: [] [] [2026-10-01 16:58:46,998]  INFO {org.wso2.carbon.apimgt.common.jms.JMSListener} - Connection attempt: 1 for JMS Provider for listener: Siddhi-JMS-Consumer#notification was successful!
TID: [] [] [2026-10-01 16:58:46,998]  INFO {org.wso2.carbon.apimgt.common.jms.JMSListener} - Connection attempt: 1 for JMS Provider for listener: Siddhi-JMS-Consumer#keyManager was successful!
TID: [] [] [2026-10-01 16:58:46,998]  INFO {org.wso2.carbon.apimgt.common.jms.JMSListener} - Connection attempt: 1 for JMS Provider for listener: Siddhi-JMS-Consumer#cacheInvalidation was successful!
TID: [] [] [2026-10-01 16:58:46,999]  INFO {org.wso2.carbon.apimgt.common.jms.JMSListener} - Connection successfully created towards the JMS provider for the listener: Siddhi-JMS-Consumer#asyncWebhooksData. The connected JMS provider is AMQConnection: | Host: 192.168.1.235 | Port: 5672 | Virtual Host: carbon | Client ID: clientid | Active session count: 0
TID: [] [] [2026-10-01 16:58:46,999]  INFO {org.wso2.carbon.apimgt.common.jms.JMSListener} - Connection attempt: 1 for JMS Provider for listener: Siddhi-JMS-Consumer#asyncWebhooksData was successful!
TID: [] [] [2026-10-01 16:58:47,000]  INFO {org.wso2.carbon.apimgt.common.jms.JMSTaskManager} - Task manager for Siddhi-JMS-Consumer [re-]initialized
TID: [] [] [2026-10-01 16:58:47,000]  INFO {org.wso2.carbon.apimgt.common.jms.JMSTaskManager} - Task manager for Siddhi-JMS-Consumer [re-]initialized
TID: [] [] [2026-10-01 16:58:47,000]  INFO {org.wso2.carbon.apimgt.common.jms.JMSTaskManager} - Task manager for Siddhi-JMS-Consumer [re-]initialized
TID: [] [] [2026-10-01 16:58:47,000]  INFO {org.wso2.carbon.apimgt.common.jms.JMSTaskManager} - Task manager for Siddhi-JMS-Consumer [re-]initialized
TID: [] [] [2026-10-01 16:58:47,000]  INFO {org.wso2.carbon.apimgt.common.jms.JMSTaskManager} - Task manager for Siddhi-JMS-Consumer [re-]initialized
TID: [] [] [2026-10-01 16:58:47,000]  INFO {org.wso2.carbon.apimgt.common.jms.JMSTaskManager} - Task manager for Siddhi-JMS-Consumer [re-]initialized
TID: [] [] [2026-10-01 16:58:47,001]  INFO {org.wso2.carbon.apimgt.common.jms.JMSTaskManager} - Task manager for Siddhi-JMS-Consumer [re-]initialized
TID: [] [] [2026-10-01 16:58:47,001]  INFO {org.wso2.carbon.apimgt.common.jms.JMSTaskManager} - Task manager for Siddhi-JMS-Consumer [re-]initialized
TID: [] [] [2026-10-01 16:58:47,001]  INFO {org.wso2.carbon.apimgt.common.jms.JMSTaskManager} - Task manager for Siddhi-JMS-Consumer [re-]initialized
TID: [] [] [2026-10-01 16:58:47,001]  INFO {org.wso2.carbon.apimgt.common.jms.JMSTaskManager} - Task manager for Siddhi-JMS-Consumer [re-]initialized
TID: [] [] [2026-10-01 16:58:47,001]  INFO {org.wso2.carbon.apimgt.common.jms.JMSTaskManager} - Task manager for Siddhi-JMS-Consumer [re-]initialized
TID: [-1234] [internal/data/v1] [2026-10-01 16:58:47,432]  INFO {org.wso2.carbon.apimgt.impl.importexport.utils.CommonUtil} - Creation of folder is successful. Directory Name : Api Exemplo-0.1
TID: [-1234] [internal/data/v1] [2026-10-01 16:58:47,433]  INFO {org.wso2.carbon.apimgt.impl.importexport.utils.CommonUtil} - Creation of folder is successful. Directory Name : Definitions
TID: [] [] [2026-10-01 16:58:47,549]  INFO {org.wso2.carbon.ui.internal.CarbonUIServiceComponent} - Mgt Console URL  : https://localhost:9443/carbon/
TID: [] [] [2026-10-01 16:58:47,549]  INFO {org.wso2.carbon.ui.internal.CarbonUIServiceComponent} - API Developer Portal Default Context : https://localhost:9443/devportal
TID: [] [] [2026-10-01 16:58:47,549]  INFO {org.wso2.carbon.ui.internal.CarbonUIServiceComponent} - API Publisher Default Context : https://localhost:9443/publisher
TID: [] [] [2026-10-01 16:58:48,000]  INFO {org.wso2.carbon.apimgt.common.jms.JMSListener} - Started to listen on destination : throttleData of type topic for listener Siddhi-JMS-Consumer#throttleData
TID: [] [] [2026-10-01 16:58:48,000]  INFO {org.wso2.carbon.apimgt.common.jms.JMSListener} - Started to listen on destination : notification of type topic for listener Siddhi-JMS-Consumer#notification
TID: [] [] [2026-10-01 16:58:48,000]  INFO {org.wso2.carbon.apimgt.common.jms.JMSListener} - Started to listen on destination : notification of type topic for listener Siddhi-JMS-Consumer#notification
TID: [] [] [2026-10-01 16:58:48,001]  INFO {org.wso2.carbon.apimgt.common.jms.JMSListener} - Started to listen on destination : cacheInvalidation of type topic for listener Siddhi-JMS-Consumer#cacheInvalidation
TID: [] [] [2026-10-01 16:58:48,001]  INFO {org.wso2.carbon.apimgt.common.jms.JMSListener} - Started to listen on destination : notification of type topic for listener Siddhi-JMS-Consumer#notification
TID: [] [] [2026-10-01 16:58:48,001]  INFO {org.wso2.carbon.apimgt.common.jms.JMSListener} - Started to listen on destination : notification of type topic for listener Siddhi-JMS-Consumer#notification
TID: [] [] [2026-10-01 16:58:48,001]  INFO {org.wso2.carbon.apimgt.common.jms.JMSListener} - Started to listen on destination : keyManager of type topic for listener Siddhi-JMS-Consumer#keyManager
TID: [] [] [2026-10-01 16:58:48,001]  INFO {org.wso2.carbon.apimgt.common.jms.JMSListener} - Started to listen on destination : notification of type topic for listener Siddhi-JMS-Consumer#notification
TID: [] [] [2026-10-01 16:58:48,002]  INFO {org.wso2.carbon.apimgt.common.jms.JMSListener} - Started to listen on destination : throttleData of type topic for listener Siddhi-JMS-Consumer#throttleData
TID: [] [] [2026-10-01 16:58:48,002]  INFO {org.wso2.carbon.apimgt.common.jms.JMSListener} - Started to listen on destination : tokenRevocation of type topic for listener Siddhi-JMS-Consumer#tokenRevocation
TID: [] [] [2026-10-01 16:58:48,002]  INFO {org.wso2.carbon.apimgt.common.jms.JMSListener} - Started to listen on destination : asyncWebhooksData of type topic for listener Siddhi-JMS-Consumer#asyncWebhooksData
TID: [] [] [2026-10-01 16:58:48,261]  INFO {org.wso2.carbon.mediation.dependency.mgt.DependencyTracker} - Local entry : ga-config-key was added to the Synapse configuration successfully
TID: [] [] [2026-10-01 16:58:48,272]  INFO {org.wso2.carbon.apimgt.gateway.listeners.GatewayStartupListener} - Gateway policy artifacts deployed Successfully in the Gateway
TID: [] [] [2026-10-01 16:58:48,275]  INFO {org.wso2.carbon.apimgt.gateway.InMemoryAPIDeployer} - Retrieved 1 artifacts for deployment
TID: [] [] [2026-10-01 16:58:48,276]  INFO {org.wso2.carbon.apimgt.gateway.InMemoryAPIDeployer} - Deploying synapse artifacts of API ID: e2751bd4-70e9-4e96-9c39-c0d334d80213 and Context: /teste/0.1
TID: [] [] [2026-10-01 16:58:48,326]  INFO {org.wso2.carbon.mediation.dependency.mgt.DependencyTracker} - Local entry : e2751bd4-70e9-4e96-9c39-c0d334d80213 was added to the Synapse configuration successfully
TID: [] [] [2026-10-01 16:58:48,328]  INFO {org.wso2.carbon.mediation.dependency.mgt.DependencyTracker} - Endpoint : Api Exemplo--v0.1_APIproductionEndpoint was added to the Synapse configuration successfully
TID: [] [] [2026-10-01 16:58:48,329]  INFO {org.wso2.carbon.mediation.dependency.mgt.DependencyTracker} - Endpoint : Api Exemplo--v0.1_APIsandboxEndpoint was added to the Synapse configuration successfully
TID: [] [] [2026-10-01 16:58:48,352]  INFO {org.wso2.carbon.apimgt.gateway.notifiers.GatewayNotifier} - Gateway registered successfully with ID: 34bfc126-b18b-4607-9f4d-c8ca4a8b9b8d
TID: [] [] [2026-10-01 16:58:48,354]  INFO {org.wso2.carbon.event.processor.core.internal.util.EventProcessorConfigurationFilesystemInvoker} - carbon.super_sub_AsyncWHSilver.siddhiql is deleted from the file system
TID: [] [] [2026-10-01 16:58:48,354]  INFO {org.wso2.carbon.event.processor.core.EventProcessorDeployer} - Execution Plan was undeployed successfully : carbon.super_sub_AsyncWHSilver.siddhiql
TID: [] [] [2026-10-01 16:58:48,355]  INFO {org.wso2.carbon.event.processor.core.internal.util.EventProcessorConfigurationFilesystemInvoker} - carbon.super_sub_AsyncBronze.siddhiql is deleted from the file system
TID: [] [] [2026-10-01 16:58:48,355]  INFO {org.wso2.carbon.event.processor.core.EventProcessorDeployer} - Execution Plan was undeployed successfully : carbon.super_sub_AsyncBronze.siddhiql
TID: [] [] [2026-10-01 16:58:48,356]  INFO {org.wso2.carbon.event.processor.core.internal.util.EventProcessorConfigurationFilesystemInvoker} - carbon.super_sub_AISilver.siddhiql is deleted from the file system
TID: [] [] [2026-10-01 16:58:48,356]  INFO {org.wso2.carbon.event.processor.core.EventProcessorDeployer} - Execution Plan was undeployed successfully : carbon.super_sub_AISilver.siddhiql
TID: [] [] [2026-10-01 16:58:48,356]  INFO {org.wso2.carbon.event.processor.core.internal.util.EventProcessorConfigurationFilesystemInvoker} - carbon.super_sub_AsyncDefaultSubscriptionless.siddhiql is deleted from the file system
TID: [] [] [2026-10-01 16:58:48,356]  INFO {org.wso2.carbon.event.processor.core.EventProcessorDeployer} - Execution Plan was undeployed successfully : carbon.super_sub_AsyncDefaultSubscriptionless.siddhiql
TID: [] [] [2026-10-01 16:58:48,357]  INFO {org.wso2.carbon.event.processor.core.internal.util.EventProcessorConfigurationFilesystemInvoker} - carbon.super_sub_Unauthenticated.siddhiql is deleted from the file system
TID: [] [] [2026-10-01 16:58:48,357]  INFO {org.wso2.carbon.event.processor.core.EventProcessorDeployer} - Execution Plan was undeployed successfully : carbon.super_sub_Unauthenticated.siddhiql
TID: [] [] [2026-10-01 16:58:48,357]  INFO {org.wso2.carbon.event.processor.core.internal.util.EventProcessorConfigurationFilesystemInvoker} - carbon.super_sub_AsyncWHGold.siddhiql is deleted from the file system
TID: [] [] [2026-10-01 16:58:48,357]  INFO {org.wso2.carbon.event.processor.core.EventProcessorDeployer} - Execution Plan was undeployed successfully : carbon.super_sub_AsyncWHGold.siddhiql
TID: [] [] [2026-10-01 16:58:48,358]  INFO {org.wso2.carbon.event.processor.core.internal.util.EventProcessorConfigurationFilesystemInvoker} - carbon.super_resource_10KPerMin_default.siddhiql is deleted from the file system
TID: [] [] [2026-10-01 16:58:48,358]  INFO {org.wso2.carbon.event.processor.core.EventProcessorDeployer} - Execution Plan was undeployed successfully : carbon.super_resource_10KPerMin_default.siddhiql
TID: [] [] [2026-10-01 16:58:48,358]  INFO {org.wso2.carbon.event.processor.core.internal.util.EventProcessorConfigurationFilesystemInvoker} - carbon.super_sub_AIGold.siddhiql is deleted from the file system
TID: [] [] [2026-10-01 16:58:48,358]  INFO {org.wso2.carbon.event.processor.core.EventProcessorDeployer} - Execution Plan was undeployed successfully : carbon.super_sub_AIGold.siddhiql
TID: [] [] [2026-10-01 16:58:48,359]  INFO {org.wso2.carbon.event.processor.core.internal.util.EventProcessorConfigurationFilesystemInvoker} - carbon.super_sub_AsyncWHBronze.siddhiql is deleted from the file system
TID: [] [] [2026-10-01 16:58:48,359]  INFO {org.wso2.carbon.event.processor.core.EventProcessorDeployer} - Execution Plan was undeployed successfully : carbon.super_sub_AsyncWHBronze.siddhiql
TID: [] [] [2026-10-01 16:58:48,359]  INFO {org.wso2.carbon.event.processor.core.internal.util.EventProcessorConfigurationFilesystemInvoker} - carbon.super_sub_AsyncSilver.siddhiql is deleted from the file system
TID: [] [] [2026-10-01 16:58:48,359]  INFO {org.wso2.carbon.event.processor.core.EventProcessorDeployer} - Execution Plan was undeployed successfully : carbon.super_sub_AsyncSilver.siddhiql
TID: [] [] [2026-10-01 16:58:48,360]  INFO {org.wso2.carbon.event.processor.core.internal.util.EventProcessorConfigurationFilesystemInvoker} - carbon.super_sub_DefaultSubscriptionless.siddhiql is deleted from the file system
TID: [] [] [2026-10-01 16:58:48,360]  INFO {org.wso2.carbon.event.processor.core.EventProcessorDeployer} - Execution Plan was undeployed successfully : carbon.super_sub_DefaultSubscriptionless.siddhiql
TID: [] [] [2026-10-01 16:58:48,360]  INFO {org.wso2.carbon.event.processor.core.internal.util.EventProcessorConfigurationFilesystemInvoker} - carbon.super_sub_Silver.siddhiql is deleted from the file system
TID: [] [] [2026-10-01 16:58:48,360]  INFO {org.wso2.carbon.event.processor.core.EventProcessorDeployer} - Execution Plan was undeployed successfully : carbon.super_sub_Silver.siddhiql
TID: [] [] [2026-10-01 16:58:48,361]  INFO {org.wso2.carbon.event.processor.core.internal.util.EventProcessorConfigurationFilesystemInvoker} - carbon.super_sub_Bronze.siddhiql is deleted from the file system
TID: [] [] [2026-10-01 16:58:48,361]  INFO {org.wso2.carbon.event.processor.core.EventProcessorDeployer} - Execution Plan was undeployed successfully : carbon.super_sub_Bronze.siddhiql
TID: [] [] [2026-10-01 16:58:48,361]  INFO {org.wso2.carbon.event.processor.core.internal.util.EventProcessorConfigurationFilesystemInvoker} - carbon.super_resource_50KPerMin_default.siddhiql is deleted from the file system
TID: [] [] [2026-10-01 16:58:48,361]  INFO {org.wso2.carbon.event.processor.core.EventProcessorDeployer} - Execution Plan was undeployed successfully : carbon.super_resource_50KPerMin_default.siddhiql
TID: [] [] [2026-10-01 16:58:48,362]  INFO {org.wso2.carbon.event.processor.core.internal.util.EventProcessorConfigurationFilesystemInvoker} - carbon.super_resource_20KPerMin_default.siddhiql is deleted from the file system
TID: [] [] [2026-10-01 16:58:48,362]  INFO {org.wso2.carbon.event.processor.core.EventProcessorDeployer} - Execution Plan was undeployed successfully : carbon.super_resource_20KPerMin_default.siddhiql
TID: [] [] [2026-10-01 16:58:48,362]  INFO {org.wso2.carbon.event.processor.core.internal.util.EventProcessorConfigurationFilesystemInvoker} - carbon.super_sub_AsyncGold.siddhiql is deleted from the file system
TID: [] [] [2026-10-01 16:58:48,362]  INFO {org.wso2.carbon.event.processor.core.EventProcessorDeployer} - Execution Plan was undeployed successfully : carbon.super_sub_AsyncGold.siddhiql
TID: [] [] [2026-10-01 16:58:48,363]  INFO {org.wso2.carbon.event.processor.core.internal.util.EventProcessorConfigurationFilesystemInvoker} - carbon.super_sub_AIBronze.siddhiql is deleted from the file system
TID: [] [] [2026-10-01 16:58:48,363]  INFO {org.wso2.carbon.event.processor.core.EventProcessorDeployer} - Execution Plan was undeployed successfully : carbon.super_sub_AIBronze.siddhiql
TID: [] [] [2026-10-01 16:58:48,363]  INFO {org.wso2.carbon.event.processor.core.internal.util.EventProcessorConfigurationFilesystemInvoker} - carbon.super_sub_Gold.siddhiql is deleted from the file system
TID: [] [] [2026-10-01 16:58:48,363]  INFO {org.wso2.carbon.event.processor.core.EventProcessorDeployer} - Execution Plan was undeployed successfully : carbon.super_sub_Gold.siddhiql
TID: [] [] [2026-10-01 16:58:48,364]  INFO {org.wso2.carbon.event.processor.core.internal.util.EventProcessorConfigurationFilesystemInvoker} - carbon.super_app_10PerMin.siddhiql is deleted from the file system
TID: [] [] [2026-10-01 16:58:48,364]  INFO {org.wso2.carbon.event.processor.core.EventProcessorDeployer} - Execution Plan was undeployed successfully : carbon.super_app_10PerMin.siddhiql
TID: [] [] [2026-10-01 16:58:48,364]  INFO {org.wso2.carbon.event.processor.core.internal.util.EventProcessorConfigurationFilesystemInvoker} - carbon.super_app_20PerMin.siddhiql is deleted from the file system
TID: [] [] [2026-10-01 16:58:48,364]  INFO {org.wso2.carbon.event.processor.core.EventProcessorDeployer} - Execution Plan was undeployed successfully : carbon.super_app_20PerMin.siddhiql
TID: [] [] [2026-10-01 16:58:48,365]  INFO {org.wso2.carbon.event.processor.core.internal.util.EventProcessorConfigurationFilesystemInvoker} - carbon.super_app_50PerMin.siddhiql is deleted from the file system
TID: [] [] [2026-10-01 16:58:48,365]  INFO {org.wso2.carbon.event.processor.core.EventProcessorDeployer} - Execution Plan was undeployed successfully : carbon.super_app_50PerMin.siddhiql
TID: [] [] [2026-10-01 16:58:48,379]  INFO {org.wso2.carbon.event.processor.core.internal.util.EventProcessorConfigurationFilesystemInvoker} - Execution plan: carbon.super_sub_Gold saved in the filesystem
TID: [] [] [2026-10-01 16:58:48,395]  INFO {org.wso2.carbon.event.stream.core.internal.EventJunction} - Producer added to the junction. Stream:org.wso2.throttle.globalThrottle.stream:1.0.0
TID: [] [] [2026-10-01 16:58:48,395]  INFO {org.wso2.carbon.event.stream.core.internal.EventJunction} - Consumer added to the junction. Stream:org.wso2.throttle.processed.request.stream:1.0.0
TID: [] [] [2026-10-01 16:58:48,395]  INFO {org.wso2.carbon.event.processor.core.EventProcessorDeployer} - Execution plan is deployed successfully and in active state  : carbon.super_sub_Gold
TID: [] [] [2026-10-01 16:58:48,402]  INFO {org.wso2.carbon.event.processor.core.internal.util.EventProcessorConfigurationFilesystemInvoker} - Execution plan: carbon.super_sub_Silver saved in the filesystem
TID: [] [] [2026-10-01 16:58:48,422]  INFO {org.wso2.carbon.event.stream.core.internal.EventJunction} - Producer added to the junction. Stream:org.wso2.throttle.globalThrottle.stream:1.0.0
TID: [] [] [2026-10-01 16:58:48,422]  INFO {org.wso2.carbon.event.stream.core.internal.EventJunction} - Consumer added to the junction. Stream:org.wso2.throttle.processed.request.stream:1.0.0
TID: [] [] [2026-10-01 16:58:48,422]  INFO {org.wso2.carbon.event.processor.core.EventProcessorDeployer} - Execution plan is deployed successfully and in active state  : carbon.super_sub_Silver
TID: [] [] [2026-10-01 16:58:48,430]  INFO {org.wso2.carbon.event.processor.core.internal.util.EventProcessorConfigurationFilesystemInvoker} - Execution plan: carbon.super_sub_Bronze saved in the filesystem
TID: [] [] [2026-10-01 16:58:48,449]  INFO {org.wso2.carbon.event.stream.core.internal.EventJunction} - Producer added to the junction. Stream:org.wso2.throttle.globalThrottle.stream:1.0.0
TID: [] [] [2026-10-01 16:58:48,449]  INFO {org.wso2.carbon.event.stream.core.internal.EventJunction} - Consumer added to the junction. Stream:org.wso2.throttle.processed.request.stream:1.0.0
TID: [] [] [2026-10-01 16:58:48,449]  INFO {org.wso2.carbon.event.processor.core.EventProcessorDeployer} - Execution plan is deployed successfully and in active state  : carbon.super_sub_Bronze
TID: [] [] [2026-10-01 16:58:48,457]  INFO {org.wso2.carbon.event.processor.core.internal.util.EventProcessorConfigurationFilesystemInvoker} - Execution plan: carbon.super_sub_Unauthenticated saved in the filesystem
TID: [] [] [2026-10-01 16:58:48,472]  INFO {org.wso2.carbon.event.stream.core.internal.EventJunction} - Producer added to the junction. Stream:org.wso2.throttle.globalThrottle.stream:1.0.0
TID: [] [] [2026-10-01 16:58:48,472]  INFO {org.wso2.carbon.event.stream.core.internal.EventJunction} - Consumer added to the junction. Stream:org.wso2.throttle.processed.request.stream:1.0.0
TID: [] [] [2026-10-01 16:58:48,472]  INFO {org.wso2.carbon.event.processor.core.EventProcessorDeployer} - Execution plan is deployed successfully and in active state  : carbon.super_sub_Unauthenticated
TID: [] [] [2026-10-01 16:58:48,478]  INFO {org.wso2.carbon.event.processor.core.internal.util.EventProcessorConfigurationFilesystemInvoker} - Execution plan: carbon.super_sub_DefaultSubscriptionless saved in the filesystem
TID: [] [] [2026-10-01 16:58:48,492]  INFO {org.wso2.carbon.event.stream.core.internal.EventJunction} - Producer added to the junction. Stream:org.wso2.throttle.globalThrottle.stream:1.0.0
TID: [] [] [2026-10-01 16:58:48,492]  INFO {org.wso2.carbon.event.stream.core.internal.EventJunction} - Consumer added to the junction. Stream:org.wso2.throttle.processed.request.stream:1.0.0
TID: [] [] [2026-10-01 16:58:48,492]  INFO {org.wso2.carbon.event.processor.core.EventProcessorDeployer} - Execution plan is deployed successfully and in active state  : carbon.super_sub_DefaultSubscriptionless
TID: [] [] [2026-10-01 16:58:48,500]  INFO {org.wso2.carbon.event.processor.core.internal.util.EventProcessorConfigurationFilesystemInvoker} - Execution plan: carbon.super_sub_AsyncGold saved in the filesystem
TID: [] [] [2026-10-01 16:58:48,515]  INFO {org.wso2.carbon.event.stream.core.internal.EventJunction} - Producer added to the junction. Stream:org.wso2.throttle.globalThrottle.stream:1.0.0
TID: [] [] [2026-10-01 16:58:48,515]  INFO {org.wso2.carbon.event.stream.core.internal.EventJunction} - Consumer added to the junction. Stream:org.wso2.throttle.processed.request.stream:1.0.0
TID: [] [] [2026-10-01 16:58:48,515]  INFO {org.wso2.carbon.event.processor.core.EventProcessorDeployer} - Execution plan is deployed successfully and in active state  : carbon.super_sub_AsyncGold
TID: [] [] [2026-10-01 16:58:48,523]  INFO {org.wso2.carbon.event.processor.core.internal.util.EventProcessorConfigurationFilesystemInvoker} - Execution plan: carbon.super_sub_AsyncSilver saved in the filesystem
TID: [] [] [2026-10-01 16:58:48,536]  INFO {org.wso2.carbon.event.stream.core.internal.EventJunction} - Producer added to the junction. Stream:org.wso2.throttle.globalThrottle.stream:1.0.0
TID: [] [] [2026-10-01 16:58:48,536]  INFO {org.wso2.carbon.event.stream.core.internal.EventJunction} - Consumer added to the junction. Stream:org.wso2.throttle.processed.request.stream:1.0.0
TID: [] [] [2026-10-01 16:58:48,536]  INFO {org.wso2.carbon.event.processor.core.EventProcessorDeployer} - Execution plan is deployed successfully and in active state  : carbon.super_sub_AsyncSilver
TID: [] [] [2026-10-01 16:58:48,543]  INFO {org.wso2.carbon.event.processor.core.internal.util.EventProcessorConfigurationFilesystemInvoker} - Execution plan: carbon.super_sub_AsyncBronze saved in the filesystem
TID: [] [] [2026-10-01 16:58:48,550]  INFO {org.apache.synapse.api.API} - {api:prod--Api Exemplo:v0.1} Initializing API: prod--Api Exemplo:v0.1
TID: [] [] [2026-10-01 16:58:48,557]  INFO {org.wso2.carbon.event.stream.core.internal.EventJunction} - Producer added to the junction. Stream:org.wso2.throttle.globalThrottle.stream:1.0.0
TID: [] [] [2026-10-01 16:58:48,557]  INFO {org.wso2.carbon.event.stream.core.internal.EventJunction} - Consumer added to the junction. Stream:org.wso2.throttle.processed.request.stream:1.0.0
TID: [] [] [2026-10-01 16:58:48,557]  INFO {org.wso2.carbon.event.processor.core.EventProcessorDeployer} - Execution plan is deployed successfully and in active state  : carbon.super_sub_AsyncBronze
TID: [] [] [2026-10-01 16:58:48,560]  INFO {org.wso2.carbon.mediation.dependency.mgt.DependencyTracker} - API : prod--Api Exemplo:v0.1 was added to the Synapse configuration successfully
TID: [] [] [2026-10-01 16:58:48,563]  INFO {org.wso2.carbon.apimgt.gateway.listeners.GatewayStartupListener} - Synapse Artifacts deployed Successfully in the Gateway
TID: [] [] [2026-10-01 16:58:48,564]  INFO {org.apache.synapse.transport.passthru.PassThroughHttpSSLSender} - PassThroughHttpSender reloading SSL Config..
TID: [] [] [2026-10-01 16:58:48,564]  INFO {org.apache.synapse.transport.passthru.PassThroughHttpMultiSSLListener} - PassThroughHttpListener reloading SSL Config..
TID: [] [] [2026-10-01 16:58:48,564]  INFO {org.wso2.carbon.event.processor.core.internal.util.EventProcessorConfigurationFilesystemInvoker} - Execution plan: carbon.super_sub_AsyncDefaultSubscriptionless saved in the filesystem
TID: [] [] [2026-10-01 16:58:48,566]  INFO {org.apache.synapse.transport.nhttp.config.ClientConnFactoryBuilder} - customSSLProfiles configuration is loaded from path: C:\Users\gabri\Desktop\ENTREV~1\WSO2AM~1.0\repository/resources/security/sslprofiles.xml
TID: [] [] [2026-10-01 16:58:48,566]  INFO {org.apache.synapse.transport.nhttp.config.ServerConnFactoryBuilder} - SSLProfile configuration is loaded from path: C:\Users\gabri\Desktop\ENTREV~1\WSO2AM~1.0\repository/resources/security/listenerprofiles.xml
TID: [] [] [2026-10-01 16:58:48,566]  INFO {org.apache.synapse.transport.nhttp.config.ClientConnFactoryBuilder} - HTTPS Loading custom SSL profiles for the HTTPS sender
TID: [] [] [2026-10-01 16:58:48,571]  INFO {org.apache.synapse.transport.nhttp.config.ClientConnFactoryBuilder} - HTTPS Custom SSL profiles initialized for 1 mappings
TID: [] [] [2026-10-01 16:58:48,571]  INFO {org.apache.synapse.transport.passthru.PassThroughHttpSSLSender} - Pass-through HTTPS Sender updated with Dynamic Configuration Updates ...
TID: [] [] [2026-10-01 16:58:48,572]  INFO {org.apache.synapse.transport.passthru.core.PassThroughListeningIOReactorManager} - Pass-through HTTPS Listener started on 0.0.0.0:8243
TID: [] [] [2026-10-01 16:58:48,572]  INFO {org.apache.synapse.transport.passthru.PassThroughHttpMultiSSLListener} - HTTPS Reloaded
TID: [] [] [2026-10-01 16:58:48,574]  WARN {org.apache.synapse.transport.passthru.PassThroughHttpMultiSSLListener} - System may be unstable: HTTPS ListeningIOReactor encountered a checked exception : Address already in use: bind java.net.BindException: Address already in use: bind
	at java.base/sun.nio.ch.Net.bind0(Native Method)
	at java.base/sun.nio.ch.Net.bind(Net.java:555)
	at java.base/sun.nio.ch.ServerSocketChannelImpl.netBind(ServerSocketChannelImpl.java:337)
	at java.base/sun.nio.ch.ServerSocketChannelImpl.bind(ServerSocketChannelImpl.java:294)
	at java.base/sun.nio.ch.ServerSocketAdaptor.bind(ServerSocketAdaptor.java:89)
	at org.apache.http.impl.nio.reactor.DefaultListeningIOReactor.processSessionRequests(DefaultListeningIOReactor.java:243)
	at org.apache.http.impl.nio.reactor.DefaultListeningIOReactor.processEvents(DefaultListeningIOReactor.java:144)
	at org.apache.http.impl.nio.reactor.AbstractMultiworkerIOReactor.execute(AbstractMultiworkerIOReactor.java:351)
	at org.apache.synapse.transport.passthru.core.PassThroughListeningIOReactorManager$1.run(PassThroughListeningIOReactorManager.java:561)
	at java.base/java.lang.Thread.run(Thread.java:842)

TID: [] [] [2026-10-01 16:58:48,579]  INFO {org.wso2.carbon.event.stream.core.internal.EventJunction} - Producer added to the junction. Stream:org.wso2.throttle.globalThrottle.stream:1.0.0
TID: [] [] [2026-10-01 16:58:48,579]  INFO {org.wso2.carbon.event.stream.core.internal.EventJunction} - Consumer added to the junction. Stream:org.wso2.throttle.processed.request.stream:1.0.0
TID: [] [] [2026-10-01 16:58:48,579]  INFO {org.wso2.carbon.event.processor.core.EventProcessorDeployer} - Execution plan is deployed successfully and in active state  : carbon.super_sub_AsyncDefaultSubscriptionless
TID: [] [] [2026-10-01 16:58:48,589]  INFO {org.wso2.carbon.event.processor.core.internal.util.EventProcessorConfigurationFilesystemInvoker} - Execution plan: carbon.super_sub_AIGold saved in the filesystem
TID: [] [] [2026-10-01 16:58:48,605]  INFO {org.wso2.carbon.event.stream.core.internal.EventJunction} - Producer added to the junction. Stream:org.wso2.throttle.globalThrottle.stream:1.0.0
TID: [] [] [2026-10-01 16:58:48,605]  INFO {org.wso2.carbon.event.stream.core.internal.EventJunction} - Consumer added to the junction. Stream:org.wso2.throttle.processed.request.stream:1.0.0
TID: [] [] [2026-10-01 16:58:48,605]  INFO {org.wso2.carbon.event.processor.core.EventProcessorDeployer} - Execution plan is deployed successfully and in active state  : carbon.super_sub_AIGold
TID: [] [] [2026-10-01 16:58:48,612]  INFO {org.wso2.carbon.event.processor.core.internal.util.EventProcessorConfigurationFilesystemInvoker} - Execution plan: carbon.super_sub_AISilver saved in the filesystem
TID: [] [] [2026-10-01 16:58:48,633]  INFO {org.wso2.carbon.event.stream.core.internal.EventJunction} - Producer added to the junction. Stream:org.wso2.throttle.globalThrottle.stream:1.0.0
TID: [] [] [2026-10-01 16:58:48,633]  INFO {org.wso2.carbon.event.stream.core.internal.EventJunction} - Consumer added to the junction. Stream:org.wso2.throttle.processed.request.stream:1.0.0
TID: [] [] [2026-10-01 16:58:48,633]  INFO {org.wso2.carbon.event.processor.core.EventProcessorDeployer} - Execution plan is deployed successfully and in active state  : carbon.super_sub_AISilver
TID: [] [] [2026-10-01 16:58:48,645]  INFO {org.wso2.carbon.event.processor.core.internal.util.EventProcessorConfigurationFilesystemInvoker} - Execution plan: carbon.super_sub_AIBronze saved in the filesystem
TID: [] [] [2026-10-01 16:58:48,665]  INFO {org.wso2.carbon.event.stream.core.internal.EventJunction} - Producer added to the junction. Stream:org.wso2.throttle.globalThrottle.stream:1.0.0
TID: [] [] [2026-10-01 16:58:48,665]  INFO {org.wso2.carbon.event.stream.core.internal.EventJunction} - Consumer added to the junction. Stream:org.wso2.throttle.processed.request.stream:1.0.0
TID: [] [] [2026-10-01 16:58:48,665]  INFO {org.wso2.carbon.event.processor.core.EventProcessorDeployer} - Execution plan is deployed successfully and in active state  : carbon.super_sub_AIBronze
TID: [] [] [2026-10-01 16:58:48,678]  INFO {org.wso2.carbon.event.processor.core.internal.util.EventProcessorConfigurationFilesystemInvoker} - Execution plan: carbon.super_sub_AsyncWHGold saved in the filesystem
TID: [] [] [2026-10-01 16:58:48,697]  INFO {org.wso2.carbon.event.stream.core.internal.EventJunction} - Producer added to the junction. Stream:org.wso2.throttle.globalThrottle.stream:1.0.0
TID: [] [] [2026-10-01 16:58:48,697]  INFO {org.wso2.carbon.event.stream.core.internal.EventJunction} - Consumer added to the junction. Stream:org.wso2.throttle.processed.request.stream:1.0.0
TID: [] [] [2026-10-01 16:58:48,697]  INFO {org.wso2.carbon.event.processor.core.EventProcessorDeployer} - Execution plan is deployed successfully and in active state  : carbon.super_sub_AsyncWHGold
TID: [] [] [2026-10-01 16:58:48,706]  INFO {org.wso2.carbon.event.processor.core.internal.util.EventProcessorConfigurationFilesystemInvoker} - Execution plan: carbon.super_sub_AsyncWHSilver saved in the filesystem
TID: [] [] [2026-10-01 16:58:48,727]  INFO {org.wso2.carbon.event.stream.core.internal.EventJunction} - Producer added to the junction. Stream:org.wso2.throttle.globalThrottle.stream:1.0.0
TID: [] [] [2026-10-01 16:58:48,727]  INFO {org.wso2.carbon.event.stream.core.internal.EventJunction} - Consumer added to the junction. Stream:org.wso2.throttle.processed.request.stream:1.0.0
TID: [] [] [2026-10-01 16:58:48,727]  INFO {org.wso2.carbon.event.processor.core.EventProcessorDeployer} - Execution plan is deployed successfully and in active state  : carbon.super_sub_AsyncWHSilver
TID: [] [] [2026-10-01 16:58:48,767]  INFO {org.wso2.carbon.event.processor.core.internal.util.EventProcessorConfigurationFilesystemInvoker} - Execution plan: carbon.super_sub_AsyncWHBronze saved in the filesystem
TID: [] [] [2026-10-01 16:58:48,791]  INFO {org.wso2.carbon.event.stream.core.internal.EventJunction} - Producer added to the junction. Stream:org.wso2.throttle.globalThrottle.stream:1.0.0
TID: [] [] [2026-10-01 16:58:48,791]  INFO {org.wso2.carbon.event.stream.core.internal.EventJunction} - Consumer added to the junction. Stream:org.wso2.throttle.processed.request.stream:1.0.0
TID: [] [] [2026-10-01 16:58:48,791]  INFO {org.wso2.carbon.event.processor.core.EventProcessorDeployer} - Execution plan is deployed successfully and in active state  : carbon.super_sub_AsyncWHBronze
TID: [] [] [2026-10-01 16:58:48,800]  INFO {org.wso2.carbon.event.processor.core.internal.util.EventProcessorConfigurationFilesystemInvoker} - Execution plan: carbon.super_app_50PerMin saved in the filesystem
TID: [] [] [2026-10-01 16:58:48,822]  INFO {org.wso2.carbon.event.stream.core.internal.EventJunction} - Producer added to the junction. Stream:org.wso2.throttle.globalThrottle.stream:1.0.0
TID: [] [] [2026-10-01 16:58:48,822]  INFO {org.wso2.carbon.event.stream.core.internal.EventJunction} - Consumer added to the junction. Stream:org.wso2.throttle.processed.request.stream:1.0.0
TID: [] [] [2026-10-01 16:58:48,822]  INFO {org.wso2.carbon.event.processor.core.EventProcessorDeployer} - Execution plan is deployed successfully and in active state  : carbon.super_app_50PerMin
TID: [] [] [2026-10-01 16:58:48,829]  INFO {org.wso2.carbon.event.processor.core.internal.util.EventProcessorConfigurationFilesystemInvoker} - Execution plan: carbon.super_app_20PerMin saved in the filesystem
TID: [] [] [2026-10-01 16:58:48,839]  INFO {org.wso2.carbon.event.stream.core.internal.EventJunction} - Producer added to the junction. Stream:org.wso2.throttle.globalThrottle.stream:1.0.0
TID: [] [] [2026-10-01 16:58:48,839]  INFO {org.wso2.carbon.event.stream.core.internal.EventJunction} - Consumer added to the junction. Stream:org.wso2.throttle.processed.request.stream:1.0.0
TID: [] [] [2026-10-01 16:58:48,839]  INFO {org.wso2.carbon.event.processor.core.EventProcessorDeployer} - Execution plan is deployed successfully and in active state  : carbon.super_app_20PerMin
TID: [] [] [2026-10-01 16:58:48,845]  INFO {org.wso2.carbon.event.processor.core.internal.util.EventProcessorConfigurationFilesystemInvoker} - Execution plan: carbon.super_app_10PerMin saved in the filesystem
TID: [] [] [2026-10-01 16:58:48,855]  INFO {org.wso2.carbon.event.stream.core.internal.EventJunction} - Producer added to the junction. Stream:org.wso2.throttle.globalThrottle.stream:1.0.0
TID: [] [] [2026-10-01 16:58:48,855]  INFO {org.wso2.carbon.event.stream.core.internal.EventJunction} - Consumer added to the junction. Stream:org.wso2.throttle.processed.request.stream:1.0.0
TID: [] [] [2026-10-01 16:58:48,855]  INFO {org.wso2.carbon.event.processor.core.EventProcessorDeployer} - Execution plan is deployed successfully and in active state  : carbon.super_app_10PerMin
TID: [] [] [2026-10-01 16:58:48,864]  INFO {org.wso2.carbon.event.processor.core.internal.util.EventProcessorConfigurationFilesystemInvoker} - Execution plan: carbon.super_resource_50KPerMin_default saved in the filesystem
TID: [] [] [2026-10-01 16:58:48,872]  INFO {org.wso2.carbon.event.stream.core.internal.EventJunction} - Producer added to the junction. Stream:org.wso2.throttle.globalThrottle.stream:1.1.0
TID: [] [] [2026-10-01 16:58:48,872]  INFO {org.wso2.carbon.event.stream.core.internal.EventJunction} - Consumer added to the junction. Stream:org.wso2.throttle.processed.request.stream:1.0.0
TID: [] [] [2026-10-01 16:58:48,872]  INFO {org.wso2.carbon.event.processor.core.EventProcessorDeployer} - Execution plan is deployed successfully and in active state  : carbon.super_resource_50KPerMin_default
TID: [] [] [2026-10-01 16:58:48,880]  INFO {org.wso2.carbon.event.processor.core.internal.util.EventProcessorConfigurationFilesystemInvoker} - Execution plan: carbon.super_resource_20KPerMin_default saved in the filesystem
TID: [] [] [2026-10-01 16:58:48,889]  INFO {org.wso2.carbon.event.stream.core.internal.EventJunction} - Producer added to the junction. Stream:org.wso2.throttle.globalThrottle.stream:1.1.0
TID: [] [] [2026-10-01 16:58:48,889]  INFO {org.wso2.carbon.event.stream.core.internal.EventJunction} - Consumer added to the junction. Stream:org.wso2.throttle.processed.request.stream:1.0.0
TID: [] [] [2026-10-01 16:58:48,889]  INFO {org.wso2.carbon.event.processor.core.EventProcessorDeployer} - Execution plan is deployed successfully and in active state  : carbon.super_resource_20KPerMin_default
TID: [] [] [2026-10-01 16:58:48,898]  INFO {org.wso2.carbon.event.processor.core.internal.util.EventProcessorConfigurationFilesystemInvoker} - Execution plan: carbon.super_resource_10KPerMin_default saved in the filesystem
TID: [] [] [2026-10-01 16:58:48,907]  INFO {org.wso2.carbon.event.stream.core.internal.EventJunction} - Producer added to the junction. Stream:org.wso2.throttle.globalThrottle.stream:1.1.0
TID: [] [] [2026-10-01 16:58:48,907]  INFO {org.wso2.carbon.event.stream.core.internal.EventJunction} - Consumer added to the junction. Stream:org.wso2.throttle.processed.request.stream:1.0.0
TID: [] [] [2026-10-01 16:58:48,907]  INFO {org.wso2.carbon.event.processor.core.EventProcessorDeployer} - Execution plan is deployed successfully and in active state  : carbon.super_resource_10KPerMin_default
TID: [2026-10-01 19:48:32,205]  INFO {org.wso2.config.mapper.ConfigParser} - Configurations Changed in :repository\resources\security\listenerprofiles.xml {org.wso2.config.mapper.ConfigParser}
TID: [2026-10-01 19:48:32,205]  INFO {org.wso2.config.mapper.ConfigParser} - Configurations Changed in :repository\resources\security\sslprofiles.xml {org.wso2.config.mapper.ConfigParser}
TID: [2026-10-01 19:48:32,205]  INFO {org.wso2.config.mapper.ConfigParser} - Overriding files in configuration directory C:\Users\gabri\Desktop\ENTREV~1\WSO2AM~1.0\bin\.. {org.wso2.config.mapper.ConfigParser}
TID: [] [] [2026-10-01 19:48:38,216]  INFO {org.wso2.carbon.core.internal.CarbonCoreActivator} - Starting WSO2 Carbon...
TID: [] [] [2026-10-01 19:48:38,216]  INFO {org.wso2.carbon.core.internal.CarbonCoreActivator} - Operating System : Windows 10 10.0, amd64
TID: [] [] [2026-10-01 19:48:38,216]  INFO {org.wso2.carbon.core.internal.CarbonCoreActivator} - Java Home        : C:\Program Files\Java\jdk-27
TID: [] [] [2026-10-01 19:48:38,216]  INFO {org.wso2.carbon.core.internal.CarbonCoreActivator} - Java Version     : 27
TID: [] [] [2026-10-01 19:48:38,216]  INFO {org.wso2.carbon.core.internal.CarbonCoreActivator} - Java VM          : Java HotSpot(TM) 64-Bit Server VM 27+35-2325,Oracle Corporation
TID: [] [] [2026-10-01 19:48:38,216]  INFO {org.wso2.carbon.core.internal.CarbonCoreActivator} - Carbon Home      : C:\Users\gabri\Desktop\ENTREV~1\WSO2AM~1.0\bin\..
TID: [] [] [2026-10-01 19:48:38,216]  INFO {org.wso2.carbon.core.internal.CarbonCoreActivator} - Java Temp Dir    : C:\Users\gabri\Desktop\ENTREV~1\WSO2AM~1.0\bin\..\tmp
TID: [] [] [2026-10-01 19:48:38,216]  INFO {org.wso2.carbon.core.internal.CarbonCoreActivator} - User             : gabri, en-US, America/Sao_Paulo
TID: [] [] [2026-10-01 19:48:38,430]  INFO {org.wso2.carbon.crypto.provider.internal.DefaultCryptoProviderComponent} - 'CryptoService.Secret' property has not been set. 'org.wso2.carbon.crypto.provider.SymmetricKeyInternalCryptoProvider' won't be registered as an internal crypto provider. Please set the secret if the provider needs to be registered.
TID: [] [] [2026-10-01 19:48:38,702]  INFO {org.wso2.carbon.event.output.adapter.kafka.internal.ds.KafkaEventAdapterServiceDS} - Successfully deployed the Kafka output event adaptor service
TID: [] [] [2026-10-01 19:48:40,631]  INFO {org.wso2.carbon.apimgt.eventing.hub.internal.ServiceComponent} - Eventing Hub ServiceComponent is activated
TID: [] [] [2026-10-01 19:48:41,062]  WARN {org.apache.tomcat.util.digester.Digester} - Match [Server/Service/Engine/Host/Valve] failed to set property [maxDays] to []
TID: [] [] [2026-10-01 19:48:41,624]  INFO {org.wso2.carbon.consent.mgt.core.internal.ConsentManagerComponent} - ConsentManagerComponent is activated.
TID: [] [] [2026-10-01 19:48:41,724]  INFO {org.wso2.carbon.databridge.receiver.binary.internal.BinaryDataReceiverServiceComponent} - Binary Data Receiver server activated
TID: [] [] [2026-10-01 19:48:41,734]  INFO {org.wso2.carbon.databridge.core.internal.DataBridgeDS} - Successfully deployed Agent Server 
TID: [] [] [2026-10-01 19:48:42,123]  INFO {org.wso2.carbon.registry.core.jdbc.EmbeddedRegistryService} - Configured Registry in 49ms
TID: [] [] [2026-10-01 19:48:42,138]  INFO {org.wso2.carbon.registry.core.jdbc.EmbeddedRegistryService} - Connected to mount at configregistry in 3ms
TID: [] [] [2026-10-01 19:48:42,138]  INFO {org.wso2.carbon.registry.core.jdbc.EmbeddedRegistryService} - Connected to mount at govregistry in 3ms
TID: [] [] [2026-10-01 19:48:42,165]  INFO {org.wso2.carbon.registry.core.jdbc.EmbeddedRegistryService} - Connected to mount at configregistry in 0ms
TID: [] [] [2026-10-01 19:48:42,165]  INFO {org.wso2.carbon.registry.core.jdbc.EmbeddedRegistryService} - Connected to mount at govregistry in 0ms
TID: [] [] [2026-10-01 19:48:42,168]  INFO {org.wso2.carbon.registry.core.internal.RegistryCoreServiceComponent} - Registry Mode    : READ-WRITE
TID: [] [] [2026-10-01 19:48:42,484]  INFO {org.wso2.carbon.metrics.impl.util.JmxReporterBuilder} - Creating JMX reporter for Metrics with domain 'org.wso2.carbon.metrics'
TID: [] [] [2026-10-01 19:48:42,486]  INFO {org.wso2.carbon.metrics.impl.reporter.AbstractReporter} - Started JMX reporter for Metrics
TID: [] [] [2026-10-01 19:49:01,635]  INFO {org.wso2.carbon.registry.indexing.solr.SolrClient} - Default Embedded Solr Server Initialized
TID: [] [] [2026-10-01 19:49:01,725]  INFO {org.wso2.carbon.user.core.internal.UserStoreMgtDSComponent} - Carbon UserStoreMgtDSComponent activated successfully.
TID: [] [] [2026-10-01 19:49:04,122]  INFO {org.wso2.carbon.identity.user.store.configuration.deployer.UserStoreConfigurationDeployer} - User Store Configuration Deployer initiated.
TID: [] [] [2026-10-01 19:49:04,122]  INFO {org.wso2.carbon.identity.user.store.configuration.deployer.UserStoreConfigurationDeployer} - User Store Configuration Deployer initiated.
TID: [] [] [2026-10-01 19:49:04,303]  INFO {org.wso2.carbon.websocket.transport.WebsocketTransportSender} - WSS Sender started
TID: [] [] [2026-10-01 19:49:04,319]  INFO {org.apache.synapse.transport.passthru.PassThroughHttpSender} - Initializing Pass-through HTTP/S Sender...
TID: [] [] [2026-10-01 19:49:04,352]  INFO {org.apache.synapse.transport.passthru.PassThroughHttpSender} - Pass-through HTTP Sender started...
TID: [] [] [2026-10-01 19:49:04,352]  INFO {org.apache.synapse.transport.passthru.PassThroughHttpSSLSender} - Initializing Pass-through HTTP/S Sender...
TID: [] [] [2026-10-01 19:49:04,359]  INFO {org.apache.synapse.transport.nhttp.config.ClientConnFactoryBuilder} - customSSLProfiles configuration is loaded from path: C:\Users\gabri\Desktop\ENTREV~1\WSO2AM~1.0\repository/resources/security/sslprofiles.xml
TID: [] [] [2026-10-01 19:49:04,359]  INFO {org.apache.synapse.transport.nhttp.config.ClientConnFactoryBuilder} - HTTPS Loading custom SSL profiles for the HTTPS sender
TID: [] [] [2026-10-01 19:49:04,361]  INFO {org.apache.synapse.transport.nhttp.config.ClientConnFactoryBuilder} - HTTPS Custom SSL profiles initialized for 1 mappings
TID: [] [] [2026-10-01 19:49:04,363]  INFO {org.apache.synapse.transport.passthru.PassThroughHttpSSLSender} - Pass-through HTTPS Sender started...
TID: [] [] [2026-10-01 19:49:04,366]  INFO {org.wso2.carbon.websocket.transport.WebsocketTransportSender} - WS Sender started
TID: [] [] [2026-10-01 19:49:04,392]  INFO {org.apache.synapse.transport.passthru.PassThroughHttpListener} - Initializing Pass-through HTTP/S Listener...
TID: [] [] [2026-10-01 19:49:04,407]  INFO {org.apache.synapse.transport.passthru.PassThroughHttpMultiSSLListener} - Initializing Pass-through HTTP/S Listener...
TID: [] [] [2026-10-01 19:49:04,411]  INFO {org.apache.synapse.transport.nhttp.config.ServerConnFactoryBuilder} - SSLProfile configuration is loaded from path: C:\Users\gabri\Desktop\ENTREV~1\WSO2AM~1.0\repository/resources/security/listenerprofiles.xml
TID: [] [] [2026-10-01 19:49:04,620]  INFO {org.wso2.carbon.core.deployment.DeploymentInterceptor} - Deploying Axis2 service: AdminAdvisoryManagementService {super-tenant}
TID: [] [] [2026-10-01 19:49:05,028]  INFO {org.wso2.carbon.core.deployment.DeploymentInterceptor} - Deploying Axis2 service: I18nEmailMgtConfigService {super-tenant}
TID: [] [] [2026-10-01 19:49:05,754]  INFO {org.wso2.carbon.core.deployment.DeploymentInterceptor} - Deploying Axis2 service: AccountCredentialMgtConfigService {super-tenant}
TID: [] [] [2026-10-01 19:49:05,754]  INFO {org.wso2.carbon.core.deployment.DeploymentInterceptor} - Deploying Axis2 service: UserIdentityManagementAdminService {super-tenant}
TID: [] [] [2026-10-01 19:49:05,754]  INFO {org.wso2.carbon.core.deployment.DeploymentInterceptor} - Deploying Axis2 service: UserInformationRecoveryService {super-tenant}
TID: [] [] [2026-10-01 19:49:06,081]  WARN {org.apache.axis2.description.java2wsdl.DefaultSchemaGenerator} - We don't support method overloading. Ignoring [resetRemoteServerConfig]
TID: [] [] [2026-10-01 19:49:06,081]  WARN {org.apache.axis2.description.java2wsdl.DefaultSchemaGenerator} - We don't support method overloading. Ignoring [addRemoteServerConfig]
TID: [] [] [2026-10-01 19:49:06,386]  WARN {org.apache.axis2.description.java2wsdl.DefaultSchemaGenerator} - We don't support method overloading. Ignoring [searchByAttribute]
TID: [] [] [2026-10-01 19:49:07,002]  INFO {org.wso2.carbon.core.init.CarbonServerManager} - Repository       : C:\Users\gabri\Desktop\ENTREV~1\WSO2AM~1.0\bin\../repository/deployment/server/
TID: [] [] [2026-10-01 19:49:07,004]  INFO {org.wso2.carbon.event.input.adapter.kafka.internal.ds.KafkaEventAdapterServiceHolder} - Kafka input event adaptor waiting for dependent configurations to load
TID: [] [] [2026-10-01 19:49:07,012]  INFO {org.wso2.carbon.andes.core.internal.ds.QueueManagerServiceDS} - Successfully created the queue manager service
TID: [] [] [2026-10-01 19:49:07,015]  INFO {org.wso2.carbon.andes.core.internal.ds.SubscriptionManagerServiceDS} - Successfully created the subscription manager service
TID: [] [] [2026-10-01 19:49:07,060]  INFO {org.wso2.carbon.apimgt.persistence.internal.PersistenceManagerComponent} - Activating PersistenceManagerComponent 
TID: [] [] [2026-10-01 19:49:07,076]  INFO {org.wso2.carbon.core.multitenancy.eager.TenantLoadingConfig} - Using tenant lazy loading policy...
TID: [] [] [2026-10-01 19:49:07,085]  INFO {org.wso2.carbon.core.internal.permission.update.PermissionUpdater} - Permission cache updated for tenant -1234
TID: [] [] [2026-10-01 19:49:07,722]  INFO {org.wso2.carbon.user.core.internal.UserStoreMgtDSComponent} - Claim manager set for class org.wso2.carbon.user.core.common.DefaultRealm
TID: [] [] [2026-10-01 19:49:07,724]  INFO {org.wso2.carbon.user.core.internal.UserStoreMgtDSComponent} - Claim manager set for class org.wso2.carbon.user.core.jdbc.UniqueIDJDBCUserStoreManager
TID: [] [] [2026-10-01 19:49:07,732]  INFO {org.wso2.carbon.identity.entitlement.internal.SchemaBuilder} - XACML policy schema loaded successfully.
TID: [] [] [2026-10-01 19:49:07,762]  WARN {org.wso2.carbon.identity.application.mgt.internal.ApplicationManagementServiceComponent} - Templates directory not found at C:\Users\gabri\Desktop\ENTREV~1\WSO2AM~1.0\bin\..\repository\resources\identity\authntemplates
TID: [] [] [2026-10-01 19:49:07,945]  WARN {org.wso2.carbon.identity.auth.valve.internal.AuthenticationValveServiceComponent} - File invalid_tenant_domain_response.html not found. The default content will be used as the error page content.
TID: [] [] [2026-10-01 19:49:07,975]  WARN {org.wso2.carbon.identity.auth.service.internal.AuthenticationServiceComponent} - 

##################################  ALERT  ##################################
[WARNING]: Internal authentication is utilizing default credentials,
which may expose the environment to potential security risks.
If this is a production environment, change the credentials immediately.
Please refer to the WSO2 security advisory: https://security.docs.wso2.com/en/latest/security-announcements/security-advisories/2023/WSO2-2023-2617/
#############################################################################

TID: [] [] [2026-10-01 19:49:07,983]  INFO {org.wso2.carbon.identity.organization.management.tenant.association.internal.TenantAssociationServiceComponent} - Organization management related TenantAssociationManagementListener registered successfully.
TID: [] [] [2026-10-01 19:49:08,731]  INFO {org.wso2.carbon.apimgt.impl.dao.CorrelationConfigDAO} - Correlation Components [http, jdbc, ldap, synapse, method-calls]
TID: [] [] [2026-10-01 19:49:08,798]  INFO {org.wso2.carbon.apimgt.common.jms.factory.JMSConnectionFactory} - JMS ConnectionFactory : Siddhi-JMS-Consumer initialized
TID: [] [] [2026-10-01 19:49:08,804]  INFO {org.wso2.carbon.apimgt.governance.impl.ComplianceEvaluationScheduler} - Initializing Evaluation Request Scheduler...
TID: [] [] [2026-10-01 19:49:08,811]  INFO {org.wso2.carbon.apimgt.common.jms.factory.JMSConnectionFactory} - JMS ConnectionFactory : Siddhi-JMS-Consumer initialized
TID: [] [] [2026-10-01 19:49:08,863]  INFO {org.wso2.carbon.apimgt.common.jms.factory.JMSConnectionFactory} - JMS ConnectionFactory : Siddhi-JMS-Consumer initialized
TID: [] [] [2026-10-01 19:49:08,929]  INFO {org.wso2.carbon.identity.oauth.config.OAuthServerConfiguration} - The default OAuth token issuer will be used. No custom token generator is set.
TID: [] [] [2026-10-01 19:49:08,930]  INFO {org.wso2.carbon.identity.oauth.config.OAuthServerConfiguration} - An instance of org.wso2.carbon.identity.oauth2.token.OauthTokenIssuerImpl is created for Identity OAuth token generation.
TID: [] [] [2026-10-01 19:49:09,699]  INFO {org.wso2.carbon.identity.local.auth.api.core.internal.AuthAPIServiceComponent} - Auth API Service Component  is activated.
TID: [] [] [2026-10-01 19:49:09,870]  WARN {org.wso2.carbon.identity.event.internal.IdentityEventServiceComponent} - Properties for OrganizationCreationHandler is not configured. This event handler will not be activated
TID: [] [] [2026-10-01 19:49:09,892]  WARN {org.wso2.carbon.identity.application.authentication.framework.internal.FrameworkServiceComponent} - Adaptive authentication is disabled.
TID: [] [] [2026-10-01 19:49:09,943]  INFO {org.wso2.carbon.identity.application.authentication.framework.store.SessionDataStore} - Thread pool size for temporary authentication context data delete task: 20
TID: [] [] [2026-10-01 19:49:10,749]  INFO {org.wso2.carbon.mediation.initializer.ServiceBusInitializer} - Starting ESB...
TID: [] [] [2026-10-01 19:49:10,762]  INFO {org.wso2.carbon.mediation.initializer.ServiceBusInitializer} - Initializing Apache Synapse...
TID: [] [] [2026-10-01 19:49:10,765]  INFO {org.apache.synapse.SynapseControllerFactory} - Using Synapse home : C:\Users\gabri\Desktop\ENTREV~1\WSO2AM~1.0\.
TID: [] [] [2026-10-01 19:49:10,765]  INFO {org.apache.synapse.SynapseControllerFactory} - Using synapse.xml location : C:\Users\gabri\Desktop\ENTREV~1\WSO2AM~1.0\.\.\repository\deployment\server\synapse-configs\default
TID: [] [] [2026-10-01 19:49:10,765]  INFO {org.apache.synapse.SynapseControllerFactory} - Using server name : localhost
TID: [] [] [2026-10-01 19:49:10,782]  INFO {org.apache.synapse.SynapseControllerFactory} - The timeout handler will run every : 15s
TID: [] [] [2026-10-01 19:49:10,800]  INFO {org.apache.synapse.Axis2SynapseController} - Initializing Synapse at : Thu Oct 01 19:49:10 GMT-03:00 2026
TID: [] [] [2026-10-01 19:49:10,805]  INFO {org.wso2.carbon.mediation.initializer.CarbonSynapseController} - Loading the mediation configuration from the file system
TID: [] [] [2026-10-01 19:49:10,806]  INFO {org.apache.synapse.config.xml.MultiXMLConfigurationBuilder} - Building synapse configuration from the synapse artifact repository at : .\.\repository/deployment/server/synapse-configs\default
TID: [] [] [2026-10-01 19:49:10,807]  INFO {org.apache.synapse.config.xml.XMLConfigurationBuilder} - Generating the Synapse configuration model by parsing the XML configuration
TID: [] [] [2026-10-01 19:49:10,914]  INFO {org.wso2.carbon.mediation.dependency.mgt.DependencyTracker} - Sequence : dispatchSeq was added to the Synapse configuration successfully
TID: [] [] [2026-10-01 19:49:10,956]  INFO {org.wso2.carbon.mediation.dependency.mgt.DependencyTracker} - Sequence : fault was added to the Synapse configuration successfully
TID: [] [] [2026-10-01 19:49:10,981]  INFO {org.wso2.carbon.mediation.dependency.mgt.DependencyTracker} - Sequence : guardrail_fault was added to the Synapse configuration successfully
TID: [] [] [2026-10-01 19:49:11,015]  INFO {org.wso2.carbon.mediation.dependency.mgt.DependencyTracker} - Sequence : main was added to the Synapse configuration successfully
TID: [] [] [2026-10-01 19:49:11,016]  INFO {org.wso2.carbon.mediation.dependency.mgt.DependencyTracker} - Sequence : outDispatchSeq was added to the Synapse configuration successfully
TID: [] [] [2026-10-01 19:49:11,039]  INFO {org.wso2.carbon.mediation.dependency.mgt.DependencyTracker} - Sequence : webhooksFaultSequence was added to the Synapse configuration successfully
TID: [] [] [2026-10-01 19:49:11,059]  INFO {org.wso2.carbon.mediation.dependency.mgt.DependencyTracker} - Sequence : _auth_failure_handler_ was added to the Synapse configuration successfully
TID: [] [] [2026-10-01 19:49:11,080]  INFO {org.wso2.carbon.mediation.dependency.mgt.DependencyTracker} - Sequence : _backend_failure_handler_ was added to the Synapse configuration successfully
TID: [] [] [2026-10-01 19:49:11,086]  INFO {org.wso2.carbon.mediation.dependency.mgt.DependencyTracker} - Sequence : _api_blocked_sequence_ was added to the Synapse configuration successfully
TID: [] [] [2026-10-01 19:49:11,091]  INFO {org.wso2.carbon.mediation.dependency.mgt.DependencyTracker} - Sequence : _build_ was added to the Synapse configuration successfully
TID: [] [] [2026-10-01 19:49:11,115]  INFO {org.wso2.carbon.mediation.dependency.mgt.DependencyTracker} - Sequence : _cors_request_handler_ was added to the Synapse configuration successfully
TID: [] [] [2026-10-01 19:49:11,116]  INFO {org.wso2.carbon.mediation.dependency.mgt.DependencyTracker} - Sequence : _extension_fault_handler_ was added to the Synapse configuration successfully
TID: [] [] [2026-10-01 19:49:11,128]  INFO {org.wso2.carbon.mediation.dependency.mgt.DependencyTracker} - Sequence : _graphql_failure_handler was added to the Synapse configuration successfully
TID: [] [] [2026-10-01 19:49:11,140]  INFO {org.wso2.carbon.mediation.dependency.mgt.DependencyTracker} - Sequence : _mcp_failure_handler_ was added to the Synapse configuration successfully
TID: [] [] [2026-10-01 19:49:11,160]  INFO {org.wso2.carbon.mediation.dependency.mgt.DependencyTracker} - Sequence : _opa_policy_failure_handler_ was added to the Synapse configuration successfully
TID: [] [] [2026-10-01 19:49:11,162]  INFO {org.wso2.carbon.mediation.dependency.mgt.DependencyTracker} - Sequence : _production_key_error_ was added to the Synapse configuration successfully
TID: [] [] [2026-10-01 19:49:11,163]  INFO {org.wso2.carbon.mediation.dependency.mgt.DependencyTracker} - Sequence : _resource_mismatch_handler_ was added to the Synapse configuration successfully
TID: [] [] [2026-10-01 19:49:11,165]  INFO {org.wso2.carbon.mediation.dependency.mgt.DependencyTracker} - Sequence : _sandbox_key_error_ was added to the Synapse configuration successfully
TID: [] [] [2026-10-01 19:49:11,184]  INFO {org.wso2.carbon.mediation.dependency.mgt.DependencyTracker} - Sequence : _threat_fault_ was added to the Synapse configuration successfully
TID: [] [] [2026-10-01 19:49:11,221]  INFO {org.wso2.carbon.mediation.dependency.mgt.DependencyTracker} - Sequence : _throttle_out_handler_ was added to the Synapse configuration successfully
TID: [] [] [2026-10-01 19:49:11,235]  INFO {org.wso2.carbon.mediation.dependency.mgt.DependencyTracker} - Sequence : _token_fault_ was added to the Synapse configuration successfully
TID: [] [] [2026-10-01 19:49:11,260]  INFO {org.wso2.carbon.mediation.dependency.mgt.DependencyTracker} - API : _OpenService_ was added to the Synapse configuration successfully
TID: [] [] [2026-10-01 19:49:11,264]  INFO {org.wso2.carbon.mediation.dependency.mgt.DependencyTracker} - Inbound Endpoint : SecureWebhookServer was added to the Synapse configuration successfully
TID: [] [] [2026-10-01 19:49:11,265]  INFO {org.wso2.carbon.mediation.dependency.mgt.DependencyTracker} - Inbound Endpoint : SecureWebSocketEP was added to the Synapse configuration successfully
TID: [] [] [2026-10-01 19:49:11,266]  INFO {org.wso2.carbon.mediation.dependency.mgt.DependencyTracker} - Inbound Endpoint : WebhookServer was added to the Synapse configuration successfully
TID: [] [] [2026-10-01 19:49:11,267]  INFO {org.wso2.carbon.mediation.dependency.mgt.DependencyTracker} - Inbound Endpoint : WebSocketInboundEndpoint was added to the Synapse configuration successfully
TID: [] [] [2026-10-01 19:49:11,268]  INFO {org.apache.synapse.config.SynapseConfigurationBuilder} - Loaded Synapse configuration from the artifact repository at : .\.\repository/deployment/server/synapse-configs\default
TID: [] [] [2026-10-01 19:49:11,268]  INFO {org.wso2.carbon.mediation.dependency.mgt.DependencyTracker} - Local entry : SERVER_HOST was added to the Synapse configuration successfully
TID: [] [] [2026-10-01 19:49:11,269]  INFO {org.wso2.carbon.mediation.dependency.mgt.DependencyTracker} - Local entry : SERVER_IP was added to the Synapse configuration successfully
TID: [] [] [2026-10-01 19:49:11,298]  INFO {org.apache.synapse.Axis2SynapseController} - Loading mediator extensions...
TID: [] [] [2026-10-01 19:49:12,069]  INFO {org.wso2.carbon.core.deployment.DeploymentInterceptor} - Deploying Axis2 service: echo {super-tenant}
TID: [] [] [2026-10-01 19:49:12,085]  INFO {org.wso2.carbon.core.deployment.DeploymentInterceptor} - Deploying Axis2 service: Version {super-tenant}
TID: [] [] [2026-10-01 19:49:12,089]  INFO {org.wso2.carbon.event.publisher.core.EventPublisherDeployer} - Event Publisher deployment held back and in inactive state :EmailPublisher.xml, Stream validation exception : Stream id_gov_notify_stream:1.0.0 does not exist
TID: [] [] [2026-10-01 19:49:12,090]  INFO {org.wso2.carbon.event.publisher.core.EventPublisherDeployer} - Event Publisher deployment held back and in inactive state :HTTP-recommendationEventPublisher.xml, Stream validation exception : Stream org.wso2.apimgt.recommendation.event.stream:1.0.0 does not exist
TID: [] [] [2026-10-01 19:49:12,091]  INFO {org.wso2.carbon.event.publisher.core.EventPublisherDeployer} - Event Publisher deployment held back and in inactive state :asyncWebhooksEventPublisher.xml, Stream validation exception : Stream org.wso2.apimgt.webhooks.request.stream:1.0.0 does not exist
TID: [] [] [2026-10-01 19:49:12,091]  INFO {org.wso2.carbon.event.publisher.core.EventPublisherDeployer} - Event Publisher deployment held back and in inactive state :asyncWebhooksEventPublisher2.xml, Stream validation exception : Stream org.wso2.apimgt.webhooks.request.stream:1.0.0 does not exist
TID: [] [] [2026-10-01 19:49:12,092]  INFO {org.wso2.carbon.event.publisher.core.EventPublisherDeployer} - Event Publisher deployment held back and in inactive state :asyncWebhooksEventPublisher_1.0.0.xml, Stream validation exception : Stream org.wso2.apimgt.webhooks.request.stream:1.0.0 does not exist
TID: [] [] [2026-10-01 19:49:12,093]  INFO {org.wso2.carbon.event.publisher.core.EventPublisherDeployer} - Event Publisher deployment held back and in inactive state :asyncWebhooksEventPublisher_1.0.0_2.xml, Stream validation exception : Stream org.wso2.apimgt.webhooks.request.stream:1.0.0 does not exist
TID: [] [] [2026-10-01 19:49:12,093]  INFO {org.wso2.carbon.event.publisher.core.EventPublisherDeployer} - Event Publisher deployment held back and in inactive state :blockingEventJMSPublisher.xml, Stream validation exception : Stream org.wso2.blocking.request.stream:1.0.0 does not exist
TID: [] [] [2026-10-01 19:49:12,094]  INFO {org.wso2.carbon.event.publisher.core.EventPublisherDeployer} - Event Publisher deployment held back and in inactive state :cacheInvalidationEventJMSPublisher.xml, Stream validation exception : Stream org.wso2.apimgt.cache.invalidation.stream:1.0.0 does not exist
TID: [] [] [2026-10-01 19:49:12,095]  INFO {org.wso2.carbon.event.publisher.core.EventPublisherDeployer} - Event Publisher deployment held back and in inactive state :globalCacheInvalidationJMSPublisher.xml, Stream validation exception : Stream cache.invalidation.stream:1.0.0 does not exist
TID: [] [] [2026-10-01 19:49:12,095]  INFO {org.wso2.carbon.event.publisher.core.EventPublisherDeployer} - Event Publisher deployment held back and in inactive state :jmsEventPublisher.xml, Stream validation exception : Stream org.wso2.throttle.globalThrottle.stream:1.0.0 does not exist
TID: [] [] [2026-10-01 19:49:12,096]  INFO {org.wso2.carbon.event.publisher.core.EventPublisherDeployer} - Event Publisher deployment held back and in inactive state :jmsEventPublisher2.xml, Stream validation exception : Stream org.wso2.throttle.globalThrottle.stream:1.0.0 does not exist
TID: [] [] [2026-10-01 19:49:12,096]  INFO {org.wso2.carbon.event.publisher.core.EventPublisherDeployer} - Event Publisher deployment held back and in inactive state :jmsEventPublisher_1.10.0.xml, Stream validation exception : Stream org.wso2.throttle.globalThrottle.stream:1.1.0 does not exist
TID: [] [] [2026-10-01 19:49:12,097]  INFO {org.wso2.carbon.event.publisher.core.EventPublisherDeployer} - Event Publisher deployment held back and in inactive state :jmsEventPublisher_1.10.0_2.xml, Stream validation exception : Stream org.wso2.throttle.globalThrottle.stream:1.1.0 does not exist
TID: [] [] [2026-10-01 19:49:12,098]  INFO {org.wso2.carbon.event.publisher.core.EventPublisherDeployer} - Event Publisher deployment held back and in inactive state :keymgtEventJMSEventPublisher.xml, Stream validation exception : Stream org.wso2.apimgt.keymgt.stream:1.0.0 does not exist
TID: [] [] [2026-10-01 19:49:12,098]  INFO {org.wso2.carbon.event.publisher.core.EventPublisherDeployer} - Event Publisher deployment held back and in inactive state :notificationEventJMSPublisher.xml, Stream validation exception : Stream org.wso2.apimgt.notification.stream:1.0.0 does not exist
TID: [] [] [2026-10-01 19:49:12,099]  INFO {org.wso2.carbon.event.publisher.core.EventPublisherDeployer} - Event Publisher deployment held back and in inactive state :tokenRevokeEventJMSPublisher.xml, Stream validation exception : Stream org.wso2.apimgt.token.revocation.stream:1.0.0 does not exist
TID: [] [] [2026-10-01 19:49:12,099]  INFO {org.wso2.carbon.event.publisher.core.EventPublisherDeployer} - Event Publisher deployment held back and in inactive state :tokenRevokeEventJMSPublisher_2.xml, Stream validation exception : Stream org.wso2.apimgt.token.revocation.stream:1.0.0 does not exist
TID: [] [] [2026-10-01 19:49:12,103]  INFO {org.wso2.carbon.event.receiver.core.EventReceiverDeployer} - Event receiver deployment held back and in inactive state: blockingWso2EventReceiver.xml, Stream validation exception: Stream org.wso2.blocking.request.stream:1.0.0 does not exist
TID: [] [] [2026-10-01 19:49:12,104]  INFO {org.wso2.carbon.event.receiver.core.EventReceiverDeployer} - Event receiver deployment held back and in inactive state: cacheInvalidationRequestReceiver.xml, Stream validation exception: Stream cache.invalidation.stream:1.0.0 does not exist
TID: [] [] [2026-10-01 19:49:12,105]  INFO {org.wso2.carbon.event.receiver.core.EventReceiverDeployer} - Event receiver deployment held back and in inactive state: cacheInvalidationWso2EventReceiver.xml, Stream validation exception: Stream org.wso2.apimgt.cache.invalidation.stream:1.0.0 does not exist
TID: [] [] [2026-10-01 19:49:12,105]  INFO {org.wso2.carbon.event.receiver.core.EventReceiverDeployer} - Event receiver deployment held back and in inactive state: keyMgtWso2EventReceiver.xml, Stream validation exception: Stream org.wso2.apimgt.keymgt.stream:1.0.0 does not exist
TID: [] [] [2026-10-01 19:49:12,105]  INFO {org.wso2.carbon.event.receiver.core.EventReceiverDeployer} - Event receiver deployment held back and in inactive state: notificationsWSO2EventReceiver.xml, Stream validation exception: Stream org.wso2.apimgt.notification.stream:1.0.0 does not exist
TID: [] [] [2026-10-01 19:49:12,106]  INFO {org.wso2.carbon.event.receiver.core.EventReceiverDeployer} - Event receiver deployment held back and in inactive state: recommendationWso2EventReceiver.xml, Stream validation exception: Stream org.wso2.apimgt.recommendation.event.stream:1.0.0 does not exist
TID: [] [] [2026-10-01 19:49:12,107]  INFO {org.wso2.carbon.event.receiver.core.EventReceiverDeployer} - Event receiver deployment held back and in inactive state: throttleEventReceiver.xml, Stream validation exception: Stream org.wso2.throttle.request.stream:1.0.0 does not exist
TID: [] [] [2026-10-01 19:49:12,108]  INFO {org.wso2.carbon.event.receiver.core.EventReceiverDeployer} - Event receiver deployment held back and in inactive state: throttleWSO2EventReceiver.xml, Stream validation exception: Stream org.wso2.throttle.request.stream:1.0.0 does not exist
TID: [] [] [2026-10-01 19:49:12,108]  INFO {org.wso2.carbon.event.receiver.core.EventReceiverDeployer} - Event receiver deployment held back and in inactive state: tokenRevocationWso2EventReceiver.xml, Stream validation exception: Stream org.wso2.apimgt.token.revocation.stream:1.0.0 does not exist
TID: [] [] [2026-10-01 19:49:12,280]  INFO {org.wso2.carbon.event.publisher.core.EventPublisherDeployer} - Event Publisher undeployed successfully : globalCacheInvalidationJMSPublisher.xml
TID: [] [] [2026-10-01 19:49:12,283]  INFO {org.wso2.carbon.event.stream.core.internal.EventJunction} - WSO2EventConsumer added to the junction. Stream:cache.invalidation.stream:1.0.0
TID: [] [] [2026-10-01 19:49:12,295]  INFO {org.wso2.carbon.event.publisher.core.EventPublisherDeployer} - Event Publisher configuration successfully deployed and in active state : globalCacheInvalidationJMSPublisher
TID: [] [] [2026-10-01 19:49:12,307]  INFO {org.wso2.carbon.event.receiver.core.EventReceiverDeployer} - Event Receiver undeployed successfully: cacheInvalidationRequestReceiver.xml
TID: [] [] [2026-10-01 19:49:12,312]  INFO {org.wso2.carbon.event.input.adapter.core.internal.InputAdapterRuntime} - Connecting receiver cacheInvalidationRequestReceiver
TID: [] [] [2026-10-01 19:49:12,312]  INFO {org.wso2.carbon.event.stream.core.internal.EventJunction} - Producer added to the junction. Stream:cache.invalidation.stream:1.0.0
TID: [] [] [2026-10-01 19:49:12,312]  INFO {org.wso2.carbon.event.receiver.core.EventReceiverDeployer} - Event Receiver configuration successfully deployed and in active state: cacheInvalidationRequestReceiver
TID: [] [] [2026-10-01 19:49:12,312]  INFO {org.wso2.carbon.event.stream.core.EventStreamDeployer} - Stream definition is deployed successfully  : cache.invalidation.stream:1.0.0
TID: [] [] [2026-10-01 19:49:12,313]  INFO {org.wso2.carbon.event.publisher.core.EventPublisherDeployer} - Event Publisher undeployed successfully : EmailPublisher.xml
TID: [] [] [2026-10-01 19:49:12,315]  INFO {org.wso2.carbon.event.stream.core.internal.EventJunction} - WSO2EventConsumer added to the junction. Stream:id_gov_notify_stream:1.0.0
TID: [] [] [2026-10-01 19:49:12,317]  INFO {org.wso2.carbon.event.publisher.core.EventPublisherDeployer} - Event Publisher configuration successfully deployed and in active state : EmailPublisher
TID: [] [] [2026-10-01 19:49:12,317]  INFO {org.wso2.carbon.event.stream.core.EventStreamDeployer} - Stream definition is deployed successfully  : id_gov_notify_stream:1.0.0
TID: [] [] [2026-10-01 19:49:12,318]  INFO {org.wso2.carbon.event.publisher.core.EventPublisherDeployer} - Event Publisher undeployed successfully : cacheInvalidationEventJMSPublisher.xml
TID: [] [] [2026-10-01 19:49:12,320]  INFO {org.wso2.carbon.event.stream.core.internal.EventJunction} - WSO2EventConsumer added to the junction. Stream:org.wso2.apimgt.cache.invalidation.stream:1.0.0
TID: [] [] [2026-10-01 19:49:12,320]  INFO {org.wso2.carbon.event.publisher.core.EventPublisherDeployer} - Event Publisher configuration successfully deployed and in active state : cacheInvalidationJMSPublisher
TID: [] [] [2026-10-01 19:49:12,320]  INFO {org.wso2.carbon.event.receiver.core.EventReceiverDeployer} - Event Receiver undeployed successfully: cacheInvalidationWso2EventReceiver.xml
TID: [] [] [2026-10-01 19:49:12,321]  INFO {org.wso2.carbon.event.input.adapter.core.internal.InputAdapterRuntime} - Connecting receiver cacheInvalidationWso2EventReceiver
TID: [] [] [2026-10-01 19:49:12,321]  INFO {org.wso2.carbon.event.stream.core.internal.EventJunction} - Producer added to the junction. Stream:org.wso2.apimgt.cache.invalidation.stream:1.0.0
TID: [] [] [2026-10-01 19:49:12,321]  INFO {org.wso2.carbon.event.receiver.core.EventReceiverDeployer} - Event Receiver configuration successfully deployed and in active state: cacheInvalidationWso2EventReceiver
TID: [] [] [2026-10-01 19:49:12,321]  INFO {org.wso2.carbon.event.stream.core.EventStreamDeployer} - Stream definition is deployed successfully  : org.wso2.apimgt.cache.invalidation.stream:1.0.0
TID: [] [] [2026-10-01 19:49:12,322]  INFO {org.wso2.carbon.event.publisher.core.EventPublisherDeployer} - Event Publisher undeployed successfully : keymgtEventJMSEventPublisher.xml
TID: [] [] [2026-10-01 19:49:12,323]  INFO {org.wso2.carbon.event.stream.core.internal.EventJunction} - WSO2EventConsumer added to the junction. Stream:org.wso2.apimgt.keymgt.stream:1.0.0
TID: [] [] [2026-10-01 19:49:12,323]  INFO {org.wso2.carbon.event.publisher.core.EventPublisherDeployer} - Event Publisher configuration successfully deployed and in active state : keymgtEventJMSEventPublisher
TID: [] [] [2026-10-01 19:49:12,323]  INFO {org.wso2.carbon.event.receiver.core.EventReceiverDeployer} - Event Receiver undeployed successfully: keyMgtWso2EventReceiver.xml
TID: [] [] [2026-10-01 19:49:12,324]  INFO {org.wso2.carbon.event.input.adapter.core.internal.InputAdapterRuntime} - Connecting receiver keyMgtWso2EventReceiver
TID: [] [] [2026-10-01 19:49:12,324]  INFO {org.wso2.carbon.event.stream.core.internal.EventJunction} - Producer added to the junction. Stream:org.wso2.apimgt.keymgt.stream:1.0.0
TID: [] [] [2026-10-01 19:49:12,324]  INFO {org.wso2.carbon.event.receiver.core.EventReceiverDeployer} - Event Receiver configuration successfully deployed and in active state: keyMgtWso2EventReceiver
TID: [] [] [2026-10-01 19:49:12,324]  INFO {org.wso2.carbon.event.stream.core.EventStreamDeployer} - Stream definition is deployed successfully  : org.wso2.apimgt.keymgt.stream:1.0.0
TID: [] [] [2026-10-01 19:49:12,324]  INFO {org.wso2.carbon.event.publisher.core.EventPublisherDeployer} - Event Publisher undeployed successfully : notificationEventJMSPublisher.xml
TID: [] [] [2026-10-01 19:49:12,325]  INFO {org.wso2.carbon.event.stream.core.internal.EventJunction} - WSO2EventConsumer added to the junction. Stream:org.wso2.apimgt.notification.stream:1.0.0
TID: [] [] [2026-10-01 19:49:12,325]  INFO {org.wso2.carbon.event.publisher.core.EventPublisherDeployer} - Event Publisher configuration successfully deployed and in active state : notificationJMSPublisher
TID: [] [] [2026-10-01 19:49:12,325]  INFO {org.wso2.carbon.event.receiver.core.EventReceiverDeployer} - Event Receiver undeployed successfully: notificationsWSO2EventReceiver.xml
TID: [] [] [2026-10-01 19:49:12,326]  INFO {org.wso2.carbon.event.input.adapter.core.internal.InputAdapterRuntime} - Connecting receiver notificationsWSO2EventReceiver
TID: [] [] [2026-10-01 19:49:12,326]  INFO {org.wso2.carbon.event.stream.core.internal.EventJunction} - Producer added to the junction. Stream:org.wso2.apimgt.notification.stream:1.0.0
TID: [] [] [2026-10-01 19:49:12,326]  INFO {org.wso2.carbon.event.receiver.core.EventReceiverDeployer} - Event Receiver configuration successfully deployed and in active state: notificationsWSO2EventReceiver
TID: [] [] [2026-10-01 19:49:12,326]  INFO {org.wso2.carbon.event.stream.core.EventStreamDeployer} - Stream definition is deployed successfully  : org.wso2.apimgt.notification.stream:1.0.0
TID: [] [] [2026-10-01 19:49:12,327]  INFO {org.wso2.carbon.event.publisher.core.EventPublisherDeployer} - Event Publisher undeployed successfully : HTTP-recommendationEventPublisher.xml
TID: [] [] [2026-10-01 19:49:12,328]  INFO {org.wso2.carbon.event.stream.core.internal.EventJunction} - WSO2EventConsumer added to the junction. Stream:org.wso2.apimgt.recommendation.event.stream:1.0.0
TID: [] [] [2026-10-01 19:49:12,329]  INFO {org.wso2.carbon.event.publisher.core.EventPublisherDeployer} - Event Publisher configuration successfully deployed and in active state : HTTP-recommendationEventPublisher
TID: [] [] [2026-10-01 19:49:12,329]  INFO {org.wso2.carbon.event.receiver.core.EventReceiverDeployer} - Event Receiver undeployed successfully: recommendationWso2EventReceiver.xml
TID: [] [] [2026-10-01 19:49:12,329]  INFO {org.wso2.carbon.event.input.adapter.core.internal.InputAdapterRuntime} - Connecting receiver recommendationWso2EventReceiver
TID: [] [] [2026-10-01 19:49:12,329]  INFO {org.wso2.carbon.event.stream.core.internal.EventJunction} - Producer added to the junction. Stream:org.wso2.apimgt.recommendation.event.stream:1.0.0
TID: [] [] [2026-10-01 19:49:12,329]  INFO {org.wso2.carbon.event.receiver.core.EventReceiverDeployer} - Event Receiver configuration successfully deployed and in active state: recommendationWso2EventReceiver
TID: [] [] [2026-10-01 19:49:12,329]  INFO {org.wso2.carbon.event.stream.core.EventStreamDeployer} - Stream definition is deployed successfully  : org.wso2.apimgt.recommendation.event.stream:1.0.0
TID: [] [] [2026-10-01 19:49:12,330]  INFO {org.wso2.carbon.event.publisher.core.EventPublisherDeployer} - Event Publisher undeployed successfully : tokenRevokeEventJMSPublisher.xml
TID: [] [] [2026-10-01 19:49:12,331]  INFO {org.wso2.carbon.event.stream.core.internal.EventJunction} - WSO2EventConsumer added to the junction. Stream:org.wso2.apimgt.token.revocation.stream:1.0.0
TID: [] [] [2026-10-01 19:49:12,331]  INFO {org.wso2.carbon.event.publisher.core.EventPublisherDeployer} - Event Publisher configuration successfully deployed and in active state : tokenRevocationJMSPublisher
TID: [] [] [2026-10-01 19:49:12,331]  INFO {org.wso2.carbon.event.publisher.core.EventPublisherDeployer} - Event Publisher undeployed successfully : tokenRevokeEventJMSPublisher_2.xml
TID: [] [] [2026-10-01 19:49:12,332]  INFO {org.wso2.carbon.event.stream.core.internal.EventJunction} - WSO2EventConsumer added to the junction. Stream:org.wso2.apimgt.token.revocation.stream:1.0.0
TID: [] [] [2026-10-01 19:49:12,332]  INFO {org.wso2.carbon.event.publisher.core.EventPublisherDeployer} - Event Publisher configuration successfully deployed and in active state : tokenRevocationJMSPublisher2
TID: [] [] [2026-10-01 19:49:12,332]  INFO {org.wso2.carbon.event.receiver.core.EventReceiverDeployer} - Event Receiver undeployed successfully: tokenRevocationWso2EventReceiver.xml
TID: [] [] [2026-10-01 19:49:12,333]  INFO {org.wso2.carbon.event.input.adapter.core.internal.InputAdapterRuntime} - Connecting receiver tokenRevocationWso2EventReceiver
TID: [] [] [2026-10-01 19:49:12,333]  INFO {org.wso2.carbon.event.stream.core.internal.EventJunction} - Producer added to the junction. Stream:org.wso2.apimgt.token.revocation.stream:1.0.0
TID: [] [] [2026-10-01 19:49:12,333]  INFO {org.wso2.carbon.event.receiver.core.EventReceiverDeployer} - Event Receiver configuration successfully deployed and in active state: tokenRevocationWso2EventReceiver
TID: [] [] [2026-10-01 19:49:12,333]  INFO {org.wso2.carbon.event.stream.core.EventStreamDeployer} - Stream definition is deployed successfully  : org.wso2.apimgt.token.revocation.stream:1.0.0
TID: [] [] [2026-10-01 19:49:12,334]  INFO {org.wso2.carbon.event.publisher.core.EventPublisherDeployer} - Event Publisher undeployed successfully : asyncWebhooksEventPublisher.xml
TID: [] [] [2026-10-01 19:49:12,335]  INFO {org.wso2.carbon.event.stream.core.internal.EventJunction} - WSO2EventConsumer added to the junction. Stream:org.wso2.apimgt.webhooks.request.stream:1.0.0
TID: [] [] [2026-10-01 19:49:12,335]  INFO {org.wso2.carbon.event.publisher.core.EventPublisherDeployer} - Event Publisher configuration successfully deployed and in active state : asyncWebhooksEventPublisher
TID: [] [] [2026-10-01 19:49:12,335]  INFO {org.wso2.carbon.event.publisher.core.EventPublisherDeployer} - Event Publisher undeployed successfully : asyncWebhooksEventPublisher2.xml
TID: [] [] [2026-10-01 19:49:12,337]  INFO {org.wso2.carbon.event.stream.core.internal.EventJunction} - WSO2EventConsumer added to the junction. Stream:org.wso2.apimgt.webhooks.request.stream:1.0.0
TID: [] [] [2026-10-01 19:49:12,337]  INFO {org.wso2.carbon.event.publisher.core.EventPublisherDeployer} - Event Publisher configuration successfully deployed and in active state : asyncWebhooksEventPublisher2
TID: [] [] [2026-10-01 19:49:12,337]  INFO {org.wso2.carbon.event.publisher.core.EventPublisherDeployer} - Event Publisher undeployed successfully : asyncWebhooksEventPublisher_1.0.0.xml
TID: [] [] [2026-10-01 19:49:12,337]  INFO {org.wso2.carbon.event.stream.core.internal.EventJunction} - WSO2EventConsumer added to the junction. Stream:org.wso2.apimgt.webhooks.request.stream:1.0.0
TID: [] [] [2026-10-01 19:49:12,338]  INFO {org.wso2.carbon.event.publisher.core.EventPublisherDeployer} - Event Publisher configuration successfully deployed and in active state : asyncWebhooksEventPublisher-1.0.0
TID: [] [] [2026-10-01 19:49:12,338]  INFO {org.wso2.carbon.event.publisher.core.EventPublisherDeployer} - Event Publisher undeployed successfully : asyncWebhooksEventPublisher_1.0.0_2.xml
TID: [] [] [2026-10-01 19:49:12,338]  INFO {org.wso2.carbon.event.stream.core.internal.EventJunction} - WSO2EventConsumer added to the junction. Stream:org.wso2.apimgt.webhooks.request.stream:1.0.0
TID: [] [] [2026-10-01 19:49:12,339]  INFO {org.wso2.carbon.event.publisher.core.EventPublisherDeployer} - Event Publisher configuration successfully deployed and in active state : asyncWebhooksEventPublisher-1.0.0-2
TID: [] [] [2026-10-01 19:49:12,339]  INFO {org.wso2.carbon.event.stream.core.EventStreamDeployer} - Stream definition is deployed successfully  : org.wso2.apimgt.webhooks.request.stream:1.0.0
TID: [] [] [2026-10-01 19:49:12,339]  INFO {org.wso2.carbon.event.publisher.core.EventPublisherDeployer} - Event Publisher undeployed successfully : blockingEventJMSPublisher.xml
TID: [] [] [2026-10-01 19:49:12,340]  INFO {org.wso2.carbon.event.stream.core.internal.EventJunction} - WSO2EventConsumer added to the junction. Stream:org.wso2.blocking.request.stream:1.0.0
TID: [] [] [2026-10-01 19:49:12,341]  INFO {org.wso2.carbon.event.publisher.core.EventPublisherDeployer} - Event Publisher configuration successfully deployed and in active state : blockingEventJMSPublisher
TID: [] [] [2026-10-01 19:49:12,341]  INFO {org.wso2.carbon.event.receiver.core.EventReceiverDeployer} - Event Receiver undeployed successfully: blockingWso2EventReceiver.xml
TID: [] [] [2026-10-01 19:49:12,341]  INFO {org.wso2.carbon.event.input.adapter.core.internal.InputAdapterRuntime} - Connecting receiver blockingWso2EventReceiver
TID: [] [] [2026-10-01 19:49:12,341]  INFO {org.wso2.carbon.event.stream.core.internal.EventJunction} - Producer added to the junction. Stream:org.wso2.blocking.request.stream:1.0.0
TID: [] [] [2026-10-01 19:49:12,341]  INFO {org.wso2.carbon.event.receiver.core.EventReceiverDeployer} - Event Receiver configuration successfully deployed and in active state: blockingWso2EventReceiver
TID: [] [] [2026-10-01 19:49:12,341]  INFO {org.wso2.carbon.event.stream.core.EventStreamDeployer} - Stream definition is deployed successfully  : org.wso2.blocking.request.stream:1.0.0
TID: [] [] [2026-10-01 19:49:12,342]  INFO {org.wso2.carbon.event.stream.core.EventStreamDeployer} - Stream definition is deployed successfully  : org.wso2.botDetectionData.request.stream:1.0.0
TID: [] [] [2026-10-01 19:49:12,343]  INFO {org.wso2.carbon.event.publisher.core.EventPublisherDeployer} - Event Publisher undeployed successfully : jmsEventPublisher.xml
TID: [] [] [2026-10-01 19:49:12,343]  INFO {org.wso2.carbon.event.stream.core.internal.EventJunction} - WSO2EventConsumer added to the junction. Stream:org.wso2.throttle.globalThrottle.stream:1.0.0
TID: [] [] [2026-10-01 19:49:12,344]  INFO {org.wso2.carbon.event.publisher.core.EventPublisherDeployer} - Event Publisher configuration successfully deployed and in active state : jmsEventPublisher
TID: [] [] [2026-10-01 19:49:12,344]  INFO {org.wso2.carbon.event.publisher.core.EventPublisherDeployer} - Event Publisher undeployed successfully : jmsEventPublisher2.xml
TID: [] [] [2026-10-01 19:49:12,344]  INFO {org.wso2.carbon.event.stream.core.internal.EventJunction} - WSO2EventConsumer added to the junction. Stream:org.wso2.throttle.globalThrottle.stream:1.0.0
TID: [] [] [2026-10-01 19:49:12,344]  INFO {org.wso2.carbon.event.publisher.core.EventPublisherDeployer} - Event Publisher configuration successfully deployed and in active state : jmsEventPublisher2
TID: [] [] [2026-10-01 19:49:12,354]  INFO {org.wso2.carbon.event.processor.core.EventProcessorDeployer} - Execution Plan was undeployed successfully : carbon.super_app_10PerMin.siddhiql
TID: [] [] [2026-10-01 19:49:12,359]  INFO {org.wso2.carbon.event.processor.core.EventProcessorDeployer} - Execution Plan was undeployed successfully : carbon.super_app_20PerMin.siddhiql
TID: [] [] [2026-10-01 19:49:12,361]  INFO {org.wso2.carbon.event.processor.core.EventProcessorDeployer} - Execution Plan was undeployed successfully : carbon.super_app_50PerMin.siddhiql
TID: [] [] [2026-10-01 19:49:12,364]  INFO {org.wso2.carbon.event.processor.core.EventProcessorDeployer} - Execution Plan was undeployed successfully : carbon.super_sub_AIBronze.siddhiql
TID: [] [] [2026-10-01 19:49:12,367]  INFO {org.wso2.carbon.event.processor.core.EventProcessorDeployer} - Execution Plan was undeployed successfully : carbon.super_sub_AIGold.siddhiql
TID: [] [] [2026-10-01 19:49:12,370]  INFO {org.wso2.carbon.event.processor.core.EventProcessorDeployer} - Execution Plan was undeployed successfully : carbon.super_sub_AISilver.siddhiql
TID: [] [] [2026-10-01 19:49:12,372]  INFO {org.wso2.carbon.event.processor.core.EventProcessorDeployer} - Execution Plan was undeployed successfully : carbon.super_sub_AsyncBronze.siddhiql
TID: [] [] [2026-10-01 19:49:12,374]  INFO {org.wso2.carbon.event.processor.core.EventProcessorDeployer} - Execution Plan was undeployed successfully : carbon.super_sub_AsyncDefaultSubscriptionless.siddhiql
TID: [] [] [2026-10-01 19:49:12,377]  INFO {org.wso2.carbon.event.processor.core.EventProcessorDeployer} - Execution Plan was undeployed successfully : carbon.super_sub_AsyncGold.siddhiql
TID: [] [] [2026-10-01 19:49:12,379]  INFO {org.wso2.carbon.event.processor.core.EventProcessorDeployer} - Execution Plan was undeployed successfully : carbon.super_sub_AsyncSilver.siddhiql
TID: [] [] [2026-10-01 19:49:12,381]  INFO {org.wso2.carbon.event.processor.core.EventProcessorDeployer} - Execution Plan was undeployed successfully : carbon.super_sub_AsyncWHBronze.siddhiql
TID: [] [] [2026-10-01 19:49:12,384]  INFO {org.wso2.carbon.event.processor.core.EventProcessorDeployer} - Execution Plan was undeployed successfully : carbon.super_sub_AsyncWHGold.siddhiql
TID: [] [] [2026-10-01 19:49:12,387]  INFO {org.wso2.carbon.event.processor.core.EventProcessorDeployer} - Execution Plan was undeployed successfully : carbon.super_sub_AsyncWHSilver.siddhiql
TID: [] [] [2026-10-01 19:49:12,390]  INFO {org.wso2.carbon.event.processor.core.EventProcessorDeployer} - Execution Plan was undeployed successfully : carbon.super_sub_Bronze.siddhiql
TID: [] [] [2026-10-01 19:49:12,392]  INFO {org.wso2.carbon.event.processor.core.EventProcessorDeployer} - Execution Plan was undeployed successfully : carbon.super_sub_DefaultSubscriptionless.siddhiql
TID: [] [] [2026-10-01 19:49:12,394]  INFO {org.wso2.carbon.event.processor.core.EventProcessorDeployer} - Execution Plan was undeployed successfully : carbon.super_sub_Gold.siddhiql
TID: [] [] [2026-10-01 19:49:12,397]  INFO {org.wso2.carbon.event.processor.core.EventProcessorDeployer} - Execution Plan was undeployed successfully : carbon.super_sub_Silver.siddhiql
TID: [] [] [2026-10-01 19:49:12,399]  INFO {org.wso2.carbon.event.processor.core.EventProcessorDeployer} - Execution Plan was undeployed successfully : carbon.super_sub_Unauthenticated.siddhiql
TID: [] [] [2026-10-01 19:49:12,400]  INFO {org.wso2.carbon.event.stream.core.EventStreamDeployer} - Stream definition is deployed successfully  : org.wso2.throttle.globalThrottle.stream:1.0.0
TID: [] [] [2026-10-01 19:49:12,401]  INFO {org.wso2.carbon.event.publisher.core.EventPublisherDeployer} - Event Publisher undeployed successfully : jmsEventPublisher_1.10.0.xml
TID: [] [] [2026-10-01 19:49:12,403]  INFO {org.wso2.carbon.event.stream.core.internal.EventJunction} - WSO2EventConsumer added to the junction. Stream:org.wso2.throttle.globalThrottle.stream:1.1.0
TID: [] [] [2026-10-01 19:49:12,403]  INFO {org.wso2.carbon.event.publisher.core.EventPublisherDeployer} - Event Publisher configuration successfully deployed and in active state : jmsEventPublisher-1.0.0
TID: [] [] [2026-10-01 19:49:12,403]  INFO {org.wso2.carbon.event.publisher.core.EventPublisherDeployer} - Event Publisher undeployed successfully : jmsEventPublisher_1.10.0_2.xml
TID: [] [] [2026-10-01 19:49:12,404]  INFO {org.wso2.carbon.event.stream.core.internal.EventJunction} - WSO2EventConsumer added to the junction. Stream:org.wso2.throttle.globalThrottle.stream:1.1.0
TID: [] [] [2026-10-01 19:49:12,404]  INFO {org.wso2.carbon.event.publisher.core.EventPublisherDeployer} - Event Publisher configuration successfully deployed and in active state : jmsEventPublisher-1.0.0-2
TID: [] [] [2026-10-01 19:49:12,404]  INFO {org.wso2.carbon.event.processor.core.EventProcessorDeployer} - Execution Plan was undeployed successfully : carbon.super_resource_10KPerMin_default.siddhiql
TID: [] [] [2026-10-01 19:49:12,406]  INFO {org.wso2.carbon.event.processor.core.EventProcessorDeployer} - Execution Plan was undeployed successfully : carbon.super_resource_20KPerMin_default.siddhiql
TID: [] [] [2026-10-01 19:49:12,408]  INFO {org.wso2.carbon.event.processor.core.EventProcessorDeployer} - Execution Plan was undeployed successfully : carbon.super_resource_50KPerMin_default.siddhiql
TID: [] [] [2026-10-01 19:49:12,410]  INFO {org.wso2.carbon.event.stream.core.EventStreamDeployer} - Stream definition is deployed successfully  : org.wso2.throttle.globalThrottle.stream:1.1.0
TID: [] [] [2026-10-01 19:49:12,413]  INFO {org.wso2.carbon.event.processor.core.EventProcessorDeployer} - Execution Plan was undeployed successfully : RequestPreProcessorExecutionPlan.siddhiql
TID: [] [] [2026-10-01 19:49:12,414]  INFO {org.wso2.carbon.event.processor.core.EventProcessorDeployer} - Execution Plan was undeployed successfully : carbon.super_app_10PerMin.siddhiql
TID: [] [] [2026-10-01 19:49:12,452]  INFO {org.wso2.carbon.event.stream.core.internal.EventJunction} - Producer added to the junction. Stream:org.wso2.throttle.globalThrottle.stream:1.0.0
TID: [] [] [2026-10-01 19:49:12,453]  INFO {org.wso2.carbon.event.stream.core.internal.EventJunction} - Consumer added to the junction. Stream:org.wso2.throttle.processed.request.stream:1.0.0
TID: [] [] [2026-10-01 19:49:12,453]  INFO {org.wso2.carbon.event.processor.core.EventProcessorDeployer} - Execution plan is deployed successfully and in active state  : carbon.super_app_10PerMin
TID: [] [] [2026-10-01 19:49:12,453]  INFO {org.wso2.carbon.event.processor.core.EventProcessorDeployer} - Execution Plan was undeployed successfully : carbon.super_app_20PerMin.siddhiql
TID: [] [] [2026-10-01 19:49:12,463]  INFO {org.wso2.carbon.event.stream.core.internal.EventJunction} - Producer added to the junction. Stream:org.wso2.throttle.globalThrottle.stream:1.0.0
TID: [] [] [2026-10-01 19:49:12,463]  INFO {org.wso2.carbon.event.stream.core.internal.EventJunction} - Consumer added to the junction. Stream:org.wso2.throttle.processed.request.stream:1.0.0
TID: [] [] [2026-10-01 19:49:12,463]  INFO {org.wso2.carbon.event.processor.core.EventProcessorDeployer} - Execution plan is deployed successfully and in active state  : carbon.super_app_20PerMin
TID: [] [] [2026-10-01 19:49:12,463]  INFO {org.wso2.carbon.event.processor.core.EventProcessorDeployer} - Execution Plan was undeployed successfully : carbon.super_app_50PerMin.siddhiql
TID: [] [] [2026-10-01 19:49:12,472]  INFO {org.wso2.carbon.event.stream.core.internal.EventJunction} - Producer added to the junction. Stream:org.wso2.throttle.globalThrottle.stream:1.0.0
TID: [] [] [2026-10-01 19:49:12,472]  INFO {org.wso2.carbon.event.stream.core.internal.EventJunction} - Consumer added to the junction. Stream:org.wso2.throttle.processed.request.stream:1.0.0
TID: [] [] [2026-10-01 19:49:12,472]  INFO {org.wso2.carbon.event.processor.core.EventProcessorDeployer} - Execution plan is deployed successfully and in active state  : carbon.super_app_50PerMin
TID: [] [] [2026-10-01 19:49:12,472]  INFO {org.wso2.carbon.event.processor.core.EventProcessorDeployer} - Execution Plan was undeployed successfully : carbon.super_sub_AIBronze.siddhiql
TID: [] [] [2026-10-01 19:49:12,483]  INFO {org.wso2.carbon.event.stream.core.internal.EventJunction} - Producer added to the junction. Stream:org.wso2.throttle.globalThrottle.stream:1.0.0
TID: [] [] [2026-10-01 19:49:12,483]  INFO {org.wso2.carbon.event.stream.core.internal.EventJunction} - Consumer added to the junction. Stream:org.wso2.throttle.processed.request.stream:1.0.0
TID: [] [] [2026-10-01 19:49:12,483]  INFO {org.wso2.carbon.event.processor.core.EventProcessorDeployer} - Execution plan is deployed successfully and in active state  : carbon.super_sub_AIBronze
TID: [] [] [2026-10-01 19:49:12,483]  INFO {org.wso2.carbon.event.processor.core.EventProcessorDeployer} - Execution Plan was undeployed successfully : carbon.super_sub_AIGold.siddhiql
TID: [] [] [2026-10-01 19:49:12,493]  INFO {org.wso2.carbon.event.stream.core.internal.EventJunction} - Producer added to the junction. Stream:org.wso2.throttle.globalThrottle.stream:1.0.0
TID: [] [] [2026-10-01 19:49:12,493]  INFO {org.wso2.carbon.event.stream.core.internal.EventJunction} - Consumer added to the junction. Stream:org.wso2.throttle.processed.request.stream:1.0.0
TID: [] [] [2026-10-01 19:49:12,493]  INFO {org.wso2.carbon.event.processor.core.EventProcessorDeployer} - Execution plan is deployed successfully and in active state  : carbon.super_sub_AIGold
TID: [] [] [2026-10-01 19:49:12,493]  INFO {org.wso2.carbon.event.processor.core.EventProcessorDeployer} - Execution Plan was undeployed successfully : carbon.super_sub_AISilver.siddhiql
TID: [] [] [2026-10-01 19:49:12,502]  INFO {org.wso2.carbon.event.stream.core.internal.EventJunction} - Producer added to the junction. Stream:org.wso2.throttle.globalThrottle.stream:1.0.0
TID: [] [] [2026-10-01 19:49:12,502]  INFO {org.wso2.carbon.event.stream.core.internal.EventJunction} - Consumer added to the junction. Stream:org.wso2.throttle.processed.request.stream:1.0.0
TID: [] [] [2026-10-01 19:49:12,502]  INFO {org.wso2.carbon.event.processor.core.EventProcessorDeployer} - Execution plan is deployed successfully and in active state  : carbon.super_sub_AISilver
TID: [] [] [2026-10-01 19:49:12,502]  INFO {org.wso2.carbon.event.processor.core.EventProcessorDeployer} - Execution Plan was undeployed successfully : carbon.super_sub_AsyncBronze.siddhiql
TID: [] [] [2026-10-01 19:49:12,510]  INFO {org.wso2.carbon.event.stream.core.internal.EventJunction} - Producer added to the junction. Stream:org.wso2.throttle.globalThrottle.stream:1.0.0
TID: [] [] [2026-10-01 19:49:12,510]  INFO {org.wso2.carbon.event.stream.core.internal.EventJunction} - Consumer added to the junction. Stream:org.wso2.throttle.processed.request.stream:1.0.0
TID: [] [] [2026-10-01 19:49:12,510]  INFO {org.wso2.carbon.event.processor.core.EventProcessorDeployer} - Execution plan is deployed successfully and in active state  : carbon.super_sub_AsyncBronze
TID: [] [] [2026-10-01 19:49:12,510]  INFO {org.wso2.carbon.event.processor.core.EventProcessorDeployer} - Execution Plan was undeployed successfully : carbon.super_sub_AsyncDefaultSubscriptionless.siddhiql
TID: [] [] [2026-10-01 19:49:12,518]  INFO {org.wso2.carbon.event.stream.core.internal.EventJunction} - Producer added to the junction. Stream:org.wso2.throttle.globalThrottle.stream:1.0.0
TID: [] [] [2026-10-01 19:49:12,518]  INFO {org.wso2.carbon.event.stream.core.internal.EventJunction} - Consumer added to the junction. Stream:org.wso2.throttle.processed.request.stream:1.0.0
TID: [] [] [2026-10-01 19:49:12,518]  INFO {org.wso2.carbon.event.processor.core.EventProcessorDeployer} - Execution plan is deployed successfully and in active state  : carbon.super_sub_AsyncDefaultSubscriptionless
TID: [] [] [2026-10-01 19:49:12,518]  INFO {org.wso2.carbon.event.processor.core.EventProcessorDeployer} - Execution Plan was undeployed successfully : carbon.super_sub_AsyncGold.siddhiql
TID: [] [] [2026-10-01 19:49:12,526]  INFO {org.wso2.carbon.event.stream.core.internal.EventJunction} - Producer added to the junction. Stream:org.wso2.throttle.globalThrottle.stream:1.0.0
TID: [] [] [2026-10-01 19:49:12,526]  INFO {org.wso2.carbon.event.stream.core.internal.EventJunction} - Consumer added to the junction. Stream:org.wso2.throttle.processed.request.stream:1.0.0
TID: [] [] [2026-10-01 19:49:12,526]  INFO {org.wso2.carbon.event.processor.core.EventProcessorDeployer} - Execution plan is deployed successfully and in active state  : carbon.super_sub_AsyncGold
TID: [] [] [2026-10-01 19:49:12,526]  INFO {org.wso2.carbon.event.processor.core.EventProcessorDeployer} - Execution Plan was undeployed successfully : carbon.super_sub_AsyncSilver.siddhiql
TID: [] [] [2026-10-01 19:49:12,534]  INFO {org.wso2.carbon.event.stream.core.internal.EventJunction} - Producer added to the junction. Stream:org.wso2.throttle.globalThrottle.stream:1.0.0
TID: [] [] [2026-10-01 19:49:12,534]  INFO {org.wso2.carbon.event.stream.core.internal.EventJunction} - Consumer added to the junction. Stream:org.wso2.throttle.processed.request.stream:1.0.0
TID: [] [] [2026-10-01 19:49:12,534]  INFO {org.wso2.carbon.event.processor.core.EventProcessorDeployer} - Execution plan is deployed successfully and in active state  : carbon.super_sub_AsyncSilver
TID: [] [] [2026-10-01 19:49:12,534]  INFO {org.wso2.carbon.event.processor.core.EventProcessorDeployer} - Execution Plan was undeployed successfully : carbon.super_sub_AsyncWHBronze.siddhiql
TID: [] [] [2026-10-01 19:49:12,543]  INFO {org.wso2.carbon.event.stream.core.internal.EventJunction} - Producer added to the junction. Stream:org.wso2.throttle.globalThrottle.stream:1.0.0
TID: [] [] [2026-10-01 19:49:12,543]  INFO {org.wso2.carbon.event.stream.core.internal.EventJunction} - Consumer added to the junction. Stream:org.wso2.throttle.processed.request.stream:1.0.0
TID: [] [] [2026-10-01 19:49:12,543]  INFO {org.wso2.carbon.event.processor.core.EventProcessorDeployer} - Execution plan is deployed successfully and in active state  : carbon.super_sub_AsyncWHBronze
TID: [] [] [2026-10-01 19:49:12,543]  INFO {org.wso2.carbon.event.processor.core.EventProcessorDeployer} - Execution Plan was undeployed successfully : carbon.super_sub_AsyncWHGold.siddhiql
TID: [] [] [2026-10-01 19:49:12,551]  INFO {org.wso2.carbon.event.stream.core.internal.EventJunction} - Producer added to the junction. Stream:org.wso2.throttle.globalThrottle.stream:1.0.0
TID: [] [] [2026-10-01 19:49:12,551]  INFO {org.wso2.carbon.event.stream.core.internal.EventJunction} - Consumer added to the junction. Stream:org.wso2.throttle.processed.request.stream:1.0.0
TID: [] [] [2026-10-01 19:49:12,551]  INFO {org.wso2.carbon.event.processor.core.EventProcessorDeployer} - Execution plan is deployed successfully and in active state  : carbon.super_sub_AsyncWHGold
TID: [] [] [2026-10-01 19:49:12,551]  INFO {org.wso2.carbon.event.processor.core.EventProcessorDeployer} - Execution Plan was undeployed successfully : carbon.super_sub_AsyncWHSilver.siddhiql
TID: [] [] [2026-10-01 19:49:12,559]  INFO {org.wso2.carbon.event.stream.core.internal.EventJunction} - Producer added to the junction. Stream:org.wso2.throttle.globalThrottle.stream:1.0.0
TID: [] [] [2026-10-01 19:49:12,559]  INFO {org.wso2.carbon.event.stream.core.internal.EventJunction} - Consumer added to the junction. Stream:org.wso2.throttle.processed.request.stream:1.0.0
TID: [] [] [2026-10-01 19:49:12,559]  INFO {org.wso2.carbon.event.processor.core.EventProcessorDeployer} - Execution plan is deployed successfully and in active state  : carbon.super_sub_AsyncWHSilver
TID: [] [] [2026-10-01 19:49:12,559]  INFO {org.wso2.carbon.event.processor.core.EventProcessorDeployer} - Execution Plan was undeployed successfully : carbon.super_sub_Bronze.siddhiql
TID: [] [] [2026-10-01 19:49:12,567]  INFO {org.wso2.carbon.event.stream.core.internal.EventJunction} - Producer added to the junction. Stream:org.wso2.throttle.globalThrottle.stream:1.0.0
TID: [] [] [2026-10-01 19:49:12,567]  INFO {org.wso2.carbon.event.stream.core.internal.EventJunction} - Consumer added to the junction. Stream:org.wso2.throttle.processed.request.stream:1.0.0
TID: [] [] [2026-10-01 19:49:12,567]  INFO {org.wso2.carbon.event.processor.core.EventProcessorDeployer} - Execution plan is deployed successfully and in active state  : carbon.super_sub_Bronze
TID: [] [] [2026-10-01 19:49:12,567]  INFO {org.wso2.carbon.event.processor.core.EventProcessorDeployer} - Execution Plan was undeployed successfully : carbon.super_sub_DefaultSubscriptionless.siddhiql
TID: [] [] [2026-10-01 19:49:12,576]  INFO {org.wso2.carbon.event.stream.core.internal.EventJunction} - Producer added to the junction. Stream:org.wso2.throttle.globalThrottle.stream:1.0.0
TID: [] [] [2026-10-01 19:49:12,576]  INFO {org.wso2.carbon.event.stream.core.internal.EventJunction} - Consumer added to the junction. Stream:org.wso2.throttle.processed.request.stream:1.0.0
TID: [] [] [2026-10-01 19:49:12,576]  INFO {org.wso2.carbon.event.processor.core.EventProcessorDeployer} - Execution plan is deployed successfully and in active state  : carbon.super_sub_DefaultSubscriptionless
TID: [] [] [2026-10-01 19:49:12,576]  INFO {org.wso2.carbon.event.processor.core.EventProcessorDeployer} - Execution Plan was undeployed successfully : carbon.super_sub_Gold.siddhiql
TID: [] [] [2026-10-01 19:49:12,584]  INFO {org.wso2.carbon.event.stream.core.internal.EventJunction} - Producer added to the junction. Stream:org.wso2.throttle.globalThrottle.stream:1.0.0
TID: [] [] [2026-10-01 19:49:12,584]  INFO {org.wso2.carbon.event.stream.core.internal.EventJunction} - Consumer added to the junction. Stream:org.wso2.throttle.processed.request.stream:1.0.0
TID: [] [] [2026-10-01 19:49:12,584]  INFO {org.wso2.carbon.event.processor.core.EventProcessorDeployer} - Execution plan is deployed successfully and in active state  : carbon.super_sub_Gold
TID: [] [] [2026-10-01 19:49:12,584]  INFO {org.wso2.carbon.event.processor.core.EventProcessorDeployer} - Execution Plan was undeployed successfully : carbon.super_sub_Silver.siddhiql
TID: [] [] [2026-10-01 19:49:12,592]  INFO {org.wso2.carbon.event.stream.core.internal.EventJunction} - Producer added to the junction. Stream:org.wso2.throttle.globalThrottle.stream:1.0.0
TID: [] [] [2026-10-01 19:49:12,592]  INFO {org.wso2.carbon.event.stream.core.internal.EventJunction} - Consumer added to the junction. Stream:org.wso2.throttle.processed.request.stream:1.0.0
TID: [] [] [2026-10-01 19:49:12,592]  INFO {org.wso2.carbon.event.processor.core.EventProcessorDeployer} - Execution plan is deployed successfully and in active state  : carbon.super_sub_Silver
TID: [] [] [2026-10-01 19:49:12,592]  INFO {org.wso2.carbon.event.processor.core.EventProcessorDeployer} - Execution Plan was undeployed successfully : carbon.super_sub_Unauthenticated.siddhiql
TID: [] [] [2026-10-01 19:49:12,600]  INFO {org.wso2.carbon.event.stream.core.internal.EventJunction} - Producer added to the junction. Stream:org.wso2.throttle.globalThrottle.stream:1.0.0
TID: [] [] [2026-10-01 19:49:12,600]  INFO {org.wso2.carbon.event.stream.core.internal.EventJunction} - Consumer added to the junction. Stream:org.wso2.throttle.processed.request.stream:1.0.0
TID: [] [] [2026-10-01 19:49:12,600]  INFO {org.wso2.carbon.event.processor.core.EventProcessorDeployer} - Execution plan is deployed successfully and in active state  : carbon.super_sub_Unauthenticated
TID: [] [] [2026-10-01 19:49:12,600]  INFO {org.wso2.carbon.event.processor.core.EventProcessorDeployer} - Execution Plan was undeployed successfully : carbon.super_resource_10KPerMin_default.siddhiql
TID: [] [] [2026-10-01 19:49:12,615]  INFO {org.wso2.carbon.event.stream.core.internal.EventJunction} - Producer added to the junction. Stream:org.wso2.throttle.globalThrottle.stream:1.1.0
TID: [] [] [2026-10-01 19:49:12,615]  INFO {org.wso2.carbon.event.stream.core.internal.EventJunction} - Consumer added to the junction. Stream:org.wso2.throttle.processed.request.stream:1.0.0
TID: [] [] [2026-10-01 19:49:12,615]  INFO {org.wso2.carbon.event.processor.core.EventProcessorDeployer} - Execution plan is deployed successfully and in active state  : carbon.super_resource_10KPerMin_default
TID: [] [] [2026-10-01 19:49:12,615]  INFO {org.wso2.carbon.event.processor.core.EventProcessorDeployer} - Execution Plan was undeployed successfully : carbon.super_resource_20KPerMin_default.siddhiql
TID: [] [] [2026-10-01 19:49:12,623]  INFO {org.wso2.carbon.event.stream.core.internal.EventJunction} - Producer added to the junction. Stream:org.wso2.throttle.globalThrottle.stream:1.1.0
TID: [] [] [2026-10-01 19:49:12,624]  INFO {org.wso2.carbon.event.stream.core.internal.EventJunction} - Consumer added to the junction. Stream:org.wso2.throttle.processed.request.stream:1.0.0
TID: [] [] [2026-10-01 19:49:12,624]  INFO {org.wso2.carbon.event.processor.core.EventProcessorDeployer} - Execution plan is deployed successfully and in active state  : carbon.super_resource_20KPerMin_default
TID: [] [] [2026-10-01 19:49:12,624]  INFO {org.wso2.carbon.event.processor.core.EventProcessorDeployer} - Execution Plan was undeployed successfully : carbon.super_resource_50KPerMin_default.siddhiql
TID: [] [] [2026-10-01 19:49:12,631]  INFO {org.wso2.carbon.event.stream.core.internal.EventJunction} - Producer added to the junction. Stream:org.wso2.throttle.globalThrottle.stream:1.1.0
TID: [] [] [2026-10-01 19:49:12,631]  INFO {org.wso2.carbon.event.stream.core.internal.EventJunction} - Consumer added to the junction. Stream:org.wso2.throttle.processed.request.stream:1.0.0
TID: [] [] [2026-10-01 19:49:12,631]  INFO {org.wso2.carbon.event.processor.core.EventProcessorDeployer} - Execution plan is deployed successfully and in active state  : carbon.super_resource_50KPerMin_default
TID: [] [] [2026-10-01 19:49:12,631]  INFO {org.wso2.carbon.event.stream.core.EventStreamDeployer} - Stream definition is deployed successfully  : org.wso2.throttle.processed.request.stream:1.0.0
TID: [] [] [2026-10-01 19:49:12,633]  INFO {org.wso2.carbon.event.receiver.core.EventReceiverDeployer} - Event Receiver undeployed successfully: throttleEventReceiver.xml
TID: [] [] [2026-10-01 19:49:12,635]  INFO {org.wso2.carbon.event.input.adapter.core.internal.InputAdapterRuntime} - Connecting receiver throttleEventReceiver
TID: [] [] [2026-10-01 19:49:12,636]  INFO {org.wso2.carbon.event.stream.core.internal.EventJunction} - Producer added to the junction. Stream:org.wso2.throttle.request.stream:1.0.0
TID: [] [] [2026-10-01 19:49:12,636]  INFO {org.wso2.carbon.event.receiver.core.EventReceiverDeployer} - Event Receiver configuration successfully deployed and in active state: throttleEventReceiver
TID: [] [] [2026-10-01 19:49:12,636]  INFO {org.wso2.carbon.event.receiver.core.EventReceiverDeployer} - Event Receiver undeployed successfully: throttleWSO2EventReceiver.xml
TID: [] [] [2026-10-01 19:49:12,637]  INFO {org.wso2.carbon.event.input.adapter.core.internal.InputAdapterRuntime} - Connecting receiver throttleWSO2EventReceiver
TID: [] [] [2026-10-01 19:49:12,637]  INFO {org.wso2.carbon.event.stream.core.internal.EventJunction} - Producer added to the junction. Stream:org.wso2.throttle.request.stream:1.0.0
TID: [] [] [2026-10-01 19:49:12,637]  INFO {org.wso2.carbon.event.receiver.core.EventReceiverDeployer} - Event Receiver configuration successfully deployed and in active state: throttleWSO2EventReceiver
TID: [] [] [2026-10-01 19:49:12,637]  INFO {org.wso2.carbon.event.processor.core.EventProcessorDeployer} - Execution Plan was undeployed successfully : RequestPreProcessorExecutionPlan.siddhiql
TID: [] [] [2026-10-01 19:49:12,639]  INFO {org.wso2.carbon.event.stream.core.internal.EventJunction} - Producer added to the junction. Stream:org.wso2.throttle.processed.request.stream:1.0.0
TID: [] [] [2026-10-01 19:49:12,639]  INFO {org.wso2.carbon.event.stream.core.internal.EventJunction} - Consumer added to the junction. Stream:org.wso2.throttle.request.stream:1.0.0
TID: [] [] [2026-10-01 19:49:12,639]  INFO {org.wso2.carbon.event.processor.core.EventProcessorDeployer} - Execution plan is deployed successfully and in active state  : requestPreProcessorExecutionPlan
TID: [] [] [2026-10-01 19:49:12,639]  INFO {org.wso2.carbon.event.stream.core.EventStreamDeployer} - Stream definition is deployed successfully  : org.wso2.throttle.request.stream:1.0.0
TID: [] [] [2026-10-01 19:49:13,424]  INFO {org.wso2.carbon.webapp.mgt.TomcatGenericWebappsDeployer} - Deployed webapp: StandardEngine[Catalina].StandardHost[localhost].StandardContext[/accountrecoveryendpoint].File[C:\Users\gabri\Desktop\ENTREV~1\WSO2AM~1.0\bin\..\repository\deployment\server\webapps\accountrecoveryendpoint]
TID: [] [] [2026-10-01 19:49:13,875]  INFO {org.wso2.carbon.webapp.mgt.TomcatGenericWebappsDeployer} - Deployed webapp: StandardEngine[Catalina].StandardHost[localhost].StandardContext[/admin].File[C:\Users\gabri\Desktop\ENTREV~1\WSO2AM~1.0\bin\..\repository\deployment\server\webapps\admin]
TID: [] [] [2026-10-01 19:49:14,305]  INFO {org.wso2.carbon.webapp.mgt.TomcatGenericWebappsDeployer} - Deployed webapp: StandardEngine[Catalina].StandardHost[localhost].StandardContext[/am/sample/calculator/v1].File[C:\Users\gabri\Desktop\ENTREV~1\WSO2AM~1.0\bin\..\repository\deployment\server\webapps\am#sample#calculator#v1.war]
TID: [] [] [2026-10-01 19:49:14,767]  INFO {org.wso2.carbon.webapp.mgt.TomcatGenericWebappsDeployer} - Deployed webapp: StandardEngine[Catalina].StandardHost[localhost].StandardContext[/am/sample/pizzashack/v1].File[C:\Users\gabri\Desktop\ENTREV~1\WSO2AM~1.0\bin\..\repository\deployment\server\webapps\am#sample#pizzashack#v1.war]
TID: [] [] [2026-10-01 19:49:16,935]  INFO {org.wso2.carbon.webapp.mgt.TomcatGenericWebappsDeployer} - Deployed webapp: StandardEngine[Catalina].StandardHost[localhost].StandardContext[/api/am/admin].File[C:\Users\gabri\Desktop\ENTREV~1\WSO2AM~1.0\bin\..\repository\deployment\server\webapps\api#am#admin.war]
TID: [] [] [2026-10-01 19:49:18,128]  INFO {org.wso2.carbon.webapp.mgt.TomcatGenericWebappsDeployer} - Deployed webapp: StandardEngine[Catalina].StandardHost[localhost].StandardContext[/api/am/devops/v0].File[C:\Users\gabri\Desktop\ENTREV~1\WSO2AM~1.0\bin\..\repository\deployment\server\webapps\api#am#devops#v0.war]
TID: [] [] [2026-10-01 19:49:19,690]  INFO {org.wso2.carbon.webapp.mgt.TomcatGenericWebappsDeployer} - Deployed webapp: StandardEngine[Catalina].StandardHost[localhost].StandardContext[/api/am/devportal].File[C:\Users\gabri\Desktop\ENTREV~1\WSO2AM~1.0\bin\..\repository\deployment\server\webapps\api#am#devportal.war]
TID: [] [] [2026-10-01 19:49:21,032]  INFO {org.wso2.carbon.webapp.mgt.TomcatGenericWebappsDeployer} - Deployed webapp: StandardEngine[Catalina].StandardHost[localhost].StandardContext[/api/am/gateway/v2].File[C:\Users\gabri\Desktop\ENTREV~1\WSO2AM~1.0\bin\..\repository\deployment\server\webapps\api#am#gateway#v2.war]
TID: [] [] [2026-10-01 19:49:22,461]  INFO {org.wso2.carbon.webapp.mgt.TomcatGenericWebappsDeployer} - Deployed webapp: StandardEngine[Catalina].StandardHost[localhost].StandardContext[/api/am/governance].File[C:\Users\gabri\Desktop\ENTREV~1\WSO2AM~1.0\bin\..\repository\deployment\server\webapps\api#am#governance.war]
TID: [] [] [2026-10-01 19:49:24,079]  INFO {org.wso2.carbon.webapp.mgt.TomcatGenericWebappsDeployer} - Deployed webapp: StandardEngine[Catalina].StandardHost[localhost].StandardContext[/api/am/publisher].File[C:\Users\gabri\Desktop\ENTREV~1\WSO2AM~1.0\bin\..\repository\deployment\server\webapps\api#am#publisher.war]
TID: [] [] [2026-10-01 19:49:25,268]  INFO {org.wso2.carbon.webapp.mgt.TomcatGenericWebappsDeployer} - Deployed webapp: StandardEngine[Catalina].StandardHost[localhost].StandardContext[/api/am/service-catalog/v1].File[C:\Users\gabri\Desktop\ENTREV~1\WSO2AM~1.0\bin\..\repository\deployment\server\webapps\api#am#service-catalog#v1.war]
TID: [] [] [2026-10-01 19:49:26,040]  INFO {org.wso2.carbon.webapp.mgt.TomcatGenericWebappsDeployer} - Deployed webapp: StandardEngine[Catalina].StandardHost[localhost].StandardContext[/api/identity/auth/v1.1].File[C:\Users\gabri\Desktop\ENTREV~1\WSO2AM~1.0\bin\..\repository\deployment\server\webapps\api#identity#auth#v1.1.war]
TID: [] [] [2026-10-01 19:49:26,826]  INFO {org.wso2.carbon.webapp.mgt.TomcatGenericWebappsDeployer} - Deployed webapp: StandardEngine[Catalina].StandardHost[localhost].StandardContext[/api/identity/consent-mgt/v1.0].File[C:\Users\gabri\Desktop\ENTREV~1\WSO2AM~1.0\bin\..\repository\deployment\server\webapps\api#identity#consent-mgt#v1.0.war]
TID: [] [] [2026-10-01 19:49:27,633]  INFO {org.wso2.carbon.webapp.mgt.TomcatGenericWebappsDeployer} - Deployed webapp: StandardEngine[Catalina].StandardHost[localhost].StandardContext[/api/identity/oauth2/dcr/v1.1].File[C:\Users\gabri\Desktop\ENTREV~1\WSO2AM~1.0\bin\..\repository\deployment\server\webapps\api#identity#oauth2#dcr#v1.1.war]
TID: [] [] [2026-10-01 19:49:28,414]  INFO {org.wso2.carbon.webapp.mgt.TomcatGenericWebappsDeployer} - Deployed webapp: StandardEngine[Catalina].StandardHost[localhost].StandardContext[/api/identity/oauth2/v1.0].File[C:\Users\gabri\Desktop\ENTREV~1\WSO2AM~1.0\bin\..\repository\deployment\server\webapps\api#identity#oauth2#v1.0.war]
TID: [] [] [2026-10-01 19:49:29,241]  INFO {org.wso2.carbon.webapp.mgt.TomcatGenericWebappsDeployer} - Deployed webapp: StandardEngine[Catalina].StandardHost[localhost].StandardContext[/api/identity/recovery/v0.9].File[C:\Users\gabri\Desktop\ENTREV~1\WSO2AM~1.0\bin\..\repository\deployment\server\webapps\api#identity#recovery#v0.9.war]
TID: [] [] [2026-10-01 19:49:30,084]  INFO {org.wso2.carbon.webapp.mgt.TomcatGenericWebappsDeployer} - Deployed webapp: StandardEngine[Catalina].StandardHost[localhost].StandardContext[/api/identity/user/v1.0].File[C:\Users\gabri\Desktop\ENTREV~1\WSO2AM~1.0\bin\..\repository\deployment\server\webapps\api#identity#user#v1.0.war]
TID: [] [] [2026-10-01 19:49:30,940]  INFO {org.wso2.carbon.webapp.mgt.TomcatGenericWebappsDeployer} - Deployed webapp: StandardEngine[Catalina].StandardHost[localhost].StandardContext[/authenticationendpoint].File[C:\Users\gabri\Desktop\ENTREV~1\WSO2AM~1.0\bin\..\repository\deployment\server\webapps\authenticationendpoint]
TID: [] [] [2026-10-01 19:49:32,164]  INFO {org.wso2.carbon.webapp.mgt.TomcatGenericWebappsDeployer} - Deployed webapp: StandardEngine[Catalina].StandardHost[localhost].StandardContext[/client-registration/v0.17].File[C:\Users\gabri\Desktop\ENTREV~1\WSO2AM~1.0\bin\..\repository\deployment\server\webapps\client-registration#v0.17.war]
TID: [] [] [2026-10-01 19:49:32,582]  INFO {org.wso2.carbon.webapp.mgt.TomcatGenericWebappsDeployer} - Deployed webapp: StandardEngine[Catalina].StandardHost[localhost].StandardContext[/devportal].File[C:\Users\gabri\Desktop\ENTREV~1\WSO2AM~1.0\bin\..\repository\deployment\server\webapps\devportal]
TID: [] [] [2026-10-01 19:49:33,699]  INFO {org.wso2.carbon.webapp.mgt.TomcatGenericWebappsDeployer} - Deployed webapp: StandardEngine[Catalina].StandardHost[localhost].StandardContext[/internal/data/v1].File[C:\Users\gabri\Desktop\ENTREV~1\WSO2AM~1.0\bin\..\repository\deployment\server\webapps\internal#data#v1.war]
TID: [] [] [2026-10-01 19:49:34,687]  INFO {org.wso2.carbon.webapp.mgt.TomcatGenericWebappsDeployer} - Deployed webapp: StandardEngine[Catalina].StandardHost[localhost].StandardContext[/keymanager-operations].File[C:\Users\gabri\Desktop\ENTREV~1\WSO2AM~1.0\bin\..\repository\deployment\server\webapps\keymanager-operations.war]
TID: [] [] [2026-10-01 19:49:35,898]  INFO {org.wso2.carbon.webapp.mgt.TomcatGenericWebappsDeployer} - Deployed webapp: StandardEngine[Catalina].StandardHost[localhost].StandardContext[/oauth2].File[C:\Users\gabri\Desktop\ENTREV~1\WSO2AM~1.0\bin\..\repository\deployment\server\webapps\oauth2.war]
TID: [] [] [2026-10-01 19:49:36,338]  INFO {org.wso2.carbon.webapp.mgt.TomcatGenericWebappsDeployer} - Deployed webapp: StandardEngine[Catalina].StandardHost[localhost].StandardContext[/publisher].File[C:\Users\gabri\Desktop\ENTREV~1\WSO2AM~1.0\bin\..\repository\deployment\server\webapps\publisher]
TID: [] [] [2026-10-01 19:49:36,338]  INFO {org.apache.synapse.Axis2SynapseController} - Deploying the Synapse service...
TID: [] [] [2026-10-01 19:49:36,339]  INFO {org.apache.synapse.Axis2SynapseController} - Deploying Proxy services...
TID: [] [] [2026-10-01 19:49:36,339]  INFO {org.apache.synapse.Axis2SynapseController} - Deploying EventSources...
TID: [] [] [2026-10-01 19:49:36,361]  INFO {org.apache.synapse.inbound.InboundEndpoint} - Initializing Inbound Endpoint: WebSocketInboundEndpoint
TID: [] [] [2026-10-01 19:49:36,572]  INFO {org.wso2.carbon.inbound.endpoint.protocol.websocket.management.WebsocketEndpointManager} - Netty Listener starting on port 9099
TID: [] [] [2026-10-01 19:49:36,572]  INFO {org.apache.synapse.inbound.InboundEndpoint} - Initializing Inbound Endpoint: SecureWebSocketEP
TID: [] [] [2026-10-01 19:49:36,608]  INFO {org.wso2.carbon.inbound.endpoint.protocol.websocket.management.WebsocketEndpointManager} - Netty SSL Listener starting on port 8099
TID: [] [] [2026-10-01 19:49:36,608]  INFO {org.apache.synapse.inbound.InboundEndpoint} - Initializing Inbound Endpoint: WebhookServer
TID: [] [] [2026-10-01 19:49:36,641]  INFO {org.apache.synapse.transport.passthru.core.PassThroughListeningIOReactorManager} - Pass-through WebhookServer Listener started on 0:0:0:0:0:0:0:0:9021
TID: [] [] [2026-10-01 19:49:36,641]  INFO {org.apache.synapse.inbound.InboundEndpoint} - Initializing Inbound Endpoint: SecureWebhookServer
TID: [] [] [2026-10-01 19:49:36,667]  INFO {org.apache.synapse.transport.passthru.core.PassThroughListeningIOReactorManager} - Pass-through SecureWebhookServer Listener started on 0:0:0:0:0:0:0:0:8021
TID: [] [] [2026-10-01 19:49:36,669]  INFO {org.apache.synapse.api.API} - {api:_OpenService_} Initializing API: _OpenService_
TID: [] [] [2026-10-01 19:49:36,669]  INFO {org.apache.synapse.ServerManager} - Server ready for processing...
TID: [] [] [2026-10-01 19:49:37,085]  INFO {org.wso2.carbon.apimgt.common.jms.factory.JMSConnectionFactory} - JMS ConnectionFactory : Siddhi-JMS-Consumer initialized
TID: [] [] [2026-10-01 19:49:37,085]  INFO {org.wso2.carbon.apimgt.common.jms.factory.JMSConnectionFactory} - JMS ConnectionFactory : Siddhi-JMS-Consumer initialized
TID: [] [] [2026-10-01 19:49:37,115]  INFO {org.wso2.carbon.inbound.endpoint.protocol.websocket.management.WebsocketEndpointManager} - Netty Listener already started on port 8099
TID: [] [] [2026-10-01 19:49:37,116]  INFO {org.wso2.carbon.inbound.endpoint.protocol.http.management.HTTPEndpointManager} - Listener is already started for port : 8021
TID: [] [] [2026-10-01 19:49:37,116]  INFO {org.wso2.carbon.inbound.endpoint.protocol.websocket.management.WebsocketEndpointManager} - Netty Listener already started on port 9099
TID: [] [] [2026-10-01 19:49:37,116]  INFO {org.wso2.carbon.inbound.endpoint.protocol.http.management.HTTPEndpointManager} - Listener is already started for port : 9021
TID: [] [] [2026-10-01 19:49:37,191]  INFO {org.wso2.carbon.andes.internal.QpidServiceComponent} - Activating Andes Message Broker Engine...
TID: [] [] [2026-10-01 19:49:37,527]  INFO {qpid.message.broker.listening} - [Broker] BRK-1002 : Starting : Listening on TCP port 5672
TID: [] [] [2026-10-01 19:49:37,532]  INFO {qpid.message.broker.listening} - [Broker] BRK-1002 : Starting : Listening on TCP/SSL port 8672
TID: [] [] [2026-10-01 19:49:37,535]  INFO {org.wso2.carbon.andes.internal.QpidServiceComponent} - AMQP Host Address : 0.0.0.0 Port : 5672
TID: [] [] [2026-10-01 19:49:37,536]  INFO {org.wso2.carbon.andes.internal.QpidServiceComponent} - Successfully connected to AMQP server on port 5672
TID: [] [] [2026-10-01 19:49:37,536]  INFO {org.wso2.carbon.andes.internal.QpidServiceComponent} - WSO2 Message Broker is started.
TID: [] [] [2026-10-01 19:49:37,672]  INFO {org.wso2.carbon.databridge.receiver.binary.internal.BinaryDataReceiver} - Started Binary SSL Transport on port : 9711
TID: [] [] [2026-10-01 19:49:37,672]  INFO {org.wso2.carbon.databridge.receiver.binary.internal.BinaryDataReceiver} - Started Binary TCP Transport on port : 9611
TID: [] [] [2026-10-01 19:49:38,406]  INFO {org.wso2.carbon.databridge.receiver.thrift.internal.ThriftServerStartupObserver} -  Thrift Data Receiver is disabled.
TID: [] [] [2026-10-01 19:49:38,445]  INFO {org.apache.synapse.transport.passthru.PassThroughHttpListener} - Starting Pass-through HTTP Listener...
TID: [] [] [2026-10-01 19:49:38,455]  INFO {org.apache.synapse.transport.passthru.core.PassThroughListeningIOReactorManager} - Pass-through HTTP Listener started on 0:0:0:0:0:0:0:0:8280
TID: [] [] [2026-10-01 19:49:38,455]  INFO {org.apache.synapse.transport.passthru.PassThroughHttpMultiSSLListener} - Starting Pass-through HTTPS Listener...
TID: [] [] [2026-10-01 19:49:38,464]  INFO {org.apache.synapse.transport.passthru.core.PassThroughListeningIOReactorManager} - Pass-through HTTPS Listener started on 0:0:0:0:0:0:0:0:8243
TID: [] [] [2026-10-01 19:49:38,505]  INFO {org.apache.tomcat.util.net.NioEndpoint.certificate} - Connector [https-jsse-nio-9443], TLS virtual host [_default_], certificate type [UNDEFINED] configured from keystore [C:\Users\gabri\Desktop\ENTREV~1\WSO2AM~1.0\bin\../repository/resources/security/wso2carbon.jks] using alias [wso2carbon] with trust store [C:\Users\gabri\Desktop\ENTREV~1\WSO2AM~1.0\bin\../repository/resources/security/client-truststore.jks]
TID: [] [] [2026-10-01 19:49:38,577]  INFO {org.wso2.carbon.ntask.core.service.impl.TaskServiceImpl} - Task service starting in STANDALONE mode...
TID: [] [] [2026-10-01 19:49:38,606]  INFO {org.wso2.carbon.registry.eventing.internal.RegistryEventingServiceComponent} - Successfully Initialized Eventing on Registry
TID: [] [] [2026-10-01 19:49:38,670]  INFO {org.wso2.carbon.core.init.JMXServerManager} - JMX Service URL  : service:jmx:rmi://localhost:11111/jndi/rmi://localhost:9999/jmxrmi
TID: [] [] [2026-10-01 19:49:38,726]  INFO {org.wso2.carbon.apimgt.governance.impl.util.APIMGovernanceUtil} - Ruleset OWASP Top 10 already exists in organization: carbon.super; skipping.
TID: [] [] [2026-10-01 19:49:38,733]  INFO {org.wso2.carbon.apimgt.governance.impl.util.APIMGovernanceUtil} - Ruleset WSO2 API Management Guidelines already exists in organization: carbon.super; skipping.
TID: [] [] [2026-10-01 19:49:38,743]  INFO {org.wso2.carbon.apimgt.governance.impl.util.APIMGovernanceUtil} - Ruleset WSO2 REST API Design Guidelines already exists in organization: carbon.super; skipping.
TID: [] [] [2026-10-01 19:49:38,749]  INFO {org.wso2.carbon.apimgt.governance.impl.util.APIMGovernanceUtil} - Policy WSO2 API Management Best Practices already exists in organization: carbon.super; skipping.
TID: [] [] [2026-10-01 19:49:38,752]  INFO {org.wso2.carbon.apimgt.common.jms.JMSTransportHandler} - Starting jms topic consumer thread for the notification topic...
TID: [] [] [2026-10-01 19:49:38,765]  INFO {org.wso2.carbon.apimgt.common.jms.JMSTransportHandler} - Starting jms topic consumer thread for the keyManager topic...
TID: [] [] [2026-10-01 19:49:38,766]  INFO {org.wso2.carbon.apimgt.common.jms.JMSTransportHandler} - Starting jms topic consumer thread for the notification topic...
TID: [] [] [2026-10-01 19:49:38,766]  INFO {org.wso2.carbon.apimgt.jms.listener.utils.JMSListenerStartupShutdownListener} - Certificate management event listening is enabled. Subscribing to notification topic.
TID: [] [] [2026-10-01 19:49:38,767]  INFO {org.wso2.carbon.apimgt.common.jms.JMSTransportHandler} - Starting jms topic consumer thread for the notification topic...
TID: [] [] [2026-10-01 19:49:38,770]  INFO {org.wso2.carbon.apimgt.common.jms.JMSTransportHandler} - Starting jms topic consumer thread for the notification topic...
TID: [] [] [2026-10-01 19:49:38,786]  INFO {org.wso2.carbon.apimgt.gateway.InMemoryAPIDeployer} - Deploying synapse artifacts of _JwksEndpoint_
TID: [] [] [2026-10-01 19:49:38,795]  INFO {org.wso2.carbon.apimgt.common.jms.JMSTransportHandler} - Starting jms topic consumer thread for the throttleData topic...
TID: [] [] [2026-10-01 19:49:38,796]  INFO {org.wso2.carbon.apimgt.common.jms.JMSTransportHandler} - Starting jms topic consumer thread for the tokenRevocation topic...
TID: [] [] [2026-10-01 19:49:38,797]  INFO {org.wso2.carbon.apimgt.common.jms.JMSTransportHandler} - Starting jms topic consumer thread for the cacheInvalidation topic...
TID: [] [] [2026-10-01 19:49:38,798]  INFO {org.apache.synapse.api.API} - {api:_JwksEndpoint_} Initializing API: _JwksEndpoint_
TID: [] [] [2026-10-01 19:49:38,799]  INFO {org.wso2.carbon.mediation.dependency.mgt.DependencyTracker} - API : _JwksEndpoint_ was added to the Synapse configuration successfully
TID: [] [] [2026-10-01 19:49:38,800]  INFO {org.wso2.carbon.apimgt.common.jms.JMSTransportHandler} - Starting jms topic consumer thread for the notification topic...
TID: [] [] [2026-10-01 19:49:38,800]  INFO {org.wso2.carbon.apimgt.common.jms.JMSTransportHandler} - Starting jms topic consumer thread for the throttleData topic...
TID: [] [] [2026-10-01 19:49:38,801]  INFO {org.wso2.carbon.apimgt.common.jms.JMSTransportHandler} - Starting jms topic consumer thread for the asyncWebhooksData topic...
TID: [] [] [2026-10-01 19:49:38,802]  INFO {org.wso2.carbon.apimgt.gateway.InMemoryAPIDeployer} - Deploying synapse artifacts of _HealthCheckAPI_
TID: [] [] [2026-10-01 19:49:38,805]  INFO {org.apache.synapse.api.API} - {api:_HealthCheckAPI_} Initializing API: _HealthCheckAPI_
TID: [] [] [2026-10-01 19:49:38,806]  INFO {org.wso2.carbon.mediation.dependency.mgt.DependencyTracker} - API : _HealthCheckAPI_ was added to the Synapse configuration successfully
TID: [] [] [2026-10-01 19:49:38,920]  INFO {org.wso2.carbon.databridge.core.DataBridge} - user admin connected
TID: [] [] [2026-10-01 19:49:39,129]  INFO {org.wso2.carbon.core.internal.StartupFinalizerServiceComponent} - Server           :  WSO2 API Manager-4.6.0
TID: [] [] [2026-10-01 19:49:39,130]  INFO {org.wso2.carbon.core.internal.StartupFinalizerServiceComponent} - WSO2 Carbon started in 67 sec
TID: [] [] [2026-10-01 19:49:39,134]  INFO {org.wso2.carbon.apimgt.common.jms.JMSListener} - Connection successfully created towards the JMS provider for the listener: Siddhi-JMS-Consumer#notification. The connected JMS provider is AMQConnection: | Host: 192.168.1.235 | Port: 5672 | Virtual Host: carbon | Client ID: clientid | Active session count: 0
TID: [] [] [2026-10-01 19:49:39,134]  INFO {org.wso2.carbon.apimgt.common.jms.JMSListener} - Connection successfully created towards the JMS provider for the listener: Siddhi-JMS-Consumer#notification. The connected JMS provider is AMQConnection: | Host: 192.168.1.235 | Port: 5672 | Virtual Host: carbon | Client ID: clientid | Active session count: 0
TID: [] [] [2026-10-01 19:49:39,134]  INFO {org.wso2.carbon.apimgt.common.jms.JMSListener} - Connection successfully created towards the JMS provider for the listener: Siddhi-JMS-Consumer#notification. The connected JMS provider is AMQConnection: | Host: 192.168.1.235 | Port: 5672 | Virtual Host: carbon | Client ID: clientid | Active session count: 0
TID: [] [] [2026-10-01 19:49:39,134]  INFO {org.wso2.carbon.apimgt.common.jms.JMSListener} - Connection successfully created towards the JMS provider for the listener: Siddhi-JMS-Consumer#cacheInvalidation. The connected JMS provider is AMQConnection: | Host: 192.168.1.235 | Port: 5672 | Virtual Host: carbon | Client ID: clientid | Active session count: 0
TID: [] [] [2026-10-01 19:49:39,134]  INFO {org.wso2.carbon.apimgt.common.jms.JMSListener} - Connection successfully created towards the JMS provider for the listener: Siddhi-JMS-Consumer#keyManager. The connected JMS provider is AMQConnection: | Host: 192.168.1.235 | Port: 5672 | Virtual Host: carbon | Client ID: clientid | Active session count: 0
TID: [] [] [2026-10-01 19:49:39,134]  INFO {org.wso2.carbon.apimgt.common.jms.JMSListener} - Connection successfully created towards the JMS provider for the listener: Siddhi-JMS-Consumer#throttleData. The connected JMS provider is AMQConnection: | Host: 192.168.1.235 | Port: 5672 | Virtual Host: carbon | Client ID: clientid | Active session count: 0
TID: [] [] [2026-10-01 19:49:39,134]  INFO {org.wso2.carbon.apimgt.common.jms.JMSListener} - Connection successfully created towards the JMS provider for the listener: Siddhi-JMS-Consumer#notification. The connected JMS provider is AMQConnection: | Host: 192.168.1.235 | Port: 5672 | Virtual Host: carbon | Client ID: clientid | Active session count: 0
TID: [] [] [2026-10-01 19:49:39,134]  INFO {org.wso2.carbon.apimgt.common.jms.JMSListener} - Connection attempt: 1 for JMS Provider for listener: Siddhi-JMS-Consumer#notification was successful!
TID: [] [] [2026-10-01 19:49:39,134]  INFO {org.wso2.carbon.apimgt.common.jms.JMSListener} - Connection attempt: 1 for JMS Provider for listener: Siddhi-JMS-Consumer#keyManager was successful!
TID: [] [] [2026-10-01 19:49:39,134]  INFO {org.wso2.carbon.apimgt.common.jms.JMSListener} - Connection attempt: 1 for JMS Provider for listener: Siddhi-JMS-Consumer#cacheInvalidation was successful!
TID: [] [] [2026-10-01 19:49:39,134]  INFO {org.wso2.carbon.apimgt.common.jms.JMSListener} - Connection attempt: 1 for JMS Provider for listener: Siddhi-JMS-Consumer#notification was successful!
TID: [] [] [2026-10-01 19:49:39,134]  INFO {org.wso2.carbon.apimgt.common.jms.JMSListener} - Connection attempt: 1 for JMS Provider for listener: Siddhi-JMS-Consumer#notification was successful!
TID: [] [] [2026-10-01 19:49:39,134]  INFO {org.wso2.carbon.apimgt.common.jms.JMSListener} - Connection attempt: 1 for JMS Provider for listener: Siddhi-JMS-Consumer#throttleData was successful!
TID: [] [] [2026-10-01 19:49:39,134]  INFO {org.wso2.carbon.apimgt.common.jms.JMSListener} - Connection successfully created towards the JMS provider for the listener: Siddhi-JMS-Consumer#asyncWebhooksData. The connected JMS provider is AMQConnection: | Host: 192.168.1.235 | Port: 5672 | Virtual Host: carbon | Client ID: clientid | Active session count: 0
TID: [] [] [2026-10-01 19:49:39,134]  INFO {org.wso2.carbon.apimgt.common.jms.JMSListener} - Connection successfully created towards the JMS provider for the listener: Siddhi-JMS-Consumer#throttleData. The connected JMS provider is AMQConnection: | Host: 192.168.1.235 | Port: 5672 | Virtual Host: carbon | Client ID: clientid | Active session count: 0
TID: [] [] [2026-10-01 19:49:39,134]  INFO {org.wso2.carbon.apimgt.common.jms.JMSListener} - Connection successfully created towards the JMS provider for the listener: Siddhi-JMS-Consumer#notification. The connected JMS provider is AMQConnection: | Host: 192.168.1.235 | Port: 5672 | Virtual Host: carbon | Client ID: clientid | Active session count: 0
TID: [] [] [2026-10-01 19:49:39,134]  INFO {org.wso2.carbon.apimgt.common.jms.JMSListener} - Connection attempt: 1 for JMS Provider for listener: Siddhi-JMS-Consumer#throttleData was successful!
TID: [] [] [2026-10-01 19:49:39,134]  INFO {org.wso2.carbon.apimgt.common.jms.JMSListener} - Connection attempt: 1 for JMS Provider for listener: Siddhi-JMS-Consumer#asyncWebhooksData was successful!
TID: [] [] [2026-10-01 19:49:39,134]  INFO {org.wso2.carbon.apimgt.common.jms.JMSListener} - Connection attempt: 1 for JMS Provider for listener: Siddhi-JMS-Consumer#notification was successful!
TID: [] [] [2026-10-01 19:49:39,134]  INFO {org.wso2.carbon.apimgt.common.jms.JMSListener} - Connection attempt: 1 for JMS Provider for listener: Siddhi-JMS-Consumer#notification was successful!
TID: [] [] [2026-10-01 19:49:39,134]  INFO {org.wso2.carbon.apimgt.common.jms.JMSListener} - Connection successfully created towards the JMS provider for the listener: Siddhi-JMS-Consumer#tokenRevocation. The connected JMS provider is AMQConnection: | Host: 192.168.1.235 | Port: 5672 | Virtual Host: carbon | Client ID: clientid | Active session count: 0
TID: [] [] [2026-10-01 19:49:39,134]  INFO {org.wso2.carbon.apimgt.common.jms.JMSListener} - Connection attempt: 1 for JMS Provider for listener: Siddhi-JMS-Consumer#tokenRevocation was successful!
TID: [] [] [2026-10-01 19:49:39,136]  INFO {org.wso2.carbon.apimgt.common.jms.JMSTaskManager} - Task manager for Siddhi-JMS-Consumer [re-]initialized
TID: [] [] [2026-10-01 19:49:39,136]  INFO {org.wso2.carbon.apimgt.common.jms.JMSTaskManager} - Task manager for Siddhi-JMS-Consumer [re-]initialized
TID: [] [] [2026-10-01 19:49:39,136]  INFO {org.wso2.carbon.apimgt.common.jms.JMSTaskManager} - Task manager for Siddhi-JMS-Consumer [re-]initialized
TID: [] [] [2026-10-01 19:49:39,136]  INFO {org.wso2.carbon.apimgt.common.jms.JMSTaskManager} - Task manager for Siddhi-JMS-Consumer [re-]initialized
TID: [] [] [2026-10-01 19:49:39,136]  INFO {org.wso2.carbon.apimgt.common.jms.JMSTaskManager} - Task manager for Siddhi-JMS-Consumer [re-]initialized
TID: [] [] [2026-10-01 19:49:39,136]  INFO {org.wso2.carbon.apimgt.common.jms.JMSTaskManager} - Task manager for Siddhi-JMS-Consumer [re-]initialized
TID: [] [] [2026-10-01 19:49:39,136]  INFO {org.wso2.carbon.apimgt.common.jms.JMSTaskManager} - Task manager for Siddhi-JMS-Consumer [re-]initialized
TID: [] [] [2026-10-01 19:49:39,136]  INFO {org.wso2.carbon.apimgt.common.jms.JMSTaskManager} - Task manager for Siddhi-JMS-Consumer [re-]initialized
TID: [] [] [2026-10-01 19:49:39,136]  INFO {org.wso2.carbon.apimgt.common.jms.JMSTaskManager} - Task manager for Siddhi-JMS-Consumer [re-]initialized
TID: [] [] [2026-10-01 19:49:39,136]  INFO {org.wso2.carbon.apimgt.common.jms.JMSTaskManager} - Task manager for Siddhi-JMS-Consumer [re-]initialized
TID: [] [] [2026-10-01 19:49:39,136]  INFO {org.wso2.carbon.apimgt.common.jms.JMSTaskManager} - Task manager for Siddhi-JMS-Consumer [re-]initialized
TID: [] [] [2026-10-01 19:49:39,516]  INFO {org.wso2.carbon.ui.internal.CarbonUIServiceComponent} - Mgt Console URL  : https://localhost:9443/carbon/
TID: [] [] [2026-10-01 19:49:39,516]  INFO {org.wso2.carbon.ui.internal.CarbonUIServiceComponent} - API Developer Portal Default Context : https://localhost:9443/devportal
TID: [] [] [2026-10-01 19:49:39,516]  INFO {org.wso2.carbon.ui.internal.CarbonUIServiceComponent} - API Publisher Default Context : https://localhost:9443/publisher
TID: [-1234] [internal/data/v1] [2026-10-01 19:49:39,717]  INFO {org.wso2.carbon.apimgt.impl.importexport.utils.CommonUtil} - Creation of folder is successful. Directory Name : Api Exemplo-0.1
TID: [-1234] [internal/data/v1] [2026-10-01 19:49:39,719]  INFO {org.wso2.carbon.apimgt.impl.importexport.utils.CommonUtil} - Creation of folder is successful. Directory Name : Definitions
TID: [] [] [2026-10-01 19:49:40,136]  INFO {org.wso2.carbon.apimgt.common.jms.JMSListener} - Started to listen on destination : keyManager of type topic for listener Siddhi-JMS-Consumer#keyManager
TID: [] [] [2026-10-01 19:49:40,136]  INFO {org.wso2.carbon.apimgt.common.jms.JMSListener} - Started to listen on destination : cacheInvalidation of type topic for listener Siddhi-JMS-Consumer#cacheInvalidation
TID: [] [] [2026-10-01 19:49:40,136]  INFO {org.wso2.carbon.apimgt.common.jms.JMSListener} - Started to listen on destination : tokenRevocation of type topic for listener Siddhi-JMS-Consumer#tokenRevocation
TID: [] [] [2026-10-01 19:49:40,136]  INFO {org.wso2.carbon.apimgt.common.jms.JMSListener} - Started to listen on destination : notification of type topic for listener Siddhi-JMS-Consumer#notification
TID: [] [] [2026-10-01 19:49:40,136]  INFO {org.wso2.carbon.apimgt.common.jms.JMSListener} - Started to listen on destination : throttleData of type topic for listener Siddhi-JMS-Consumer#throttleData
TID: [] [] [2026-10-01 19:49:40,136]  INFO {org.wso2.carbon.apimgt.common.jms.JMSListener} - Started to listen on destination : throttleData of type topic for listener Siddhi-JMS-Consumer#throttleData
TID: [] [] [2026-10-01 19:49:40,136]  INFO {org.wso2.carbon.apimgt.common.jms.JMSListener} - Started to listen on destination : notification of type topic for listener Siddhi-JMS-Consumer#notification
TID: [] [] [2026-10-01 19:49:40,136]  INFO {org.wso2.carbon.apimgt.common.jms.JMSListener} - Started to listen on destination : notification of type topic for listener Siddhi-JMS-Consumer#notification
TID: [] [] [2026-10-01 19:49:40,137]  INFO {org.wso2.carbon.apimgt.common.jms.JMSListener} - Started to listen on destination : notification of type topic for listener Siddhi-JMS-Consumer#notification
TID: [] [] [2026-10-01 19:49:40,137]  INFO {org.wso2.carbon.apimgt.common.jms.JMSListener} - Started to listen on destination : notification of type topic for listener Siddhi-JMS-Consumer#notification
TID: [] [] [2026-10-01 19:49:40,137]  INFO {org.wso2.carbon.apimgt.common.jms.JMSListener} - Started to listen on destination : asyncWebhooksData of type topic for listener Siddhi-JMS-Consumer#asyncWebhooksData
TID: [] [] [2026-10-01 19:49:40,313]  INFO {org.wso2.carbon.mediation.dependency.mgt.DependencyTracker} - Local entry : ga-config-key was added to the Synapse configuration successfully
TID: [] [] [2026-10-01 19:49:40,332]  INFO {org.wso2.carbon.apimgt.gateway.listeners.GatewayStartupListener} - Gateway policy artifacts deployed Successfully in the Gateway
TID: [] [] [2026-10-01 19:49:40,336]  INFO {org.wso2.carbon.apimgt.gateway.InMemoryAPIDeployer} - Retrieved 1 artifacts for deployment
TID: [] [] [2026-10-01 19:49:40,337]  INFO {org.wso2.carbon.apimgt.gateway.InMemoryAPIDeployer} - Deploying synapse artifacts of API ID: e2751bd4-70e9-4e96-9c39-c0d334d80213 and Context: /teste/0.1
TID: [] [] [2026-10-01 19:49:40,378]  INFO {org.wso2.carbon.mediation.dependency.mgt.DependencyTracker} - Local entry : e2751bd4-70e9-4e96-9c39-c0d334d80213 was added to the Synapse configuration successfully
TID: [] [] [2026-10-01 19:49:40,380]  INFO {org.wso2.carbon.mediation.dependency.mgt.DependencyTracker} - Endpoint : Api Exemplo--v0.1_APIproductionEndpoint was added to the Synapse configuration successfully
TID: [] [] [2026-10-01 19:49:40,382]  INFO {org.wso2.carbon.mediation.dependency.mgt.DependencyTracker} - Endpoint : Api Exemplo--v0.1_APIsandboxEndpoint was added to the Synapse configuration successfully
TID: [] [] [2026-10-01 19:49:40,402]  INFO {org.wso2.carbon.apimgt.gateway.notifiers.GatewayNotifier} - Gateway registered successfully with ID: fc84daa2-ee43-49c6-bf59-f3017dfb9ea0
TID: [] [] [2026-10-01 19:49:40,407]  INFO {org.wso2.carbon.event.processor.core.internal.util.EventProcessorConfigurationFilesystemInvoker} - carbon.super_sub_AsyncWHSilver.siddhiql is deleted from the file system
TID: [] [] [2026-10-01 19:49:40,407]  INFO {org.wso2.carbon.event.processor.core.EventProcessorDeployer} - Execution Plan was undeployed successfully : carbon.super_sub_AsyncWHSilver.siddhiql
TID: [] [] [2026-10-01 19:49:40,408]  INFO {org.wso2.carbon.event.processor.core.internal.util.EventProcessorConfigurationFilesystemInvoker} - carbon.super_sub_AsyncBronze.siddhiql is deleted from the file system
TID: [] [] [2026-10-01 19:49:40,408]  INFO {org.wso2.carbon.event.processor.core.EventProcessorDeployer} - Execution Plan was undeployed successfully : carbon.super_sub_AsyncBronze.siddhiql
TID: [] [] [2026-10-01 19:49:40,408]  INFO {org.wso2.carbon.event.processor.core.internal.util.EventProcessorConfigurationFilesystemInvoker} - carbon.super_sub_AISilver.siddhiql is deleted from the file system
TID: [] [] [2026-10-01 19:49:40,408]  INFO {org.wso2.carbon.event.processor.core.EventProcessorDeployer} - Execution Plan was undeployed successfully : carbon.super_sub_AISilver.siddhiql
TID: [] [] [2026-10-01 19:49:40,409]  INFO {org.wso2.carbon.event.processor.core.internal.util.EventProcessorConfigurationFilesystemInvoker} - carbon.super_sub_AsyncDefaultSubscriptionless.siddhiql is deleted from the file system
TID: [] [] [2026-10-01 19:49:40,409]  INFO {org.wso2.carbon.event.processor.core.EventProcessorDeployer} - Execution Plan was undeployed successfully : carbon.super_sub_AsyncDefaultSubscriptionless.siddhiql
TID: [] [] [2026-10-01 19:49:40,409]  INFO {org.wso2.carbon.event.processor.core.internal.util.EventProcessorConfigurationFilesystemInvoker} - carbon.super_sub_Unauthenticated.siddhiql is deleted from the file system
TID: [] [] [2026-10-01 19:49:40,409]  INFO {org.wso2.carbon.event.processor.core.EventProcessorDeployer} - Execution Plan was undeployed successfully : carbon.super_sub_Unauthenticated.siddhiql
TID: [] [] [2026-10-01 19:49:40,410]  INFO {org.wso2.carbon.event.processor.core.internal.util.EventProcessorConfigurationFilesystemInvoker} - carbon.super_sub_AsyncWHGold.siddhiql is deleted from the file system
TID: [] [] [2026-10-01 19:49:40,410]  INFO {org.wso2.carbon.event.processor.core.EventProcessorDeployer} - Execution Plan was undeployed successfully : carbon.super_sub_AsyncWHGold.siddhiql
TID: [] [] [2026-10-01 19:49:40,410]  INFO {org.wso2.carbon.event.processor.core.internal.util.EventProcessorConfigurationFilesystemInvoker} - carbon.super_resource_10KPerMin_default.siddhiql is deleted from the file system
TID: [] [] [2026-10-01 19:49:40,410]  INFO {org.wso2.carbon.event.processor.core.EventProcessorDeployer} - Execution Plan was undeployed successfully : carbon.super_resource_10KPerMin_default.siddhiql
TID: [] [] [2026-10-01 19:49:40,411]  INFO {org.wso2.carbon.event.processor.core.internal.util.EventProcessorConfigurationFilesystemInvoker} - carbon.super_sub_AIGold.siddhiql is deleted from the file system
TID: [] [] [2026-10-01 19:49:40,411]  INFO {org.wso2.carbon.event.processor.core.EventProcessorDeployer} - Execution Plan was undeployed successfully : carbon.super_sub_AIGold.siddhiql
TID: [] [] [2026-10-01 19:49:40,411]  INFO {org.wso2.carbon.event.processor.core.internal.util.EventProcessorConfigurationFilesystemInvoker} - carbon.super_sub_AsyncWHBronze.siddhiql is deleted from the file system
TID: [] [] [2026-10-01 19:49:40,411]  INFO {org.wso2.carbon.event.processor.core.EventProcessorDeployer} - Execution Plan was undeployed successfully : carbon.super_sub_AsyncWHBronze.siddhiql
TID: [] [] [2026-10-01 19:49:40,412]  INFO {org.wso2.carbon.event.processor.core.internal.util.EventProcessorConfigurationFilesystemInvoker} - carbon.super_sub_AsyncSilver.siddhiql is deleted from the file system
TID: [] [] [2026-10-01 19:49:40,412]  INFO {org.wso2.carbon.event.processor.core.EventProcessorDeployer} - Execution Plan was undeployed successfully : carbon.super_sub_AsyncSilver.siddhiql
TID: [] [] [2026-10-01 19:49:40,412]  INFO {org.wso2.carbon.event.processor.core.internal.util.EventProcessorConfigurationFilesystemInvoker} - carbon.super_sub_DefaultSubscriptionless.siddhiql is deleted from the file system
TID: [] [] [2026-10-01 19:49:40,412]  INFO {org.wso2.carbon.event.processor.core.EventProcessorDeployer} - Execution Plan was undeployed successfully : carbon.super_sub_DefaultSubscriptionless.siddhiql
TID: [] [] [2026-10-01 19:49:40,413]  INFO {org.wso2.carbon.event.processor.core.internal.util.EventProcessorConfigurationFilesystemInvoker} - carbon.super_sub_Silver.siddhiql is deleted from the file system
TID: [] [] [2026-10-01 19:49:40,413]  INFO {org.wso2.carbon.event.processor.core.EventProcessorDeployer} - Execution Plan was undeployed successfully : carbon.super_sub_Silver.siddhiql
TID: [] [] [2026-10-01 19:49:40,413]  INFO {org.wso2.carbon.event.processor.core.internal.util.EventProcessorConfigurationFilesystemInvoker} - carbon.super_sub_Bronze.siddhiql is deleted from the file system
TID: [] [] [2026-10-01 19:49:40,413]  INFO {org.wso2.carbon.event.processor.core.EventProcessorDeployer} - Execution Plan was undeployed successfully : carbon.super_sub_Bronze.siddhiql
TID: [] [] [2026-10-01 19:49:40,414]  INFO {org.wso2.carbon.event.processor.core.internal.util.EventProcessorConfigurationFilesystemInvoker} - carbon.super_resource_50KPerMin_default.siddhiql is deleted from the file system
TID: [] [] [2026-10-01 19:49:40,414]  INFO {org.wso2.carbon.event.processor.core.EventProcessorDeployer} - Execution Plan was undeployed successfully : carbon.super_resource_50KPerMin_default.siddhiql
TID: [] [] [2026-10-01 19:49:40,414]  INFO {org.wso2.carbon.event.processor.core.internal.util.EventProcessorConfigurationFilesystemInvoker} - carbon.super_resource_20KPerMin_default.siddhiql is deleted from the file system
TID: [] [] [2026-10-01 19:49:40,414]  INFO {org.wso2.carbon.event.processor.core.EventProcessorDeployer} - Execution Plan was undeployed successfully : carbon.super_resource_20KPerMin_default.siddhiql
TID: [] [] [2026-10-01 19:49:40,414]  INFO {org.wso2.carbon.event.processor.core.internal.util.EventProcessorConfigurationFilesystemInvoker} - carbon.super_sub_AsyncGold.siddhiql is deleted from the file system
TID: [] [] [2026-10-01 19:49:40,414]  INFO {org.wso2.carbon.event.processor.core.EventProcessorDeployer} - Execution Plan was undeployed successfully : carbon.super_sub_AsyncGold.siddhiql
TID: [] [] [2026-10-01 19:49:40,415]  INFO {org.wso2.carbon.event.processor.core.internal.util.EventProcessorConfigurationFilesystemInvoker} - carbon.super_sub_AIBronze.siddhiql is deleted from the file system
TID: [] [] [2026-10-01 19:49:40,415]  INFO {org.wso2.carbon.event.processor.core.EventProcessorDeployer} - Execution Plan was undeployed successfully : carbon.super_sub_AIBronze.siddhiql
TID: [] [] [2026-10-01 19:49:40,418]  INFO {org.wso2.carbon.event.processor.core.internal.util.EventProcessorConfigurationFilesystemInvoker} - carbon.super_sub_Gold.siddhiql is deleted from the file system
TID: [] [] [2026-10-01 19:49:40,418]  INFO {org.wso2.carbon.event.processor.core.EventProcessorDeployer} - Execution Plan was undeployed successfully : carbon.super_sub_Gold.siddhiql
TID: [] [] [2026-10-01 19:49:40,418]  INFO {org.wso2.carbon.event.processor.core.internal.util.EventProcessorConfigurationFilesystemInvoker} - carbon.super_app_10PerMin.siddhiql is deleted from the file system
TID: [] [] [2026-10-01 19:49:40,418]  INFO {org.wso2.carbon.event.processor.core.EventProcessorDeployer} - Execution Plan was undeployed successfully : carbon.super_app_10PerMin.siddhiql
TID: [] [] [2026-10-01 19:49:40,419]  INFO {org.wso2.carbon.event.processor.core.internal.util.EventProcessorConfigurationFilesystemInvoker} - carbon.super_app_20PerMin.siddhiql is deleted from the file system
TID: [] [] [2026-10-01 19:49:40,419]  INFO {org.wso2.carbon.event.processor.core.EventProcessorDeployer} - Execution Plan was undeployed successfully : carbon.super_app_20PerMin.siddhiql
TID: [] [] [2026-10-01 19:49:40,419]  INFO {org.wso2.carbon.event.processor.core.internal.util.EventProcessorConfigurationFilesystemInvoker} - carbon.super_app_50PerMin.siddhiql is deleted from the file system
TID: [] [] [2026-10-01 19:49:40,419]  INFO {org.wso2.carbon.event.processor.core.EventProcessorDeployer} - Execution Plan was undeployed successfully : carbon.super_app_50PerMin.siddhiql
TID: [] [] [2026-10-01 19:49:40,433]  INFO {org.wso2.carbon.event.processor.core.internal.util.EventProcessorConfigurationFilesystemInvoker} - Execution plan: carbon.super_sub_Gold saved in the filesystem
TID: [] [] [2026-10-01 19:49:40,446]  INFO {org.wso2.carbon.event.stream.core.internal.EventJunction} - Producer added to the junction. Stream:org.wso2.throttle.globalThrottle.stream:1.0.0
TID: [] [] [2026-10-01 19:49:40,446]  INFO {org.wso2.carbon.event.stream.core.internal.EventJunction} - Consumer added to the junction. Stream:org.wso2.throttle.processed.request.stream:1.0.0
TID: [] [] [2026-10-01 19:49:40,446]  INFO {org.wso2.carbon.event.processor.core.EventProcessorDeployer} - Execution plan is deployed successfully and in active state  : carbon.super_sub_Gold
TID: [] [] [2026-10-01 19:49:40,452]  INFO {org.wso2.carbon.event.processor.core.internal.util.EventProcessorConfigurationFilesystemInvoker} - Execution plan: carbon.super_sub_Silver saved in the filesystem
TID: [] [] [2026-10-01 19:49:40,468]  INFO {org.wso2.carbon.event.stream.core.internal.EventJunction} - Producer added to the junction. Stream:org.wso2.throttle.globalThrottle.stream:1.0.0
TID: [] [] [2026-10-01 19:49:40,468]  INFO {org.wso2.carbon.event.stream.core.internal.EventJunction} - Consumer added to the junction. Stream:org.wso2.throttle.processed.request.stream:1.0.0
TID: [] [] [2026-10-01 19:49:40,468]  INFO {org.wso2.carbon.event.processor.core.EventProcessorDeployer} - Execution plan is deployed successfully and in active state  : carbon.super_sub_Silver
TID: [] [] [2026-10-01 19:49:40,475]  INFO {org.wso2.carbon.event.processor.core.internal.util.EventProcessorConfigurationFilesystemInvoker} - Execution plan: carbon.super_sub_Bronze saved in the filesystem
TID: [] [] [2026-10-01 19:49:40,490]  INFO {org.wso2.carbon.event.stream.core.internal.EventJunction} - Producer added to the junction. Stream:org.wso2.throttle.globalThrottle.stream:1.0.0
TID: [] [] [2026-10-01 19:49:40,490]  INFO {org.wso2.carbon.event.stream.core.internal.EventJunction} - Consumer added to the junction. Stream:org.wso2.throttle.processed.request.stream:1.0.0
TID: [] [] [2026-10-01 19:49:40,490]  INFO {org.wso2.carbon.event.processor.core.EventProcessorDeployer} - Execution plan is deployed successfully and in active state  : carbon.super_sub_Bronze
TID: [] [] [2026-10-01 19:49:40,497]  INFO {org.wso2.carbon.event.processor.core.internal.util.EventProcessorConfigurationFilesystemInvoker} - Execution plan: carbon.super_sub_Unauthenticated saved in the filesystem
TID: [] [] [2026-10-01 19:49:40,511]  INFO {org.wso2.carbon.event.stream.core.internal.EventJunction} - Producer added to the junction. Stream:org.wso2.throttle.globalThrottle.stream:1.0.0
TID: [] [] [2026-10-01 19:49:40,511]  INFO {org.wso2.carbon.event.stream.core.internal.EventJunction} - Consumer added to the junction. Stream:org.wso2.throttle.processed.request.stream:1.0.0
TID: [] [] [2026-10-01 19:49:40,511]  INFO {org.wso2.carbon.event.processor.core.EventProcessorDeployer} - Execution plan is deployed successfully and in active state  : carbon.super_sub_Unauthenticated
TID: [] [] [2026-10-01 19:49:40,517]  INFO {org.wso2.carbon.event.processor.core.internal.util.EventProcessorConfigurationFilesystemInvoker} - Execution plan: carbon.super_sub_DefaultSubscriptionless saved in the filesystem
TID: [] [] [2026-10-01 19:49:40,531]  INFO {org.wso2.carbon.event.stream.core.internal.EventJunction} - Producer added to the junction. Stream:org.wso2.throttle.globalThrottle.stream:1.0.0
TID: [] [] [2026-10-01 19:49:40,531]  INFO {org.wso2.carbon.event.stream.core.internal.EventJunction} - Consumer added to the junction. Stream:org.wso2.throttle.processed.request.stream:1.0.0
TID: [] [] [2026-10-01 19:49:40,531]  INFO {org.wso2.carbon.event.processor.core.EventProcessorDeployer} - Execution plan is deployed successfully and in active state  : carbon.super_sub_DefaultSubscriptionless
TID: [] [] [2026-10-01 19:49:40,537]  INFO {org.wso2.carbon.event.processor.core.internal.util.EventProcessorConfigurationFilesystemInvoker} - Execution plan: carbon.super_sub_AsyncGold saved in the filesystem
TID: [] [] [2026-10-01 19:49:40,548]  INFO {org.wso2.carbon.event.stream.core.internal.EventJunction} - Producer added to the junction. Stream:org.wso2.throttle.globalThrottle.stream:1.0.0
TID: [] [] [2026-10-01 19:49:40,548]  INFO {org.wso2.carbon.event.stream.core.internal.EventJunction} - Consumer added to the junction. Stream:org.wso2.throttle.processed.request.stream:1.0.0
TID: [] [] [2026-10-01 19:49:40,548]  INFO {org.wso2.carbon.event.processor.core.EventProcessorDeployer} - Execution plan is deployed successfully and in active state  : carbon.super_sub_AsyncGold
TID: [] [] [2026-10-01 19:49:40,555]  INFO {org.wso2.carbon.event.processor.core.internal.util.EventProcessorConfigurationFilesystemInvoker} - Execution plan: carbon.super_sub_AsyncSilver saved in the filesystem
TID: [] [] [2026-10-01 19:49:40,564]  INFO {org.apache.synapse.api.API} - {api:prod--Api Exemplo:v0.1} Initializing API: prod--Api Exemplo:v0.1
TID: [] [] [2026-10-01 19:49:40,567]  INFO {org.wso2.carbon.event.stream.core.internal.EventJunction} - Producer added to the junction. Stream:org.wso2.throttle.globalThrottle.stream:1.0.0
TID: [] [] [2026-10-01 19:49:40,567]  INFO {org.wso2.carbon.event.stream.core.internal.EventJunction} - Consumer added to the junction. Stream:org.wso2.throttle.processed.request.stream:1.0.0
TID: [] [] [2026-10-01 19:49:40,567]  INFO {org.wso2.carbon.event.processor.core.EventProcessorDeployer} - Execution plan is deployed successfully and in active state  : carbon.super_sub_AsyncSilver
TID: [] [] [2026-10-01 19:49:40,574]  INFO {org.wso2.carbon.event.processor.core.internal.util.EventProcessorConfigurationFilesystemInvoker} - Execution plan: carbon.super_sub_AsyncBronze saved in the filesystem
TID: [] [] [2026-10-01 19:49:40,576]  INFO {org.wso2.carbon.mediation.dependency.mgt.DependencyTracker} - API : prod--Api Exemplo:v0.1 was added to the Synapse configuration successfully
TID: [] [] [2026-10-01 19:49:40,578]  INFO {org.wso2.carbon.apimgt.gateway.listeners.GatewayStartupListener} - Synapse Artifacts deployed Successfully in the Gateway
TID: [] [] [2026-10-01 19:49:40,580]  INFO {org.apache.synapse.transport.passthru.PassThroughHttpSSLSender} - PassThroughHttpSender reloading SSL Config..
TID: [] [] [2026-10-01 19:49:40,580]  INFO {org.apache.synapse.transport.passthru.PassThroughHttpMultiSSLListener} - PassThroughHttpListener reloading SSL Config..
TID: [] [] [2026-10-01 19:49:40,583]  INFO {org.apache.synapse.transport.nhttp.config.ServerConnFactoryBuilder} - SSLProfile configuration is loaded from path: C:\Users\gabri\Desktop\ENTREV~1\WSO2AM~1.0\repository/resources/security/listenerprofiles.xml
TID: [] [] [2026-10-01 19:49:40,583]  INFO {org.apache.synapse.transport.nhttp.config.ClientConnFactoryBuilder} - customSSLProfiles configuration is loaded from path: C:\Users\gabri\Desktop\ENTREV~1\WSO2AM~1.0\repository/resources/security/sslprofiles.xml
TID: [] [] [2026-10-01 19:49:40,583]  INFO {org.apache.synapse.transport.nhttp.config.ClientConnFactoryBuilder} - HTTPS Loading custom SSL profiles for the HTTPS sender
TID: [] [] [2026-10-01 19:49:40,584]  INFO {org.wso2.carbon.event.stream.core.internal.EventJunction} - Producer added to the junction. Stream:org.wso2.throttle.globalThrottle.stream:1.0.0
TID: [] [] [2026-10-01 19:49:40,584]  INFO {org.wso2.carbon.event.stream.core.internal.EventJunction} - Consumer added to the junction. Stream:org.wso2.throttle.processed.request.stream:1.0.0
TID: [] [] [2026-10-01 19:49:40,584]  INFO {org.wso2.carbon.event.processor.core.EventProcessorDeployer} - Execution plan is deployed successfully and in active state  : carbon.super_sub_AsyncBronze
TID: [] [] [2026-10-01 19:49:40,586]  INFO {org.apache.synapse.transport.nhttp.config.ClientConnFactoryBuilder} - HTTPS Custom SSL profiles initialized for 1 mappings
TID: [] [] [2026-10-01 19:49:40,586]  INFO {org.apache.synapse.transport.passthru.PassThroughHttpSSLSender} - Pass-through HTTPS Sender updated with Dynamic Configuration Updates ...
TID: [] [] [2026-10-01 19:49:40,587]  INFO {org.apache.synapse.transport.passthru.core.PassThroughListeningIOReactorManager} - Pass-through HTTPS Listener started on 0.0.0.0:8243
TID: [] [] [2026-10-01 19:49:40,587]  INFO {org.apache.synapse.transport.passthru.PassThroughHttpMultiSSLListener} - HTTPS Reloaded
TID: [] [] [2026-10-01 19:49:40,588]  WARN {org.apache.synapse.transport.passthru.PassThroughHttpMultiSSLListener} - System may be unstable: HTTPS ListeningIOReactor encountered a checked exception : Address already in use: bind java.net.BindException: Address already in use: bind
	at java.base/sun.nio.ch.Net.bind0(Native Method)
	at java.base/sun.nio.ch.Net.bind(Net.java:525)
	at java.base/sun.nio.ch.ServerSocketChannelImpl.netBind(ServerSocketChannelImpl.java:333)
	at java.base/sun.nio.ch.ServerSocketChannelImpl.bind(ServerSocketChannelImpl.java:296)
	at java.base/sun.nio.ch.ServerSocketAdaptor.bind(ServerSocketAdaptor.java:80)
	at org.apache.http.impl.nio.reactor.DefaultListeningIOReactor.processSessionRequests(DefaultListeningIOReactor.java:243)
	at org.apache.http.impl.nio.reactor.DefaultListeningIOReactor.processEvents(DefaultListeningIOReactor.java:144)
	at org.apache.http.impl.nio.reactor.AbstractMultiworkerIOReactor.execute(AbstractMultiworkerIOReactor.java:351)
	at org.apache.synapse.transport.passthru.core.PassThroughListeningIOReactorManager$1.run(PassThroughListeningIOReactorManager.java:561)
	at java.base/java.lang.Thread.run(Thread.java:1527)

TID: [] [] [2026-10-01 19:49:40,590]  INFO {org.wso2.carbon.event.processor.core.internal.util.EventProcessorConfigurationFilesystemInvoker} - Execution plan: carbon.super_sub_AsyncDefaultSubscriptionless saved in the filesystem
TID: [] [] [2026-10-01 19:49:40,599]  INFO {org.wso2.carbon.event.stream.core.internal.EventJunction} - Producer added to the junction. Stream:org.wso2.throttle.globalThrottle.stream:1.0.0
TID: [] [] [2026-10-01 19:49:40,599]  INFO {org.wso2.carbon.event.stream.core.internal.EventJunction} - Consumer added to the junction. Stream:org.wso2.throttle.processed.request.stream:1.0.0
TID: [] [] [2026-10-01 19:49:40,599]  INFO {org.wso2.carbon.event.processor.core.EventProcessorDeployer} - Execution plan is deployed successfully and in active state  : carbon.super_sub_AsyncDefaultSubscriptionless
TID: [] [] [2026-10-01 19:49:40,606]  INFO {org.wso2.carbon.event.processor.core.internal.util.EventProcessorConfigurationFilesystemInvoker} - Execution plan: carbon.super_sub_AIGold saved in the filesystem
TID: [] [] [2026-10-01 19:49:40,625]  INFO {org.wso2.carbon.event.stream.core.internal.EventJunction} - Producer added to the junction. Stream:org.wso2.throttle.globalThrottle.stream:1.0.0
TID: [] [] [2026-10-01 19:49:40,625]  INFO {org.wso2.carbon.event.stream.core.internal.EventJunction} - Consumer added to the junction. Stream:org.wso2.throttle.processed.request.stream:1.0.0
TID: [] [] [2026-10-01 19:49:40,625]  INFO {org.wso2.carbon.event.processor.core.EventProcessorDeployer} - Execution plan is deployed successfully and in active state  : carbon.super_sub_AIGold
TID: [] [] [2026-10-01 19:49:40,633]  INFO {org.wso2.carbon.event.processor.core.internal.util.EventProcessorConfigurationFilesystemInvoker} - Execution plan: carbon.super_sub_AISilver saved in the filesystem
TID: [] [] [2026-10-01 19:49:40,642]  INFO {org.wso2.carbon.event.stream.core.internal.EventJunction} - Producer added to the junction. Stream:org.wso2.throttle.globalThrottle.stream:1.0.0
TID: [] [] [2026-10-01 19:49:40,642]  INFO {org.wso2.carbon.event.stream.core.internal.EventJunction} - Consumer added to the junction. Stream:org.wso2.throttle.processed.request.stream:1.0.0
TID: [] [] [2026-10-01 19:49:40,642]  INFO {org.wso2.carbon.event.processor.core.EventProcessorDeployer} - Execution plan is deployed successfully and in active state  : carbon.super_sub_AISilver
TID: [] [] [2026-10-01 19:49:40,649]  INFO {org.wso2.carbon.event.processor.core.internal.util.EventProcessorConfigurationFilesystemInvoker} - Execution plan: carbon.super_sub_AIBronze saved in the filesystem
TID: [] [] [2026-10-01 19:49:40,658]  INFO {org.wso2.carbon.event.stream.core.internal.EventJunction} - Producer added to the junction. Stream:org.wso2.throttle.globalThrottle.stream:1.0.0
TID: [] [] [2026-10-01 19:49:40,658]  INFO {org.wso2.carbon.event.stream.core.internal.EventJunction} - Consumer added to the junction. Stream:org.wso2.throttle.processed.request.stream:1.0.0
TID: [] [] [2026-10-01 19:49:40,658]  INFO {org.wso2.carbon.event.processor.core.EventProcessorDeployer} - Execution plan is deployed successfully and in active state  : carbon.super_sub_AIBronze
TID: [] [] [2026-10-01 19:49:40,664]  INFO {org.wso2.carbon.event.processor.core.internal.util.EventProcessorConfigurationFilesystemInvoker} - Execution plan: carbon.super_sub_AsyncWHGold saved in the filesystem
TID: [] [] [2026-10-01 19:49:40,671]  INFO {org.wso2.carbon.event.stream.core.internal.EventJunction} - Producer added to the junction. Stream:org.wso2.throttle.globalThrottle.stream:1.0.0
TID: [] [] [2026-10-01 19:49:40,671]  INFO {org.wso2.carbon.event.stream.core.internal.EventJunction} - Consumer added to the junction. Stream:org.wso2.throttle.processed.request.stream:1.0.0
TID: [] [] [2026-10-01 19:49:40,671]  INFO {org.wso2.carbon.event.processor.core.EventProcessorDeployer} - Execution plan is deployed successfully and in active state  : carbon.super_sub_AsyncWHGold
TID: [] [] [2026-10-01 19:49:40,677]  INFO {org.wso2.carbon.event.processor.core.internal.util.EventProcessorConfigurationFilesystemInvoker} - Execution plan: carbon.super_sub_AsyncWHSilver saved in the filesystem
TID: [] [] [2026-10-01 19:49:40,685]  INFO {org.wso2.carbon.event.stream.core.internal.EventJunction} - Producer added to the junction. Stream:org.wso2.throttle.globalThrottle.stream:1.0.0
TID: [] [] [2026-10-01 19:49:40,685]  INFO {org.wso2.carbon.event.stream.core.internal.EventJunction} - Consumer added to the junction. Stream:org.wso2.throttle.processed.request.stream:1.0.0
TID: [] [] [2026-10-01 19:49:40,685]  INFO {org.wso2.carbon.event.processor.core.EventProcessorDeployer} - Execution plan is deployed successfully and in active state  : carbon.super_sub_AsyncWHSilver
TID: [] [] [2026-10-01 19:49:40,690]  INFO {org.wso2.carbon.event.processor.core.internal.util.EventProcessorConfigurationFilesystemInvoker} - Execution plan: carbon.super_sub_AsyncWHBronze saved in the filesystem
TID: [] [] [2026-10-01 19:49:40,700]  INFO {org.wso2.carbon.event.stream.core.internal.EventJunction} - Producer added to the junction. Stream:org.wso2.throttle.globalThrottle.stream:1.0.0
TID: [] [] [2026-10-01 19:49:40,700]  INFO {org.wso2.carbon.event.stream.core.internal.EventJunction} - Consumer added to the junction. Stream:org.wso2.throttle.processed.request.stream:1.0.0
TID: [] [] [2026-10-01 19:49:40,700]  INFO {org.wso2.carbon.event.processor.core.EventProcessorDeployer} - Execution plan is deployed successfully and in active state  : carbon.super_sub_AsyncWHBronze
TID: [] [] [2026-10-01 19:49:40,705]  INFO {org.wso2.carbon.event.processor.core.internal.util.EventProcessorConfigurationFilesystemInvoker} - Execution plan: carbon.super_app_50PerMin saved in the filesystem
TID: [] [] [2026-10-01 19:49:40,715]  INFO {org.wso2.carbon.event.stream.core.internal.EventJunction} - Producer added to the junction. Stream:org.wso2.throttle.globalThrottle.stream:1.0.0
TID: [] [] [2026-10-01 19:49:40,715]  INFO {org.wso2.carbon.event.stream.core.internal.EventJunction} - Consumer added to the junction. Stream:org.wso2.throttle.processed.request.stream:1.0.0
TID: [] [] [2026-10-01 19:49:40,715]  INFO {org.wso2.carbon.event.processor.core.EventProcessorDeployer} - Execution plan is deployed successfully and in active state  : carbon.super_app_50PerMin
TID: [] [] [2026-10-01 19:49:40,721]  INFO {org.wso2.carbon.event.processor.core.internal.util.EventProcessorConfigurationFilesystemInvoker} - Execution plan: carbon.super_app_20PerMin saved in the filesystem
TID: [] [] [2026-10-01 19:49:40,729]  INFO {org.wso2.carbon.event.stream.core.internal.EventJunction} - Producer added to the junction. Stream:org.wso2.throttle.globalThrottle.stream:1.0.0
TID: [] [] [2026-10-01 19:49:40,729]  INFO {org.wso2.carbon.event.stream.core.internal.EventJunction} - Consumer added to the junction. Stream:org.wso2.throttle.processed.request.stream:1.0.0
TID: [] [] [2026-10-01 19:49:40,729]  INFO {org.wso2.carbon.event.processor.core.EventProcessorDeployer} - Execution plan is deployed successfully and in active state  : carbon.super_app_20PerMin
TID: [] [] [2026-10-01 19:49:40,735]  INFO {org.wso2.carbon.event.processor.core.internal.util.EventProcessorConfigurationFilesystemInvoker} - Execution plan: carbon.super_app_10PerMin saved in the filesystem
TID: [] [] [2026-10-01 19:49:40,744]  INFO {org.wso2.carbon.event.stream.core.internal.EventJunction} - Producer added to the junction. Stream:org.wso2.throttle.globalThrottle.stream:1.0.0
TID: [] [] [2026-10-01 19:49:40,744]  INFO {org.wso2.carbon.event.stream.core.internal.EventJunction} - Consumer added to the junction. Stream:org.wso2.throttle.processed.request.stream:1.0.0
TID: [] [] [2026-10-01 19:49:40,744]  INFO {org.wso2.carbon.event.processor.core.EventProcessorDeployer} - Execution plan is deployed successfully and in active state  : carbon.super_app_10PerMin
TID: [] [] [2026-10-01 19:49:40,753]  INFO {org.wso2.carbon.event.processor.core.internal.util.EventProcessorConfigurationFilesystemInvoker} - Execution plan: carbon.super_resource_50KPerMin_default saved in the filesystem
TID: [] [] [2026-10-01 19:49:40,762]  INFO {org.wso2.carbon.event.stream.core.internal.EventJunction} - Producer added to the junction. Stream:org.wso2.throttle.globalThrottle.stream:1.1.0
TID: [] [] [2026-10-01 19:49:40,762]  INFO {org.wso2.carbon.event.stream.core.internal.EventJunction} - Consumer added to the junction. Stream:org.wso2.throttle.processed.request.stream:1.0.0
TID: [] [] [2026-10-01 19:49:40,762]  INFO {org.wso2.carbon.event.processor.core.EventProcessorDeployer} - Execution plan is deployed successfully and in active state  : carbon.super_resource_50KPerMin_default
TID: [] [] [2026-10-01 19:49:40,770]  INFO {org.wso2.carbon.event.processor.core.internal.util.EventProcessorConfigurationFilesystemInvoker} - Execution plan: carbon.super_resource_20KPerMin_default saved in the filesystem
TID: [] [] [2026-10-01 19:49:40,778]  INFO {org.wso2.carbon.event.stream.core.internal.EventJunction} - Producer added to the junction. Stream:org.wso2.throttle.globalThrottle.stream:1.1.0
TID: [] [] [2026-10-01 19:49:40,778]  INFO {org.wso2.carbon.event.stream.core.internal.EventJunction} - Consumer added to the junction. Stream:org.wso2.throttle.processed.request.stream:1.0.0
TID: [] [] [2026-10-01 19:49:40,778]  INFO {org.wso2.carbon.event.processor.core.EventProcessorDeployer} - Execution plan is deployed successfully and in active state  : carbon.super_resource_20KPerMin_default
TID: [] [] [2026-10-01 19:49:40,786]  INFO {org.wso2.carbon.event.processor.core.internal.util.EventProcessorConfigurationFilesystemInvoker} - Execution plan: carbon.super_resource_10KPerMin_default saved in the filesystem
TID: [] [] [2026-10-01 19:49:40,795]  INFO {org.wso2.carbon.event.stream.core.internal.EventJunction} - Producer added to the junction. Stream:org.wso2.throttle.globalThrottle.stream:1.1.0
TID: [] [] [2026-10-01 19:49:40,795]  INFO {org.wso2.carbon.event.stream.core.internal.EventJunction} - Consumer added to the junction. Stream:org.wso2.throttle.processed.request.stream:1.0.0
TID: [] [] [2026-10-01 19:49:40,795]  INFO {org.wso2.carbon.event.processor.core.EventProcessorDeployer} - Execution plan is deployed successfully and in active state  : carbon.super_resource_10KPerMin_default
TID: [] [] [2026-10-01 19:49:47,007]  INFO {org.wso2.carbon.event.processor.manager.core.internal.CarbonEventManagementService} - Starting polling event receivers
TID: [-1234] [api/am/devportal] [2026-10-01 19:50:09,348] ERROR {org.wso2.carbon.apimgt.rest.api.util.interceptors.PostAuthenticationInterceptor} - Authentication failed: Bearer/Basic authentication header is missing
TID: [-1234] [api/am/devportal] [2026-10-01 19:50:09,348] ERROR {org.wso2.carbon.apimgt.rest.api.util.interceptors.PostAuthenticationInterceptor} - Authentication failed: Bearer/Basic authentication header is missing
TID: [-1234] [api/am/devportal] [2026-10-01 19:50:09,464] ERROR {org.wso2.carbon.apimgt.rest.api.util.interceptors.PostAuthenticationInterceptor} - Authentication failed: Bearer/Basic authentication header is missing
TID: [-1234] [publisher] [2026-10-01 19:50:27,809] ERROR {org.apache.jsp.services.refresh.refresh_jsp} - org.wso2.carbon.ui.filters.cache.ContentTypeBasedCachePreventionFilter$1@7a658f12
TID: [-1234] [publisher] [2026-10-01 19:50:27,809] ERROR {org.apache.jsp.services.refresh.refresh_jsp} - org.wso2.carbon.ui.filters.cache.ContentTypeBasedCachePreventionFilter$1@774ca7f1
TID: [-1234] [publisher] [2026-10-01 19:50:27,809] ERROR {org.apache.jsp.services.refresh.refresh_jsp} - org.wso2.carbon.ui.filters.cache.ContentTypeBasedCachePreventionFilter$1@47f8d80d
TID: [-1234] [api/am/publisher] [2026-10-01 19:50:27,866] ERROR {org.wso2.carbon.apimgt.rest.api.util.impl.OAuthOpaqueAuthenticatorImpl} - Invalid OAuth Token : Invalid Access Token. ACTIVE access token is not found.
TID: [-1234] [api/am/publisher] [2026-10-01 19:50:27,866] ERROR {org.wso2.carbon.apimgt.rest.api.util.impl.OAuthOpaqueAuthenticatorImpl} - Invalid OAuth Token : Invalid Access Token. ACTIVE access token is not found.
TID: [-1234] [api/am/publisher] [2026-10-01 19:50:27,866] ERROR {org.wso2.carbon.apimgt.rest.api.util.impl.OAuthOpaqueAuthenticatorImpl} - Invalid OAuth Token : Invalid Access Token. ACTIVE access token is not found.
TID: [-1234] [api/am/publisher] [2026-10-01 19:50:27,866] ERROR {org.wso2.carbon.apimgt.rest.api.util.impl.OAuthOpaqueAuthenticatorImpl} - Provided access token is invalid
TID: [-1234] [api/am/publisher] [2026-10-01 19:50:27,866] ERROR {org.wso2.carbon.apimgt.rest.api.util.impl.OAuthOpaqueAuthenticatorImpl} - Provided access token is invalid
TID: [-1234] [api/am/publisher] [2026-10-01 19:50:27,866] ERROR {org.wso2.carbon.apimgt.rest.api.util.impl.OAuthOpaqueAuthenticatorImpl} - Provided access token is invalid
TID: [] [] [2026-10-01 19:52:07,785]  INFO {org.wso2.carbon.databridge.core.DataBridge} - user admin connected
TID: [] [] [2026-10-01 19:52:07,873]  INFO {org.wso2.carbon.event.output.adapter.jms.internal.util.JMSConnectionFactory} - JMS ConnectionFactory : notificationJMSPublisher initialized
TID: [-1234] [internal/data/v1] [2026-10-01 19:59:42,153]  INFO {org.wso2.carbon.apimgt.impl.importexport.utils.CommonUtil} - Creation of folder is successful. Directory Name : Api Exemplo-0.1
TID: [-1234] [internal/data/v1] [2026-10-01 19:59:42,155]  INFO {org.wso2.carbon.apimgt.impl.importexport.utils.CommonUtil} - Creation of folder is successful. Directory Name : Definitions
TID: [] [] [2026-10-01 19:59:42,248]  INFO {org.apache.synapse.api.API} - {api:prod--Api Exemplo:v0.1} Destroying API: prod--Api Exemplo:v0.1
TID: [] [] [2026-10-01 19:59:42,249]  INFO {org.wso2.carbon.mediation.dependency.mgt.DependencyTracker} - API : prod--Api Exemplo:v0.1 was removed from the Synapse configuration successfully
TID: [] [] [2026-10-01 19:59:42,249]  INFO {org.wso2.carbon.mediation.dependency.mgt.DependencyTracker} - Local entry : e2751bd4-70e9-4e96-9c39-c0d334d80213 was removed from the Synapse configuration successfully
TID: [] [] [2026-10-01 19:59:42,250]  INFO {org.wso2.carbon.mediation.dependency.mgt.DependencyTracker} - Local entry : e2751bd4-70e9-4e96-9c39-c0d334d80213 was added to the Synapse configuration successfully
TID: [] [] [2026-10-01 19:59:42,251]  INFO {org.wso2.carbon.mediation.dependency.mgt.DependencyTracker} - Endpoint : Api Exemplo--v0.1_APIsandboxEndpoint was added to the Synapse configuration successfully
TID: [] [] [2026-10-01 19:59:42,251]  INFO {org.wso2.carbon.mediation.dependency.mgt.DependencyTracker} - Endpoint : Api Exemplo--v0.1_APIproductionEndpoint was added to the Synapse configuration successfully
TID: [] [] [2026-10-01 19:59:42,274]  INFO {org.apache.synapse.api.API} - {api:prod--Api Exemplo:v0.1} Initializing API: prod--Api Exemplo:v0.1
TID: [] [] [2026-10-01 19:59:42,274]  INFO {org.wso2.carbon.mediation.dependency.mgt.DependencyTracker} - API : prod--Api Exemplo:v0.1 was added to the Synapse configuration successfully
TID: [-1234] [internal/data/v1] [2026-10-01 20:01:36,257]  INFO {org.wso2.carbon.apimgt.impl.importexport.utils.CommonUtil} - Creation of folder is successful. Directory Name : Api Exemplo-0.1
TID: [-1234] [internal/data/v1] [2026-10-01 20:01:36,258]  INFO {org.wso2.carbon.apimgt.impl.importexport.utils.CommonUtil} - Creation of folder is successful. Directory Name : Definitions
TID: [] [] [2026-10-01 20:01:36,304]  INFO {org.apache.synapse.api.API} - {api:prod--Api Exemplo:v0.1} Destroying API: prod--Api Exemplo:v0.1
TID: [] [] [2026-10-01 20:01:36,304]  INFO {org.wso2.carbon.mediation.dependency.mgt.DependencyTracker} - API : prod--Api Exemplo:v0.1 was removed from the Synapse configuration successfully
TID: [] [] [2026-10-01 20:01:36,305]  INFO {org.wso2.carbon.mediation.dependency.mgt.DependencyTracker} - Local entry : e2751bd4-70e9-4e96-9c39-c0d334d80213 was removed from the Synapse configuration successfully
TID: [] [] [2026-10-01 20:01:36,305]  INFO {org.wso2.carbon.mediation.dependency.mgt.DependencyTracker} - Local entry : e2751bd4-70e9-4e96-9c39-c0d334d80213 was added to the Synapse configuration successfully
TID: [] [] [2026-10-01 20:01:36,306]  INFO {org.wso2.carbon.mediation.dependency.mgt.DependencyTracker} - Endpoint : Api Exemplo--v0.1_APIsandboxEndpoint was added to the Synapse configuration successfully
TID: [] [] [2026-10-01 20:01:36,307]  INFO {org.wso2.carbon.mediation.dependency.mgt.DependencyTracker} - Endpoint : Api Exemplo--v0.1_APIproductionEndpoint was added to the Synapse configuration successfully
TID: [] [] [2026-10-01 20:01:36,328]  INFO {org.apache.synapse.api.API} - {api:prod--Api Exemplo:v0.1} Initializing API: prod--Api Exemplo:v0.1
TID: [] [] [2026-10-01 20:01:36,328]  INFO {org.wso2.carbon.mediation.dependency.mgt.DependencyTracker} - API : prod--Api Exemplo:v0.1 was added to the Synapse configuration successfully
TID: [] [] [2026-10-01 20:02:00,029]  WARN {org.apache.synapse.transport.passthru.SourceHandler} - I/O error: (certificate_unknown) Received fatal alert: certificate_unknown
TID: [] [] [2026-10-01 20:02:00,064]  WARN {org.apache.synapse.transport.http.access.AccessConfiguration} - Error loading properties from file: access-log.properties
TID: [] [] [2026-10-01 20:02:00,067]  WARN {org.apache.synapse.commons.util.MiscellaneousUtil} - Error loading properties from a file at from the System defined location: access-log.properties
TID: [] [] [2026-10-01 20:02:00,069]  WARN {org.apache.synapse.commons.util.MiscellaneousUtil} - Error loading properties from a file at from the System defined location: access-log.properties
TID: [-1234] [internal/data/v1] [2026-10-01 20:02:30,273]  INFO {org.wso2.carbon.apimgt.impl.importexport.utils.CommonUtil} - Creation of folder is successful. Directory Name : Api Exemplo-0.1
TID: [-1234] [internal/data/v1] [2026-10-01 20:02:30,274]  INFO {org.wso2.carbon.apimgt.impl.importexport.utils.CommonUtil} - Creation of folder is successful. Directory Name : Definitions
TID: [] [] [2026-10-01 20:02:30,327]  INFO {org.apache.synapse.api.API} - {api:prod--Api Exemplo:v0.1} Destroying API: prod--Api Exemplo:v0.1
TID: [] [] [2026-10-01 20:02:30,327]  INFO {org.wso2.carbon.mediation.dependency.mgt.DependencyTracker} - API : prod--Api Exemplo:v0.1 was removed from the Synapse configuration successfully
TID: [] [] [2026-10-01 20:02:30,327]  INFO {org.wso2.carbon.mediation.dependency.mgt.DependencyTracker} - Local entry : e2751bd4-70e9-4e96-9c39-c0d334d80213 was removed from the Synapse configuration successfully
TID: [] [] [2026-10-01 20:02:30,328]  INFO {org.wso2.carbon.mediation.dependency.mgt.DependencyTracker} - Local entry : e2751bd4-70e9-4e96-9c39-c0d334d80213 was added to the Synapse configuration successfully
TID: [] [] [2026-10-01 20:02:30,329]  INFO {org.wso2.carbon.mediation.dependency.mgt.DependencyTracker} - Endpoint : Api Exemplo--v0.1_APIsandboxEndpoint was added to the Synapse configuration successfully
TID: [] [] [2026-10-01 20:02:30,329]  INFO {org.wso2.carbon.mediation.dependency.mgt.DependencyTracker} - Endpoint : Api Exemplo--v0.1_APIproductionEndpoint was added to the Synapse configuration successfully
TID: [] [] [2026-10-01 20:02:30,356]  INFO {org.apache.synapse.api.API} - {api:prod--Api Exemplo:v0.1} Initializing API: prod--Api Exemplo:v0.1
TID: [] [] [2026-10-01 20:02:30,356]  INFO {org.wso2.carbon.mediation.dependency.mgt.DependencyTracker} - API : prod--Api Exemplo:v0.1 was added to the Synapse configuration successfully
TID: [] [] [2026-10-01 20:08:12,786]  WARN {org.apache.synapse.transport.passthru.SourceHandler} - I/O error: (certificate_unknown) Received fatal alert: certificate_unknown
TID: [-1234] [internal/data/v1] [2026-10-01 20:10:28,754]  INFO {org.wso2.carbon.apimgt.impl.importexport.utils.CommonUtil} - Creation of folder is successful. Directory Name : Api Exemplo-0.1
TID: [-1234] [internal/data/v1] [2026-10-01 20:10:28,756]  INFO {org.wso2.carbon.apimgt.impl.importexport.utils.CommonUtil} - Creation of folder is successful. Directory Name : Definitions
TID: [] [] [2026-10-01 20:10:28,809]  INFO {org.apache.synapse.api.API} - {api:prod--Api Exemplo:v0.1} Destroying API: prod--Api Exemplo:v0.1
TID: [] [] [2026-10-01 20:10:28,809]  INFO {org.wso2.carbon.mediation.dependency.mgt.DependencyTracker} - API : prod--Api Exemplo:v0.1 was removed from the Synapse configuration successfully
TID: [] [] [2026-10-01 20:10:28,810]  INFO {org.wso2.carbon.mediation.dependency.mgt.DependencyTracker} - Local entry : e2751bd4-70e9-4e96-9c39-c0d334d80213 was removed from the Synapse configuration successfully
TID: [] [] [2026-10-01 20:10:28,811]  INFO {org.wso2.carbon.mediation.dependency.mgt.DependencyTracker} - Local entry : e2751bd4-70e9-4e96-9c39-c0d334d80213 was added to the Synapse configuration successfully
TID: [] [] [2026-10-01 20:10:28,811]  INFO {org.wso2.carbon.mediation.dependency.mgt.DependencyTracker} - Endpoint : Api Exemplo--v0.1_APIsandboxEndpoint was added to the Synapse configuration successfully
TID: [] [] [2026-10-01 20:10:28,812]  INFO {org.wso2.carbon.mediation.dependency.mgt.DependencyTracker} - Endpoint : Api Exemplo--v0.1_APIproductionEndpoint was added to the Synapse configuration successfully
TID: [] [] [2026-10-01 20:10:28,836]  INFO {org.apache.synapse.api.API} - {api:prod--Api Exemplo:v0.1} Initializing API: prod--Api Exemplo:v0.1
TID: [] [] [2026-10-01 20:10:28,836]  INFO {org.wso2.carbon.mediation.dependency.mgt.DependencyTracker} - API : prod--Api Exemplo:v0.1 was added to the Synapse configuration successfully
TID: [-1234] [internal/data/v1] [2026-10-01 20:12:47,884]  INFO {org.wso2.carbon.apimgt.impl.importexport.utils.CommonUtil} - Creation of folder is successful. Directory Name : Api Exemplo-0.1
TID: [-1234] [internal/data/v1] [2026-10-01 20:12:47,885]  INFO {org.wso2.carbon.apimgt.impl.importexport.utils.CommonUtil} - Creation of folder is successful. Directory Name : Definitions
TID: [] [] [2026-10-01 20:12:47,933]  INFO {org.apache.synapse.api.API} - {api:prod--Api Exemplo:v0.1} Destroying API: prod--Api Exemplo:v0.1
TID: [] [] [2026-10-01 20:12:47,933]  INFO {org.wso2.carbon.mediation.dependency.mgt.DependencyTracker} - API : prod--Api Exemplo:v0.1 was removed from the Synapse configuration successfully
TID: [] [] [2026-10-01 20:12:47,934]  INFO {org.wso2.carbon.mediation.dependency.mgt.DependencyTracker} - Local entry : e2751bd4-70e9-4e96-9c39-c0d334d80213 was removed from the Synapse configuration successfully
TID: [] [] [2026-10-01 20:12:47,934]  INFO {org.wso2.carbon.mediation.dependency.mgt.DependencyTracker} - Local entry : e2751bd4-70e9-4e96-9c39-c0d334d80213 was added to the Synapse configuration successfully
TID: [] [] [2026-10-01 20:12:47,935]  INFO {org.wso2.carbon.mediation.dependency.mgt.DependencyTracker} - Endpoint : Api Exemplo--v0.1_APIproductionEndpoint was added to the Synapse configuration successfully
TID: [] [] [2026-10-01 20:12:47,935]  INFO {org.wso2.carbon.mediation.dependency.mgt.DependencyTracker} - Endpoint : Api Exemplo--v0.1_APIsandboxEndpoint was added to the Synapse configuration successfully
TID: [] [] [2026-10-01 20:12:47,958]  INFO {org.apache.synapse.api.API} - {api:prod--Api Exemplo:v0.1} Initializing API: prod--Api Exemplo:v0.1
TID: [] [] [2026-10-01 20:12:47,958]  INFO {org.wso2.carbon.mediation.dependency.mgt.DependencyTracker} - API : prod--Api Exemplo:v0.1 was added to the Synapse configuration successfully
TID: [-1234] [internal/data/v1] [2026-10-01 20:17:32,225]  INFO {org.wso2.carbon.apimgt.impl.importexport.utils.CommonUtil} - Creation of folder is successful. Directory Name : Api Exemplo-0.1
TID: [-1234] [internal/data/v1] [2026-10-01 20:17:32,227]  INFO {org.wso2.carbon.apimgt.impl.importexport.utils.CommonUtil} - Creation of folder is successful. Directory Name : Definitions
TID: [] [] [2026-10-01 20:17:32,271]  INFO {org.apache.synapse.api.API} - {api:prod--Api Exemplo:v0.1} Destroying API: prod--Api Exemplo:v0.1
TID: [] [] [2026-10-01 20:17:32,271]  INFO {org.wso2.carbon.mediation.dependency.mgt.DependencyTracker} - API : prod--Api Exemplo:v0.1 was removed from the Synapse configuration successfully
TID: [] [] [2026-10-01 20:17:32,272]  INFO {org.wso2.carbon.mediation.dependency.mgt.DependencyTracker} - Local entry : e2751bd4-70e9-4e96-9c39-c0d334d80213 was removed from the Synapse configuration successfully
TID: [] [] [2026-10-01 20:17:32,272]  INFO {org.wso2.carbon.mediation.dependency.mgt.DependencyTracker} - Local entry : e2751bd4-70e9-4e96-9c39-c0d334d80213 was added to the Synapse configuration successfully
TID: [] [] [2026-10-01 20:17:32,273]  INFO {org.wso2.carbon.mediation.dependency.mgt.DependencyTracker} - Endpoint : Api Exemplo--v0.1_APIsandboxEndpoint was added to the Synapse configuration successfully
TID: [] [] [2026-10-01 20:17:32,273]  INFO {org.wso2.carbon.mediation.dependency.mgt.DependencyTracker} - Endpoint : Api Exemplo--v0.1_APIproductionEndpoint was added to the Synapse configuration successfully
TID: [] [] [2026-10-01 20:17:32,294]  INFO {org.apache.synapse.api.API} - {api:prod--Api Exemplo:v0.1} Initializing API: prod--Api Exemplo:v0.1
TID: [] [] [2026-10-01 20:17:32,294]  INFO {org.wso2.carbon.mediation.dependency.mgt.DependencyTracker} - API : prod--Api Exemplo:v0.1 was added to the Synapse configuration successfully
TID: [] [] [2026-10-01 20:17:52,141]  WARN {org.apache.synapse.transport.passthru.SourceHandler} - I/O error: (certificate_unknown) Received fatal alert: certificate_unknown
TID: [] [] [2026-10-01 20:26:05,400]  INFO {org.wso2.carbon.databridge.core.DataBridge} - user admin connected
TID: [-1234] [api/am/publisher] [2026-10-01 20:29:58,806] ERROR {org.wso2.carbon.apimgt.rest.api.publisher.v1.impl.ApisApiServiceImpl} - Error while parsing OpenAPI definition. Error code: 900754. Error: attribute paths.'post'.requestBody is unexpected
TID: [-1234] [api/am/publisher] [2026-10-01 20:29:58,806] ERROR {org.wso2.carbon.apimgt.rest.api.publisher.v1.impl.ApisApiServiceImpl} - Error while parsing OpenAPI definition. Error code: 900754. Error: attribute paths./v1/bilhetes/processar is not of type `object`
TID: [-1234] [api/am/publisher] [2026-10-01 20:29:58,806] ERROR {org.wso2.carbon.apimgt.rest.api.publisher.v1.impl.ApisApiServiceImpl} - Error while parsing OpenAPI definition. Error code: 900754. Error: paths. Resource post should start with /
TID: [-1234] [api/am/publisher] [2026-10-01 20:30:12,292] ERROR {org.wso2.carbon.apimgt.rest.api.publisher.v1.impl.ApisApiServiceImpl} - Error while parsing OpenAPI definition. Error code: 900754. Error: attribute paths.'post'.requestBody is unexpected
TID: [-1234] [api/am/publisher] [2026-10-01 20:30:12,292] ERROR {org.wso2.carbon.apimgt.rest.api.publisher.v1.impl.ApisApiServiceImpl} - Error while parsing OpenAPI definition. Error code: 900754. Error: attribute paths./v1/bilhetes/processar is not of type `object`
TID: [-1234] [api/am/publisher] [2026-10-01 20:30:12,292] ERROR {org.wso2.carbon.apimgt.rest.api.publisher.v1.impl.ApisApiServiceImpl} - Error while parsing OpenAPI definition. Error code: 900754. Error: paths. Resource post should start with /
TID: [-1234] [api/am/publisher] [2026-10-01 20:30:17,035] ERROR {org.wso2.carbon.apimgt.rest.api.publisher.v1.impl.ApisApiServiceImpl} - Error while parsing OpenAPI definition. Error code: 900754. Error: attribute paths.'/v1/bilhetes/processar'(post).responses is missing
TID: [-1234] [api/am/publisher] [2026-10-01 20:31:49,920] ERROR {org.wso2.carbon.apimgt.rest.api.publisher.v1.impl.ApisApiServiceImpl} - Error while parsing OpenAPI definition. Error code: 900754. Error: attribute paths.'post'.requestBody is unexpected
TID: [-1234] [api/am/publisher] [2026-10-01 20:31:49,920] ERROR {org.wso2.carbon.apimgt.rest.api.publisher.v1.impl.ApisApiServiceImpl} - Error while parsing OpenAPI definition. Error code: 900754. Error: attribute paths./v1/bilhetes/processar is not of type `object`
TID: [-1234] [api/am/publisher] [2026-10-01 20:31:49,920] ERROR {org.wso2.carbon.apimgt.rest.api.publisher.v1.impl.ApisApiServiceImpl} - Error while parsing OpenAPI definition. Error code: 900754. Error: paths. Resource post should start with /
TID: [-1234] [api/am/publisher] [2026-10-01 20:31:57,555] ERROR {org.wso2.carbon.apimgt.rest.api.publisher.v1.impl.ApisApiServiceImpl} - Error while parsing OpenAPI definition. Error code: 900754. Error: attribute paths.'post'.requestBody is unexpected
TID: [-1234] [api/am/publisher] [2026-10-01 20:31:57,555] ERROR {org.wso2.carbon.apimgt.rest.api.publisher.v1.impl.ApisApiServiceImpl} - Error while parsing OpenAPI definition. Error code: 900754. Error: attribute paths./v1/bilhetes/processar is not of type `object`
TID: [-1234] [api/am/publisher] [2026-10-01 20:31:57,555] ERROR {org.wso2.carbon.apimgt.rest.api.publisher.v1.impl.ApisApiServiceImpl} - Error while parsing OpenAPI definition. Error code: 900754. Error: paths. Resource post should start with /
TID: [-1234] [api/am/publisher] [2026-10-01 20:31:57,710] ERROR {org.wso2.carbon.apimgt.rest.api.publisher.v1.impl.ApisApiServiceImpl} - Error while parsing OpenAPI definition. Error code: 900754. Error: attribute paths.'/v1/bilhetes/processar'(post).responses is missing
TID: [-1234] [api/am/publisher] [2026-10-01 20:33:01,751] ERROR {org.wso2.carbon.apimgt.rest.api.publisher.v1.impl.ApisApiServiceImpl} - Error while parsing OpenAPI definition. Error code: 900754. Error: attribute /v1/bilhetes/processar is unexpected
TID: [-1234] [api/am/publisher] [2026-10-01 20:33:19,243] ERROR {org.wso2.carbon.apimgt.rest.api.publisher.v1.impl.ApisApiServiceImpl} - Error while parsing OpenAPI definition. Error code: 900754. Error: attribute paths.'/v1/bilhetes/processar'(post).responses is missing
TID: [-1234] [api/am/publisher] [2026-10-01 20:33:25,401] ERROR {org.wso2.carbon.apimgt.rest.api.publisher.v1.impl.ApisApiServiceImpl} - Error while parsing OpenAPI definition. Error code: 900754. Error: attribute paths.'post'.requestBody is unexpected
TID: [-1234] [api/am/publisher] [2026-10-01 20:33:25,401] ERROR {org.wso2.carbon.apimgt.rest.api.publisher.v1.impl.ApisApiServiceImpl} - Error while parsing OpenAPI definition. Error code: 900754. Error: attribute paths./v1/bilhetes/processar is not of type `object`
TID: [-1234] [api/am/publisher] [2026-10-01 20:33:25,401] ERROR {org.wso2.carbon.apimgt.rest.api.publisher.v1.impl.ApisApiServiceImpl} - Error while parsing OpenAPI definition. Error code: 900754. Error: paths. Resource post should start with /
TID: [-1234] [api/am/publisher] [2026-10-01 20:33:44,240] ERROR {org.wso2.carbon.apimgt.rest.api.publisher.v1.impl.ApisApiServiceImpl} - Error while parsing OpenAPI definition. Error code: 900754. Error: attribute paths.'post'.requestBody is unexpected
TID: [-1234] [api/am/publisher] [2026-10-01 20:33:44,240] ERROR {org.wso2.carbon.apimgt.rest.api.publisher.v1.impl.ApisApiServiceImpl} - Error while parsing OpenAPI definition. Error code: 900754. Error: attribute paths./v1/bilhetes/processar is not of type `object`
TID: [-1234] [api/am/publisher] [2026-10-01 20:33:44,240] ERROR {org.wso2.carbon.apimgt.rest.api.publisher.v1.impl.ApisApiServiceImpl} - Error while parsing OpenAPI definition. Error code: 900754. Error: paths. Resource post should start with /
TID: [-1234] [api/am/publisher] [2026-10-01 20:33:44,391] ERROR {org.wso2.carbon.apimgt.rest.api.publisher.v1.impl.ApisApiServiceImpl} - Error while parsing OpenAPI definition. Error code: 900754. Error: attribute paths.'/v1/bilhetes/processar'(post).responses is missing
TID: [-1234] [api/am/publisher] [2026-10-01 20:33:44,681] ERROR {org.wso2.carbon.apimgt.rest.api.publisher.v1.impl.ApisApiServiceImpl} - Error while parsing OpenAPI definition. Error code: 900754. Error: attribute /v1/bilhetes/processar is unexpected
TID: [-1234] [internal/data/v1] [2026-10-01 20:34:12,104]  INFO {org.wso2.carbon.apimgt.impl.importexport.utils.CommonUtil} - Creation of folder is successful. Directory Name : Api Exemplo-0.1
TID: [-1234] [internal/data/v1] [2026-10-01 20:34:12,105]  INFO {org.wso2.carbon.apimgt.impl.importexport.utils.CommonUtil} - Creation of folder is successful. Directory Name : Definitions
TID: [] [] [2026-10-01 20:34:12,147]  INFO {org.apache.synapse.api.API} - {api:prod--Api Exemplo:v0.1} Destroying API: prod--Api Exemplo:v0.1
TID: [] [] [2026-10-01 20:34:12,148]  INFO {org.wso2.carbon.mediation.dependency.mgt.DependencyTracker} - API : prod--Api Exemplo:v0.1 was removed from the Synapse configuration successfully
TID: [] [] [2026-10-01 20:34:12,149]  INFO {org.wso2.carbon.mediation.dependency.mgt.DependencyTracker} - Local entry : e2751bd4-70e9-4e96-9c39-c0d334d80213 was removed from the Synapse configuration successfully
TID: [] [] [2026-10-01 20:34:12,149]  INFO {org.wso2.carbon.mediation.dependency.mgt.DependencyTracker} - Local entry : e2751bd4-70e9-4e96-9c39-c0d334d80213 was added to the Synapse configuration successfully
TID: [] [] [2026-10-01 20:34:12,150]  INFO {org.wso2.carbon.mediation.dependency.mgt.DependencyTracker} - Endpoint : Api Exemplo--v0.1_APIsandboxEndpoint was added to the Synapse configuration successfully
TID: [] [] [2026-10-01 20:34:12,150]  INFO {org.wso2.carbon.mediation.dependency.mgt.DependencyTracker} - Endpoint : Api Exemplo--v0.1_APIproductionEndpoint was added to the Synapse configuration successfully
TID: [] [] [2026-10-01 20:34:12,168]  INFO {org.apache.synapse.api.API} - {api:prod--Api Exemplo:v0.1} Initializing API: prod--Api Exemplo:v0.1
TID: [] [] [2026-10-01 20:34:12,168]  INFO {org.wso2.carbon.mediation.dependency.mgt.DependencyTracker} - API : prod--Api Exemplo:v0.1 was added to the Synapse configuration successfully
TID: [] [] [2026-10-01 20:34:43,333]  WARN {org.apache.synapse.transport.passthru.SourceHandler} - I/O error: (certificate_unknown) Received fatal alert: certificate_unknown
TID: [] [] [2026-10-01 20:34:43,381]  INFO {org.wso2.carbon.databridge.core.DataBridge} - user admin connected
TID: [] [] [2026-10-01 20:34:43,381]  INFO {org.apache.synapse.core.axis2.TimeoutHandler} - This engine will expire all callbacks after GLOBAL_TIMEOUT: 120 seconds, irrespective of the timeout action, after the specified or optional timeout
TID: [] [] [2026-10-01 20:34:43,454]  WARN {org.apache.synapse.transport.passthru.TargetHandler} - ERROR_CODE = 101500, STATE_DESCRIPTION = Exception occurred when Server establishing a connection to the backend, INTERNAL_STATE = REQUEST_READY, DIRECTION = REQUEST, CAUSE_OF_ERROR = I/O exception : Unrecognized SSL message, plaintext connection?, TARGET_HOST = 127.0.0.1, TARGET_PORT = 8081, TARGET_CONTEXT = https://localhost:8081/v1/bilhetes/processar, HTTP_METHOD = POST, TRIGGER_TYPE = api, TRIGGER_NAME = prod--Api Exemplo:v0.1, REMOTE_ADDRESS = localhost/127.0.0.1:8081, CORRELATION_ID = cf88a677-7536-4ffb-afda-f8617a6f810e, CONNECTION = http-outgoing-1
TID: [] [] [2026-10-01 20:34:43,454] ERROR {org.apache.synapse.transport.passthru.TargetHandler} - I/O error: Unrecognized SSL message, plaintext connection?CORRELATION_ID = cf88a677-7536-4ffb-afda-f8617a6f810e javax.net.ssl.SSLException: Unrecognized SSL message, plaintext connection?
	at java.base/sun.security.ssl.SSLEngineInputRecord.bytesInCompletePacket(SSLEngineInputRecord.java:145)
	at java.base/sun.security.ssl.SSLEngineInputRecord.bytesInCompletePacket(SSLEngineInputRecord.java:64)
	at java.base/sun.security.ssl.SSLEngineImpl.readRecord(SSLEngineImpl.java:610)
	at java.base/sun.security.ssl.SSLEngineImpl.unwrap(SSLEngineImpl.java:504)
	at java.base/sun.security.ssl.SSLEngineImpl.unwrap(SSLEngineImpl.java:480)
	at java.base/javax.net.ssl.SSLEngine.unwrap(SSLEngine.java:673)
	at org.apache.http.nio.reactor.ssl.SSLIOSession.doUnwrap(SSLIOSession.java:279)
	at org.apache.http.nio.reactor.ssl.SSLIOSession.doHandshake(SSLIOSession.java:333)
	at org.apache.http.nio.reactor.ssl.SSLIOSession.isAppInputReady(SSLIOSession.java:554)
	at org.apache.http.impl.nio.reactor.AbstractIODispatch.inputReady(AbstractIODispatch.java:120)
	at org.apache.http.impl.nio.reactor.BaseIOReactor.readable(BaseIOReactor.java:162)
	at org.apache.http.impl.nio.reactor.AbstractIOReactor.processEvent(AbstractIOReactor.java:337)
	at org.apache.http.impl.nio.reactor.AbstractIOReactor.processEvents(AbstractIOReactor.java:315)
	at org.apache.http.impl.nio.reactor.AbstractIOReactor.execute(AbstractIOReactor.java:276)
	at org.apache.http.impl.nio.reactor.BaseIOReactor.execute(BaseIOReactor.java:104)
	at org.apache.http.impl.nio.reactor.AbstractMultiworkerIOReactor$Worker.run(AbstractMultiworkerIOReactor.java:591)
	at java.base/java.lang.Thread.run(Thread.java:1527)

TID: [] [] [2026-10-01 20:34:43,545]  WARN {org.apache.synapse.endpoints.EndpointContext} - Endpoint : Api Exemplo--v0.1_APIproductionEndpoint with address https://localhost:8081 will be marked SUSPENDED as it failed
TID: [] [] [2026-10-01 20:34:43,545]  WARN {org.apache.synapse.endpoints.EndpointContext} - Suspending endpoint : Api Exemplo--v0.1_APIproductionEndpoint with address https://localhost:8081 - current suspend duration is : 30000ms - Next retry after : Thu Oct 01 20:35:13 GMT-03:00 2026
TID: [] [] [2026-10-01 20:34:43,546]  INFO {org.apache.synapse.mediators.builtin.LogMediator} - {api:prod--Api Exemplo:v0.1} STATUS = Executing default 'fault' sequence, ERROR_CODE = 101500, ERROR_MESSAGE = Error in Sender
TID: [] [] [2026-10-01 20:35:00,408]  INFO {org.apache.synapse.mediators.builtin.LogMediator} - {api:prod--Api Exemplo:v0.1} STATUS = Executing default 'fault' sequence, ERROR_CODE = 303001, ERROR_MESSAGE = Currently, HTTP endpoint : [ Name : Api Exemplo--v0.1_APIproductionEndpoint ] [ State : SUSPENDED ]
TID: [] [] [2026-10-01 20:35:01,024]  INFO {org.apache.synapse.mediators.builtin.LogMediator} - {api:prod--Api Exemplo:v0.1} STATUS = Executing default 'fault' sequence, ERROR_CODE = 303001, ERROR_MESSAGE = Currently, HTTP endpoint : [ Name : Api Exemplo--v0.1_APIproductionEndpoint ] [ State : SUSPENDED ]
TID: [] [] [2026-10-01 20:36:28,416]  WARN {org.apache.synapse.transport.passthru.TargetHandler} - ERROR_CODE = 101500, STATE_DESCRIPTION = Exception occurred when Server establishing a connection to the backend, INTERNAL_STATE = REQUEST_READY, DIRECTION = REQUEST, CAUSE_OF_ERROR = I/O exception : Unrecognized SSL message, plaintext connection?, TARGET_HOST = 127.0.0.1, TARGET_PORT = 8081, TARGET_CONTEXT = https://localhost:8081/v1/bilhetes/processar, HTTP_METHOD = POST, TRIGGER_TYPE = api, TRIGGER_NAME = prod--Api Exemplo:v0.1, REMOTE_ADDRESS = localhost/127.0.0.1:8081, CORRELATION_ID = 1be72097-5844-4d22-86e4-638d1fa15d59, CONNECTION = http-outgoing-2
TID: [] [] [2026-10-01 20:36:28,416] ERROR {org.apache.synapse.transport.passthru.TargetHandler} - I/O error: Unrecognized SSL message, plaintext connection?CORRELATION_ID = 1be72097-5844-4d22-86e4-638d1fa15d59 javax.net.ssl.SSLException: Unrecognized SSL message, plaintext connection?
	at java.base/sun.security.ssl.SSLEngineInputRecord.bytesInCompletePacket(SSLEngineInputRecord.java:145)
	at java.base/sun.security.ssl.SSLEngineInputRecord.bytesInCompletePacket(SSLEngineInputRecord.java:64)
	at java.base/sun.security.ssl.SSLEngineImpl.readRecord(SSLEngineImpl.java:610)
	at java.base/sun.security.ssl.SSLEngineImpl.unwrap(SSLEngineImpl.java:504)
	at java.base/sun.security.ssl.SSLEngineImpl.unwrap(SSLEngineImpl.java:480)
	at java.base/javax.net.ssl.SSLEngine.unwrap(SSLEngine.java:673)
	at org.apache.http.nio.reactor.ssl.SSLIOSession.doUnwrap(SSLIOSession.java:279)
	at org.apache.http.nio.reactor.ssl.SSLIOSession.doHandshake(SSLIOSession.java:333)
	at org.apache.http.nio.reactor.ssl.SSLIOSession.isAppInputReady(SSLIOSession.java:554)
	at org.apache.http.impl.nio.reactor.AbstractIODispatch.inputReady(AbstractIODispatch.java:120)
	at org.apache.http.impl.nio.reactor.BaseIOReactor.readable(BaseIOReactor.java:162)
	at org.apache.http.impl.nio.reactor.AbstractIOReactor.processEvent(AbstractIOReactor.java:337)
	at org.apache.http.impl.nio.reactor.AbstractIOReactor.processEvents(AbstractIOReactor.java:315)
	at org.apache.http.impl.nio.reactor.AbstractIOReactor.execute(AbstractIOReactor.java:276)
	at org.apache.http.impl.nio.reactor.BaseIOReactor.execute(BaseIOReactor.java:104)
	at org.apache.http.impl.nio.reactor.AbstractMultiworkerIOReactor$Worker.run(AbstractMultiworkerIOReactor.java:591)
	at java.base/java.lang.Thread.run(Thread.java:1527)

TID: [] [] [2026-10-01 20:36:28,422]  WARN {org.apache.synapse.endpoints.EndpointContext} - Endpoint : Api Exemplo--v0.1_APIproductionEndpoint with address https://localhost:8081 will be marked SUSPENDED as it failed
TID: [] [] [2026-10-01 20:36:28,422]  WARN {org.apache.synapse.endpoints.EndpointContext} - Suspending endpoint : Api Exemplo--v0.1_APIproductionEndpoint with address https://localhost:8081 - last suspend duration was : 30000ms and current suspend duration is : 30000ms - Next retry after : Thu Oct 01 20:36:58 GMT-03:00 2026
TID: [] [] [2026-10-01 20:36:28,422]  INFO {org.apache.synapse.mediators.builtin.LogMediator} - {api:prod--Api Exemplo:v0.1} STATUS = Executing default 'fault' sequence, ERROR_CODE = 101500, ERROR_MESSAGE = Error in Sender
TID: [] [] [2026-10-01 20:37:30,012]  WARN {org.apache.synapse.transport.passthru.TargetHandler} - ERROR_CODE = 101500, STATE_DESCRIPTION = Exception occurred when Server establishing a connection to the backend, INTERNAL_STATE = REQUEST_READY, DIRECTION = REQUEST, CAUSE_OF_ERROR = I/O exception : Unrecognized SSL message, plaintext connection?, TARGET_HOST = 127.0.0.1, TARGET_PORT = 8081, TARGET_CONTEXT = https://localhost:8081/v1/bilhetes/processar, HTTP_METHOD = POST, TRIGGER_TYPE = api, TRIGGER_NAME = prod--Api Exemplo:v0.1, REMOTE_ADDRESS = localhost/127.0.0.1:8081, CORRELATION_ID = fda5bda8-00f1-40fb-8a79-139e34615f60, CONNECTION = http-outgoing-3
TID: [] [] [2026-10-01 20:37:30,013] ERROR {org.apache.synapse.transport.passthru.TargetHandler} - I/O error: Unrecognized SSL message, plaintext connection?CORRELATION_ID = fda5bda8-00f1-40fb-8a79-139e34615f60 javax.net.ssl.SSLException: Unrecognized SSL message, plaintext connection?
	at java.base/sun.security.ssl.SSLEngineInputRecord.bytesInCompletePacket(SSLEngineInputRecord.java:145)
	at java.base/sun.security.ssl.SSLEngineInputRecord.bytesInCompletePacket(SSLEngineInputRecord.java:64)
	at java.base/sun.security.ssl.SSLEngineImpl.readRecord(SSLEngineImpl.java:610)
	at java.base/sun.security.ssl.SSLEngineImpl.unwrap(SSLEngineImpl.java:504)
	at java.base/sun.security.ssl.SSLEngineImpl.unwrap(SSLEngineImpl.java:480)
	at java.base/javax.net.ssl.SSLEngine.unwrap(SSLEngine.java:673)
	at org.apache.http.nio.reactor.ssl.SSLIOSession.doUnwrap(SSLIOSession.java:279)
	at org.apache.http.nio.reactor.ssl.SSLIOSession.doHandshake(SSLIOSession.java:333)
	at org.apache.http.nio.reactor.ssl.SSLIOSession.isAppInputReady(SSLIOSession.java:554)
	at org.apache.http.impl.nio.reactor.AbstractIODispatch.inputReady(AbstractIODispatch.java:120)
	at org.apache.http.impl.nio.reactor.BaseIOReactor.readable(BaseIOReactor.java:162)
	at org.apache.http.impl.nio.reactor.AbstractIOReactor.processEvent(AbstractIOReactor.java:337)
	at org.apache.http.impl.nio.reactor.AbstractIOReactor.processEvents(AbstractIOReactor.java:315)
	at org.apache.http.impl.nio.reactor.AbstractIOReactor.execute(AbstractIOReactor.java:276)
	at org.apache.http.impl.nio.reactor.BaseIOReactor.execute(BaseIOReactor.java:104)
	at org.apache.http.impl.nio.reactor.AbstractMultiworkerIOReactor$Worker.run(AbstractMultiworkerIOReactor.java:591)
	at java.base/java.lang.Thread.run(Thread.java:1527)

TID: [] [] [2026-10-01 20:37:30,015]  WARN {org.apache.synapse.endpoints.EndpointContext} - Endpoint : Api Exemplo--v0.1_APIproductionEndpoint with address https://localhost:8081 will be marked SUSPENDED as it failed
TID: [] [] [2026-10-01 20:37:30,015]  WARN {org.apache.synapse.endpoints.EndpointContext} - Suspending endpoint : Api Exemplo--v0.1_APIproductionEndpoint with address https://localhost:8081 - last suspend duration was : 30000ms and current suspend duration is : 30000ms - Next retry after : Thu Oct 01 20:38:00 GMT-03:00 2026
TID: [] [] [2026-10-01 20:37:30,015]  INFO {org.apache.synapse.mediators.builtin.LogMediator} - {api:prod--Api Exemplo:v0.1} STATUS = Executing default 'fault' sequence, ERROR_CODE = 101500, ERROR_MESSAGE = Error in Sender
TID: [] [] [2026-10-01 20:37:40,625]  INFO {org.apache.synapse.mediators.builtin.LogMediator} - {api:prod--Api Exemplo:v0.1} STATUS = Executing default 'fault' sequence, ERROR_CODE = 303001, ERROR_MESSAGE = Currently, HTTP endpoint : [ Name : Api Exemplo--v0.1_APIproductionEndpoint ] [ State : SUSPENDED ]
TID: [] [] [2026-10-01 20:37:41,093]  INFO {org.apache.synapse.mediators.builtin.LogMediator} - {api:prod--Api Exemplo:v0.1} STATUS = Executing default 'fault' sequence, ERROR_CODE = 303001, ERROR_MESSAGE = Currently, HTTP endpoint : [ Name : Api Exemplo--v0.1_APIproductionEndpoint ] [ State : SUSPENDED ]
TID: [] [] [2026-10-01 20:37:41,477]  INFO {org.apache.synapse.mediators.builtin.LogMediator} - {api:prod--Api Exemplo:v0.1} STATUS = Executing default 'fault' sequence, ERROR_CODE = 303001, ERROR_MESSAGE = Currently, HTTP endpoint : [ Name : Api Exemplo--v0.1_APIproductionEndpoint ] [ State : SUSPENDED ]
TID: [] [] [2026-10-01 20:37:41,891]  INFO {org.apache.synapse.mediators.builtin.LogMediator} - {api:prod--Api Exemplo:v0.1} STATUS = Executing default 'fault' sequence, ERROR_CODE = 303001, ERROR_MESSAGE = Currently, HTTP endpoint : [ Name : Api Exemplo--v0.1_APIproductionEndpoint ] [ State : SUSPENDED ]
TID: [] [] [2026-10-01 20:37:42,372]  INFO {org.apache.synapse.mediators.builtin.LogMediator} - {api:prod--Api Exemplo:v0.1} STATUS = Executing default 'fault' sequence, ERROR_CODE = 303001, ERROR_MESSAGE = Currently, HTTP endpoint : [ Name : Api Exemplo--v0.1_APIproductionEndpoint ] [ State : SUSPENDED ]
TID: [-1234] [internal/data/v1] [2026-10-01 20:40:28,486]  INFO {org.wso2.carbon.apimgt.impl.importexport.utils.CommonUtil} - Creation of folder is successful. Directory Name : Api Exemplo-0.1
TID: [-1234] [internal/data/v1] [2026-10-01 20:40:28,486]  INFO {org.wso2.carbon.apimgt.impl.importexport.utils.CommonUtil} - Creation of folder is successful. Directory Name : Definitions
TID: [] [] [2026-10-01 20:40:28,529]  INFO {org.apache.synapse.api.API} - {api:prod--Api Exemplo:v0.1} Destroying API: prod--Api Exemplo:v0.1
TID: [] [] [2026-10-01 20:40:28,530]  INFO {org.wso2.carbon.mediation.dependency.mgt.DependencyTracker} - API : prod--Api Exemplo:v0.1 was removed from the Synapse configuration successfully
TID: [] [] [2026-10-01 20:40:28,530]  INFO {org.wso2.carbon.mediation.dependency.mgt.DependencyTracker} - Local entry : e2751bd4-70e9-4e96-9c39-c0d334d80213 was removed from the Synapse configuration successfully
TID: [] [] [2026-10-01 20:40:28,531]  INFO {org.wso2.carbon.mediation.dependency.mgt.DependencyTracker} - Local entry : e2751bd4-70e9-4e96-9c39-c0d334d80213 was added to the Synapse configuration successfully
TID: [] [] [2026-10-01 20:40:28,531]  INFO {org.wso2.carbon.mediation.dependency.mgt.DependencyTracker} - Endpoint : Api Exemplo--v0.1_APIproductionEndpoint was added to the Synapse configuration successfully
TID: [] [] [2026-10-01 20:40:28,531]  INFO {org.wso2.carbon.mediation.dependency.mgt.DependencyTracker} - Endpoint : Api Exemplo--v0.1_APIsandboxEndpoint was added to the Synapse configuration successfully
TID: [] [] [2026-10-01 20:40:28,557]  INFO {org.apache.synapse.api.API} - {api:prod--Api Exemplo:v0.1} Initializing API: prod--Api Exemplo:v0.1
TID: [] [] [2026-10-01 20:40:28,558]  INFO {org.wso2.carbon.mediation.dependency.mgt.DependencyTracker} - API : prod--Api Exemplo:v0.1 was added to the Synapse configuration successfully
TID: [-1234] [internal/data/v1] [2026-10-01 20:42:45,593]  INFO {org.wso2.carbon.apimgt.impl.importexport.utils.CommonUtil} - Creation of folder is successful. Directory Name : Api Exemplo-0.1
TID: [-1234] [internal/data/v1] [2026-10-01 20:42:45,594]  INFO {org.wso2.carbon.apimgt.impl.importexport.utils.CommonUtil} - Creation of folder is successful. Directory Name : Definitions
TID: [] [] [2026-10-01 20:42:45,640]  INFO {org.apache.synapse.api.API} - {api:prod--Api Exemplo:v0.1} Destroying API: prod--Api Exemplo:v0.1
TID: [] [] [2026-10-01 20:42:45,640]  INFO {org.wso2.carbon.mediation.dependency.mgt.DependencyTracker} - API : prod--Api Exemplo:v0.1 was removed from the Synapse configuration successfully
TID: [] [] [2026-10-01 20:42:45,640]  INFO {org.wso2.carbon.mediation.dependency.mgt.DependencyTracker} - Local entry : e2751bd4-70e9-4e96-9c39-c0d334d80213 was removed from the Synapse configuration successfully
TID: [] [] [2026-10-01 20:42:45,641]  INFO {org.wso2.carbon.mediation.dependency.mgt.DependencyTracker} - Local entry : e2751bd4-70e9-4e96-9c39-c0d334d80213 was added to the Synapse configuration successfully
TID: [] [] [2026-10-01 20:42:45,641]  INFO {org.wso2.carbon.mediation.dependency.mgt.DependencyTracker} - Endpoint : Api Exemplo--v0.1_APIproductionEndpoint was added to the Synapse configuration successfully
TID: [] [] [2026-10-01 20:42:45,642]  INFO {org.wso2.carbon.mediation.dependency.mgt.DependencyTracker} - Endpoint : Api Exemplo--v0.1_APIsandboxEndpoint was added to the Synapse configuration successfully
TID: [] [] [2026-10-01 20:42:45,659]  INFO {org.apache.synapse.api.API} - {api:prod--Api Exemplo:v0.1} Initializing API: prod--Api Exemplo:v0.1
TID: [] [] [2026-10-01 20:42:45,659]  INFO {org.wso2.carbon.mediation.dependency.mgt.DependencyTracker} - API : prod--Api Exemplo:v0.1 was added to the Synapse configuration successfully
TID: [-1234] [internal/data/v1] [2026-10-01 20:45:55,830]  INFO {org.wso2.carbon.apimgt.impl.importexport.utils.CommonUtil} - Creation of folder is successful. Directory Name : RhConsultaAPI-0.1
TID: [-1234] [internal/data/v1] [2026-10-01 20:45:55,831]  INFO {org.wso2.carbon.apimgt.impl.importexport.utils.CommonUtil} - Creation of folder is successful. Directory Name : Definitions
TID: [] [] [2026-10-01 20:45:55,872]  INFO {org.wso2.carbon.mediation.dependency.mgt.DependencyTracker} - Local entry : 9bd21ad2-f02e-4ee2-8be2-444f274257a8 was added to the Synapse configuration successfully
TID: [] [] [2026-10-01 20:45:55,872]  INFO {org.wso2.carbon.mediation.dependency.mgt.DependencyTracker} - Endpoint : RhConsultaAPI--v0.1_APIsandboxEndpoint was added to the Synapse configuration successfully
TID: [] [] [2026-10-01 20:45:55,873]  INFO {org.wso2.carbon.mediation.dependency.mgt.DependencyTracker} - Endpoint : RhConsultaAPI--v0.1_APIproductionEndpoint was added to the Synapse configuration successfully
TID: [] [] [2026-10-01 20:45:55,889]  INFO {org.apache.synapse.api.API} - {api:prod--RhConsultaAPI:v0.1} Initializing API: prod--RhConsultaAPI:v0.1
TID: [] [] [2026-10-01 20:45:55,889]  INFO {org.wso2.carbon.mediation.dependency.mgt.DependencyTracker} - API : prod--RhConsultaAPI:v0.1 was added to the Synapse configuration successfully
TID: [] [] [2026-10-01 20:46:47,887]  WARN {org.apache.synapse.transport.passthru.SourceHandler} - I/O error: (certificate_unknown) Received fatal alert: certificate_unknown
TID: [-1234] [internal/data/v1] [2026-10-01 20:46:48,826]  INFO {org.wso2.carbon.apimgt.impl.importexport.utils.CommonUtil} - Creation of folder is successful. Directory Name : RhConsultaAPI-0.1
TID: [-1234] [internal/data/v1] [2026-10-01 20:46:48,827]  INFO {org.wso2.carbon.apimgt.impl.importexport.utils.CommonUtil} - Creation of folder is successful. Directory Name : Definitions
TID: [] [] [2026-10-01 20:46:48,865]  INFO {org.apache.synapse.api.API} - {api:prod--RhConsultaAPI:v0.1} Destroying API: prod--RhConsultaAPI:v0.1
TID: [] [] [2026-10-01 20:46:48,866]  INFO {org.wso2.carbon.mediation.dependency.mgt.DependencyTracker} - API : prod--RhConsultaAPI:v0.1 was removed from the Synapse configuration successfully
TID: [] [] [2026-10-01 20:46:48,866]  INFO {org.wso2.carbon.mediation.dependency.mgt.DependencyTracker} - Local entry : 9bd21ad2-f02e-4ee2-8be2-444f274257a8 was removed from the Synapse configuration successfully
TID: [] [] [2026-10-01 20:46:48,867]  INFO {org.wso2.carbon.mediation.dependency.mgt.DependencyTracker} - Local entry : 9bd21ad2-f02e-4ee2-8be2-444f274257a8 was added to the Synapse configuration successfully
TID: [] [] [2026-10-01 20:46:48,867]  INFO {org.wso2.carbon.mediation.dependency.mgt.DependencyTracker} - Endpoint : RhConsultaAPI--v0.1_APIsandboxEndpoint was added to the Synapse configuration successfully
TID: [] [] [2026-10-01 20:46:48,868]  INFO {org.wso2.carbon.mediation.dependency.mgt.DependencyTracker} - Endpoint : RhConsultaAPI--v0.1_APIproductionEndpoint was added to the Synapse configuration successfully
TID: [] [] [2026-10-01 20:46:48,888]  INFO {org.apache.synapse.api.API} - {api:prod--RhConsultaAPI:v0.1} Initializing API: prod--RhConsultaAPI:v0.1
TID: [] [] [2026-10-01 20:46:48,888]  INFO {org.wso2.carbon.mediation.dependency.mgt.DependencyTracker} - API : prod--RhConsultaAPI:v0.1 was added to the Synapse configuration successfully
TID: [-1234] [internal/data/v1] [2026-10-01 20:48:11,942]  INFO {org.wso2.carbon.apimgt.impl.importexport.utils.CommonUtil} - Creation of folder is successful. Directory Name : RelatorioLegacyApi-0.2
TID: [-1234] [internal/data/v1] [2026-10-01 20:48:11,943]  INFO {org.wso2.carbon.apimgt.impl.importexport.utils.CommonUtil} - Creation of folder is successful. Directory Name : Definitions
TID: [] [] [2026-10-01 20:48:11,984]  INFO {org.wso2.carbon.mediation.dependency.mgt.DependencyTracker} - Local entry : fad559f5-1e65-405e-83cc-a844eff07a6e was added to the Synapse configuration successfully
TID: [] [] [2026-10-01 20:48:11,985]  INFO {org.wso2.carbon.mediation.dependency.mgt.DependencyTracker} - Endpoint : RelatorioLegacyApi--v0.2_APIproductionEndpoint was added to the Synapse configuration successfully
TID: [] [] [2026-10-01 20:48:11,986]  INFO {org.wso2.carbon.mediation.dependency.mgt.DependencyTracker} - Endpoint : RelatorioLegacyApi--v0.2_APIsandboxEndpoint was added to the Synapse configuration successfully
TID: [] [] [2026-10-01 20:48:12,001]  INFO {org.apache.synapse.api.API} - {api:prod--RelatorioLegacyApi:v0.2} Initializing API: prod--RelatorioLegacyApi:v0.2
TID: [] [] [2026-10-01 20:48:12,002]  INFO {org.wso2.carbon.mediation.dependency.mgt.DependencyTracker} - API : prod--RelatorioLegacyApi:v0.2 was added to the Synapse configuration successfully
TID: [-1234] [publisher] [2026-10-01 20:50:41,024] ERROR {org.apache.jsp.services.refresh.refresh_jsp} - org.wso2.carbon.ui.filters.cache.ContentTypeBasedCachePreventionFilter$1@1a561bc
TID: [-1234] [publisher] [2026-10-01 20:50:41,024] ERROR {org.apache.jsp.services.refresh.refresh_jsp} - org.wso2.carbon.ui.filters.cache.ContentTypeBasedCachePreventionFilter$1@4030984f
TID: [-1234] [publisher] [2026-10-01 20:50:41,024] ERROR {org.apache.jsp.services.refresh.refresh_jsp} - org.wso2.carbon.ui.filters.cache.ContentTypeBasedCachePreventionFilter$1@5ac9472
TID: [-1234] [publisher] [2026-10-01 20:50:41,024] ERROR {org.apache.jsp.services.refresh.refresh_jsp} - org.wso2.carbon.ui.filters.cache.ContentTypeBasedCachePreventionFilter$1@194e753f
TID: [-1234] [api/am/publisher] [2026-10-01 20:50:41,034] ERROR {org.wso2.carbon.apimgt.rest.api.util.impl.OAuthOpaqueAuthenticatorImpl} - Invalid OAuth Token : Invalid Access Token. ACTIVE access token is not found.
TID: [-1234] [api/am/publisher] [2026-10-01 20:50:41,034] ERROR {org.wso2.carbon.apimgt.rest.api.util.impl.OAuthOpaqueAuthenticatorImpl} - Invalid OAuth Token : Invalid Access Token. ACTIVE access token is not found.
TID: [-1234] [api/am/publisher] [2026-10-01 20:50:41,034] ERROR {org.wso2.carbon.apimgt.rest.api.util.impl.OAuthOpaqueAuthenticatorImpl} - Invalid OAuth Token : Invalid Access Token. ACTIVE access token is not found.
TID: [-1234] [api/am/publisher] [2026-10-01 20:50:41,035] ERROR {org.wso2.carbon.apimgt.rest.api.util.impl.OAuthOpaqueAuthenticatorImpl} - Provided access token is invalid
TID: [-1234] [api/am/publisher] [2026-10-01 20:50:41,035] ERROR {org.wso2.carbon.apimgt.rest.api.util.impl.OAuthOpaqueAuthenticatorImpl} - Provided access token is invalid
TID: [-1234] [api/am/publisher] [2026-10-01 20:50:41,035] ERROR {org.wso2.carbon.apimgt.rest.api.util.impl.OAuthOpaqueAuthenticatorImpl} - Provided access token is invalid
TID: [-1234] [api/am/publisher] [2026-10-01 20:50:41,035] ERROR {org.wso2.carbon.apimgt.rest.api.util.impl.OAuthOpaqueAuthenticatorImpl} - Invalid OAuth Token : Invalid Access Token. ACTIVE access token is not found.
TID: [-1234] [api/am/publisher] [2026-10-01 20:50:41,035] ERROR {org.wso2.carbon.apimgt.rest.api.util.impl.OAuthOpaqueAuthenticatorImpl} - Provided access token is invalid
TID: [-1234] [internal/data/v1] [2026-10-01 20:51:52,185]  INFO {org.wso2.carbon.apimgt.impl.importexport.utils.CommonUtil} - Creation of folder is successful. Directory Name : RelatorioLegacyApi-0.2
TID: [-1234] [internal/data/v1] [2026-10-01 20:51:52,187]  INFO {org.wso2.carbon.apimgt.impl.importexport.utils.CommonUtil} - Creation of folder is successful. Directory Name : Definitions
TID: [] [] [2026-10-01 20:51:52,227]  INFO {org.apache.synapse.api.API} - {api:prod--RelatorioLegacyApi:v0.2} Destroying API: prod--RelatorioLegacyApi:v0.2
TID: [] [] [2026-10-01 20:51:52,227]  INFO {org.wso2.carbon.mediation.dependency.mgt.DependencyTracker} - API : prod--RelatorioLegacyApi:v0.2 was removed from the Synapse configuration successfully
TID: [] [] [2026-10-01 20:51:52,228]  INFO {org.wso2.carbon.mediation.dependency.mgt.DependencyTracker} - Local entry : fad559f5-1e65-405e-83cc-a844eff07a6e was removed from the Synapse configuration successfully
TID: [] [] [2026-10-01 20:51:52,228]  INFO {org.wso2.carbon.mediation.dependency.mgt.DependencyTracker} - Local entry : fad559f5-1e65-405e-83cc-a844eff07a6e was added to the Synapse configuration successfully
TID: [] [] [2026-10-01 20:51:52,229]  INFO {org.wso2.carbon.mediation.dependency.mgt.DependencyTracker} - Endpoint : RelatorioLegacyApi--v0.2_APIproductionEndpoint was added to the Synapse configuration successfully
TID: [] [] [2026-10-01 20:51:52,229]  INFO {org.wso2.carbon.mediation.dependency.mgt.DependencyTracker} - Endpoint : RelatorioLegacyApi--v0.2_APIsandboxEndpoint was added to the Synapse configuration successfully
TID: [] [] [2026-10-01 20:51:52,246]  INFO {org.apache.synapse.api.API} - {api:prod--RelatorioLegacyApi:v0.2} Initializing API: prod--RelatorioLegacyApi:v0.2
TID: [] [] [2026-10-01 20:51:52,246]  INFO {org.wso2.carbon.mediation.dependency.mgt.DependencyTracker} - API : prod--RelatorioLegacyApi:v0.2 was added to the Synapse configuration successfully
TID: [] [] [2026-10-01 20:52:51,862]  INFO {org.wso2.carbon.core.init.CarbonServerManager} - Shutdown hook triggered....
TID: [] [] [2026-10-01 20:52:51,862]  INFO {org.wso2.carbon.core.init.CarbonServerManager} - Gracefully shutting down WSO2 API Manager...
TID: [] [] [2026-10-01 20:52:51,863]  INFO {org.wso2.carbon.core.ServerManagement} - Starting to switch to maintenance mode...
TID: [] [] [2026-10-01 20:52:51,864]  INFO {org.apache.synapse.transport.passthru.PassThroughHttpListener} - Stopping Pass-through HTTP Listener..
TID: [] [] [2026-10-01 20:52:51,864]  INFO {org.apache.synapse.transport.passthru.PassThroughHttpMultiSSLListener} - Stopping Pass-through HTTPS Listener..
TID: [] [] [2026-10-01 20:52:51,864]  INFO {org.apache.synapse.transport.passthru.core.PassThroughListeningIOReactorManager} - Pausing  IO Reactor bind for port 8280
TID: [] [] [2026-10-01 20:52:51,864]  INFO {org.apache.synapse.transport.passthru.core.PassThroughListeningIOReactorManager} - Pausing  IO Reactor bind for port 8243
TID: [] [] [2026-10-01 20:52:51,864]  INFO {org.apache.synapse.transport.passthru.core.PassThroughListeningIOReactorManager} - Shutting down IO Reactor bind for port 8243
TID: [] [] [2026-10-01 20:52:51,864]  INFO {org.apache.synapse.transport.passthru.core.PassThroughListeningIOReactorManager} - Shutting down IO Reactor bind for port 8280
TID: [] [] [2026-10-01 20:52:51,865]  INFO {org.apache.synapse.transport.passthru.core.PassThroughListeningIOReactorManager} - HTTP-Listener I/O dispatcher Listener shutdown.
TID: [] [] [2026-10-01 20:52:51,865]  INFO {org.apache.synapse.transport.passthru.core.PassThroughListeningIOReactorManager} - HTTPS-Listener I/O dispatcher Listener shutdown.
TID: [] [] [2026-10-01 20:52:51,865]  INFO {org.wso2.carbon.core.ServerManagement} - Stopped all transport listeners
TID: [] [] [2026-10-01 20:52:51,865]  INFO {org.apache.synapse.transport.passthru.PassThroughHttpListener} - Destroying PassThroughHttpListener
TID: [] [] [2026-10-01 20:52:51,867]  INFO {org.apache.synapse.transport.passthru.PassThroughHttpMultiSSLListener} - Destroying PassThroughHttpListener
TID: [] [] [2026-10-01 20:52:51,868]  INFO {org.wso2.carbon.core.ServerManagement} - Waiting for request service completion...
TID: [] [] [2026-10-01 20:52:51,872]  INFO {org.wso2.carbon.core.ServerManagement} - All requests have been served.
TID: [] [] [2026-10-01 20:52:51,872]  INFO {org.wso2.carbon.core.ServerManagement} - Waiting for deployment completion...
TID: [] [] [2026-10-01 20:52:51,906]  INFO {org.wso2.carbon.webapp.mgt.WebApplication} - Unloaded webapp: StandardEngine[Catalina].StandardHost[localhost].StandardContext[/admin]
TID: [] [] [2026-10-01 20:52:51,923]  INFO {org.wso2.carbon.webapp.mgt.WebApplication} - Unloaded webapp: StandardEngine[Catalina].StandardHost[localhost].StandardContext[/devportal]
TID: [] [] [2026-10-01 20:52:51,961]  INFO {org.wso2.carbon.webapp.mgt.WebApplication} - Unloaded webapp: StandardEngine[Catalina].StandardHost[localhost].StandardContext[/authenticationendpoint]
TID: [] [] [2026-10-01 20:52:51,976]  INFO {org.wso2.carbon.webapp.mgt.WebApplication} - Unloaded webapp: StandardEngine[Catalina].StandardHost[localhost].StandardContext[/publisher]
TID: [] [] [2026-10-01 20:52:51,992]  INFO {org.wso2.carbon.webapp.mgt.WebApplication} - Unloaded webapp: StandardEngine[Catalina].StandardHost[localhost].StandardContext[/accountrecoveryendpoint]
TID: [] [] [2026-10-01 20:52:52,003]  INFO {org.wso2.carbon.webapp.mgt.WebApplication} - Unloaded webapp: StandardEngine[Catalina].StandardHost[localhost].StandardContext[/api/am/publisher]
TID: [] [] [2026-10-01 20:52:52,016]  INFO {org.wso2.carbon.webapp.mgt.WebApplication} - Unloaded webapp: StandardEngine[Catalina].StandardHost[localhost].StandardContext[/api/am/gateway/v2]
TID: [] [] [2026-10-01 20:52:52,029]  INFO {org.wso2.carbon.webapp.mgt.WebApplication} - Unloaded webapp: StandardEngine[Catalina].StandardHost[localhost].StandardContext[/keymanager-operations]
TID: [] [] [2026-10-01 20:52:52,040]  INFO {org.wso2.carbon.webapp.mgt.WebApplication} - Unloaded webapp: StandardEngine[Catalina].StandardHost[localhost].StandardContext[/oauth2]
TID: [] [] [2026-10-01 20:52:52,058]  INFO {org.wso2.carbon.webapp.mgt.WebApplication} - Unloaded webapp: StandardEngine[Catalina].StandardHost[localhost].StandardContext[/api/identity/oauth2/dcr/v1.1]
TID: [] [] [2026-10-01 20:52:52,069]  INFO {org.wso2.carbon.webapp.mgt.WebApplication} - Unloaded webapp: StandardEngine[Catalina].StandardHost[localhost].StandardContext[/client-registration/v0.17]
TID: [] [] [2026-10-01 20:52:52,080]  INFO {org.wso2.carbon.webapp.mgt.WebApplication} - Unloaded webapp: StandardEngine[Catalina].StandardHost[localhost].StandardContext[/internal/data/v1]
TID: [] [] [2026-10-01 20:52:52,097]  INFO {org.wso2.carbon.webapp.mgt.WebApplication} - Unloaded webapp: StandardEngine[Catalina].StandardHost[localhost].StandardContext[/api/am/governance]
TID: [] [] [2026-10-01 20:52:52,110]  INFO {org.wso2.carbon.webapp.mgt.WebApplication} - Unloaded webapp: StandardEngine[Catalina].StandardHost[localhost].StandardContext[/api/am/devops/v0]
TID: [] [] [2026-10-01 20:52:52,127]  INFO {org.wso2.carbon.webapp.mgt.WebApplication} - Unloaded webapp: StandardEngine[Catalina].StandardHost[localhost].StandardContext[/api/identity/auth/v1.1]
TID: [] [] [2026-10-01 20:52:52,142]  INFO {org.wso2.carbon.webapp.mgt.WebApplication} - Unloaded webapp: StandardEngine[Catalina].StandardHost[localhost].StandardContext[/api/identity/user/v1.0]
TID: [] [] [2026-10-01 20:52:52,158]  INFO {org.wso2.carbon.webapp.mgt.WebApplication} - Unloaded webapp: StandardEngine[Catalina].StandardHost[localhost].StandardContext[/api/am/admin]
TID: [] [] [2026-10-01 20:52:52,177]  INFO {org.wso2.carbon.webapp.mgt.WebApplication} - Unloaded webapp: StandardEngine[Catalina].StandardHost[localhost].StandardContext[/api/identity/consent-mgt/v1.0]
TID: [] [] [2026-10-01 20:52:52,196]  INFO {org.wso2.carbon.webapp.mgt.WebApplication} - Unloaded webapp: StandardEngine[Catalina].StandardHost[localhost].StandardContext[/api/identity/oauth2/v1.0]
TID: [] [] [2026-10-01 20:52:52,211]  INFO {org.wso2.carbon.webapp.mgt.WebApplication} - Unloaded webapp: StandardEngine[Catalina].StandardHost[localhost].StandardContext[/api/identity/recovery/v0.9]
TID: [] [] [2026-10-01 20:52:52,221]  INFO {org.wso2.carbon.webapp.mgt.WebApplication} - Unloaded webapp: StandardEngine[Catalina].StandardHost[localhost].StandardContext[/api/am/service-catalog/v1]
TID: [] [] [2026-10-01 20:52:52,225]  INFO {org.wso2.carbon.webapp.mgt.WebApplication} - Unloaded webapp: StandardEngine[Catalina].StandardHost[localhost].StandardContext[/am/sample/calculator/v1]
TID: [] [] [2026-10-01 20:52:52,229]  INFO {org.wso2.carbon.webapp.mgt.WebApplication} - Unloaded webapp: StandardEngine[Catalina].StandardHost[localhost].StandardContext[/am/sample/pizzashack/v1]
TID: [] [] [2026-10-01 20:52:52,242]  INFO {org.wso2.carbon.webapp.mgt.WebApplication} - Unloaded webapp: StandardEngine[Catalina].StandardHost[localhost].StandardContext[/api/am/devportal]
TID: [] [] [2026-10-01 20:52:52,242]  INFO {org.wso2.carbon.core.ServerManagement} - All deployment tasks have been completed.
TID: [] [] [2026-10-01 20:52:52,242]  INFO {org.wso2.carbon.core.ServerManagement} - Waiting for server task completion...
TID: [] [] [2026-10-01 20:52:52,244]  INFO {org.wso2.carbon.registry.core.internal.RegistryCoreServiceComponent} - Writing logs 
TID: [] [] [2026-10-01 20:52:52,244]  INFO {org.wso2.carbon.core.ServerManagement} - All server tasks have been completed.
TID: [] [] [2026-10-01 20:52:52,244]  INFO {org.wso2.carbon.core.init.CarbonServerManager} - Shutting down WSO2 API Manager...
TID: [] [] [2026-10-01 20:52:52,244]  INFO {org.wso2.carbon.apimgt.common.jms.JMSTransportHandler} - Starting to Shutdown the Listener...
TID: [] [] [2026-10-01 20:52:54,246]  INFO {org.wso2.carbon.apimgt.common.jms.JMSTaskManager} - Task manager for jms consumer 1000 shutdown
TID: [] [] [2026-10-01 20:52:54,246]  INFO {org.wso2.carbon.apimgt.common.jms.JMSListener} - Stopped listening for JMS messages to listener : Siddhi-JMS-Consumer#notification
TID: [] [] [2026-10-01 20:52:54,246]  INFO {org.wso2.carbon.apimgt.common.jms.JMSTransportHandler} - Starting to Shutdown the Listener...
TID: [] [] [2026-10-01 20:52:55,248]  INFO {org.wso2.carbon.apimgt.common.jms.JMSTaskManager} - Task manager for jms consumer 1000 shutdown
TID: [] [] [2026-10-01 20:52:55,248]  INFO {org.wso2.carbon.apimgt.common.jms.JMSListener} - Stopped listening for JMS messages to listener : Siddhi-JMS-Consumer#keyManager
TID: [] [] [2026-10-01 20:52:56,250]  INFO {org.wso2.carbon.apimgt.common.jms.JMSTaskManager} - Task manager for jms consumer 1000 shutdown
TID: [] [] [2026-10-01 20:52:56,250]  INFO {org.wso2.carbon.apimgt.common.jms.JMSListener} - Stopped listening for JMS messages to listener : Siddhi-JMS-Consumer#notification
TID: [] [] [2026-10-01 20:52:57,251]  INFO {org.wso2.carbon.apimgt.common.jms.JMSTaskManager} - Task manager for jms consumer 1000 shutdown
TID: [] [] [2026-10-01 20:52:57,251]  INFO {org.wso2.carbon.apimgt.common.jms.JMSListener} - Stopped listening for JMS messages to listener : Siddhi-JMS-Consumer#notification
TID: [] [] [2026-10-01 20:52:57,251]  INFO {org.wso2.carbon.apimgt.common.jms.JMSTransportHandler} - Starting to Shutdown the Listener...
TID: [] [] [2026-10-01 20:52:58,254]  INFO {org.wso2.carbon.apimgt.common.jms.JMSTaskManager} - Task manager for jms consumer 1000 shutdown
TID: [] [] [2026-10-01 20:52:58,254]  INFO {org.wso2.carbon.apimgt.common.jms.JMSListener} - Stopped listening for JMS messages to listener : Siddhi-JMS-Consumer#notification
TID: [] [] [2026-10-01 20:52:58,254]  INFO {org.wso2.carbon.apimgt.common.jms.JMSTransportHandler} - Starting to Shutdown the Listener...
TID: [] [] [2026-10-01 20:52:59,256]  INFO {org.wso2.carbon.apimgt.common.jms.JMSTaskManager} - Task manager for jms consumer 1000 shutdown
TID: [] [] [2026-10-01 20:52:59,256]  INFO {org.wso2.carbon.apimgt.common.jms.JMSListener} - Stopped listening for JMS messages to listener : Siddhi-JMS-Consumer#throttleData
TID: [] [] [2026-10-01 20:52:59,256]  INFO {org.wso2.carbon.apimgt.common.jms.JMSTransportHandler} - Starting to Shutdown the Listener...
TID: [] [] [2026-10-01 20:53:00,258]  INFO {org.wso2.carbon.apimgt.common.jms.JMSTaskManager} - Task manager for jms consumer 1000 shutdown
TID: [] [] [2026-10-01 20:53:00,258]  INFO {org.wso2.carbon.apimgt.common.jms.JMSListener} - Stopped listening for JMS messages to listener : Siddhi-JMS-Consumer#tokenRevocation
TID: [] [] [2026-10-01 20:53:01,259]  INFO {org.wso2.carbon.apimgt.common.jms.JMSTaskManager} - Task manager for jms consumer 1000 shutdown
TID: [] [] [2026-10-01 20:53:01,259]  INFO {org.wso2.carbon.apimgt.common.jms.JMSListener} - Stopped listening for JMS messages to listener : Siddhi-JMS-Consumer#cacheInvalidation
TID: [] [] [2026-10-01 20:53:02,262]  INFO {org.wso2.carbon.apimgt.common.jms.JMSTaskManager} - Task manager for jms consumer 1000 shutdown
TID: [] [] [2026-10-01 20:53:02,262]  INFO {org.wso2.carbon.apimgt.common.jms.JMSListener} - Stopped listening for JMS messages to listener : Siddhi-JMS-Consumer#notification
TID: [] [] [2026-10-01 20:53:03,264]  INFO {org.wso2.carbon.apimgt.common.jms.JMSTaskManager} - Task manager for jms consumer 1000 shutdown
TID: [] [] [2026-10-01 20:53:03,264]  INFO {org.wso2.carbon.apimgt.common.jms.JMSListener} - Stopped listening for JMS messages to listener : Siddhi-JMS-Consumer#throttleData
TID: [] [] [2026-10-01 20:53:04,266]  INFO {org.wso2.carbon.apimgt.common.jms.JMSTaskManager} - Task manager for jms consumer 1000 shutdown
TID: [] [] [2026-10-01 20:53:04,266]  INFO {org.wso2.carbon.apimgt.common.jms.JMSListener} - Stopped listening for JMS messages to listener : Siddhi-JMS-Consumer#asyncWebhooksData
TID: [] [] [2026-10-01 20:53:04,266]  INFO {org.wso2.carbon.apimgt.gateway.notifiers.DeploymentStatusNotifier} - Shutting down DeploymentStatusNotifier
TID: [] [] [2026-10-01 20:53:04,266]  INFO {org.wso2.carbon.apimgt.common.jms.JMSTransportHandler} - Starting to Shutdown the Listener...
TID: [] [] [2026-10-01 20:53:04,266]  INFO {org.wso2.carbon.apimgt.common.jms.JMSTransportHandler} - Starting to Shutdown the Listener...
TID: [] [] [2026-10-01 20:53:04,266]  INFO {org.wso2.carbon.apimgt.common.jms.JMSTransportHandler} - Starting to Shutdown the Listener...
TID: [] [] [2026-10-01 20:53:04,266]  INFO {org.wso2.carbon.apimgt.common.jms.JMSTransportHandler} - Starting to Shutdown the Listener...
TID: [] [] [2026-10-01 20:53:04,266]  INFO {org.wso2.carbon.apimgt.common.jms.JMSTransportHandler} - Starting to Shutdown the Listener...
TID: [] [] [2026-10-01 20:53:04,271]  INFO {org.wso2.carbon.core.init.CarbonServerManager} - Shutting down OSGi framework...
TID: [] [] [2026-10-01 20:53:04,304]  INFO {org.wso2.carbon.core.init.CarbonServerManager} - Stopping CarbonServerManager...
TID: [] [] [2026-10-01 20:53:04,305]  INFO {org.wso2.carbon.websocket.transport.WebsocketTransportSender} - WSS Sender Shutdown
TID: [] [] [2026-10-01 20:53:04,315]  INFO {org.apache.synapse.transport.passthru.PassThroughHttpSender} - HTTP Sender shutdown
TID: [] [] [2026-10-01 20:53:04,316]  INFO {org.apache.synapse.transport.passthru.PassThroughHttpSSLSender} - HTTPS Sender shutdown
TID: [] [] [2026-10-01 20:53:04,316]  INFO {org.wso2.carbon.websocket.transport.WebsocketTransportSender} - WS Sender Shutdown
TID: [] [] [2026-10-01 20:53:04,316]  INFO {org.apache.synapse.transport.passthru.PassThroughHttpListener} - Destroying PassThroughHttpListener
TID: [] [] [2026-10-01 20:53:04,316]  INFO {org.apache.synapse.transport.passthru.PassThroughHttpMultiSSLListener} - Destroying PassThroughHttpListener
TID: [] [] [2026-10-01 20:53:04,333]  INFO {org.wso2.carbon.event.processor.core.internal.CarbonEventProcessorService} - Successfully shutdown ExecutionPlans
TID: [] [] [2026-10-01 20:53:04,345]  INFO {org.wso2.carbon.apimgt.governance.impl.ComplianceEvaluationScheduler} - Shutting down Evaluation Request Scheduler...
TID: [] [] [2026-10-01 20:53:04,346]  INFO {org.wso2.carbon.apimgt.governance.impl.ComplianceEvaluationScheduler} - Evaluation Request Scheduler shut down.
TID: [] [] [2026-10-01 20:53:04,402]  INFO {org.apache.synapse.Axis2SynapseController} - Undeploying the Synapse service...
TID: [] [] [2026-10-01 20:53:04,402]  INFO {org.apache.synapse.Axis2SynapseController} - Undeploying Proxy services...
TID: [] [] [2026-10-01 20:53:04,402]  INFO {org.apache.synapse.Axis2SynapseController} - Undeploying EventSources...
TID: [] [] [2026-10-01 20:53:04,402]  INFO {org.apache.synapse.inbound.InboundEndpoint} - Destroying Inbound Endpoint: WebSocketInboundEndpoint
TID: [] [] [2026-10-01 20:53:04,405]  INFO {org.apache.synapse.inbound.InboundEndpoint} - Destroying Inbound Endpoint: SecureWebSocketEP
